n_estimators,row_id,estimator,true,logit_No,logit_Yes,p_Yes
4,0,0,No,-0.000758936,-7.10864,0.000817962
4,1,0,No,-0.000514998,-7.46348,0.000573623
4,2,0,No,-0.0742485,-2.6364,0.0716144
4,3,0,Yes,-2.93322,-0.0546317,0.946778
4,4,0,No,-0.00684873,-4.97846,0.00688426
4,5,0,Yes,-2.41375,-0.0936735,0.910526
4,6,0,No,-0.349537,-1.22063,0.295027
4,7,0,No,-0.0798569,-2.5664,0.0768068
4,8,0,No,-1.18412,-0.365223,0.694001
4,9,0,No,-0.003259,-5.70987,0.00331289
4,10,0,No,-0.000444809,-7.59334,0.000503766
4,11,0,No,-0.00268157,-5.90082,0.00273703
4,12,0,No,-0.000626283,-7.28525,0.000685536
4,13,0,No,-0.0698901,-2.6947,0.0675588
4,14,0,Yes,-0.121619,-2.16654,0.114567
4,15,0,Yes,-1.39851,-0.283564,0.753051
4,16,0,No,-0.0012008,-6.67711,0.00125933
4,17,0,No,-0.000694397,-7.1907,0.000753517
4,18,0,Yes,-2.701,-0.0694346,0.932866
4,19,0,Yes,-2.68423,-0.0706533,0.93173
4,20,0,Yes,-1.99751,-0.145735,0.864336
4,21,0,Yes,-4.23913,-0.0144648,0.985581
4,22,0,Yes,-3.23732,-0.0399993,0.960733
4,23,0,Yes,-2.36016,-0.0990973,0.905601
4,24,0,Yes,-2.75094,-0.0659349,0.936136
4,25,0,Yes,-3.08712,-0.0466449,0.954369
4,26,0,No,-0.0780705,-2.58813,0.0751559
4,27,0,No,-0.0087952,-4.73119,0.00881545
4,28,0,No,-0.838437,-0.566209,0.56764
4,29,0,Yes,-0.965862,-0.478998,0.619367
4,30,0,Yes,-4.47486,-0.0113975,0.988609
4,31,0,Yes,-1.69519,-0.202735,0.816447
4,32,0,No,-0.489945,-0.948302,0.387376
4,33,0,Yes,-0.836476,-0.567706,0.566791
4,34,0,Yes,-0.28098,-1.40643,0.245001
4,35,0,No,-0.980183,-0.470298,0.624779
4,36,0,Yes,-3.25372,-0.0393346,0.961372
4,37,0,Yes,-4.40117,-0.0122786,0.987738
4,38,0,Yes,-1.27444,-0.327849,0.72043
4,39,0,No,-0.00363342,-5.60321,0.00368581
4,40,0,Yes,-2.93269,-0.0546609,0.94675
4,41,0,Yes,-2.33064,-0.102227,0.902772
4,42,0,No,-9.35837e-05,-8.78633,0.000152798
4,43,0,Yes,-3.39853,-0.0339327,0.96658
4,44,0,Yes,-4.57306,-0.0103202,0.989674
4,45,0,No,-0.333688,-1.25955,0.283764
4,46,0,No,-1.76174,-0.188365,0.828264
4,47,0,Yes,-3.40743,-0.0336261,0.966876
4,48,0,Yes,-3.87364,-0.0209416,0.979219
4,49,0,No,-0.00363108,-5.60367,0.00368408
4,50,0,No,-0.00330397,-5.69631,0.00335812
4,51,0,No,-0.0425183,-3.17759,0.0416836
4,52,0,No,-0.01201,-4.42306,0.0119968
4,53,0,No,-0.0236716,-3.75274,0.0234521
4,54,0,Yes,-4.28952,-0.013747,0.986289
4,55,0,Yes,-1.09595,-0.406709,0.665798
4,56,0,Yes,-1.77435,-0.185769,0.830417
4,57,0,Yes,-3.18636,-0.0421387,0.95868
4,58,0,Yes,-4.62084,-0.00983385,0.990156
4,59,0,No,-0.000440814,-7.60143,0.000499705
4,60,0,Yes,-2.5629,-0.0801484,0.922924
4,61,0,Yes,-4.48891,-0.0112367,0.988768
4,62,0,Yes,-4.77469,-0.00841699,0.99156
4,63,0,Yes,-0.259487,-1.47573,0.228598
4,64,0,Yes,-2.96994,-0.0526072,0.948697
4,65,0,Yes,-2.66771,-0.0718748,0.930593
4,66,0,Yes,-1.34519,-0.301689,0.739524
4,67,0,Yes,-4.55366,-0.0105242,0.989472
4,68,0,No,-0.406128,-1.09711,0.333814
4,69,0,No,-0.135691,-2.06398,0.12694
4,70,0,Yes,-3.81435,-0.0222389,0.977949
4,71,0,No,-0.00899919,-4.70848,0.00901792
4,72,0,Yes,-0.881661,-0.534497,0.58593
4,73,0,No,-9.30472e-05,-8.7895,0.000152315
4,74,0,Yes,-2.29909,-0.105683,0.899656
4,75,0,No,-0.476548,-0.96986,0.379114
4,76,0,No,-0.0226705,-3.79536,0.0224735
4,77,0,No,-0.000244767,-8.0983,0.000304039
4,78,0,Yes,-4.59278,-0.0101171,0.989876
4,79,0,Yes,-4.0904,-0.0168137,0.983268
4,80,0,Yes,-0.242988,-1.53351,0.215765
4,81,0,Yes,-0.20959,-1.66526,0.189131
4,82,0,No,-3.65875,-0.0260418,0.974237
4,83,0,Yes,-2.38063,-0.0969886,0.907513
4,84,0,Yes,-2.16087,-0.122354,0.884782
4,85,0,Yes,-3.38605,-0.0343661,0.96616
4,86,0,Yes,-4.35561,-0.0128573,0.987166
4,87,0,Yes,-4.22875,-0.0146178,0.98543
4,88,0,Yes,-2.28909,-0.106806,0.898648
4,89,0,Yes,-2.5392,-0.0821542,0.921075
4,90,0,Yes,-2.71233,-0.0686245,0.933622
4,91,0,Yes,-2.86308,-0.0587244,0.942911
4,92,0,Yes,-0.517072,-0.906849,0.403771
4,93,0,Yes,-3.03799,-0.049055,0.952072
4,94,0,Yes,-0.596183,-0.800402,0.449122
4,95,0,Yes,-5.20754,-0.00543088,0.994525
4,96,0,Yes,-3.54906,-0.0291129,0.97125
4,97,0,No,-0.250615,-1.50627,0.221723
4,98,0,Yes,-3.36804,-0.0350032,0.965545
4,99,0,No,-0.0389099,-3.26435,0.0382196
4,100,0,No,-0.319005,-1.2976,0.273171
4,101,0,Yes,-2.06386,-0.135709,0.873045
4,102,0,Yes,-2.23885,-0.112635,0.893425
4,103,0,Yes,-1.24799,-0.338306,0.712935
4,104,0,No,-0.389961,-1.13018,0.322957
4,105,0,No,-0.673589,-0.712976,0.490154
4,106,0,No,-0.000289601,-7.96057,0.000348934
4,107,0,No,-0.0163594,-4.11747,0.0162847
4,108,0,No,-0.00929863,-4.67611,0.00931467
4,109,0,No,-0.028501,-3.56994,0.028156
4,110,0,Yes,-4.02312,-0.0179996,0.982104
4,111,0,No,-0.00181936,-6.27807,0.0018769
4,112,0,No,-0.00331456,-5.69325,0.00336842
4,113,0,No,-0.360341,-1.19528,0.302603
4,114,0,Yes,-2.91857,-0.0554623,0.945992
4,115,0,No,-0.000125654,-8.5949,0.000185036
4,116,0,No,-0.000249715,-8.08113,0.000309302
4,117,0,Yes,-4.85096,-0.00779182,0.99218
4,118,0,No,-0.464547,-0.989831,0.371618
4,119,0,No,-0.000154269,-8.44976,0.000213938
4,120,0,Yes,-4.79026,-0.0082853,0.99169
4,121,0,Yes,-4.86947,-0.00764832,0.992323
4,122,0,No,-0.0157061,-4.15772,0.0156422
4,123,0,Yes,-4.12031,-0.016313,0.983761
4,124,0,No,-0.000762157,-7.10493,0.000821001
4,125,0,No,-0.177731,-1.81467,0.162882
4,126,0,Yes,-3.12831,-0.0447181,0.956211
4,127,0,Yes,-3.0198,-0.049981,0.951192
4,128,0,No,-0.192209,-1.7434,0.174914
4,129,0,No,-0.000164284,-8.40397,0.000223963
4,130,0,No,-0.000124045,-8.60246,0.000183643
4,131,0,No,-0.000144134,-8.49918,0.000203622
4,132,0,No,-0.0018737,-6.24958,0.00193114
4,133,0,Yes,-2.49539,-0.0859998,0.91754
4,134,0,Yes,-3.81648,-0.0221902,0.977996
4,135,0,No,-0.00141518,-6.52019,0.0014733
4,136,0,Yes,-0.565243,-0.839707,0.431812
4,137,0,Yes,-1.52853,-0.24436,0.783159
4,138,0,Yes,-0.295646,-1.36255,0.255993
4,139,0,Yes,-2.29004,-0.106698,0.898744
4,140,0,No,-0.32831,-1.27325,0.279903
4,141,0,Yes,-3.08245,-0.046869,0.954156
4,142,0,No,-0.00587259,-5.13039,0.0059139
4,143,0,No,-3.24081,-0.0398574,0.96087
4,144,0,No,-4.55986e-05,-9.16593,0.000104535
4,145,0,Yes,-2.12151,-0.127597,0.880156
4,146,0,Yes,-1.57504,-0.231856,0.793014
4,147,0,Yes,-2.17175,-0.120947,0.886028
4,148,0,Yes,-0.251208,-1.50419,0.222185
4,149,0,Yes,-3.38702,-0.034333,0.966193
4,150,0,Yes,-2.68949,-0.0702687,0.932088
4,151,0,Yes,-0.515391,-0.909336,0.402768
4,152,0,Yes,-2.08138,-0.133187,0.875249
4,153,0,Yes,-2.21437,-0.115594,0.890784
4,154,0,No,-2.15139,-0.123596,0.883685
4,155,0,Yes,-3.27142,-0.0386303,0.96205
4,156,0,Yes,-2.93349,-0.0546167,0.946792
4,157,0,Yes,-1.55987,-0.235855,0.789848
4,158,0,Yes,-1.75291,-0.190205,0.826741
4,159,0,Yes,-1.78794,-0.183015,0.832706
4,160,0,Yes,-3.12435,-0.0448991,0.956037
4,161,0,No,-2.67238,-0.0715274,0.930917
4,162,0,No,-0.621583,-0.770104,0.462938
4,163,0,Yes,-1.18496,-0.364853,0.694258
4,164,0,Yes,-4.45175,-0.0116664,0.988343
4,165,0,No,-0.192334,-1.74281,0.175018
4,166,0,Yes,-3.78414,-0.02293,0.977273
4,167,0,Yes,-1.99705,-0.145808,0.864273
4,168,0,No,-0.136402,-2.05911,0.12756
4,169,0,Yes,-2.05228,-0.137405,0.871566
4,170,0,Yes,-3.68898,-0.0252551,0.975004
4,171,0,Yes,-2.8665,-0.0585186,0.943106
4,172,0,No,-0.0764842,-2.60786,0.0736874
4,173,0,No,-0.0103451,-4.57065,0.0103506
4,174,0,Yes,-4.21362,-0.0148429,0.985208
4,175,0,Yes,-4.11345,-0.016426,0.98365
4,176,0,No,-0.000524241,-7.44697,0.000583174
4,177,0,No,-0.00301099,-5.78747,0.00306554
4,178,0,Yes,-3.82014,-0.0221083,0.978077
4,179,0,No,-0.0248415,-3.7052,0.0245938
4,180,0,No,-0.0302576,-3.5111,0.0298622
4,181,0,No,-0.122866,-2.15695,0.115671
4,182,0,Yes,-2.54075,-0.0820219,0.921198
4,183,0,No,-0.672536,-0.714073,0.489617
4,184,0,No,-1.05719,-0.42675,0.652588
4,185,0,Yes,-3.39121,-0.0341864,0.966334
4,186,0,Yes,-2.89555,-0.056792,0.944735
4,187,0,Yes,-0.360207,-1.19558,0.302509
4,188,0,Yes,-2.4232,-0.0927509,0.911367
4,189,0,Yes,-2.28155,-0.10766,0.89788
4,190,0,Yes,-1.67161,-0.208114,0.812066
4,191,0,Yes,-1.55114,-0.238192,0.788006
4,192,0,No,-0.00234497,-6.03159,0.00240154
4,193,0,No,-0.00743248,-4.8977,0.00746326
4,194,0,Yes,-2.097,-0.130981,0.877183
4,195,0,No,-0.000676861,-7.21421,0.000736007
4,196,0,No,-0.000282387,-7.98253,0.000341354
4,197,0,No,-0.000367053,-7.76032,0.000426296
4,198,0,Yes,-0.208804,-1.66863,0.188493
4,199,0,No,-0.000720641,-7.15632,0.00077987
4,200,0,No,-0.87026,-0.542632,0.581182
4,201,0,No,-0.0122026,-4.4073,0.0121874
4,202,0,Yes,-4.5505,-0.0105584,0.989439
4,203,0,No,-0.000153196,-8.4551,0.000212801
4,204,0,Yes,-0.796534,-0.599348,0.549137
4,205,0,No,-0.000182407,-8.32761,0.000241735
4,206,0,Yes,-3.33329,-0.0362663,0.964327
4,207,0,Yes,-4.99502,-0.00673495,0.993229
4,208,0,Yes,-3.73161,-0.0241854,0.976047
4,209,0,Yes,-4.66046,-0.0094476,0.990538
4,210,0,Yes,-0.572507,-0.830228,0.435924
4,211,0,Yes,-3.10503,-0.0457976,0.955179
4,212,0,Yes,-0.169166,-1.85988,0.155682
4,213,0,No,-4.18433e-05,-9.19875,0.00010116
4,214,0,No,-0.000406348,-7.67171,0.000465791
4,215,0,Yes,-3.96929,-0.0190072,0.981114
4,216,0,Yes,-4.9694,-0.00691198,0.993053
4,217,0,No,-0.00690844,-4.96985,0.00694377
4,218,0,Yes,-2.89832,-0.056631,0.944888
4,219,0,Yes,-3.06168,-0.0478778,0.953194
4,220,0,Yes,-3.83176,-0.0218494,0.97833
4,221,0,Yes,-1.20159,-0.357612,0.699303
4,222,0,No,-1.66265,-0.210199,0.810375
4,223,0,Yes,-4.56723,-0.0103808,0.989614
4,224,0,Yes,-2.44164,-0.0909755,0.912987
4,225,0,Yes,-0.337302,-1.25049,0.286348
4,226,0,No,-0.0244655,-3.72026,0.0242263
4,227,0,No,-0.489297,-0.949326,0.386979
4,228,0,Yes,-2.31247,-0.104203,0.90099
4,229,0,Yes,-5.30331,-0.00492861,0.995025
4,230,0,No,-0.000299379,-7.93202,0.000359038
4,231,0,Yes,-2.20045,-0.117315,0.889253
4,232,0,Yes,-2.69693,-0.069729,0.932592
4,233,0,Yes,-4.57098,-0.0103426,0.989653
4,234,0,No,-0.361175,-1.19336,0.303184
4,235,0,Yes,-2.92416,-0.0551433,0.946293
4,236,0,No,-0.000220442,-8.1808,0.000279962
4,237,0,No,-0.000256392,-8.06,0.000315909
4,238,0,No,-0.00426012,-5.44672,0.00431018
4,239,0,No,-0.10626,-2.29395,0.100862
4,240,0,Yes,-3.57181,-0.028446,0.971897
4,241,0,No,-5.2215e-05,-9.10214,0.00011142
4,242,0,Yes,-0.302822,-1.34198,0.261313
4,243,0,Yes,-0.359072,-1.19821,0.301717
4,244,0,No,-0.00180437,-6.28577,0.0018625
4,245,0,No,-0.555125,-0.85318,0.426033
4,246,0,Yes,-3.12422,-0.0449051,0.956031
4,247,0,No,-0.367233,-1.17957,0.307393
4,248,0,Yes,-4.36223,-0.0127721,0.987251
4,249,0,No,-0.481572,-0.961687,0.382225
4,250,0,Yes,-2.59518,-0.0775006,0.925372
4,251,0,Yes,-1.05266,-0.429168,0.651013
4,252,0,Yes,-3.01133,-0.0504178,0.950777
4,253,0,No,-0.00106642,-6.78992,0.001125
4,254,0,No,-0.0152617,-4.1861,0.0152046
4,255,0,No,-0.000432227,-7.61845,0.000491276
4,256,0,Yes,-1.30833,-0.315001,0.729745
4,257,0,Yes,-5.004,-0.00667434,0.993289
4,258,0,Yes,-3.43366,-0.0327384,0.967734
4,259,0,Yes,-3.25525,-0.0392735,0.961431
4,260,0,No,-0.0039352,-5.52466,0.00398697
4,261,0,Yes,-0.636687,-0.752861,0.470989
4,262,0,Yes,-2.87985,-0.0577184,0.94386
4,263,0,Yes,-1.70326,-0.20093,0.817922
4,264,0,No,-0.000602963,-7.31995,0.000662154
4,265,0,Yes,-4.39341,-0.0123753,0.987642
4,266,0,No,-0.000210605,-8.21751,0.000269869
4,267,0,Yes,-3.88818,-0.0206347,0.979518
4,268,0,No,-0.000238805,-8.11794,0.000298126
4,269,0,Yes,-2.85863,-0.0589949,0.942656
4,270,0,No,-0.0153847,-4.17817,0.0153256
4,271,0,Yes,-2.40097,-0.0949385,0.909376
4,272,0,No,-0.924446,-0.505328,0.603272
4,273,0,No,-0.0014079,-6.52487,0.00146642
4,274,0,No,-0.000980679,-6.86878,0.00103969
4,275,0,No,-0.004456,-5.40251,0.00450499
4,276,0,Yes,-1.62677,-0.218784,0.803448
4,277,0,No,-0.191984,-1.74446,0.174729
4,278,0,Yes,-4.26191,-0.0141362,0.985905
4,279,0,No,-0.00455018,-5.38177,0.0045994
4,280,0,No,-0.000176922,-8.352,0.00023591
4,281,0,No,-0.00484811,-5.31939,0.00489544
4,282,0,No,-0.000494722,-7.49861,0.00055382
4,283,0,Yes,-4.0047,-0.0183377,0.981771
4,284,0,Yes,-3.24794,-0.0395677,0.961148
4,285,0,Yes,-3.11521,-0.045322,0.955633
4,286,0,No,-0.00287851,-5.83127,0.00293418
4,287,0,Yes,-3.58473,-0.0280759,0.972258
4,288,0,No,-0.000110215,-8.68201,0.0001696
4,289,0,No,-1.69925,-0.201825,0.81719
4,290,0,Yes,-0.399162,-1.11116,0.329158
4,291,0,Yes,-5.1983,-0.00548182,0.994474
4,292,0,No,-0.000686941,-7.20044,0.00074621
4,293,0,Yes,-4.04928,-0.0175283,0.982566
4,294,0,Yes,-4.65942,-0.00945722,0.990529
4,295,0,Yes,-4.62284,-0.00981368,0.990176
4,296,0,No,-0.188781,-1.75973,0.172081
4,297,0,No,-0.00739399,-4.90278,0.00742544
4,298,0,No,-0.0030697,-5.76845,0.0031244
4,299,0,No,-0.133327,-2.0804,0.124873
4,300,0,Yes,-2.10251,-0.130212,0.877858
4,301,0,Yes,-2.23013,-0.11368,0.892492
4,302,0,Yes,-1.56997,-0.233185,0.79196
4,303,0,Yes,-0.584896,-0.814422,0.442869
4,304,0,Yes,-2.6769,-0.0711924,0.931228
4,305,0,Yes,-2.12819,-0.126692,0.880954
4,306,0,Yes,-3.40661,-0.0336545,0.966849
4,307,0,Yes,-1.0441,-0.433788,0.648012
4,308,0,Yes,-0.638844,-0.750445,0.472129
4,309,0,No,-2.79537,-0.0629753,0.938911
4,310,0,No,-0.0595715,-2.84918,0.0578881
4,311,0,No,-0.00596631,-5.11462,0.0060079
4,312,0,Yes,-2.6091,-0.076387,0.926403
4,313,0,No,-0.012273,-4.40165,0.0122563
4,314,0,Yes,-4.4571,-0.0116033,0.988405
4,315,0,No,-0.000197251,-8.26884,0.000256368
4,316,0,No,-0.000583103,-7.35019,0.000642431
4,317,0,Yes,-4.78747,-0.00830898,0.991667
4,318,0,Yes,-5.06281,-0.00628829,0.993673
4,319,0,No,-0.0428096,-3.17089,0.0419636
4,320,0,No,-0.011259,-4.4869,0.0112549
4,321,0,No,-0.000383272,-7.72324,0.000442399
4,322,0,No,-0.000573859,-7.36531,0.000632794
4,323,0,No,-0.000705849,-7.17558,0.000764996
4,324,0,No,-9.82929e-05,-8.75592,0.000157517
4,325,0,No,-0.0101129,-4.59311,0.0101207
4,326,0,No,-0.0251204,-3.69423,0.0248651
4,327,0,Yes,-3.97383,-0.0189203,0.9812
4,328,0,Yes,-4.57994,-0.0102484,0.989745
4,329,0,Yes,-4.66896,-0.00936721,0.990619
4,330,0,No,-0.657521,-0.729968,0.481896
4,331,0,No,-0.140758,-2.02982,0.131352
4,332,0,No,-0.212719,-1.65195,0.191665
4,333,0,Yes,-1.25743,-0.33453,0.715632
4,334,0,Yes,-4.79643,-0.00823361,0.991741
4,335,0,Yes,-3.97405,-0.0189159,0.981204
4,336,0,Yes,-3.68191,-0.025437,0.974827
4,337,0,Yes,-2.80689,-0.0622302,0.939611
4,338,0,Yes,-3.81194,-0.0222926,0.977896
4,339,0,No,-0.000151407,-8.46353,0.000211014
4,340,0,No,-0.000288111,-7.964,0.000347737
4,341,0,No,-2.14937,-0.123863,0.883449
4,342,0,No,-1.08821,-0.410622,0.663199
4,343,0,No,-0.00257896,-5.93887,0.00263484
4,344,0,Yes,-3.78517,-0.0229066,0.977296
4,345,0,Yes,-0.38939,-1.13138,0.32257
4,346,0,Yes,-2.511,-0.0846081,0.918818
4,347,0,No,-0.111037,-2.25234,0.105147
4,348,0,No,-0.00197403,-6.19889,0.00203157
4,349,0,No,-0.144081,-2.00812,0.134233
4,350,0,Yes,-0.535521,-0.880214,0.41467
4,351,0,No,-1.01641,-0.449157,0.638128
4,352,0,No,-0.263093,-1.46366,0.231375
4,353,0,Yes,-1.28248,-0.324747,0.722668
4,354,0,No,-0.197318,-1.71965,0.179119
4,355,0,No,-0.242486,-1.53533,0.215372
4,356,0,Yes,-1.32829,-0.30771,0.735086
4,357,0,Yes,-0.67537,-0.711126,0.491062
4,358,0,No,-0.116996,-2.20301,0.110464
4,359,0,No,-0.270928,-1.43806,0.237373
4,360,0,Yes,-1.02326,-0.445293,0.640599
4,361,0,Yes,-3.01343,-0.0503079,0.95088
4,362,0,Yes,-2.3169,-0.103717,0.901427
4,363,0,No,-0.000174657,-8.36183,0.000233603
4,364,0,No,-0.000176207,-8.35405,0.000235426
4,365,0,Yes,-3.29891,-0.0375612,0.963079
4,366,0,Yes,-2.94645,-0.0538932,0.947477
4,367,0,No,-1.65113,-0.212914,0.808179
4,368,0,Yes,-3.75962,-0.0235078,0.976709
4,369,0,Yes,-2.49034,-0.0864552,0.917123
4,370,0,Yes,-2.87305,-0.0581249,0.943477
4,371,0,No,-0.095719,-2.39317,0.0913347
4,372,0,Yes,-3.60319,-0.027554,0.972765
4,373,0,Yes,-3.8866,-0.020668,0.979486
4,374,0,Yes,-3.26987,-0.0386916,0.961991
4,375,0,Yes,-3.68263,-0.0254177,0.974845
4,376,0,Yes,-2.64886,-0.0732949,0.929272
4,377,0,Yes,-1.28587,-0.323451,0.723605
4,378,0,No,-0.0479331,-3.06056,0.0468585
4,379,0,Yes,-0.972375,-0.475017,0.621838
4,380,0,Yes,-3.47244,-0.0314716,0.968961
4,381,0,Yes,-0.3282,-1.27354,0.279824
4,382,0,No,-1.34808,-0.300671,0.740278
4,383,0,Yes,-0.868167,-0.544145,0.580304
4,384,0,Yes,-4.12335,-0.0162623,0.983811
4,385,0,No,-0.00282567,-5.84949,0.00288118
4,386,0,Yes,-4.57349,-0.010316,0.989679
4,387,0,No,-9.87698e-05,-8.75025,0.000158412
4,388,0,No,-0.000450116,-7.58186,0.000509582
4,389,0,No,-7.89197e-05,-8.8846,0.000138498
4,390,0,Yes,-4.37739,-0.0125775,0.987443
4,391,0,Yes,-3.80559,-0.0224367,0.977755
4,392,0,Yes,-4.37991,-0.0125456,0.987474
4,393,0,No,-0.00237688,-6.01827,0.00243372
4,394,0,Yes,-1.52285,-0.245939,0.781924
4,395,0,No,-0.123211,-2.15432,0.115975
4,396,0,No,-0.0295057,-3.53585,0.0291323
4,397,0,No,-0.0132056,-4.32917,0.0131777
4,398,0,Yes,-3.27017,-0.0386798,0.962002
4,399,0,No,-0.000256333,-8.06052,0.000315744
4,400,0,No,-0.00154979,-6.43282,0.00160782
4,401,0,No,-0.0860193,-2.49516,0.0824782
4,402,0,Yes,-3.34572,-0.035809,0.964767
4,403,0,Yes,-1.72788,-0.195531,0.822349
4,404,0,Yes,-3.19238,-0.0418796,0.958929
4,405,0,Yes,-3.82769,-0.0219395,0.978242
4,406,0,Yes,-4.62935,-0.00974838,0.99024
4,407,0,No,-1.13413,-0.388084,0.678316
4,408,0,Yes,-4.06472,-0.0172562,0.982833
4,409,0,Yes,-4.09027,-0.0168166,0.983266
4,410,0,Yes,-3.77794,-0.0230745,0.977132
4,411,0,Yes,-1.56883,-0.233484,0.791724
4,412,0,Yes,-3.17755,-0.0425205,0.958315
4,413,0,Yes,-2.83534,-0.0604294,0.941305
4,414,0,Yes,-0.208519,-1.66986,0.188262
4,415,0,Yes,-1.79768,-0.181072,0.834327
4,416,0,Yes,-3.08779,-0.0466133,0.9544
4,417,0,Yes,-0.752079,-0.637384,0.528643
4,418,0,No,-0.00544622,-5.20472,0.00549026
4,419,0,No,-0.116702,-2.20537,0.110203
4,420,0,No,-0.0893899,-2.45841,0.0855656
4,421,0,Yes,-0.0365241,-3.32633,0.0359227
4,422,0,No,-0.00653034,-5.02544,0.00656831
4,423,0,No,-0.00734457,-4.90943,0.00737623
4,424,0,No,-0.131524,-2.09313,0.123294
4,425,0,No,-0.102376,-2.32924,0.0973641
4,426,0,No,-0.00454288,-5.38346,0.00459162
4,427,0,No,-0.00250994,-5.96544,0.00256577
4,428,0,Yes,-3.86645,-0.0210945,0.979069
4,429,0,Yes,-2.3679,-0.0982944,0.906328
4,430,0,No,-0.375988,-1.16012,0.31343
4,431,0,No,-0.951571,-0.487882,0.613889
4,432,0,Yes,-0.471156,-0.978756,0.375756
4,433,0,No,-0.00330445,-5.69627,0.00335826
4,434,0,No,-0.0935152,-2.41536,0.0893302
4,435,0,Yes,-1.99482,-0.146159,0.863969
4,436,0,No,-0.345025,-1.23149,0.291839
4,437,0,No,-0.0190106,-3.9691,0.0188893
4,438,0,No,-0.000104969,-8.71174,0.000164632
4,439,0,Yes,-3.05586,-0.0481651,0.95292
4,440,0,No,-0.00029294,-7.95093,0.000352313
4,441,0,No,-0.000301645,-7.92651,0.000361024
4,442,0,No,-0.504351,-0.925934,0.396138
4,443,0,Yes,-3.6065,-0.0274616,0.972855
4,444,0,Yes,-3.87506,-0.0209105,0.979248
4,445,0,Yes,-3.60112,-0.0276119,0.972709
4,446,0,No,-4.47845,-0.0113557,0.98865
4,447,0,Yes,-0.970579,-0.47611,0.621159
4,448,0,No,-0.0725135,-2.65917,0.0700023
4,449,0,No,-0.120135,-2.17808,0.113252
4,450,0,No,-0.064486,-2.77243,0.0625063
4,451,0,Yes,-2.36486,-0.0986103,0.906043
4,452,0,No,-2.60527,-0.0766909,0.926121
4,453,0,Yes,-3.5868,-0.0280167,0.972315
4,454,0,No,-0.0144204,-4.2422,0.0143752
4,455,0,No,-0.00156131,-6.42583,0.00161909
4,456,0,Yes,-4.56692,-0.0103843,0.989611
4,457,0,No,-0.00429873,-5.4378,0.00434879
4,458,0,No,-8.55959e-05,-8.83695,0.000145256
4,459,0,Yes,-3.1179,-0.0451976,0.955752
4,460,0,No,-0.621125,-0.770634,0.462692
4,461,0,Yes,-2.95786,-0.0532643,0.948073
4,462,0,No,-0.114376,-2.22435,0.108131
4,463,0,No,-0.00493766,-5.30142,0.00498423
4,464,0,No,-0.000356022,-7.78764,0.000414808
4,465,0,No,-0.00751817,-4.88629,0.00754894
4,466,0,No,-0.000214659,-8.20344,0.000273695
4,467,0,No,-0.0155901,-4.16505,0.015528
4,468,0,Yes,-2.88326,-0.0575161,0.944051
4,469,0,No,-0.00181267,-6.28125,0.00187096
4,470,0,No,-0.43599,-1.04006,0.353414
4,471,0,No,-0.941114,-0.494516,0.60983
4,472,0,No,-0.000179903,-8.33671,0.000239544
4,473,0,No,-0.000618411,-7.29773,0.000677032
4,474,0,No,-0.00259294,-5.93373,0.00264842
4,475,0,Yes,-3.0601,-0.0479557,0.95312
4,476,0,No,-0.87719,-0.537669,0.584074
4,477,0,Yes,-2.20498,-0.116751,0.889754
4,478,0,Yes,-3.91703,-0.020041,0.980101
4,479,0,No,-0.00239325,-6.01199,0.00244907
4,480,0,No,-0.000499254,-7.49046,0.000558355
4,481,0,No,-0.00126848,-6.62491,0.00132682
4,482,0,No,-0.00208816,-6.14433,0.00214549
4,483,0,No,-0.000354889,-7.78816,0.000414589
4,484,0,Yes,-3.4345,-0.0327115,0.96776
4,485,0,Yes,-3.57629,-0.0283175,0.972022
4,486,0,Yes,-2.55401,-0.0808961,0.922235
4,487,0,Yes,-3.25638,-0.0392281,0.961475
4,488,0,No,-1.11706,-0.396282,0.672778
4,489,0,No,-0.101241,-2.33983,0.0963382
4,490,0,No,-0.020104,-3.91387,0.0199618
4,491,0,Yes,-2.95668,-0.0533292,0.948012
4,492,0,No,-0.00766297,-4.86739,0.00769294
4,493,0,Yes,-3.62758,-0.026879,0.973421
4,494,0,Yes,-3.92355,-0.0199084,0.98023
4,495,0,Yes,-2.0471,-0.138171,0.870898
4,496,0,Yes,-1.62181,-0.220001,0.802471
4,497,0,Yes,-0.330531,-1.26756,0.2815
4,498,0,Yes,-4.90313,-0.00739158,0.992577
4,499,0,Yes,-3.39096,-0.0341946,0.966326
4,500,0,Yes,-3.78434,-0.0229249,0.977278
4,501,0,Yes,-0.112343,-2.24129,0.106315
4,502,0,Yes,-0.27856,-1.41393,0.243172
4,503,0,No,-0.702375,-0.683887,0.504622
4,504,0,Yes,-3.27564,-0.0384632,0.96221
4,505,0,Yes,-2.31579,-0.103838,0.901318
4,506,0,Yes,-1.68741,-0.204491,0.815014
4,507,0,No,-1.6346,-0.216876,0.804982
4,508,0,Yes,-3.55986,-0.0287937,0.971559
4,509,0,Yes,-4.17459,-0.015441,0.984619
4,510,0,No,-0.2133,-1.6495,0.192135
4,511,0,No,-2.16919,-0.121276,0.885737
4,512,0,Yes,-4.0419,-0.01766,0.982437
4,513,0,No,-0.00691949,-4.96837,0.00695407
4,514,0,Yes,-2.10443,-0.129945,0.878093
4,515,0,No,-0.76555,-0.625525,0.534949
4,516,0,Yes,-2.89662,-0.0567299,0.944794
4,517,0,No,-0.773275,-0.618857,0.538528
4,518,0,No,-1.63562,-0.216631,0.805179
4,519,0,Yes,-3.71319,-0.0246415,0.975602
4,520,0,Yes,-4.29351,-0.0136911,0.986344
4,521,0,No,-0.439064,-1.03446,0.355398
4,522,0,Yes,-1.00978,-0.452937,0.635721
4,523,0,No,-0.538714,-0.875724,0.416536
4,524,0,No,-2.58112,-0.0786424,0.924316
4,525,0,No,-0.000607914,-7.31238,0.00066719
4,526,0,Yes,-3.88928,-0.0206117,0.979541
4,527,0,Yes,-2.66154,-0.072337,0.930163
4,528,0,No,-0.205314,-1.6838,0.185656
4,529,0,No,-0.00135669,-6.56037,0.00141528
4,530,0,Yes,-3.59185,-0.0278727,0.972454
4,531,0,No,-0.42691,-1.05689,0.347516
4,532,0,No,-1.7184,-0.197591,0.820657
4,533,0,No,-9.66834e-05,-8.76622,0.000155902
4,534,0,No,-3.37368e-05,-9.28336,9.29523e-05
4,535,0,No,-4.17241e-05,-9.1978,0.000101256
4,536,0,No,-4.08896e-05,-9.2048,0.00010055
4,537,0,No,-0.0276923,-3.59824,0.0273703
4,538,0,No,-0.0243379,-3.7254,0.0241019
4,539,0,Yes,-3.14277,-0.0440596,0.95684
4,540,0,Yes,-0.049394,-3.0313,0.0482502
4,541,0,No,-0.0433271,-3.15915,0.0424591
4,542,0,No,-0.00017883,-8.34266,0.000238124
4,543,0,No,-0.0525396,-2.97118,0.0512396
4,544,0,Yes,-2.81606,-0.0616432,0.940163
4,545,0,No,-0.000109559,-8.68739,0.00016869
4,546,0,No,-0.000187057,-8.31096,0.000245793
4,547,0,Yes,-2.92086,-0.055331,0.946116
4,548,0,Yes,-2.13026,-0.126412,0.8812
4,549,0,Yes,-2.91964,-0.0554002,0.94605
4,550,0,No,-0.000114984,-8.65632,0.000174013
4,551,0,No,-0.00166567,-6.36355,0.00172314
4,552,0,No,-0.709391,-0.677047,0.508085
4,553,0,No,-0.00016798,-8.38883,0.000227381
4,554,0,No,-1.38335,-0.288588,0.749277
4,555,0,Yes,-0.334726,-1.25694,0.284508
4,556,0,Yes,-1.47767,-0.258913,0.771845
4,557,0,No,-0.0174333,-4.05464,0.0173407
4,558,0,No,-0.00517255,-5.25541,0.00521888
4,559,0,Yes,-3.0881,-0.0465985,0.954414
4,560,0,No,-0.00199839,-6.18707,0.00205571
4,561,0,Yes,-2.5915,-0.0777972,0.925097
4,562,0,Yes,-2.86707,-0.0584832,0.943138
4,563,0,Yes,-4.14351,-0.0159344,0.984134
4,564,0,Yes,-5.24612,-0.00522216,0.994732
4,565,0,Yes,-3.29182,-0.0378332,0.962816
4,566,0,No,-0.439079,-1.03443,0.355408
4,567,0,Yes,-0.727241,-0.660064,0.516788
4,568,0,Yes,-0.151369,-1.96234,0.14052
4,569,0,Yes,-0.591214,-0.806531,0.446378
4,570,0,Yes,-0.323788,-1.28498,0.276639
4,571,0,Yes,-1.70375,-0.200822,0.81801
4,572,0,Yes,-3.52396,-0.029865,0.970519
4,573,0,No,-0.444216,-1.02518,0.35871
4,574,0,No,-0.000209413,-8.22216,0.000268619
4,575,0,Yes,-5.19277,-0.00551238,0.994444
4,576,0,Yes,-0.703604,-0.682682,0.50523
4,577,0,No,-0.0248491,-3.70491,0.0246009
4,578,0,Yes,-2.87039,-0.058283,0.943327
4,579,0,No,-0.315721,-1.30639,0.27078
4,580,0,No,-0.0158174,-4.15075,0.0157516
4,581,0,No,-0.00146365,-6.48799,0.00152151
4,582,0,No,-0.0124965,-4.38374,0.0124779
4,583,0,Yes,-2.65821,-0.0725858,0.929931
4,584,0,Yes,-3.69588,-0.0250782,0.975176
4,585,0,Yes,-1.22993,-0.345672,0.707703
4,586,0,No,-0.0161769,-4.12854,0.0161054
4,587,0,No,-0.0295715,-3.53366,0.0291962
4,588,0,No,-0.0125064,-4.38297,0.0124874
4,589,0,No,-0.00694247,-4.96497,0.00697775
4,590,0,Yes,-4.13853,-0.0160146,0.984055
4,591,0,No,-0.0475582,-3.0682,0.0465022
4,592,0,No,-0.0481308,-3.05655,0.0470468
4,593,0,Yes,-0.0218078,-3.83359,0.0216305
4,594,0,No,-3.00256,-0.0508726,0.950343
4,595,0,No,-0.630944,-0.759353,0.467942
4,596,0,Yes,-1.09106,-0.409175,0.664159
4,597,0,Yes,-4.5983,-0.0100601,0.989932
4,598,0,Yes,-0.324825,-1.28228,0.277389
4,599,0,Yes,-1.61793,-0.220958,0.801703
4,600,0,Yes,-0.411499,-1.08648,0.337383
4,601,0,Yes,-0.703255,-0.683023,0.505058
4,602,0,No,-0.287686,-1.38604,0.250048
4,603,0,Yes,-4.11318,-0.016431,0.983645
4,604,0,No,-0.562977,-0.842697,0.430522
4,605,0,No,-0.00280427,-5.85694,0.0028598
4,606,0,No,-0.000968985,-6.88007,0.00102801
4,607,0,No,-0.0127562,-4.36338,0.0127345
4,608,0,Yes,-0.631866,-0.758305,0.468432
4,609,0,No,-0.000334557,-7.84017,0.00039358
4,610,0,No,-0.107098,-2.2865,0.101615
4,611,0,Yes,-1.92553,-0.157519,0.85421
4,612,0,Yes,-1.05546,-0.427669,0.651989
4,613,0,Yes,-2.11359,-0.128679,0.879204
4,614,0,Yes,-4.40382,-0.0122465,0.98777
4,615,0,No,-1.98886,-0.1471,0.863157
4,616,0,Yes,-1.91139,-0.159952,0.852135
4,617,0,Yes,-4.97733,-0.00685641,0.993108
4,618,0,Yes,-1.48732,-0.256077,0.774037
4,619,0,Yes,-3.05846,-0.0480362,0.953043
4,620,0,Yes,-4.29137,-0.0137199,0.986315
4,621,0,No,-0.0816737,-2.54482,0.0784822
4,622,0,Yes,-3.85905,-0.0212533,0.978913
4,623,0,Yes,-0.581783,-0.818353,0.441132
4,624,0,Yes,-2.85358,-0.0593023,0.942366
4,625,0,Yes,-2.06124,-0.136091,0.872712
4,626,0,Yes,-5.24942,-0.00520497,0.99475
4,627,0,No,-5.06056e-05,-9.11542,0.000109951
4,628,0,Yes,-3.55201,-0.0290241,0.971335
4,629,0,Yes,-2.24507,-0.111894,0.894087
4,630,0,Yes,-0.847109,-0.559655,0.571373
4,631,0,Yes,-2.63724,-0.0741846,0.928445
4,632,0,Yes,-1.66121,-0.210538,0.810101
4,633,0,Yes,-0.647073,-0.741325,0.476454
4,634,0,Yes,-1.83411,-0.173993,0.840253
4,635,0,No,-0.00357485,-5.6191,0.00362768
4,636,0,No,-0.40906,-1.09129,0.335765
4,637,0,Yes,-2.35188,-0.0999659,0.904815
4,638,0,Yes,-2.2961,-0.106018,0.899356
4,639,0,Yes,-0.380229,-1.15089,0.316335
4,640,0,No,-0.0003215,-7.87465,0.000380238
4,641,0,No,-0.207754,-1.67317,0.187641
4,642,0,No,-0.296476,-1.36014,0.25661
4,643,0,Yes,-3.54801,-0.0291427,0.97122
4,644,0,Yes,-3.4671,-0.0316439,0.968794
4,645,0,Yes,-2.40787,-0.0942532,0.909999
4,646,0,Yes,-1.49839,-0.25287,0.776524
4,647,0,Yes,-0.453162,-1.00938,0.364423
4,648,0,No,-0.000982827,-6.86667,0.00104188
4,649,0,No,-1.77481,-0.185676,0.830494
4,650,0,No,-0.242137,-1.53661,0.215098
4,651,0,Yes,-3.16913,-0.0428877,0.957962
4,652,0,No,-0.938411,-0.496249,0.608774
4,653,0,No,-0.000184195,-8.3194,0.000243728
4,654,0,Yes,-0.768829,-0.622683,0.536472
4,655,0,Yes,-3.33719,-0.0361224,0.964466
4,656,0,No,-2.05835,-0.136514,0.872343
4,657,0,Yes,-1.06401,-0.423135,0.654952
4,658,0,Yes,-4.83396,-0.00792692,0.992046
4,659,0,Yes,-0.701525,-0.684722,0.504201
4,660,0,Yes,-3.89447,-0.0205032,0.979647
4,661,0,No,-1.19416,-0.360825,0.69706
4,662,0,Yes,-2.28636,-0.107113,0.898371
4,663,0,No,-0.0537943,-2.94822,0.0524298
4,664,0,No,-0.000465024,-7.55412,0.000523914
4,665,0,No,-0.000127204,-8.58566,0.000186753
4,666,0,Yes,-4.37317,-0.0126319,0.98739
4,667,0,Yes,-2.30738,-0.104764,0.900484
4,668,0,Yes,-3.93559,-0.0196669,0.980467
4,669,0,Yes,-3.14602,-0.043914,0.95698
4,670,0,Yes,-1.71149,-0.199107,0.819414
4,671,0,No,-0.00651048,-5.02839,0.00654897
4,672,0,No,-0.0070151,-4.95477,0.0070493
4,673,0,No,-0.000268853,-8.02145,0.000328324
4,674,0,No,-0.000177041,-8.34928,0.000236552
4,675,0,No,-0.000103598,-8.72325,0.000162748
4,676,0,No,-6.84285e-05,-8.96227,0.000128148
4,677,0,Yes,-2.31811,-0.103584,0.901547
4,678,0,No,-0.00503578,-5.2819,0.00508247
4,679,0,No,-2.489,-0.0865756,0.917012
4,680,0,No,-0.00111714,-6.74602,0.00117548
4,681,0,No,-0.00129933,-6.60202,0.00135754
4,682,0,No,-0.0592646,-2.8542,0.0575984
4,683,0,Yes,-1.25327,-0.336189,0.714446
4,684,0,No,-0.835467,-0.568478,0.566353
4,685,0,No,-0.175252,-1.82751,0.160804
4,686,0,No,-0.00406734,-5.49221,0.00411849
4,687,0,No,-0.00102769,-6.82486,0.00108636
4,688,0,No,-0.000162615,-8.4152,0.000221462
4,689,0,Yes,-4.89895,-0.00742239,0.992546
4,690,0,No,-0.163193,-1.89292,0.150623
4,691,0,Yes,-1.80929,-0.178782,0.836239
4,692,0,No,-8.14233e-05,-8.86789,0.000140831
4,693,0,No,-0.00164823,-6.37338,0.00170629
4,694,0,No,-0.00470671,-5.3486,0.00475455
4,695,0,No,-0.000356261,-7.78713,0.000415018
4,696,0,Yes,-1.17685,-0.368442,0.69177
4,697,0,No,-0.0006168,-7.29871,0.000676373
4,698,0,No,-0.000171795,-8.37315,0.000230973
4,699,0,No,-0.00726309,-4.92036,0.00729608
4,700,0,No,-0.00251609,-5.96284,0.00257243
4,701,0,Yes,-2.06156,-0.136045,0.872752
4,702,0,Yes,-1.70584,-0.200357,0.81839
4,703,0,No,-0.165565,-1.87965,0.152635
4,704,0,No,-0.0580955,-2.87353,0.0564956
4,705,0,No,-0.0598335,-2.84493,0.0581348
4,706,0,No,-0.696712,-0.689478,0.501808
4,707,0,No,-0.000449759,-7.58247,0.00050927
4,708,0,No,-0.000212215,-8.21243,0.000271245
4,709,0,Yes,-4.90869,-0.00735021,0.992618
4,710,0,Yes,-0.949736,-0.489039,0.61318
4,711,0,No,-0.00575491,-5.1503,0.0057973
4,712,0,No,-0.0166753,-4.09852,0.0165962
4,713,0,No,-0.317937,-1.30045,0.272394
4,714,0,Yes,-2.78894,-0.0633943,0.938517
4,715,0,Yes,-2.04908,-0.137877,0.871154
4,716,0,Yes,-2.33927,-0.101301,0.903608
4,717,0,No,-0.000141511,-8.51412,0.000200604
4,718,0,No,-0.00052609,-7.44297,0.000585511
4,719,0,No,-0.000305759,-7.91639,0.000364694
4,720,0,No,-0.000620617,-7.29388,0.000679643
4,721,0,No,-0.000685987,-7.20212,0.000744958
4,722,0,No,-0.00150161,-6.46296,0.00156008
4,723,0,No,-0.634704,-0.755093,0.469939
4,724,0,No,-0.00082503,-7.03086,0.000884118
4,725,0,No,-0.199689,-1.70885,0.181063
4,726,0,No,-1.56805,-0.233691,0.79156
4,727,0,Yes,-4.48958,-0.0112294,0.988775
4,728,0,Yes,-4.52041,-0.0108847,0.989116
4,729,0,No,-0.00331408,-5.69328,0.00336834
4,730,0,Yes,-4.71411,-0.00894945,0.991033
4,731,0,Yes,-1.80051,-0.180511,0.834794
4,732,0,Yes,-3.93859,-0.0196071,0.980525
4,733,0,Yes,-4.24222,-0.0144204,0.985625
4,734,0,Yes,-0.716482,-0.670229,0.511561
4,735,0,No,-0.00753444,-4.88415,0.00756507
4,736,0,Yes,-0.779332,-0.613697,0.541314
4,737,0,No,-0.179259,-1.80685,0.16416
4,738,0,Yes,-0.427279,-1.05619,0.347757
4,739,0,No,-0.00101212,-6.83932,0.00107077
4,740,0,No,-1.01333,-0.450909,0.637012
4,741,0,Yes,-1.69523,-0.202724,0.816455
4,742,0,Yes,-3.13756,-0.0442961,0.956614
4,743,0,Yes,-2.81857,-0.0614846,0.940312
4,744,0,No,-0.391976,-1.12597,0.32432
4,745,0,Yes,-1.35214,-0.299252,0.741329
4,746,0,Yes,-1.18311,-0.365666,0.693694
4,747,0,Yes,-1.9437,-0.154451,0.856835
4,748,0,Yes,-0.182651,-1.78976,0.16699
4,749,0,No,-0.000950669,-6.89832,0.00100942
4,750,0,Yes,-3.75918,-0.0235189,0.976698
4,751,0,Yes,-3.55887,-0.028823,0.971531
4,752,0,No,-0.139564,-2.03774,0.130315
4,753,0,No,-0.43816,-1.0361,0.354815
4,754,0,Yes,-3.23772,-0.0399823,0.960749
4,755,0,Yes,-4.30783,-0.0134944,0.986538
4,756,0,Yes,-4.65601,-0.00948972,0.990496
4,757,0,Yes,-4.05651,-0.0174003,0.982692
4,758,0,Yes,-3.15482,-0.0435197,0.957357
4,759,0,No,-0.00083195,-7.02335,0.000890784
4,760,0,No,-1.88527,-0.164556,0.848221
4,761,0,No,-0.00896815,-4.71199,0.00898633
4,762,0,No,-0.280932,-1.40658,0.244965
4,763,0,Yes,-3.49048,-0.0308994,0.969516
4,764,0,Yes,-4.76228,-0.00852357,0.991454
4,765,0,No,-0.001536,-6.44139,0.00159409
4,766,0,Yes,-4.52746,-0.0108074,0.989193
4,767,0,Yes,-2.40506,-0.0945313,0.909745
4,768,0,Yes,-4.00166,-0.0183939,0.981716
4,769,0,Yes,-3.14619,-0.0439067,0.956987
4,770,0,Yes,-0.345888,-1.2294,0.29245
4,771,0,No,-1.03542,-0.438535,0.644942
4,772,0,Yes,-3.78912,-0.0228146,0.977386
4,773,0,No,-0.0147985,-4.21658,0.0147482
4,774,0,Yes,-4.04856,-0.0175415,0.982553
4,775,0,No,-0.00532738,-5.2265,0.00537199
4,776,0,Yes,-1.5327,-0.24321,0.784061
4,777,0,No,-0.179386,-1.80621,0.164266
4,778,0,No,-1.41862,-0.277057,0.757967
4,779,0,Yes,-3.71208,-0.0246697,0.975575
4,780,0,Yes,-2.64929,-0.0732616,0.929303
4,781,0,Yes,-4.14337,-0.0159364,0.984132
4,782,0,No,-1.30453,-0.316411,0.728717
4,783,0,No,-0.0185334,-3.99418,0.0184214
4,784,0,No,-7.53431e-05,-8.91656,0.000134142
4,785,0,No,-0.816731,-0.583065,0.558152
4,786,0,No,-0.000446002,-7.59058,0.000505159
4,787,0,No,-0.00631444,-5.05875,0.00635314
4,788,0,No,-0.0102326,-4.58149,0.0102391
4,789,0,No,-0.00157415,-6.41754,0.00163256
4,790,0,Yes,-3.36309,-0.0351802,0.965374
4,791,0,No,-0.0652161,-2.76154,0.0631907
4,792,0,No,-0.106987,-2.28748,0.101516
4,793,0,No,-0.0202845,-3.90506,0.0201385
4,794,0,No,-0.0107928,-4.52872,0.0107939
4,795,0,No,-0.152007,-1.95845,0.141069
4,796,0,Yes,-1.22405,-0.348111,0.705979
4,797,0,Yes,-0.807842,-0.590158,0.554207
4,798,0,No,-2.25924,-0.110229,0.895577
4,799,0,No,-3.23659,-0.0400284,0.960705
4,800,0,Yes,-2.27062,-0.108911,0.896758
4,801,0,No,-0.000382616,-7.7251,0.000441578
4,802,0,Yes,-4.75364,-0.00859823,0.99138
4,803,0,No,-0.785439,-0.608549,0.544107
4,804,0,No,-0.108514,-2.27407,0.102886
4,805,0,Yes,-0.400338,-1.10877,0.329946
4,806,0,No,-0.00100932,-6.84196,0.00106795
4,807,0,Yes,-3.2979,-0.0376001,0.963041
4,808,0,No,-0.00224078,-6.07578,0.00229772
4,809,0,Yes,-3.82562,-0.021986,0.978196
4,810,0,Yes,-0.121094,-2.1706,0.114102
4,811,0,No,-0.89762,-0.52337,0.592486
4,812,0,No,-0.000648769,-7.25349,0.000707656
4,813,0,No,-0.725286,-0.661896,0.515842
4,814,0,No,-0.39123,-1.12752,0.323815
4,815,0,No,-0.113501,-2.23159,0.107351
4,816,0,Yes,-2.77838,-0.0640911,0.937864
4,817,0,Yes,-3.48509,-0.0310695,0.969351
4,818,0,Yes,-1.32001,-0.31071,0.732883
4,819,0,No,-0.0197144,-3.93321,0.0195796
4,820,0,Yes,-2.35948,-0.0991684,0.905536
4,821,0,Yes,-2.80597,-0.0622889,0.939555
4,822,0,Yes,-4.20513,-0.0149712,0.985082
4,823,0,Yes,-2.93813,-0.0543571,0.947038
4,824,0,Yes,-4.79186,-0.00827274,0.991704
4,825,0,Yes,-0.965629,-0.479141,0.619279
4,826,0,Yes,-0.00360781,-5.60995,0.00366104
4,827,0,No,-0.00215835,-6.1122,0.00221554
4,828,0,Yes,-3.24848,-0.0395459,0.961169
4,829,0,Yes,-3.62299,-0.0270046,0.973299
4,830,0,No,-9.29876e-05,-8.78828,0.000152501
4,831,0,No,-1.2211,-0.349341,0.705111
4,832,0,Yes,-3.31949,-0.0367803,0.963831
4,833,0,Yes,-4.97174,-0.0068959,0.993069
4,834,0,Yes,-1.97031,-0.150073,0.860594
4,835,0,Yes,-3.0646,-0.0477344,0.95333
4,836,0,Yes,-1.73228,-0.194583,0.823129
4,837,0,Yes,-3.00896,-0.0505399,0.95066
4,838,0,Yes,-2.82279,-0.0612164,0.940564
4,839,0,No,-0.000108486,-8.69315,0.000167721
4,840,0,Yes,-0.846614,-0.560026,0.57116
4,841,0,No,-0.950925,-0.488289,0.613639
4,842,0,No,-7.2303e-05,-8.93466,0.000131735
4,843,0,Yes,-4.05482,-0.0174308,0.982662
4,844,0,Yes,-1.53398,-0.242858,0.784337
4,845,0,No,-0.00598873,-5.11102,0.00602959
4,846,0,Yes,-0.162976,-1.89414,0.150438
4,847,0,No,-0.00086476,-6.98669,0.000924045
4,848,0,No,-0.00109255,-6.76663,0.00115151
4,849,0,Yes,-2.64206,-0.0738135,0.92879
4,850,0,No,-0.000131616,-8.56379,0.000190883
4,851,0,Yes,-3.50817,-0.0303482,0.97005
4,852,0,No,-0.189613,-1.75574,0.172769
4,853,0,Yes,-0.602542,-0.792657,0.452614
4,854,0,Yes,-4.90485,-0.00737909,0.99259
4,855,0,No,-0.514436,-0.910754,0.402197
4,856,0,No,-0.0601241,-2.84023,0.0584088
4,857,0,No,-0.143899,-2.00929,0.134076
4,858,0,No,-0.133354,-2.0802,0.124897
4,859,0,Yes,-0.630419,-0.75995,0.467662
4,860,0,No,-0.396328,-1.11696,0.327254
4,861,0,Yes,-3.30608,-0.0372872,0.963343
4,862,0,No,-0.00673753,-4.99467,0.00677357
4,863,0,No,-0.00307944,-5.76536,0.00313409
4,864,0,Yes,-3.72344,-0.0243865,0.975851
4,865,0,No,-0.000499492,-7.48954,0.000558869
4,866,0,No,-0.000932711,-6.91653,0.000991202
4,867,0,No,-0.000405752,-7.67289,0.000465245
4,868,0,Yes,-1.14334,-0.383744,0.681266
4,869,0,Yes,-0.647253,-0.741126,0.476549
4,870,0,No,-0.00174412,-6.31899,0.00180165
4,871,0,No,-0.00593141,-5.12044,0.00597305
4,872,0,Yes,-2.86484,-0.0586181,0.943011
4,873,0,Yes,-3.03705,-0.0491032,0.952027
4,874,0,Yes,-2.55508,-0.0808058,0.922319
4,875,0,No,-0.0907052,-2.44448,0.0867665
4,876,0,Yes,-1.94785,-0.153758,0.857429
4,877,0,No,-0.0164763,-4.11044,0.0163996
4,878,0,Yes,-4.47535,-0.0113914,0.988614
4,879,0,Yes,-1.91228,-0.159798,0.852266
4,880,0,Yes,-4.68919,-0.00917699,0.990806
4,881,0,No,-0.00769811,-4.86284,0.00772804
4,882,0,Yes,-4.20697,-0.0149429,0.985109
4,883,0,Yes,-4.61905,-0.0098513,0.990138
4,884,0,Yes,-1.25867,-0.334038,0.715984
4,885,0,Yes,-2.31611,-0.103803,0.90135
4,886,0,Yes,-4.57453,-0.0103049,0.989689
4,887,0,No,-0.917386,-0.509999,0.600461
4,888,0,Yes,-0.713995,-0.672609,0.510345
4,889,0,Yes,-0.374677,-1.163,0.312529
4,890,0,Yes,-1.18355,-0.365474,0.693827
4,891,0,Yes,-3.93216,-0.0197361,0.9804
4,892,0,Yes,-4.98616,-0.00679586,0.993168
4,893,0,Yes,-4.46322,-0.0115323,0.988476
4,894,0,Yes,-4.04257,-0.0176483,0.982449
4,895,0,Yes,-4.06763,-0.0172063,0.982883
4,896,0,No,-9.03647e-05,-8.80605,0.000149815
4,897,0,No,-0.000260447,-8.04756,0.000319863
4,898,0,Yes,-2.55107,-0.081144,0.922007
4,899,0,No,-0.000261639,-8.04358,0.000321136
4,900,0,No,-0.000262295,-8.04188,0.000321685
4,901,0,Yes,-4.82816,-0.00797373,0.991999
4,902,0,Yes,-1.12052,-0.394603,0.673908
4,903,0,No,-0.06304,-2.79438,0.0611493
4,904,0,Yes,-4.37997,-0.0125455,0.987475
4,905,0,Yes,-4.2486,-0.014327,0.985717
4,906,0,Yes,-4.24694,-0.0143519,0.985693
4,907,0,No,-0.0375186,-3.29999,0.0368812
4,908,0,No,-0.306819,-1.33076,0.26426
4,909,0,No,-0.312948,-1.3139,0.268755
4,910,0,Yes,-1.75748,-0.189251,0.82753
4,911,0,No,-0.000250252,-8.08114,0.000309298
4,912,0,Yes,-0.285475,-1.39271,0.248387
4,913,0,No,-0.116298,-2.20864,0.109843
4,914,0,No,-0.0011089,-6.75247,0.00116792
4,915,0,Yes,-3.73859,-0.0240147,0.976214
4,916,0,No,-0.00884644,-4.72544,0.00886632
4,917,0,Yes,-1.83006,-0.174765,0.839605
4,918,0,Yes,-3.4979,-0.0306668,0.969741
4,919,0,Yes,-4.58467,-0.0102003,0.989793
4,920,0,Yes,-2.41804,-0.0932531,0.910909
4,921,0,No,-0.00362097,-5.60643,0.00367393
4,922,0,No,-0.108861,-2.27105,0.103197
4,923,0,Yes,-3.75038,-0.0237287,0.976493
4,924,0,Yes,-4.09015,-0.0168179,0.983264
4,925,0,Yes,-0.398997,-1.1115,0.329046
4,926,0,Yes,-4.65384,-0.00951078,0.990476
4,927,0,Yes,-2.1245,-0.12719,0.880514
4,928,0,No,-0.000923702,-6.92514,0.000982711
4,929,0,No,-0.000370154,-7.75396,0.000429015
4,930,0,Yes,-2.26153,-0.109962,0.895815
4,931,0,No,-0.069636,-2.69821,0.0673221
4,932,0,No,-0.00818878,-4.80179,0.0082145
4,933,0,Yes,-2.57522,-0.0791268,0.923868
4,934,0,No,-0.00200001,-6.18635,0.0020572
4,935,0,No,-0.00399193,-5.51067,0.00404315
4,936,0,Yes,-3.18546,-0.042177,0.958643
4,937,0,No,-0.00121309,-6.66707,0.00127204
4,938,0,No,-0.011398,-4.47472,0.0113928
4,939,0,No,-0.00112191,-6.74142,0.0011809
4,940,0,Yes,-3.32539,-0.0365597,0.964044
4,941,0,No,-0.0119561,-4.42752,0.0119434
4,942,0,No,-0.0245587,-3.7165,0.0243175
4,943,0,Yes,-5.25204,-0.00519107,0.994763
4,944,0,Yes,-0.283291,-1.39935,0.246744
4,945,0,No,-0.0085505,-4.759,0.00857368
4,946,0,Yes,-2.047,-0.138186,0.870886
4,947,0,Yes,-0.482591,-0.960043,0.382854
4,948,0,Yes,-3.61054,-0.0273488,0.972964
4,949,0,Yes,-4.61592,-0.00988303,0.990108
4,950,0,No,-0.00101099,-6.8406,0.0010694
4,951,0,Yes,-3.41844,-0.0332508,0.967239
4,952,0,Yes,-1.08681,-0.411333,0.662728
4,953,0,Yes,-1.72211,-0.196783,0.821321
4,954,0,Yes,-3.18279,-0.0422919,0.958533
4,955,0,Yes,-0.7412,-0.647185,0.523486
4,956,0,Yes,-4.16639,-0.0155697,0.984493
4,957,0,Yes,-3.60849,-0.0274055,0.972909
4,958,0,Yes,-4.09512,-0.0167333,0.983347
4,959,0,No,-0.013984,-4.27258,0.0139449
4,960,0,No,-0.00129211,-6.60705,0.00135073
4,961,0,Yes,-3.36537,-0.0350992,0.965453
4,962,0,No,-0.00192601,-6.22278,0.0019836
4,963,0,No,-0.0439627,-3.14494,0.0430669
4,964,0,No,-0.70746,-0.678919,0.507135
4,965,0,No,-0.00297631,-5.79877,0.00303111
4,966,0,No,-0.0113849,-4.47596,0.0113787
4,967,0,No,-0.00957944,-4.64675,0.00959216
4,968,0,No,-1.2022,-0.357352,0.699485
4,969,0,Yes,-1.82755,-0.175246,0.839202
4,970,0,Yes,-4.04173,-0.0176627,0.982434
4,971,0,Yes,-3.93001,-0.0197783,0.980358
4,972,0,No,-0.0278073,-3.59417,0.0274818
4,973,0,No,-0.143837,-2.00969,0.134022
4,974,0,Yes,-1.59424,-0.226906,0.796949
4,975,0,No,-0.339856,-1.24415,0.288169
4,976,0,No,-0.520333,-0.902053,0.405712
4,977,0,Yes,-1.00227,-0.457262,0.632978
4,978,0,Yes,-3.31947,-0.0367812,0.96383
4,979,0,Yes,-0.180158,-1.80229,0.164912
4,980,0,Yes,-0.380803,-1.14965,0.316728
4,981,0,Yes,-0.347068,-1.22655,0.293284
4,982,0,Yes,-0.282631,-1.40137,0.246246
4,983,0,Yes,-2.63808,-0.0741198,0.928506
4,984,0,No,-0.440733,-1.03144,0.356473
4,985,0,No,-0.980848,-0.469898,0.625029
4,986,0,Yes,-0.925779,-0.504452,0.603801
4,987,0,Yes,-0.946827,-0.490878,0.612053
4,988,0,Yes,-3.09459,-0.0462893,0.954709
4,989,0,Yes,-1.46497,-0.262697,0.76893
4,990,0,Yes,-0.627724,-0.763026,0.466226
4,991,0,Yes,-0.92944,-0.502058,0.605248
4,992,0,No,-0.582728,-0.817157,0.44166
4,993,0,Yes,-1.71724,-0.197843,0.82045
4,994,0,Yes,-1.1426,-0.384087,0.681032
4,995,0,Yes,-0.675412,-0.711084,0.491083
4,996,0,Yes,-3.02368,-0.0497817,0.951381
4,997,0,Yes,-3.04165,-0.048873,0.952246
4,998,0,Yes,-4.09985,-0.0166546,0.983426
4,999,0,Yes,-4.22448,-0.0146814,0.985368
4,1000,0,Yes,-1.5301,-0.243926,0.7835
4,1001,0,Yes,-1.81986,-0.176724,0.837961
4,1002,0,Yes,-3.98212,-0.0187614,0.981355
4,1003,0,Yes,-4.74814,-0.00864597,0.991333
4,1004,0,Yes,-4.91029,-0.00733808,0.99263
4,1005,0,No,-0.589019,-0.80926,0.445161
4,1006,0,Yes,-0.958222,-0.483722,0.616448
4,1007,0,Yes,-2.43988,-0.0911426,0.912834
4,1008,0,Yes,-1.02753,-0.442905,0.64213
4,1009,0,Yes,-4.32545,-0.013256,0.986773
4,1010,0,Yes,-3.86587,-0.0211074,0.979056
4,1011,0,Yes,-4.18681,-0.015251,0.984806
4,1012,0,Yes,-4.1585,-0.0156949,0.98437
4,1013,0,Yes,-1.67549,-0.207216,0.812795
4,1014,0,Yes,-4.58646,-0.0101813,0.989812
4,1015,0,No,-0.0265378,-3.64016,0.0262467
4,1016,0,Yes,-1.79551,-0.181502,0.833967
4,1017,0,Yes,-2.39089,-0.095949,0.908457
4,1018,0,Yes,-3.13222,-0.0445391,0.956382
4,1019,0,Yes,-4.1082,-0.0165136,0.983564
4,1020,0,No,-0.00116893,-6.70281,0.00122739
4,1021,0,No,-0.0169417,-4.08291,0.0168573
4,1022,0,No,-0.0164113,-4.11431,0.0163362
4,1023,0,Yes,-4.41601,-0.0120959,0.987918
4,1024,0,Yes,-3.18547,-0.0421765,0.958644
4,1025,0,Yes,-0.563367,-0.842182,0.430744
4,1026,0,Yes,-3.49548,-0.0307432,0.969668
4,1027,0,Yes,-1.19212,-0.361715,0.69644
4,1028,0,Yes,-1.76612,-0.187459,0.829015
4,1029,0,Yes,-1.94604,-0.154061,0.857169
4,1030,0,Yes,-2.22682,-0.114077,0.892136
4,1031,0,Yes,-0.198661,-1.71351,0.180221
4,1032,0,No,-0.0125794,-4.37725,0.0125591
4,1033,0,No,-0.0521854,-2.97776,0.0509036
4,1034,0,No,-1.55154,-0.238084,0.788091
4,1035,0,Yes,-2.18552,-0.11919,0.887587
4,1036,0,Yes,-2.98,-0.0520658,0.94921
4,1037,0,Yes,-3.18943,-0.0420064,0.958807
4,1038,0,No,-0.00540079,-5.21283,0.00544592
4,1039,0,No,-0.100251,-2.34916,0.0954439
4,1040,0,No,-0.0960623,-2.38975,0.0916468
4,1041,0,Yes,-3.95247,-0.0193341,0.980794
4,1042,0,Yes,-3.30225,-0.0374331,0.963202
4,1043,0,No,-0.789914,-0.604815,0.546143
4,1044,0,Yes,-2.6868,-0.0704644,0.931906
4,1045,0,Yes,-1.33536,-0.305175,0.736951
4,1046,0,No,-0.0102455,-4.58019,0.0102524
4,1047,0,No,-0.0110977,-4.50118,0.0110952
4,1048,0,No,-0.000165059,-8.39984,0.000224889
4,1049,0,No,-0.000165119,-8.39998,0.000224858
4,1050,0,No,-7.65353e-05,-8.90366,0.000135883
4,1051,0,No,-0.000211738,-8.21154,0.000271485
4,1052,0,No,-8.46422e-05,-8.84536,0.00014404
4,1053,0,No,-0.000245661,-8.09476,0.000305114
4,1054,0,No,-0.0461999,-3.09647,0.0452057
4,1055,0,No,-0.0012113,-6.66868,0.00127
4,1056,0,No,-0.00308303,-5.76433,0.00313731
4,1057,0,No,-0.0020095,-6.1817,0.00206678
4,1058,0,No,-0.000232604,-8.13947,0.000291774
4,1059,0,No,-0.000148844,-8.47677,0.000208237
4,1060,0,No,-0.0031268,-5.75039,0.00318136
4,1061,0,Yes,-2.43074,-0.0920192,0.912033
4,1062,0,Yes,-4.65329,-0.00951583,0.99047
4,1063,0,No,-3.93975,-0.0195847,0.980548
4,1064,0,Yes,-4.85862,-0.00773247,0.992239
4,1065,0,No,-2.05687,-0.136731,0.872154
4,1066,0,No,-0.000133106,-8.55548,0.000192475
4,1067,0,No,-6.52096e-05,-8.99159,0.000124444
4,1068,0,No,-0.0662882,-2.74578,0.0641947
4,1069,0,No,-0.000660638,-7.23611,0.000720063
4,1070,0,No,-0.00014169,-8.51344,0.000200739
4,1071,0,No,-4.70292e-05,-9.14907,0.000106313
4,1072,0,No,-0.116342,-2.20829,0.109882
4,1073,0,No,-4.00551e-05,-9.21951,9.90812e-05
4,1074,0,No,-0.00027565,-8.0006,0.000335241
4,1075,0,No,-0.000123151,-8.6086,0.000182518
4,1076,0,No,-0.264007,-1.46063,0.232077
4,1077,0,No,-0.00205681,-6.15911,0.002114
4,1078,0,No,-0.250026,-1.50833,0.221266
4,1079,0,No,-0.00082843,-7.02706,0.000887486
4,1080,0,No,-0.00198812,-6.19197,0.00204567
4,1081,0,No,-0.00359011,-5.615,0.00364261
4,1082,0,Yes,-0.279017,-1.41251,0.243518
4,1083,0,No,-0.00263687,-5.91724,0.00269246
4,1084,0,Yes,-3.89161,-0.0205635,0.979589
4,1085,0,Yes,-4.59621,-0.0100812,0.989911
4,1086,0,Yes,-5.0133,-0.00661176,0.993352
4,1087,0,Yes,-0.149534,-1.97364,0.138942
4,1088,0,No,-0.200029,-1.70731,0.181342
4,1089,0,Yes,-0.754763,-0.634997,0.529906
4,1090,0,Yes,-1.06845,-0.420807,0.656478
4,1091,0,Yes,-3.82472,-0.0220066,0.978177
4,1092,0,Yes,-2.77676,-0.0641984,0.937764
4,1093,0,No,-0.000521617,-7.45065,0.000581029
4,1094,0,No,-0.00071074,-7.16931,0.000769811
4,1095,0,No,-0.00157343,-6.4182,0.00163149
4,1096,0,No,-0.0256982,-3.6718,0.0254291
4,1097,0,No,-0.00180825,-6.28382,0.00186615
4,1098,0,No,-0.0229929,-3.78142,0.022789
4,1099,0,Yes,-0.12289,-2.15677,0.115691
4,1100,0,No,-0.791194,-0.603754,0.546723
4,1101,0,Yes,-3.73535,-0.024094,0.976137
4,1102,0,Yes,-4.29305,-0.0136978,0.986338
4,1103,0,Yes,-4.03915,-0.0177082,0.982389
4,1104,0,Yes,-0.921338,-0.507377,0.602037
4,1105,0,No,-0.549913,-0.860245,0.423034
4,1106,0,Yes,-0.526334,-0.893326,0.409268
4,1107,0,No,-0.692092,-0.694086,0.499501
4,1108,0,Yes,-3.83886,-0.021692,0.978483
4,1109,0,Yes,-3.87004,-0.0210185,0.979144
4,1110,0,Yes,-4.81126,-0.00811078,0.991863
4,1111,0,Yes,-4.14207,-0.0159576,0.984111
4,1112,0,Yes,-3.60255,-0.0275721,0.972747
4,1113,0,Yes,-2.69776,-0.0696683,0.932648
4,1114,0,Yes,-2.89727,-0.0566916,0.944829
4,1115,0,Yes,-2.23296,-0.113338,0.892796
4,1116,0,No,-0.0330949,-3.42304,0.0326112
4,1117,0,Yes,-2.50093,-0.0855034,0.917996
4,1118,0,Yes,-4.12726,-0.0161982,0.983874
4,1119,0,Yes,-2.66003,-0.0724498,0.930058
4,1120,0,Yes,-2.32338,-0.103011,0.902064
4,1121,0,Yes,-2.74872,-0.0660876,0.935994
4,1122,0,Yes,-4.15242,-0.0157916,0.984275
4,1123,0,Yes,-0.575561,-0.826293,0.437643
4,1124,0,Yes,-4.04306,-0.0176389,0.982457
4,1125,0,Yes,-1.95262,-0.152968,0.858106
4,1126,0,Yes,-3.5695,-0.0285139,0.971832
4,1127,0,No,-1.66716,-0.209145,0.811229
4,1128,0,No,-0.397805,-1.11393,0.328246
4,1129,0,No,-0.592519,-0.804914,0.4471
4,1130,0,No,-1.47691,-0.259137,0.771672
4,1131,0,Yes,-3.16294,-0.04316,0.957701
4,1132,0,Yes,-1.62405,-0.219451,0.802912
4,1133,0,Yes,-3.88011,-0.0208041,0.979353
4,1134,0,Yes,-4.4916,-0.0112061,0.988798
4,1135,0,Yes,-3.51771,-0.0300551,0.970334
4,1136,0,Yes,-3.7281,-0.0242711,0.975963
4,1137,0,Yes,-3.85816,-0.0212716,0.978894
4,1138,0,Yes,-0.269125,-1.44388,0.235997
4,1139,0,No,-0.596785,-0.799665,0.449453
4,1140,0,Yes,-2.90582,-0.0561937,0.945299
4,1141,0,Yes,-3.07969,-0.0470012,0.954029
4,1142,0,Yes,-4.16014,-0.0156682,0.984396
4,1143,0,Yes,-4.94769,-0.00706546,0.992901
4,1144,0,Yes,-3.92659,-0.0198463,0.98029
4,1145,0,No,-0.569338,-0.834346,0.434133
4,1146,0,Yes,-2.54341,-0.0817952,0.921406
4,1147,0,Yes,-3.5532,-0.0289898,0.971369
4,1148,0,Yes,-3.30271,-0.0374156,0.963219
4,1149,0,Yes,-3.46752,-0.0316298,0.968808
4,1150,0,Yes,-0.263431,-1.46253,0.231635
4,1151,0,Yes,-3.24415,-0.0397215,0.961001
4,1152,0,Yes,-2.42281,-0.092788,0.911333
4,1153,0,No,-0.136344,-2.05951,0.127509
4,1154,0,No,-0.00208386,-6.14635,0.00214115
4,1155,0,No,-0.0236568,-3.75339,0.0234368
4,1156,0,No,-0.00636609,-5.05064,0.00640487
4,1157,0,No,-0.0029023,-5.82329,0.00295768
4,1158,0,No,-0.0066843,-5.00256,0.00672034
4,1159,0,No,-0.48596,-0.954637,0.384929
4,1160,0,Yes,-2.20621,-0.116599,0.889889
4,1161,0,Yes,-1.31623,-0.312092,0.731871
4,1162,0,No,-0.0433432,-3.15879,0.0424745
4,1163,0,Yes,-1.59221,-0.227423,0.796537
4,1164,0,No,-0.0154896,-4.17145,0.015429
4,1165,0,No,-0.101796,-2.33464,0.0968393
4,1166,0,Yes,-1.91218,-0.159816,0.852251
4,1167,0,Yes,-1.91933,-0.158581,0.853303
4,1168,0,Yes,-3.07331,-0.0473107,0.953735
4,1169,0,Yes,-0.631694,-0.758499,0.468341
4,1170,0,Yes,-2.36072,-0.0990392,0.905654
4,1171,0,No,-0.152203,-1.95725,0.141237
4,1172,0,Yes,-3.17378,-0.0426845,0.958157
4,1173,0,No,-0.251423,-1.50343,0.222353
4,1174,0,No,-0.485704,-0.955043,0.384773
4,1175,0,Yes,-2.94018,-0.0542422,0.947147
4,1176,0,No,-0.716214,-0.670486,0.51143
4,1177,0,Yes,-3.77451,-0.0231549,0.977053
4,1178,0,Yes,-2.49123,-0.0863739,0.917197
4,1179,0,No,-0.11542,-2.21579,0.109061
4,1180,0,Yes,-4.48269,-0.0113078,0.988698
4,1181,0,Yes,-0.728291,-0.659082,0.517295
4,1182,0,Yes,-3.41028,-0.0335287,0.96697
4,1183,0,No,-0.0106126,-4.54542,0.0106151
4,1184,0,Yes,-3.97308,-0.0189344,0.981186
4,1185,0,No,-2.8,-0.0626752,0.939193
4,1186,0,Yes,-1.98561,-0.147616,0.862711
4,1187,0,No,-0.486666,-0.95351,0.385363
4,1188,0,No,-0.318294,-1.29949,0.272654
4,1189,0,No,-0.00971666,-4.6326,0.00972881
4,1190,0,No,-0.000264799,-8.03412,0.00032419
4,1191,0,No,-0.000255915,-8.06225,0.000315198
4,1192,0,No,-0.000251861,-8.07415,0.000311471
4,1193,0,No,-0.000133583,-8.55228,0.000193093
4,1194,0,No,-0.0114429,-4.47089,0.0114365
4,1195,0,No,-0.0325573,-3.43914,0.0320905
4,1196,0,No,-0.00070895,-7.17167,0.000767996
4,1197,0,No,-0.0018605,-6.25657,0.0019177
4,1198,0,No,-0.000610896,-7.308,0.000670119
4,1199,0,No,-0.00250325,-5.96808,0.002559
4,1200,0,No,-0.000373254,-7.74596,0.00043246
4,1201,0,No,-0.000347675,-7.80607,0.00040723
4,1202,0,Yes,-4.95034,-0.00704649,0.992919
4,1203,0,Yes,-4.85538,-0.00775716,0.992214
4,1204,0,Yes,-5.041,-0.00642896,0.993533
4,1205,0,Yes,-4.4604,-0.0115657,0.988443
4,1206,0,No,-9.85313e-05,-8.75182,0.000158163
4,1207,0,No,-0.000269449,-8.02055,0.000328621
4,1208,0,No,-4.8877e-05,-9.13216,0.000108125
4,1209,0,No,-0.000676682,-7.21438,0.00073588
4,1210,0,No,-0.00015093,-8.46883,0.000209899
4,1211,0,No,-0.000186818,-8.30891,0.000246299
4,1212,0,No,-0.00219759,-6.09482,0.00225438
4,1213,0,No,-0.00382109,-5.55372,0.00387279
4,1214,0,No,-0.287667,-1.3861,0.250033
4,1215,0,No,-0.0124519,-4.3873,0.0124336
4,1216,0,No,-0.00141685,-6.51894,0.00147515
4,1217,0,Yes,-0.8302,-0.572529,0.564064
4,1218,0,No,-0.23639,-1.55786,0.210574
4,1219,0,No,-0.525621,-0.894356,0.408847
4,1220,0,Yes,-0.547881,-0.863023,0.42186
4,1221,0,Yes,-4.39708,-0.0123302,0.987688
4,1222,0,Yes,-4.38895,-0.0124317,0.987587
4,1223,0,Yes,-2.86124,-0.0588357,0.942806
4,1224,0,No,-0.000380827,-7.72884,0.000439928
4,1225,0,No,-0.000376116,-7.74012,0.000434995
4,1226,0,No,-0.000248821,-8.08491,0.000308136
4,1227,0,No,-0.00790259,-4.83695,0.00793072
4,1228,0,No,-0.00196656,-6.20275,0.00202374
4,1229,0,No,-0.00453426,-5.38529,0.00458325
4,1230,0,No,-0.0150944,-4.19697,0.0150402
4,1231,0,No,-0.00505207,-5.27875,0.00509852
4,1232,0,No,-0.065268,-2.76077,0.0632395
4,1233,0,No,-0.00349548,-5.64108,0.00354881
4,1234,0,Yes,-2.3556,-0.0995737,0.905169
4,1235,0,Yes,-2.714,-0.0685057,0.933733
4,1236,0,Yes,-3.75661,-0.0235791,0.976639
4,1237,0,Yes,-2.07153,-0.134599,0.874015
4,1238,0,No,-0.0607469,-2.83025,0.0589944
4,1239,0,No,-0.0407636,-3.21878,0.0400014
4,1240,0,Yes,-3.38078,-0.034551,0.965981
4,1241,0,Yes,-2.15089,-0.123662,0.883626
4,1242,0,Yes,-4.84805,-0.00781542,0.992157
4,1243,0,Yes,-4.56537,-0.0104001,0.989595
4,1244,0,No,-0.00414801,-5.47308,0.00419803
4,1245,0,Yes,-3.21953,-0.0407326,0.960029
4,1246,0,Yes,-4.01871,-0.0180792,0.982025
4,1247,0,No,-0.000608689,-7.31178,0.00066759
4,1248,0,No,-0.00192243,-6.22469,0.00197981
4,1249,0,No,-0.235182,-1.5624,0.20962
4,1250,0,No,-0.000528714,-7.43891,0.000587892
4,1251,0,Yes,-4.80947,-0.00812563,0.991848
4,1252,0,Yes,-3.86271,-0.0211739,0.97899
4,1253,0,No,-0.00090145,-6.94784,0.000960654
4,1254,0,No,-0.000411953,-7.66066,0.000470969
4,1255,0,No,-0.00142348,-6.51455,0.00148163
4,1256,0,Yes,-1.21314,-0.352687,0.702756
4,1257,0,Yes,-0.764115,-0.626774,0.534281
4,1258,0,Yes,-5.34165,-0.00473905,0.995212
4,1259,0,Yes,-4.33512,-0.0131263,0.9869
4,1260,0,No,-0.000238268,-8.11931,0.000297717
4,1261,0,Yes,-3.17172,-0.0427733,0.958071
4,1262,0,No,-0.000327999,-7.85652,0.000387198
4,1263,0,Yes,-5.51243,-0.00398433,0.995964
4,1264,0,No,-0.00127982,-6.61621,0.00133842
4,1265,0,Yes,-1.64259,-0.214951,0.806533
4,1266,0,No,-0.00739441,-4.9027,0.00742608
4,1267,0,Yes,-4.36284,-0.0127645,0.987259
4,1268,0,No,-0.000557161,-7.39069,0.000616931
4,1269,0,Yes,-3.98592,-0.0186895,0.981426
4,1270,0,No,-0.0298825,-3.52337,0.0294982
4,1271,0,No,-0.092578,-2.42496,0.0884765
4,1272,0,No,-0.0130947,-4.33754,0.0130678
4,1273,0,Yes,-4.15446,-0.015758,0.984307
4,1274,0,No,-0.00320638,-5.72588,0.00326028
4,1275,0,Yes,-3.97385,-0.0189202,0.9812
4,1276,0,No,-0.00252619,-5.95901,0.00258232
4,1277,0,No,-0.00344177,-5.65638,0.00349495
4,1278,0,No,-0.137769,-2.04981,0.128752
4,1279,0,No,-8.44037e-05,-8.84762,0.000143715
4,1280,0,No,-0.0791366,-2.5751,0.0761416
4,1281,0,Yes,-4.98811,-0.00678163,0.993182
4,1282,0,No,-4.67853,-0.00927571,0.990708
4,1283,0,No,-0.00134726,-6.56731,0.00140549
4,1284,0,No,-0.000217998,-8.18922,0.000277615
4,1285,0,No,-0.473478,-0.974911,0.377204
4,1286,0,Yes,-5.1277,-0.00588764,0.99407
4,1287,0,Yes,-3.21006,-0.0411295,0.959648
4,1288,0,No,-0.000369498,-7.7533,0.000429297
4,1289,0,No,-0.000118978,-8.63065,0.000178538
4,1290,0,Yes,-5.55563,-0.00381302,0.996135
4,1291,0,No,-4.55986e-05,-9.16253,0.00010489
4,1292,0,No,-0.000194211,-8.27978,0.000253577
4,1293,0,No,-0.000320069,-7.87727,0.000379243
4,1294,0,No,-7.32568e-05,-8.92698,0.000132751
4,1295,0,Yes,-4.13328,-0.0160997,0.983971
4,1296,0,Yes,-4.25155,-0.0142849,0.985759
4,1297,0,No,-0.000105983,-8.70751,0.000165329
4,1298,0,No,-0.000228073,-8.15454,0.000287411
4,1299,0,No,-0.000363774,-7.76857,0.000422794
4,1300,0,Yes,-4.35424,-0.0128749,0.987149
4,1301,0,No,-0.10422,-2.31231,0.099026
4,1302,0,No,-1.63318,-0.217223,0.804703
4,1303,0,No,-0.00173624,-6.32329,0.00179392
4,1304,0,No,-0.00170842,-6.33874,0.00176643
4,1305,0,No,-0.868726,-0.54374,0.580539
4,1306,0,Yes,-4.90269,-0.00739489,0.992574
4,1307,0,No,-0.00494706,-5.29939,0.00499432
4,1308,0,No,-0.0084025,-4.77637,0.00842601
4,1309,0,No,-0.00275598,-5.87392,0.00281167
4,1310,0,Yes,-3.70147,-0.0249359,0.975314
4,1311,0,Yes,-3.30591,-0.0372929,0.963336
4,1312,0,Yes,-4.06614,-0.0172311,0.982858
4,1313,0,Yes,-3.66248,-0.0259424,0.974333
4,1314,0,Yes,-1.13791,-0.386293,0.679531
4,1315,0,No,-0.249181,-1.51131,0.220607
4,1316,0,Yes,-2.52351,-0.0835105,0.919827
4,1317,0,No,-0.169143,-1.86001,0.155661
4,1318,0,No,-0.00114554,-6.72173,0.00120438
4,1319,0,No,-0.134909,-2.06938,0.126257
4,1320,0,Yes,-5.50425,-0.00401766,0.995931
4,1321,0,No,-0.00214001,-6.12085,0.00219646
4,1322,0,Yes,-3.54713,-0.0291687,0.971195
4,1323,0,No,-0.91634,-0.510695,0.600043
4,1324,0,No,-0.133204,-2.08126,0.124766
4,1325,0,Yes,-3.4639,-0.0317475,0.968694
4,1326,0,Yes,-4.00986,-0.0182414,0.981865
4,1327,0,Yes,-2.77961,-0.0640088,0.937941
4,1328,0,Yes,-5.84149,-0.00284869,0.997096
4,1329,0,No,-0.0164392,-4.11263,0.0163638
4,1330,0,No,-0.514293,-0.910966,0.402112
4,1331,0,Yes,-2.6315,-0.0746274,0.928034
4,1332,0,Yes,-0.539845,-0.874141,0.417196
4,1333,0,Yes,-2.97725,-0.0522131,0.94907
4,1334,0,Yes,-2.46323,-0.08894,0.914846
4,1335,0,Yes,-2.38182,-0.0968672,0.907623
4,1336,0,Yes,-2.29596,-0.106034,0.899341
4,1337,0,Yes,-2.83161,-0.0606615,0.941086
4,1338,0,Yes,-2.62906,-0.0748181,0.927858
4,1339,0,Yes,-3.94906,-0.0194,0.980728
4,1340,0,Yes,-4.03649,-0.0177561,0.982342
4,1341,0,Yes,-4.3318,-0.0131703,0.986857
4,1342,0,Yes,-4.28082,-0.0138672,0.986169
4,1343,0,Yes,-5.837,-0.00286207,0.997083
4,1344,0,Yes,-3.4714,-0.0315058,0.968928
4,1345,0,Yes,-1.93098,-0.156592,0.855003
4,1346,0,No,-0.0354079,-3.35675,0.0348461
4,1347,0,Yes,-4.86728,-0.00766513,0.992306
4,1348,0,Yes,-3.08913,-0.0465493,0.954461
4,1349,0,Yes,-2.40244,-0.0947925,0.909508
4,1350,0,No,-4.12246,-0.0162773,0.983796
4,1351,0,Yes,-0.656912,-0.730622,0.481581
4,1352,0,Yes,-0.0915361,-2.43576,0.0875261
4,1353,0,Yes,-5.33598,-0.0047666,0.995185
4,1354,0,No,-0.737111,-0.650922,0.521534
4,1355,0,Yes,-4.36896,-0.0126854,0.987336
4,1356,0,Yes,-3.30457,-0.037345,0.963287
4,1357,0,Yes,-2.98035,-0.0520472,0.949228
4,1358,0,No,-0.309939,-1.32213,0.266552
4,1359,0,Yes,-5.04558,-0.00639842,0.993563
4,1360,0,No,-0.403118,-1.10315,0.331806
4,1361,0,Yes,-1.30567,-0.315989,0.729024
4,1362,0,Yes,-1.03715,-0.437583,0.645557
4,1363,0,No,-1.04171,-0.43509,0.647169
4,1364,0,Yes,-1.72905,-0.195277,0.822558
4,1365,0,Yes,-0.631453,-0.758773,0.468213
4,1366,0,Yes,-2.91575,-0.0556231,0.94584
4,1367,0,Yes,-0.354954,-1.2078,0.298835
4,1368,0,Yes,-3.82254,-0.0220545,0.978129
4,1369,0,Yes,-2.5466,-0.0815229,0.921657
4,1370,0,Yes,-2.12607,-0.126978,0.880702
4,0,1,No,-0.000372956,-7.74752,0.000431786
4,1,1,No,-0.000265455,-8.03427,0.000324143
4,2,1,No,-0.101738,-2.33518,0.096787
4,3,1,Yes,-2.88896,-0.0571794,0.944369
4,4,1,No,-0.014342,-4.24759,0.0142978
4,5,1,Yes,-2.46343,-0.088922,0.914862
4,6,1,No,-0.360869,-1.19406,0.302971
4,7,1,No,-0.106894,-2.2883,0.101433
4,8,1,No,-1.38647,-0.287547,0.750057
4,9,1,No,-0.016307,-4.12063,0.0162333
4,10,1,No,-0.000448208,-7.58563,0.000507667
4,11,1,No,-0.00226498,-6.06532,0.00232189
4,12,1,No,-0.000775936,-7.08751,0.000835421
4,13,1,No,-0.101279,-2.33948,0.0963723
4,14,1,Yes,-0.12362,-2.15121,0.116336
4,15,1,Yes,-1.61592,-0.221457,0.801304
4,16,1,No,-0.00103253,-6.81991,0.00109176
4,17,1,No,-0.000752494,-7.11692,0.000811212
4,18,1,Yes,-2.49931,-0.0856471,0.917863
4,19,1,Yes,-2.70929,-0.0688416,0.93342
4,20,1,Yes,-1.94577,-0.154106,0.857131
4,21,1,Yes,-4.22349,-0.0146959,0.985353
4,22,1,Yes,-3.13034,-0.0446251,0.9563
4,23,1,Yes,-2.24748,-0.111608,0.894342
4,24,1,Yes,-2.77791,-0.0641219,0.937836
4,25,1,Yes,-3.17781,-0.0425087,0.958326
4,26,1,No,-0.0965356,-2.38507,0.0920767
4,27,1,No,-0.00851804,-4.76283,0.00854094
4,28,1,No,-1.06415,-0.42306,0.655001
4,29,1,Yes,-1.21473,-0.352015,0.703228
4,30,1,Yes,-4.57954,-0.0102525,0.989741
4,31,1,Yes,-2.30554,-0.104967,0.900301
4,32,1,No,-0.386204,-1.1381,0.320408
4,33,1,Yes,-0.814265,-0.585022,0.557061
4,34,1,Yes,-0.371453,-1.17013,0.310309
4,35,1,No,-1.08304,-0.413252,0.661457
4,36,1,Yes,-3.37083,-0.0349039,0.965641
4,37,1,Yes,-4.53934,-0.0106773,0.98932
4,38,1,Yes,-1.16072,-0.375717,0.686756
4,39,1,No,-0.00143733,-6.50507,0.00149574
4,40,1,Yes,-2.95333,-0.0535129,0.947838
4,41,1,Yes,-2.41763,-0.0932928,0.910873
4,42,1,No,-0.00010789,-8.69689,0.000167094
4,43,1,Yes,-3.23738,-0.039997,0.960736
4,44,1,Yes,-4.60423,-0.0100005,0.989991
4,45,1,No,-0.306629,-1.33129,0.26412
4,46,1,No,-1.55531,-0.23707,0.788889
4,47,1,Yes,-3.34839,-0.0357109,0.964861
4,48,1,Yes,-3.69581,-0.0250803,0.975174
4,49,1,No,-0.00497935,-5.29307,0.00502599
4,50,1,No,-0.00339105,-5.67096,0.00344437
4,51,1,No,-0.0256209,-3.67479,0.0253533
4,52,1,No,-0.0200471,-3.91668,0.0199058
4,53,1,No,-0.0204516,-3.89697,0.0203022
4,54,1,Yes,-4.37384,-0.0126233,0.987398
4,55,1,Yes,-0.915193,-0.511461,0.599584
4,56,1,Yes,-1.86315,-0.168566,0.844826
4,57,1,Yes,-3.3294,-0.0364099,0.964188
4,58,1,Yes,-4.55261,-0.0105358,0.989461
4,59,1,No,-0.00044624,-7.58995,0.000505478
4,60,1,Yes,-2.21745,-0.115216,0.89112
4,61,1,Yes,-4.70198,-0.00905921,0.990923
4,62,1,Yes,-4.96934,-0.0069127,0.993053
4,63,1,Yes,-0.261171,-1.47007,0.229897
4,64,1,Yes,-3.02387,-0.0497727,0.95139
4,65,1,Yes,-2.81097,-0.0619691,0.939857
4,66,1,Yes,-1.49774,-0.253056,0.776378
4,67,1,Yes,-4.72089,-0.00888769,0.991093
4,68,1,No,-0.333091,-1.26106,0.283337
4,69,1,No,-0.152545,-1.95518,0.141531
4,70,1,Yes,-3.74219,-0.0239279,0.976299
4,71,1,No,-0.00547067,-5.20023,0.00551498
4,72,1,Yes,-1.04268,-0.434562,0.64751
4,73,1,No,-0.000126966,-8.58735,0.000186439
4,74,1,Yes,-2.33012,-0.102282,0.902721
4,75,1,No,-0.405212,-1.09894,0.333204
4,76,1,No,-0.0360823,-3.33825,0.0354968
4,77,1,No,-0.000333663,-7.84045,0.000393467
4,78,1,Yes,-4.69274,-0.00914457,0.990839
4,79,1,Yes,-3.84096,-0.0216462,0.978528
4,80,1,Yes,-0.280026,-1.40938,0.24428
4,81,1,Yes,-0.218212,-1.62911,0.196092
4,82,1,No,-3.73494,-0.0241033,0.976127
4,83,1,Yes,-2.51201,-0.0845199,0.9189
4,84,1,Yes,-2.37342,-0.0977261,0.906844
4,85,1,Yes,-3.71739,-0.0245358,0.975704
4,86,1,Yes,-4.22979,-0.0146025,0.985445
4,87,1,Yes,-4.19307,-0.0151552,0.984901
4,88,1,Yes,-2.51078,-0.0846276,0.9188
4,89,1,Yes,-2.38334,-0.096713,0.907763
4,90,1,Yes,-3.13039,-0.0446221,0.956302
4,91,1,Yes,-2.65078,-0.0731487,0.929408
4,92,1,Yes,-0.511148,-0.915662,0.400228
4,93,1,Yes,-3.31868,-0.0368105,0.963801
4,94,1,Yes,-0.570189,-0.833237,0.434615
4,95,1,Yes,-4.95059,-0.00704481,0.992921
4,96,1,Yes,-3.56729,-0.0285779,0.971769
4,97,1,No,-0.203311,-1.69263,0.184024
4,98,1,Yes,-3.32616,-0.0365309,0.964071
4,99,1,No,-0.0652134,-2.76157,0.0631884
4,100,1,No,-0.342342,-1.23803,0.289937
4,101,1,Yes,-2.04076,-0.139114,0.870078
4,102,1,Yes,-2.50372,-0.0852546,0.918225
4,103,1,Yes,-0.904394,-0.518737,0.595237
4,104,1,No,-0.286749,-1.38886,0.249344
4,105,1,No,-0.751294,-0.638086,0.528272
4,106,1,No,-0.000371764,-7.74965,0.000430867
4,107,1,No,-0.00809991,-4.81269,0.00812547
4,108,1,No,-0.0185002,-3.99598,0.0183883
4,109,1,No,-0.0364027,-3.3296,0.0358053
4,110,1,Yes,-4.04196,-0.0176584,0.982438
4,111,1,No,-0.00264446,-5.91425,0.00270053
4,112,1,No,-0.00967838,-4.63659,0.00969012
4,113,1,No,-0.396837,-1.11591,0.327596
4,114,1,Yes,-3.01604,-0.0501737,0.951008
4,115,1,No,-0.000173345,-8.36873,0.000231997
4,116,1,No,-0.00046079,-7.56134,0.000520145
4,117,1,Yes,-4.68567,-0.00920971,0.990774
4,118,1,No,-0.601693,-0.793684,0.452149
4,119,1,No,-0.000225868,-8.1621,0.000285246
4,120,1,Yes,-4.72421,-0.00885732,0.991123
4,121,1,Yes,-4.70888,-0.00899618,0.990986
4,122,1,No,-0.0127428,-4.36447,0.0127207
4,123,1,Yes,-4.20035,-0.0150434,0.985011
4,124,1,No,-0.00142276,-6.51481,0.00148124
4,125,1,No,-0.244936,-1.52646,0.217292
4,126,1,Yes,-3.08641,-0.0466792,0.954337
4,127,1,Yes,-3.17656,-0.0425631,0.958274
4,128,1,No,-0.155885,-1.93516,0.144393
4,129,1,No,-0.000271119,-8.01612,0.000330078
4,130,1,No,-0.000144969,-8.49724,0.000204018
4,131,1,No,-0.000247151,-8.09006,0.000306552
4,132,1,No,-0.00199971,-6.18654,0.0020568
4,133,1,Yes,-2.52872,-0.083058,0.920243
4,134,1,Yes,-3.65558,-0.0261253,0.974155
4,135,1,No,-0.00121309,-6.66801,0.00127085
4,136,1,Yes,-0.452596,-1.01037,0.364063
4,137,1,Yes,-1.59775,-0.226014,0.79766
4,138,1,Yes,-0.284849,-1.3946,0.247916
4,139,1,Yes,-2.49372,-0.0861495,0.917403
4,140,1,No,-0.318967,-1.2977,0.273143
4,141,1,Yes,-3.01968,-0.0499871,0.951186
4,142,1,No,-0.00558634,-5.17963,0.00562974
4,143,1,No,-3.20754,-0.041236,0.959546
4,144,1,No,-8.08868e-05,-8.87083,0.000140417
4,145,1,Yes,-2.22158,-0.114714,0.891568
4,146,1,Yes,-0.536907,-0.87826,0.415481
4,147,1,Yes,-1.94575,-0.154108,0.857128
4,148,1,Yes,-0.184946,-1.77839,0.1689
4,149,1,Yes,-3.11112,-0.0455125,0.955452
4,150,1,Yes,-3.02934,-0.0494932,0.951655
4,151,1,Yes,-0.420548,-1.06894,0.343352
4,152,1,Yes,-2.31572,-0.103847,0.901311
4,153,1,Yes,-2.09934,-0.130653,0.877471
4,154,1,No,-2.31348,-0.104092,0.90109
4,155,1,Yes,-2.86792,-0.0584331,0.943186
4,156,1,Yes,-2.97449,-0.0523623,0.948929
4,157,1,Yes,-1.27399,-0.328023,0.720304
4,158,1,Yes,-0.380021,-1.15134,0.316193
4,159,1,Yes,-1.66713,-0.209153,0.811224
4,160,1,Yes,-2.58283,-0.0785033,0.924444
4,161,1,No,-1.59199,-0.22748,0.796492
4,162,1,No,-0.571769,-0.831186,0.435507
4,163,1,Yes,-1.00012,-0.458512,0.632187
4,164,1,Yes,-4.44568,-0.011738,0.988272
4,165,1,No,-0.263086,-1.46368,0.231369
4,166,1,Yes,-4.27604,-0.0139351,0.986103
4,167,1,Yes,-1.71985,-0.197275,0.820917
4,168,1,No,-0.137664,-2.05052,0.128661
4,169,1,Yes,-2.11672,-0.128251,0.879581
4,170,1,Yes,-3.8083,-0.0223754,0.977815
4,171,1,Yes,-2.82689,-0.0609586,0.940807
4,172,1,No,-0.0768097,-2.60377,0.0739895
4,173,1,No,-0.0164629,-4.11124,0.0163864
4,174,1,Yes,-4.24096,-0.0144384,0.985607
4,175,1,Yes,-3.88303,-0.0207427,0.979413
4,176,1,No,-0.000779694,-7.08416,0.000838231
4,177,1,No,-0.00307938,-5.76539,0.00313399
4,178,1,Yes,-3.91231,-0.0201363,0.980007
4,179,1,No,-0.020973,-3.8721,0.0208133
4,180,1,No,-0.0261521,-3.65457,0.0258711
4,181,1,No,-0.0840689,-2.51713,0.0806865
4,182,1,Yes,-2.30529,-0.104995,0.900276
4,183,1,No,-0.720029,-0.666855,0.51329
4,184,1,No,-1.23962,-0.341696,0.710522
4,185,1,Yes,-3.68672,-0.0253122,0.974947
4,186,1,Yes,-3.12954,-0.0446612,0.956265
4,187,1,Yes,-0.520465,-0.90186,0.40579
4,188,1,Yes,-2.61372,-0.0760206,0.926743
4,189,1,Yes,-2.26789,-0.109224,0.896476
4,190,1,Yes,-2.11694,-0.12822,0.879607
4,191,1,Yes,-1.55707,-0.236602,0.789259
4,192,1,No,-0.000993387,-6.85699,0.00105202
4,193,1,No,-0.00884114,-4.72609,0.00886055
4,194,1,Yes,-1.86902,-0.167491,0.845735
4,195,1,No,-0.000275769,-8.00226,0.000334685
4,196,1,No,-0.000306534,-7.91116,0.000366606
4,197,1,No,-0.000375341,-7.74155,0.000434371
4,198,1,Yes,-0.22417,-1.60505,0.200868
4,199,1,No,-0.000383987,-7.7206,0.000443569
4,200,1,No,-1.17535,-0.369112,0.691308
4,201,1,No,-0.0137327,-4.29046,0.0136978
4,202,1,Yes,-4.69043,-0.00916532,0.990818
4,203,1,No,-0.000229206,-8.14977,0.000288786
4,204,1,Yes,-0.96794,-0.477723,0.620157
4,205,1,No,-0.000243038,-8.10366,0.000302412
4,206,1,Yes,-3.26296,-0.0389654,0.961727
4,207,1,Yes,-5.25736,-0.00516327,0.994791
4,208,1,Yes,-3.81817,-0.0221523,0.978033
4,209,1,Yes,-4.51033,-0.0109964,0.989006
4,210,1,Yes,-0.492446,-0.944359,0.388906
4,211,1,Yes,-3.17063,-0.042822,0.958025
4,212,1,Yes,-0.172048,-1.8444,0.158111
4,213,1,No,-6.55673e-05,-8.98719,0.000124993
4,214,1,No,-0.000491323,-7.50535,0.000550102
4,215,1,Yes,-3.9599,-0.019188,0.980936
4,216,1,Yes,-5.01334,-0.00661104,0.993352
4,217,1,No,-0.00589723,-5.1263,0.00593814
4,218,1,Yes,-3.11781,-0.0452017,0.955749
4,219,1,Yes,-2.97123,-0.0525376,0.948763
4,220,1,Yes,-4.13712,-0.0160373,0.984032
4,221,1,Yes,-1.23626,-0.343066,0.709549
4,222,1,No,-1.65983,-0.210861,0.80984
4,223,1,Yes,-4.83777,-0.00789592,0.992076
4,224,1,Yes,-2.33439,-0.101823,0.903136
4,225,1,Yes,-0.284817,-1.3947,0.247892
4,226,1,No,-0.0437097,-3.15059,0.0428244
4,227,1,No,-0.589945,-0.808107,0.445675
4,228,1,Yes,-2.46059,-0.0891863,0.91462
4,229,1,Yes,-5.3894,-0.00451558,0.995436
4,230,1,No,-0.000507066,-7.47699,0.000565923
4,231,1,Yes,-2.71109,-0.0687134,0.933539
4,232,1,Yes,-2.56078,-0.080327,0.92276
4,233,1,Yes,-4.31979,-0.013332,0.986698
4,234,1,No,-0.254258,-1.49358,0.224554
4,235,1,Yes,-2.65795,-0.0726058,0.929913
4,236,1,No,-0.000280002,-7.98798,0.000339501
4,237,1,No,-0.000335571,-7.83662,0.00039498
4,238,1,No,-0.00374242,-5.57413,0.00379456
4,239,1,No,-0.143301,-2.01316,0.133558
4,240,1,Yes,-3.81098,-0.0223139,0.977875
4,241,1,No,-9.00071e-05,-8.80866,0.000149424
4,242,1,Yes,-0.289061,-1.38194,0.251077
4,243,1,Yes,-0.331808,-1.26431,0.282417
4,244,1,No,-0.00113349,-6.73211,0.00119195
4,245,1,No,-0.506451,-0.922742,0.397404
4,246,1,Yes,-3.10061,-0.0460051,0.954981
4,247,1,No,-0.427125,-1.05648,0.347657
4,248,1,Yes,-4.3297,-0.0131995,0.986829
4,249,1,No,-0.463097,-0.992289,0.370705
4,250,1,Yes,-2.86323,-0.058716,0.942919
4,251,1,Yes,-1.14634,-0.382342,0.682222
4,252,1,Yes,-3.25726,-0.0391932,0.961509
4,253,1,No,-0.000906998,-6.94248,0.000965812
4,254,1,No,-0.0178857,-4.02933,0.0177852
4,255,1,No,-0.000666602,-7.22893,0.000725257
4,256,1,Yes,-1.36501,-0.2948,0.744637
4,257,1,Yes,-5.11976,-0.00593537,0.994023
4,258,1,Yes,-3.37178,-0.0348701,0.965674
4,259,1,Yes,-3.28096,-0.0382546,0.96241
4,260,1,No,-0.0255165,-3.6788,0.0252516
4,261,1,Yes,-0.464808,-0.989392,0.371781
4,262,1,Yes,-3.08385,-0.046802,0.95422
4,263,1,Yes,-1.49427,-0.254058,0.775601
4,264,1,No,-0.000670181,-7.22406,0.000728794
4,265,1,Yes,-4.41459,-0.0121132,0.987901
4,266,1,No,-0.000213229,-8.20741,0.00027261
4,267,1,Yes,-3.94518,-0.0194772,0.980653
4,268,1,No,-0.000282149,-7.98273,0.000341286
4,269,1,Yes,-2.75278,-0.06581,0.936253
4,270,1,No,-0.0179832,-4.02398,0.0178805
4,271,1,Yes,-2.13895,-0.125246,0.882228
4,272,1,No,-0.979776,-0.470542,0.624627
4,273,1,No,-0.00267111,-5.90461,0.00272668
4,274,1,No,-0.001652,-6.37142,0.00170962
4,275,1,No,-0.0054624,-5.20172,0.00550677
4,276,1,Yes,-1.76527,-0.187633,0.82887
4,277,1,No,-0.403647,-1.10208,0.33216
4,278,1,Yes,-4.34167,-0.0130395,0.986986
4,279,1,No,-0.0127453,-4.36428,0.012723
4,280,1,No,-0.000183182,-8.3244,0.000242512
4,281,1,No,-0.00497965,-5.29304,0.00502615
4,282,1,No,-0.000582268,-7.35194,0.00064131
4,283,1,Yes,-4.20322,-0.0149997,0.985054
4,284,1,Yes,-3.48389,-0.0311076,0.969314
4,285,1,Yes,-3.07029,-0.0474572,0.953595
4,286,1,No,-0.00321451,-5.72343,0.00326828
4,287,1,Yes,-3.62792,-0.0268702,0.97343
4,288,1,No,-0.000129231,-8.57518,0.000188721
4,289,1,No,-1.623,-0.219709,0.802705
4,290,1,Yes,-0.477107,-0.968946,0.379461
4,291,1,Yes,-5.326,-0.00481601,0.995137
4,292,1,No,-0.000544339,-7.41231,0.000603738
4,293,1,Yes,-4.13457,-0.0160795,0.983991
4,294,1,Yes,-4.77683,-0.00839848,0.991578
4,295,1,Yes,-4.65131,-0.00953545,0.990451
4,296,1,No,-0.167925,-1.86665,0.154632
4,297,1,No,-0.00927288,-4.67885,0.0092891
4,298,1,No,-0.00523732,-5.24325,0.00528274
4,299,1,No,-0.122004,-2.16357,0.114908
4,300,1,Yes,-2.33162,-0.10212,0.902868
4,301,1,Yes,-2.29628,-0.105998,0.899374
4,302,1,Yes,-1.84428,-0.172071,0.84187
4,303,1,Yes,-0.600077,-0.795648,0.451263
4,304,1,Yes,-2.77536,-0.0642911,0.937677
4,305,1,Yes,-2.11784,-0.128098,0.879716
4,306,1,Yes,-3.22176,-0.0406404,0.960118
4,307,1,Yes,-0.91371,-0.512452,0.59899
4,308,1,Yes,-0.804241,-0.593063,0.552599
4,309,1,No,-2.7726,-0.064475,0.937504
4,310,1,No,-0.0833276,-2.52561,0.0800045
4,311,1,No,-0.0122735,-4.40155,0.0122576
4,312,1,Yes,-2.16076,-0.12237,0.88477
4,313,1,No,-0.0140643,-4.26693,0.014024
4,314,1,Yes,-4.36928,-0.0126813,0.98734
4,315,1,No,-0.000433122,-7.6169,0.000492038
4,316,1,No,-0.000986705,-6.86355,0.00104514
4,317,1,Yes,-4.69095,-0.00916099,0.990823
4,318,1,Yes,-5.02095,-0.00656064,0.993402
4,319,1,No,-0.0644699,-2.77266,0.0624919
4,320,1,No,-0.0175566,-4.04769,0.0174617
4,321,1,No,-0.000624196,-7.28831,0.000683439
4,322,1,No,-0.000729469,-7.14497,0.000788773
4,323,1,No,-0.00127856,-6.61691,0.00133748
4,324,1,No,-0.000192243,-8.28851,0.000251374
4,325,1,No,-0.0121457,-4.41195,0.0121307
4,326,1,No,-0.0293547,-3.54091,0.0289852
4,327,1,Yes,-3.93302,-0.0197184,0.980417
4,328,1,Yes,-4.60434,-0.00999879,0.989992
4,329,1,Yes,-4.91229,-0.00732319,0.992645
4,330,1,No,-1.01987,-0.447197,0.63938
4,331,1,No,-0.160218,-1.90986,0.148093
4,332,1,No,-0.177042,-1.81821,0.162306
4,333,1,Yes,-1.11578,-0.396903,0.67236
4,334,1,Yes,-4.74561,-0.00866797,0.991311
4,335,1,Yes,-4.06036,-0.017333,0.982758
4,336,1,Yes,-3.68089,-0.0254632,0.974801
4,337,1,Yes,-2.73443,-0.067072,0.935073
4,338,1,Yes,-3.73157,-0.0241862,0.976046
4,339,1,No,-0.000266647,-8.02973,0.000325617
4,340,1,No,-0.000217342,-8.19245,0.000276718
4,341,1,No,-1.94722,-0.153864,0.857338
4,342,1,No,-1.09257,-0.408413,0.664665
4,343,1,No,-0.00345516,-5.65247,0.00350864
4,344,1,Yes,-4.054,-0.0174451,0.982648
4,345,1,Yes,-0.381724,-1.14767,0.317356
4,346,1,Yes,-2.55321,-0.0809633,0.922173
4,347,1,No,-0.12424,-2.14651,0.116884
4,348,1,No,-0.000955323,-6.89366,0.00101413
4,349,1,No,-0.175323,-1.82714,0.160863
4,350,1,Yes,-0.45029,-1.01441,0.362594
4,351,1,No,-0.929135,-0.502257,0.605128
4,352,1,No,-0.21718,-1.63335,0.195263
4,353,1,Yes,-1.29284,-0.3208,0.725525
4,354,1,No,-0.208409,-1.67033,0.188173
4,355,1,No,-0.1738,-1.83512,0.159585
4,356,1,Yes,-1.29331,-0.320623,0.725654
4,357,1,Yes,-0.700161,-0.686066,0.503524
4,358,1,No,-0.121623,-2.16651,0.11457
4,359,1,No,-0.35862,-1.19926,0.301401
4,360,1,Yes,-1.16726,-0.372746,0.6888
4,361,1,Yes,-3.18194,-0.0423299,0.958497
4,362,1,Yes,-2.2331,-0.113321,0.892811
4,363,1,No,-0.000195642,-8.27653,0.000254405
4,364,1,No,-0.000296756,-7.93982,0.000356249
4,365,1,Yes,-3.03638,-0.0491371,0.951994
4,366,1,Yes,-3.12335,-0.0449455,0.955993
4,367,1,No,-1.40515,-0.281397,0.754684
4,368,1,Yes,-3.72053,-0.0244583,0.97578
4,369,1,Yes,-2.57935,-0.0787885,0.924181
4,370,1,Yes,-2.80596,-0.0622901,0.939555
4,371,1,No,-0.0794578,-2.57122,0.0764378
4,372,1,Yes,-3.51284,-0.0302042,0.97019
4,373,1,Yes,-3.94385,-0.0195032,0.980628
4,374,1,Yes,-3.29502,-0.0377102,0.962935
4,375,1,Yes,-3.56187,-0.0287352,0.971616
4,376,1,Yes,-2.60293,-0.0768784,0.925948
4,377,1,Yes,-1.39737,-0.283941,0.752767
4,378,1,No,-0.0367488,-3.32034,0.0361385
4,379,1,Yes,-1.11025,-0.39961,0.670543
4,380,1,Yes,-3.28629,-0.0380477,0.96261
4,381,1,Yes,-0.298379,-1.35465,0.258023
4,382,1,No,-1.52473,-0.245417,0.782332
4,383,1,Yes,-1.09783,-0.405769,0.666425
4,384,1,Yes,-3.89703,-0.0204503,0.979699
4,385,1,No,-0.00465066,-5.36032,0.00469913
4,386,1,Yes,-4.15512,-0.0157482,0.984317
4,387,1,No,-0.000181334,-8.3341,0.000240171
4,388,1,No,-0.000776354,-7.08828,0.000834783
4,389,1,No,-0.000133523,-8.55446,0.000192672
4,390,1,Yes,-4.56037,-0.0104536,0.989542
4,391,1,Yes,-3.89207,-0.0205533,0.979598
4,392,1,Yes,-4.2812,-0.0138628,0.986175
4,393,1,No,-0.00248532,-5.97501,0.00254132
4,394,1,Yes,-1.53663,-0.24213,0.784907
4,395,1,No,-0.113467,-2.23189,0.107319
4,396,1,No,-0.0408526,-3.21665,0.0400866
4,397,1,No,-0.0181368,-4.01555,0.0180319
4,398,1,Yes,-2.98495,-0.0518017,0.949461
4,399,1,No,-0.000368186,-7.7575,0.0004275
4,400,1,No,-0.00162304,-6.38844,0.00168078
4,401,1,No,-0.109334,-2.26694,0.103623
4,402,1,Yes,-3.01433,-0.0502615,0.950924
4,403,1,Yes,-1.79447,-0.181711,0.833794
4,404,1,Yes,-2.8198,-0.0614064,0.940386
4,405,1,Yes,-3.69211,-0.0251741,0.975082
4,406,1,Yes,-4.83376,-0.00792855,0.992044
4,407,1,No,-0.993525,-0.46237,0.629752
4,408,1,Yes,-3.78057,-0.0230138,0.977192
4,409,1,Yes,-4.0795,-0.017001,0.983085
4,410,1,Yes,-4.0891,-0.016836,0.983247
4,411,1,Yes,-1.77827,-0.184971,0.83108
4,412,1,Yes,-3.17243,-0.0427436,0.958101
4,413,1,Yes,-3.00251,-0.0508765,0.950341
4,414,1,Yes,-0.245624,-1.52398,0.21783
4,415,1,Yes,-1.3528,-0.29902,0.741501
4,416,1,Yes,-2.98458,-0.0518212,0.949442
4,417,1,Yes,-0.828715,-0.573679,0.563416
4,418,1,No,-0.0210477,-3.86862,0.0208858
4,419,1,No,-0.119743,-2.18116,0.112904
4,420,1,No,-0.147623,-1.98557,0.137294
4,421,1,Yes,-0.0639317,-2.78078,0.0619863
4,422,1,No,-0.00805256,-4.81841,0.00807912
4,423,1,No,-0.0216007,-3.84301,0.0214278
4,424,1,No,-0.114438,-2.22384,0.108186
4,425,1,No,-0.0933965,-2.41657,0.0892219
4,426,1,No,-0.0041294,-5.47758,0.0041792
4,427,1,No,-0.00184109,-6.26639,0.00189896
4,428,1,Yes,-3.80199,-0.0225189,0.977675
4,429,1,Yes,-2.63185,-0.0746009,0.928059
4,430,1,No,-0.389498,-1.13115,0.322643
4,431,1,No,-1.04976,-0.430726,0.649999
4,432,1,Yes,-0.459409,-0.998582,0.36838
4,433,1,No,-0.0160862,-4.1341,0.0160161
4,434,1,No,-0.118368,-2.19202,0.111684
4,435,1,Yes,-2.14797,-0.124047,0.883286
4,436,1,No,-0.310858,-1.3196,0.267225
4,437,1,No,-0.0202667,-3.90594,0.0201208
4,438,1,No,-0.000133762,-8.55159,0.000193226
4,439,1,Yes,-3.13077,-0.0446049,0.956318
4,440,1,No,-0.000289005,-7.96287,0.000348131
4,441,1,No,-0.000413861,-7.65617,0.000473089
4,442,1,No,-0.455879,-1.00466,0.366147
4,443,1,Yes,-3.57731,-0.0282877,0.972051
4,444,1,Yes,-4.14164,-0.0159642,0.984104
4,445,1,Yes,-3.80464,-0.022459,0.977734
4,446,1,No,-4.59929,-0.0100501,0.989942
4,447,1,Yes,-1.21361,-0.35249,0.702894
4,448,1,No,-0.0717494,-2.66938,0.0692914
4,449,1,No,-0.113561,-2.23111,0.107403
4,450,1,No,-0.0761165,-2.61249,0.0733469
4,451,1,Yes,-2.60545,-0.0766771,0.926134
4,452,1,No,-2.7154,-0.0684065,0.933825
4,453,1,Yes,-3.37921,-0.0346075,0.965928
4,454,1,No,-0.0179304,-4.02689,0.0178286
4,455,1,No,-0.000679247,-7.21119,0.000738232
4,456,1,Yes,-4.56519,-0.0104025,0.989593
4,457,1,No,-0.00448043,-5.39711,0.00452939
4,458,1,No,-9.108e-05,-8.80215,0.000150401
4,459,1,Yes,-3.33169,-0.0363251,0.964269
4,460,1,No,-0.641549,-0.747428,0.473555
4,461,1,Yes,-2.86642,-0.0585226,0.943101
4,462,1,No,-0.077953,-2.58958,0.075047
4,463,1,No,-0.00349883,-5.64021,0.00355192
4,464,1,No,-0.000480052,-7.52535,0.000539206
4,465,1,No,-0.00437775,-5.4198,0.00442775
4,466,1,No,-0.000144075,-8.50044,0.000203367
4,467,1,No,-0.0250075,-3.69865,0.0247553
4,468,1,Yes,-3.19973,-0.0415664,0.959229
4,469,1,No,-0.00728326,-4.91761,0.00731614
4,470,1,No,-0.409216,-1.09098,0.335868
4,471,1,No,-0.188891,-1.7592,0.172172
4,472,1,No,-0.000191707,-8.29102,0.000250743
4,473,1,No,-0.000769971,-7.09546,0.00082881
4,474,1,No,-0.00561428,-5.17472,0.00565747
4,475,1,Yes,-3.12992,-0.0446444,0.956281
4,476,1,No,-0.971096,-0.475795,0.621354
4,477,1,Yes,-2.17068,-0.121085,0.885906
4,478,1,Yes,-4.04545,-0.0175965,0.982499
4,479,1,No,-0.00193407,-6.219,0.00199112
4,480,1,No,-0.000392097,-7.70334,0.000451288
4,481,1,No,-0.00199983,-6.18623,0.00205744
4,482,1,No,-0.00203035,-6.17171,0.00208755
4,483,1,No,-0.000479634,-7.52548,0.000539139
4,484,1,Yes,-3.25188,-0.0394084,0.961301
4,485,1,Yes,-3.54503,-0.0292322,0.971134
4,486,1,Yes,-2.54931,-0.0812934,0.921869
4,487,1,Yes,-3.13786,-0.0442826,0.956627
4,488,1,No,-1.3772,-0.290654,0.747731
4,489,1,No,-0.11148,-2.24858,0.105543
4,490,1,No,-0.0185137,-3.99524,0.0184019
4,491,1,Yes,-3.31702,-0.0368728,0.963741
4,492,1,No,-0.00411623,-5.48061,0.00416656
4,493,1,Yes,-3.65271,-0.0262016,0.974081
4,494,1,Yes,-3.95306,-0.0193223,0.980805
4,495,1,Yes,-2.40907,-0.0941345,0.910107
4,496,1,Yes,-1.60158,-0.225043,0.798435
4,497,1,Yes,-0.383282,-1.14433,0.318419
4,498,1,Yes,-4.62433,-0.00979845,0.99019
4,499,1,Yes,-3.22334,-0.0405744,0.960181
4,500,1,Yes,-3.46395,-0.0317449,0.968696
4,501,1,Yes,-0.111701,-2.24671,0.105741
4,502,1,Yes,-0.295151,-1.36399,0.255624
4,503,1,No,-0.607336,-0.78689,0.455232
4,504,1,Yes,-3.34469,-0.0358466,0.964731
4,505,1,Yes,-2.34496,-0.100696,0.904155
4,506,1,Yes,-2.08495,-0.132679,0.875695
4,507,1,No,-1.71097,-0.199222,0.81932
4,508,1,Yes,-3.45334,-0.0320904,0.968362
4,509,1,Yes,-4.02935,-0.0178854,0.982215
4,510,1,No,-0.128247,-2.11675,0.120416
4,511,1,No,-2.35923,-0.0991949,0.905513
4,512,1,Yes,-3.89212,-0.0205532,0.979599
4,513,1,No,-0.00347221,-5.64776,0.00352519
4,514,1,Yes,-1.70745,-0.199999,0.818683
4,515,1,No,-0.669222,-0.717538,0.487923
4,516,1,Yes,-2.37791,-0.0972664,0.907261
4,517,1,No,-1.05569,-0.427546,0.652069
4,518,1,No,-1.41509,-0.278186,0.757111
4,519,1,Yes,-3.60761,-0.0274304,0.972885
4,520,1,Yes,-4.2322,-0.0145667,0.98548
4,521,1,No,-0.476224,-0.970394,0.378912
4,522,1,Yes,-1.32525,-0.308806,0.73428
4,523,1,No,-0.466035,-0.987321,0.372552
4,524,1,No,-2.65571,-0.072775,0.929755
4,525,1,No,-0.000676861,-7.21412,0.000736075
4,526,1,Yes,-4.15197,-0.0157983,0.984268
4,527,1,Yes,-2.22691,-0.114069,0.892145
4,528,1,No,-0.223946,-1.60594,0.200689
4,529,1,No,-0.00177021,-6.30472,0.00182755
4,530,1,Yes,-3.38112,-0.0345396,0.965993
4,531,1,No,-0.40895,-1.0915,0.335691
4,532,1,No,-1.62347,-0.219593,0.802798
4,533,1,No,-0.000123568,-8.6071,0.000182793
4,534,1,No,-6.16331e-05,-9.0225,0.000120657
4,535,1,No,-4.69696e-05,-9.146,0.000106639
4,536,1,No,-5.18574e-05,-9.09936,0.000111731
4,537,1,No,-0.0176751,-4.04104,0.0175781
4,538,1,No,-0.0221624,-3.81774,0.0219761
4,539,1,Yes,-2.96669,-0.0527829,0.94853
4,540,1,Yes,-0.0555359,-2.91727,0.0540781
4,541,1,No,-0.0675943,-2.72693,0.0654158
4,542,1,No,-0.000190157,-8.29534,0.000249663
4,543,1,No,-0.102222,-2.33068,0.097224
4,544,1,Yes,-2.67916,-0.0710252,0.931383
4,545,1,No,-0.000113553,-8.66485,0.000172535
4,546,1,No,-0.000206134,-8.23413,0.000265423
4,547,1,Yes,-2.69733,-0.0696989,0.932619
4,548,1,Yes,-2.43103,-0.0919918,0.912059
4,549,1,Yes,-3.69307,-0.0251503,0.975106
4,550,1,No,-0.000125416,-8.59442,0.000185126
4,551,1,No,-0.00175391,-6.31306,0.00181238
4,552,1,No,-0.836666,-0.567561,0.566873
4,553,1,No,-0.000309515,-7.90538,0.000368731
4,554,1,No,-1.25849,-0.334109,0.715934
4,555,1,Yes,-0.348593,-1.22289,0.294361
4,556,1,Yes,-1.56229,-0.235212,0.790357
4,557,1,No,-0.0312618,-3.47901,0.0308362
4,558,1,No,-0.0092203,-4.68454,0.00923647
4,559,1,Yes,-2.93686,-0.0544277,0.946971
4,560,1,No,-0.00254669,-5.95127,0.00260238
4,561,1,Yes,-2.53932,-0.0821439,0.921085
4,562,1,Yes,-2.83276,-0.0605908,0.941153
4,563,1,Yes,-4.26766,-0.0140539,0.985986
4,564,1,Yes,-5.46268,-0.00419183,0.995758
4,565,1,Yes,-3.17103,-0.042804,0.958042
4,566,1,No,-0.216771,-1.63504,0.194933
4,567,1,Yes,-0.651759,-0.7362,0.478902
4,568,1,Yes,-0.2148,-1.64322,0.193345
4,569,1,Yes,-0.64111,-0.747918,0.473323
4,570,1,Yes,-0.355279,-1.20704,0.299064
4,571,1,Yes,-2.09565,-0.13117,0.877017
4,572,1,Yes,-3.41939,-0.0332189,0.96727
4,573,1,No,-0.446916,-1.02037,0.36044
4,574,1,No,-0.000139961,-8.52255,0.000198919
4,575,1,Yes,-5.01241,-0.0066168,0.993345
4,576,1,Yes,-0.674085,-0.71246,0.490408
4,577,1,No,-0.021825,-3.83284,0.0216468
4,578,1,Yes,-3.16927,-0.0428812,0.957968
4,579,1,No,-0.262753,-1.46479,0.231113
4,580,1,No,-0.0163725,-4.11667,0.0162977
4,581,1,No,-0.00205083,-6.1622,0.00210748
4,582,1,No,-0.0164186,-4.11389,0.0163431
4,583,1,Yes,-2.77217,-0.0645039,0.937478
4,584,1,Yes,-3.87505,-0.0209114,0.979248
4,585,1,Yes,-1.33084,-0.306793,0.73576
4,586,1,No,-0.0155808,-4.16562,0.0155192
4,587,1,No,-0.0424726,-3.17863,0.0416403
4,588,1,No,-0.0248297,-3.70566,0.0245825
4,589,1,No,-0.00558239,-5.18034,0.00562573
4,590,1,Yes,-4.17313,-0.0154641,0.984597
4,591,1,No,-0.0299089,-3.52247,0.0295245
4,592,1,No,-0.038137,-3.28401,0.0374755
4,593,1,Yes,-0.0182729,-4.00816,0.0181657
4,594,1,No,-3.30867,-0.0371885,0.963437
4,595,1,No,-0.528978,-0.889522,0.410828
4,596,1,Yes,-1.13949,-0.385549,0.680037
4,597,1,Yes,-4.60262,-0.0100162,0.989975
4,598,1,Yes,-0.338521,-1.24745,0.287218
4,599,1,Yes,-1.39582,-0.28445,0.752384
4,600,1,Yes,-0.360946,-1.19389,0.303024
4,601,1,Yes,-0.606268,-0.788168,0.45465
4,602,1,No,-0.239062,-1.54791,0.21268
4,603,1,Yes,-4.28285,-0.0138388,0.986198
4,604,1,No,-0.670468,-0.716232,0.488561
4,605,1,No,-0.00147272,-6.48179,0.00153098
4,606,1,No,-0.000857482,-6.99473,0.000916642
4,607,1,No,-0.0120879,-4.41664,0.0120741
4,608,1,Yes,-0.864388,-0.546885,0.578716
4,609,1,No,-0.000293119,-7.95151,0.000352109
4,610,1,No,-0.100675,-2.34515,0.0958271
4,611,1,Yes,-2.05887,-0.136438,0.872409
4,612,1,Yes,-0.963648,-0.480361,0.618524
4,613,1,Yes,-1.80447,-0.17973,0.835447
4,614,1,Yes,-4.57214,-0.0103295,0.989665
4,615,1,No,-2.04262,-0.138837,0.870319
4,616,1,Yes,-2.09794,-0.130849,0.877299
4,617,1,Yes,-5.26642,-0.00511534,0.994838
4,618,1,Yes,-1.67677,-0.206923,0.813034
4,619,1,Yes,-2.965,-0.0528749,0.948442
4,620,1,Yes,-4.52808,-0.0107999,0.989199
4,621,1,No,-0.079362,-2.57238,0.0763494
4,622,1,Yes,-3.59405,-0.0278107,0.972515
4,623,1,Yes,-0.498189,-0.935401,0.392406
4,624,1,Yes,-3.09423,-0.0463063,0.954693
4,625,1,Yes,-1.97181,-0.14983,0.860804
4,626,1,Yes,-5.43259,-0.0043219,0.995628
4,627,1,No,-7.85024e-05,-8.88859,0.000137946
4,628,1,Yes,-3.38421,-0.0344308,0.966098
4,629,1,Yes,-2.30748,-0.104753,0.900494
4,630,1,Yes,-0.726731,-0.660541,0.516542
4,631,1,Yes,-2.65832,-0.0725773,0.929938
4,632,1,Yes,-1.51127,-0.249193,0.779384
4,633,1,Yes,-0.647336,-0.741036,0.476592
4,634,1,Yes,-1.79461,-0.181681,0.833818
4,635,1,No,-0.00693845,-4.96554,0.00697379
4,636,1,No,-0.371012,-1.17111,0.310005
4,637,1,Yes,-2.42797,-0.0922872,0.91179
4,638,1,Yes,-2.16024,-0.122436,0.88471
4,639,1,Yes,-0.26563,-1.45527,0.233323
4,640,1,No,-0.00028507,-7.97328,0.000344527
4,641,1,No,-0.257322,-1.48307,0.226927
4,642,1,No,-0.254355,-1.49325,0.224629
4,643,1,Yes,-3.57916,-0.0282343,0.972102
4,644,1,Yes,-3.40178,-0.03382,0.966688
4,645,1,Yes,-2.53551,-0.0824706,0.920783
4,646,1,Yes,-1.64794,-0.213671,0.807566
4,647,1,Yes,-0.527188,-0.892093,0.409773
4,648,1,No,-0.000967732,-6.882,0.00102603
4,649,1,No,-1.79921,-0.180767,0.83458
4,650,1,No,-0.217731,-1.63109,0.195706
4,651,1,Yes,-3.12378,-0.0449255,0.956012
4,652,1,No,-0.918925,-0.508975,0.601076
4,653,1,No,-0.000173703,-8.36513,0.000232833
4,654,1,Yes,-0.615814,-0.776838,0.459831
4,655,1,Yes,-3.49864,-0.0306443,0.969763
4,656,1,No,-2.59116,-0.0778256,0.925071
4,657,1,Yes,-0.971451,-0.475578,0.621489
4,658,1,Yes,-4.62155,-0.00982644,0.990163
4,659,1,Yes,-0.701026,-0.685214,0.503953
4,660,1,Yes,-4.18508,-0.0152779,0.98478
4,661,1,No,-1.41259,-0.278992,0.756501
4,662,1,Yes,-2.44487,-0.0906669,0.913268
4,663,1,No,-0.0544086,-2.93719,0.0530116
4,664,1,No,-0.000529966,-7.43606,0.000589571
4,665,1,No,-9.61469e-05,-8.76809,0.000155611
4,666,1,Yes,-3.9981,-0.0184604,0.981651
4,667,1,Yes,-2.37243,-0.0978281,0.906752
4,668,1,Yes,-4.0074,-0.018287,0.981821
4,669,1,Yes,-3.19859,-0.0416146,0.959183
4,670,1,Yes,-1.58126,-0.230239,0.794297
4,671,1,No,-0.00374182,-5.57425,0.0037941
4,672,1,No,-0.00859853,-4.75356,0.0086204
4,673,1,No,-0.000225689,-8.16351,0.000284844
4,674,1,No,-0.000235228,-8.13057,0.000294384
4,675,1,No,-0.000103837,-8.72188,0.000162971
4,676,1,No,-6.70575e-05,-8.97861,0.00012607
4,677,1,Yes,-2.12107,-0.127655,0.880104
4,678,1,No,-0.00456587,-5.37838,0.00461501
4,679,1,No,-2.56316,-0.0801273,0.922944
4,680,1,No,-0.00114864,-6.71954,0.00120702
4,681,1,No,-0.00103348,-6.81963,0.00109206
4,682,1,No,-0.0795667,-2.56991,0.0765379
4,683,1,Yes,-1.49341,-0.254306,0.775408
4,684,1,No,-0.83847,-0.566185,0.567654
4,685,1,No,-0.247088,-1.51874,0.218974
4,686,1,No,-0.00483703,-5.32157,0.00488477
4,687,1,No,-0.000723862,-7.15187,0.000783347
4,688,1,No,-0.000124462,-8.60379,0.000183399
4,689,1,Yes,-5.01697,-0.00658698,0.993376
4,690,1,No,-0.103963,-2.31465,0.0987945
4,691,1,Yes,-1.4981,-0.252953,0.776458
4,692,1,No,-9.39413e-05,-8.78309,0.000153294
4,693,1,No,-0.00178723,-6.29534,0.00184477
4,694,1,No,-0.00669726,-5.00049,0.00673425
4,695,1,No,-0.000522989,-7.44877,0.000582121
4,696,1,Yes,-1.18714,-0.363893,0.694924
4,697,1,No,-0.00102722,-6.82529,0.0010859
4,698,1,No,-0.000191349,-8.29147,0.000250632
4,699,1,No,-0.0049878,-5.29139,0.00503447
4,700,1,No,-0.00329542,-5.699,0.00334911
4,701,1,Yes,-2.33433,-0.101829,0.903131
4,702,1,Yes,-1.96143,-0.15152,0.85935
4,703,1,No,-0.244113,-1.52943,0.216647
4,704,1,No,-0.0985688,-2.36525,0.09392
4,705,1,No,-0.0468024,-3.08383,0.0457809
4,706,1,No,-0.787568,-0.60677,0.545077
4,707,1,No,-0.00045763,-7.56764,0.000516881
4,708,1,No,-0.000280777,-7.98674,0.000339919
4,709,1,Yes,-5.14217,-0.00580251,0.994155
4,710,1,Yes,-1.08741,-0.411024,0.662932
4,711,1,No,-0.0076136,-4.87389,0.00764312
4,712,1,No,-0.0129143,-4.35126,0.0128897
4,713,1,No,-0.220766,-1.61871,0.198143
4,714,1,Yes,-2.58152,-0.0786111,0.924345
4,715,1,Yes,-2.16764,-0.121477,0.88556
4,716,1,Yes,-2.61868,-0.0756294,0.927105
4,717,1,No,-0.000233678,-8.13452,0.000293223
4,718,1,No,-0.000777606,-7.08609,0.000836611
4,719,1,No,-0.000256333,-8.06067,0.000315698
4,720,1,No,-0.000661831,-7.23538,0.00072059
4,721,1,No,-0.00144025,-6.50318,0.00149857
4,722,1,No,-0.00119525,-6.68172,0.00125354
4,723,1,No,-0.690948,-0.695234,0.498928
4,724,1,No,-0.000929907,-6.91903,0.000988731
4,725,1,No,-0.319186,-1.29712,0.273303
4,726,1,No,-1.53821,-0.241697,0.785248
4,727,1,Yes,-4.40162,-0.0122735,0.987743
4,728,1,Yes,-4.39284,-0.0123828,0.987635
4,729,1,No,-0.00390816,-5.53171,0.00395897
4,730,1,Yes,-4.65988,-0.00945265,0.990533
4,731,1,Yes,-1.93068,-0.156642,0.854959
4,732,1,Yes,-3.69072,-0.0252101,0.975048
4,733,1,Yes,-4.35633,-0.0128491,0.987175
4,734,1,Yes,-0.806197,-0.591484,0.553473
4,735,1,No,-0.0107461,-4.53308,0.0107469
4,736,1,Yes,-0.912907,-0.51299,0.598668
4,737,1,No,-0.20442,-1.68773,0.184928
4,738,1,Yes,-0.430056,-1.051,0.349566
4,739,1,No,-0.001878,-6.24746,0.00193525
4,740,1,No,-1.09424,-0.40757,0.665226
4,741,1,Yes,-1.65879,-0.211103,0.809643
4,742,1,Yes,-3.08008,-0.046983,0.954047
4,743,1,Yes,-2.60379,-0.0768092,0.926012
4,744,1,No,-0.265731,-1.45494,0.2334
4,745,1,Yes,-1.63917,-0.215773,0.80587
4,746,1,Yes,-1.32891,-0.307486,0.73525
4,747,1,Yes,-2.07872,-0.133567,0.874917
4,748,1,Yes,-0.224944,-1.60197,0.201486
4,749,1,No,-0.0010885,-6.77024,0.00114735
4,750,1,Yes,-3.98353,-0.0187345,0.981381
4,751,1,Yes,-3.42168,-0.033142,0.967345
4,752,1,No,-0.113844,-2.22875,0.107656
4,753,1,No,-0.525912,-0.893937,0.409018
4,754,1,Yes,-3.07862,-0.0470529,0.95398
4,755,1,Yes,-4.3682,-0.0126948,0.987327
4,756,1,Yes,-4.43133,-0.0119096,0.988102
4,757,1,Yes,-4.18386,-0.0152963,0.984761
4,758,1,Yes,-3.6383,-0.0265881,0.973704
4,759,1,No,-0.0004172,-7.65032,0.000475864
4,760,1,No,-1.8135,-0.17796,0.836927
4,761,1,No,-0.00568818,-5.16185,0.00573073
4,762,1,No,-0.6045,-0.790294,0.453685
4,763,1,Yes,-3.52854,-0.0297259,0.970654
4,764,1,Yes,-4.82713,-0.00798244,0.991991
4,765,1,No,-0.00237783,-6.01805,0.00243428
4,766,1,Yes,-4.5472,-0.0105938,0.989404
4,767,1,Yes,-2.33173,-0.10211,0.902878
4,768,1,Yes,-3.82639,-0.0219681,0.978213
4,769,1,Yes,-2.62245,-0.0753327,0.92738
4,770,1,Yes,-0.399321,-1.11083,0.329265
4,771,1,No,-1.1434,-0.383716,0.681285
4,772,1,Yes,-3.47403,-0.0314215,0.96901
4,773,1,No,-0.0140319,-4.26915,0.0139929
4,774,1,Yes,-4.23928,-0.014463,0.985583
4,775,1,No,-0.00970823,-4.6335,0.00972009
4,776,1,Yes,-1.92053,-0.158376,0.853479
4,777,1,No,-0.208806,-1.66862,0.188495
4,778,1,No,-1.36456,-0.294954,0.744522
4,779,1,Yes,-3.83614,-0.0217528,0.978425
4,780,1,Yes,-2.90418,-0.0562887,0.94521
4,781,1,Yes,-4.43246,-0.0118966,0.988116
4,782,1,No,-1.80089,-0.180435,0.834858
4,783,1,No,-0.0284079,-3.57313,0.0280662
4,784,1,No,-0.000119693,-8.63082,0.000178508
4,785,1,No,-0.905223,-0.518174,0.595572
4,786,1,No,-0.000559725,-7.38751,0.000618899
4,787,1,No,-0.00806698,-4.81667,0.0080932
4,788,1,No,-0.020274,-3.90561,0.0201274
4,789,1,No,-0.00500715,-5.28771,0.00505305
4,790,1,Yes,-3.35462,-0.0354857,0.96508
4,791,1,No,-0.0973931,-2.37666,0.0928543
4,792,1,No,-0.111175,-2.25116,0.105271
4,793,1,No,-0.0184703,-3.99758,0.018359
4,794,1,No,-0.0151971,-4.19032,0.0151405
4,795,1,No,-0.181224,-1.79691,0.165801
4,796,1,Yes,-1.08664,-0.411417,0.662672
4,797,1,Yes,-0.876732,-0.537995,0.583884
4,798,1,No,-2.32901,-0.102402,0.902613
4,799,1,No,-2.97157,-0.052519,0.94878
4,800,1,Yes,-1.84096,-0.172696,0.841344
4,801,1,No,-0.000376593,-7.73819,0.000435836
4,802,1,Yes,-4.76609,-0.00848966,0.991487
4,803,1,No,-1.04798,-0.431682,0.649377
4,804,1,No,-0.120652,-2.17405,0.11371
4,805,1,Yes,-0.422285,-1.06563,0.344491
4,806,1,No,-0.00150209,-6.46321,0.00155969
4,807,1,Yes,-3.15327,-0.0435898,0.95729
4,808,1,No,-0.00113587,-6.72979,0.00119471
4,809,1,Yes,-3.72679,-0.0243036,0.975931
4,810,1,Yes,-0.13013,-2.10309,0.122072
4,811,1,No,-0.967297,-0.478117,0.619913
4,812,1,No,-0.00113844,-6.7279,0.00119697
4,813,1,No,-0.679153,-0.707222,0.492983
4,814,1,No,-0.200847,-1.70363,0.182011
4,815,1,No,-0.100463,-2.34716,0.0956347
4,816,1,Yes,-2.69575,-0.0698147,0.932512
4,817,1,Yes,-3.17484,-0.0426379,0.958202
4,818,1,Yes,-1.15663,-0.377586,0.685474
4,819,1,No,-0.0585836,-2.86539,0.0569573
4,820,1,Yes,-1.98643,-0.147486,0.862823
4,821,1,Yes,-2.91356,-0.0557485,0.945721
4,822,1,Yes,-4.18864,-0.0152234,0.984834
4,823,1,Yes,-3.048,-0.0485552,0.952549
4,824,1,Yes,-4.85953,-0.00772508,0.992246
4,825,1,Yes,-1.25494,-0.335521,0.714924
4,826,1,Yes,-0.0164477,-4.11216,0.0163714
4,827,1,No,-0.0029029,-5.82306,0.00295837
4,828,1,Yes,-3.1863,-0.0421407,0.958678
4,829,1,Yes,-3.48584,-0.0310458,0.969374
4,830,1,No,-0.000105029,-8.71323,0.000164387
4,831,1,No,-1.398,-0.283731,0.752925
4,832,1,Yes,-3.54141,-0.0293405,0.971029
4,833,1,Yes,-4.70838,-0.00900063,0.990981
4,834,1,Yes,-1.91573,-0.159201,0.852774
4,835,1,Yes,-3.75288,-0.0236689,0.976551
4,836,1,Yes,-2.08353,-0.132882,0.875517
4,837,1,Yes,-3.12093,-0.0450567,0.955887
4,838,1,Yes,-2.81155,-0.0619312,0.939892
4,839,1,No,-0.00014628,-8.49221,0.000205048
4,840,1,Yes,-0.818432,-0.58172,0.558903
4,841,1,No,-0.907802,-0.516426,0.596614
4,842,1,No,-0.000121124,-8.61956,0.000180529
4,843,1,Yes,-3.79766,-0.0226173,0.977578
4,844,1,Yes,-1.38974,-0.286457,0.750875
4,845,1,No,-0.00674995,-4.99292,0.00678545
4,846,1,Yes,-0.184033,-1.7829,0.16814
4,847,1,No,-0.00145243,-6.4952,0.00151058
4,848,1,No,-0.0023519,-6.02874,0.00240838
4,849,1,Yes,-2.60303,-0.0768699,0.925956
4,850,1,No,-0.00032293,-7.8695,0.000382201
4,851,1,Yes,-3.50178,-0.0305464,0.969858
4,852,1,No,-0.145544,-1.99873,0.135499
4,853,1,Yes,-0.603185,-0.791881,0.452965
4,854,1,Yes,-4.55224,-0.0105399,0.989457
4,855,1,No,-0.488398,-0.950753,0.386427
4,856,1,No,-0.0599358,-2.84328,0.0582307
4,857,1,No,-0.165185,-1.88175,0.152314
4,858,1,No,-0.158256,-1.92122,0.146419
4,859,1,Yes,-0.643763,-0.744975,0.474719
4,860,1,No,-0.431415,-1.04848,0.350449
4,861,1,Yes,-3.34867,-0.0357017,0.964871
4,862,1,No,-0.0361579,-3.33621,0.0355694
4,863,1,No,-0.00251448,-5.9637,0.00257023
4,864,1,Yes,-4.004,-0.0183509,0.981758
4,865,1,No,-0.000842986,-7.01107,0.000901792
4,866,1,No,-0.000927879,-6.92071,0.000987066
4,867,1,No,-0.000653958,-7.24573,0.000713174
4,868,1,Yes,-0.945882,-0.491477,0.611686
4,869,1,Yes,-0.561667,-0.844433,0.429776
4,870,1,No,-0.00133777,-6.57399,0.00139613
4,871,1,No,-0.00408631,-5.48759,0.00413755
4,872,1,Yes,-3.05326,-0.0482935,0.952798
4,873,1,Yes,-3.01961,-0.0499902,0.951183
4,874,1,Yes,-2.65347,-0.0729445,0.929598
4,875,1,No,-0.0971352,-2.37918,0.0926207
4,876,1,Yes,-2.13908,-0.125228,0.882243
4,877,1,No,-0.0397691,-3.24299,0.0390448
4,878,1,Yes,-4.4664,-0.0114952,0.988512
4,879,1,Yes,-1.97538,-0.149254,0.861299
4,880,1,Yes,-4.63259,-0.0097169,0.990271
4,881,1,No,-0.0109773,-4.51197,0.0109762
4,882,1,Yes,-4.42665,-0.0119666,0.988046
4,883,1,Yes,-4.61662,-0.00987598,0.990114
4,884,1,Yes,-1.3694,-0.293297,0.745756
4,885,1,Yes,-2.37329,-0.097739,0.906832
4,886,1,Yes,-4.55407,-0.0105197,0.989476
4,887,1,No,-0.98374,-0.468167,0.626112
4,888,1,Yes,-0.741264,-0.647128,0.523517
4,889,1,Yes,-0.341031,-1.24125,0.289005
4,890,1,Yes,-1.11252,-0.398494,0.671291
4,891,1,Yes,-3.81749,-0.0221674,0.978018
4,892,1,Yes,-4.96512,-0.00694223,0.993023
4,893,1,Yes,-4.40134,-0.0122771,0.98774
4,894,1,Yes,-3.90522,-0.0202818,0.979865
4,895,1,Yes,-3.76465,-0.0233888,0.976826
4,896,1,No,-0.000163926,-8.40689,0.00022331
4,897,1,No,-0.000267541,-8.02605,0.000326818
4,898,1,Yes,-2.74767,-0.0661585,0.935927
4,899,1,No,-0.000358407,-7.78091,0.000417608
4,900,1,No,-0.000203869,-8.24398,0.00026282
4,901,1,Yes,-4.57187,-0.0103321,0.989662
4,902,1,Yes,-1.02414,-0.444797,0.640917
4,903,1,No,-0.0871614,-2.48254,0.0835255
4,904,1,Yes,-4.39258,-0.0123864,0.987632
4,905,1,Yes,-4.17969,-0.0153612,0.984698
4,906,1,Yes,-4.13663,-0.0160449,0.984024
4,907,1,No,-0.0849909,-2.50667,0.0815341
4,908,1,No,-0.443299,-1.02682,0.358122
4,909,1,No,-0.774511,-0.617799,0.539098
4,910,1,Yes,-1.61517,-0.221642,0.801155
4,911,1,No,-0.000298306,-7.93517,0.00035791
4,912,1,Yes,-0.338882,-1.24656,0.287476
4,913,1,No,-0.15509,-1.93988,0.143713
4,914,1,No,-0.0024579,-5.98566,0.0025144
4,915,1,Yes,-3.63724,-0.0266166,0.973677
4,916,1,No,-0.0103733,-4.56794,0.0103787
4,917,1,Yes,-2.08847,-0.132181,0.876131
4,918,1,Yes,-3.3157,-0.0369228,0.963693
4,919,1,Yes,-4.47341,-0.0114137,0.988592
4,920,1,Yes,-2.44546,-0.0906123,0.913318
4,921,1,No,-0.0071839,-4.93125,0.00721706
4,922,1,No,-0.15759,-1.92512,0.14585
4,923,1,Yes,-3.82342,-0.0220342,0.978148
4,924,1,Yes,-4.02796,-0.0179118,0.98219
4,925,1,Yes,-0.391069,-1.12786,0.323706
4,926,1,Yes,-4.64454,-0.00960104,0.990387
4,927,1,Yes,-2.33177,-0.102105,0.902882
4,928,1,No,-0.000743009,-7.12818,0.000802129
4,929,1,No,-0.000429067,-7.62417,0.000488474
4,930,1,Yes,-2.53211,-0.0827643,0.920513
4,931,1,No,-0.0533612,-2.95609,0.0520189
4,932,1,No,-0.0145965,-4.23015,0.0145493
4,933,1,Yes,-2.44262,-0.0908802,0.913073
4,934,1,No,-0.00119835,-6.6791,0.00125684
4,935,1,No,-0.0044481,-5.40416,0.00449758
4,936,1,Yes,-3.37883,-0.034621,0.965915
4,937,1,No,-0.00286285,-5.83674,0.00291816
4,938,1,No,-0.0108864,-4.52018,0.0108864
4,939,1,No,-0.00243364,-5.99534,0.00249018
4,940,1,Yes,-3.22405,-0.0405456,0.960209
4,941,1,No,-0.019093,-3.96483,0.0189702
4,942,1,No,-0.0313659,-3.47576,0.0309366
4,943,1,Yes,-5.42408,-0.00435956,0.995591
4,944,1,Yes,-0.276134,-1.42152,0.241333
4,945,1,No,-0.0249784,-3.6998,0.024727
4,946,1,Yes,-2.35517,-0.0996189,0.905129
4,947,1,Yes,-0.416476,-1.07678,0.340672
4,948,1,Yes,-3.40361,-0.0337573,0.966749
4,949,1,Yes,-4.56616,-0.0103921,0.989603
4,950,1,No,-0.00161994,-6.39013,0.00167795
4,951,1,Yes,-3.27428,-0.0385174,0.962158
4,952,1,Yes,-0.981954,-0.469236,0.625443
4,953,1,Yes,-1.48491,-0.256785,0.77349
4,954,1,Yes,-3.92531,-0.0198727,0.980265
4,955,1,Yes,-0.967174,-0.478193,0.619867
4,956,1,Yes,-3.98863,-0.0186387,0.981476
4,957,1,Yes,-3.37087,-0.0349022,0.965642
4,958,1,Yes,-3.93079,-0.0197633,0.980373
4,959,1,No,-0.0265421,-3.64002,0.0262503
4,960,1,No,-0.00088039,-6.96989,0.0009397
4,961,1,Yes,-3.49934,-0.0306226,0.969784
4,962,1,No,-0.00351031,-5.63702,0.00356325
4,963,1,No,-0.0718073,-2.66859,0.0693456
4,964,1,No,-0.616832,-0.775644,0.46038
4,965,1,No,-0.00238357,-6.01553,0.00244041
4,966,1,No,-0.0281581,-3.58183,0.027823
4,967,1,No,-0.064099,-2.77825,0.0621438
4,968,1,No,-1.43127,-0.273053,0.761008
4,969,1,Yes,-1.50579,-0.250752,0.77817
4,970,1,Yes,-3.89885,-0.0204127,0.979736
4,971,1,Yes,-4.02776,-0.0179142,0.982187
4,972,1,No,-0.0392891,-3.25484,0.0385848
4,973,1,No,-0.188278,-1.76215,0.171665
4,974,1,Yes,-1.53252,-0.24326,0.784022
4,975,1,No,-0.359876,-1.19635,0.302278
4,976,1,No,-0.494952,-0.940434,0.390436
4,977,1,Yes,-0.882641,-0.533805,0.586335
4,978,1,Yes,-3.28956,-0.0379214,0.962732
4,979,1,Yes,-0.172809,-1.84036,0.158751
4,980,1,Yes,-0.362592,-1.19011,0.30417
4,981,1,Yes,-0.311206,-1.31865,0.26748
4,982,1,Yes,-0.249188,-1.51129,0.220612
4,983,1,Yes,-2.91578,-0.055621,0.945841
4,984,1,No,-0.413287,-1.08298,0.338566
4,985,1,No,-0.905118,-0.518246,0.595529
4,986,1,Yes,-0.890609,-0.528221,0.589618
4,987,1,Yes,-0.932457,-0.500095,0.606437
4,988,1,Yes,-3.41327,-0.0334267,0.967069
4,989,1,Yes,-1.55586,-0.236924,0.789005
4,990,1,Yes,-0.6968,-0.68939,0.501852
4,991,1,Yes,-0.678267,-0.708133,0.492534
4,992,1,No,-0.523675,-0.897178,0.407695
4,993,1,Yes,-1.69105,-0.203667,0.815686
4,994,1,Yes,-1.38353,-0.288528,0.749322
4,995,1,Yes,-0.845413,-0.560929,0.570645
4,996,1,Yes,-3.03367,-0.0492734,0.951864
4,997,1,Yes,-2.64143,-0.0738625,0.928745
4,998,1,Yes,-4.13306,-0.0161035,0.983967
4,999,1,Yes,-4.0558,-0.0174125,0.982679
4,1000,1,Yes,-1.60846,-0.223315,0.799815
4,1001,1,Yes,-1.92433,-0.157723,0.854036
4,1002,1,Yes,-3.72185,-0.0244256,0.975812
4,1003,1,Yes,-4.56,-0.0104573,0.989539
4,1004,1,Yes,-4.67497,-0.00930988,0.990675
4,1005,1,No,-0.664733,-0.722272,0.485619
4,1006,1,Yes,-1.00248,-0.457144,0.633052
4,1007,1,Yes,-2.58979,-0.077937,0.924968
4,1008,1,Yes,-1.1404,-0.385123,0.680327
4,1009,1,Yes,-4.2754,-0.0139437,0.986094
4,1010,1,Yes,-3.78616,-0.0228835,0.977319
4,1011,1,Yes,-4.23008,-0.0145984,0.98545
4,1012,1,Yes,-4.3013,-0.013584,0.98645
4,1013,1,Yes,-2.53878,-0.0821902,0.921042
4,1014,1,Yes,-4.55606,-0.0104987,0.989497
4,1015,1,No,-0.0165759,-4.10448,0.0164977
4,1016,1,Yes,-1.7926,-0.182082,0.833484
4,1017,1,Yes,-2.22229,-0.114628,0.891645
4,1018,1,Yes,-3.18171,-0.0423395,0.958488
4,1019,1,Yes,-4.02739,-0.0179209,0.98218
4,1020,1,No,-0.00108927,-6.76984,0.00114781
4,1021,1,No,-0.0243042,-3.72678,0.0240688
4,1022,1,No,-0.0146582,-4.22603,0.0146094
4,1023,1,Yes,-4.3252,-0.0132591,0.98677
4,1024,1,Yes,-2.97016,-0.0525947,0.948708
4,1025,1,Yes,-0.562828,-0.842894,0.430438
4,1026,1,Yes,-3.64465,-0.0264173,0.973871
4,1027,1,Yes,-1.12165,-0.394056,0.674276
4,1028,1,Yes,-1.763,-0.188102,0.828481
4,1029,1,Yes,-1.56809,-0.233678,0.79157
4,1030,1,Yes,-2.25869,-0.110292,0.895519
4,1031,1,Yes,-0.203002,-1.694,0.183772
4,1032,1,No,-0.0153745,-4.17882,0.0153156
4,1033,1,No,-0.140658,-2.03047,0.131265
4,1034,1,No,-1.75417,-0.189939,0.82696
4,1035,1,Yes,-1.85453,-0.170158,0.843482
4,1036,1,Yes,-3.19664,-0.0416976,0.959103
4,1037,1,Yes,-3.12546,-0.0448487,0.956086
4,1038,1,No,-0.00844097,-4.77188,0.00846395
4,1039,1,No,-0.139292,-2.03957,0.130077
4,1040,1,No,-0.0476046,-3.06725,0.046546
4,1041,1,Yes,-3.56793,-0.0285593,0.971787
4,1042,1,Yes,-3.37718,-0.0346782,0.965859
4,1043,1,No,-0.663021,-0.724087,0.484738
4,1044,1,Yes,-2.47356,-0.0879841,0.915721
4,1045,1,Yes,-1.28411,-0.324123,0.723119
4,1046,1,No,-0.0112741,-4.48557,0.0112698
4,1047,1,No,-0.0143596,-4.24631,0.0143161
4,1048,1,No,-0.000184613,-8.32091,0.00024336
4,1049,1,No,-0.000157846,-8.43609,0.000216883
4,1050,1,No,-7.53431e-05,-8.91435,0.000134438
4,1051,1,No,-0.000285428,-7.97221,0.000344897
4,1052,1,No,-0.000108069,-8.69646,0.000167166
4,1053,1,No,-0.000192243,-8.28754,0.000251619
4,1054,1,No,-0.0554955,-2.91797,0.0540401
4,1055,1,No,-0.00152824,-6.44601,0.00158674
4,1056,1,No,-0.00160901,-6.39659,0.00166714
4,1057,1,No,-0.00103199,-6.82089,0.00109068
4,1058,1,No,-0.000153792,-8.45327,0.000213188
4,1059,1,No,-0.000128516,-8.5819,0.000187458
4,1060,1,No,-0.00214353,-6.11874,0.00220109
4,1061,1,Yes,-2.43858,-0.0912657,0.912721
4,1062,1,Yes,-4.78131,-0.00836055,0.991615
4,1063,1,No,-3.82109,-0.0220868,0.978097
4,1064,1,Yes,-4.84577,-0.00783309,0.992139
4,1065,1,No,-1.99951,-0.145422,0.864606
4,1066,1,No,-0.000117666,-8.63934,0.000176993
4,1067,1,No,-7.16474e-05,-8.9427,0.00013068
4,1068,1,No,-0.03782,-3.29216,0.0371714
4,1069,1,No,-0.000671374,-7.22124,0.00073085
4,1070,1,No,-0.000141929,-8.51257,0.000200915
4,1071,1,No,-4.56582e-05,-9.15821,0.000105345
4,1072,1,No,-0.176699,-1.81999,0.162018
4,1073,1,No,-5.48974e-05,-9.07406,0.000114594
4,1074,1,No,-0.000301645,-7.92698,0.000360853
4,1075,1,No,-0.000128754,-8.57856,0.000188084
4,1076,1,No,-0.341698,-1.23962,0.289479
4,1077,1,No,-0.00702242,-4.95369,0.00705691
4,1078,1,No,-0.225433,-1.60004,0.201877
4,1079,1,No,-0.00100365,-6.84695,0.00106263
4,1080,1,No,-0.00134851,-6.56641,0.00140676
4,1081,1,No,-0.00371938,-5.58027,0.00377133
4,1082,1,Yes,-0.338287,-1.24803,0.287052
4,1083,1,No,-0.00349548,-5.64122,0.00354834
4,1084,1,Yes,-3.97351,-0.0189263,0.981194
4,1085,1,Yes,-4.68268,-0.00923762,0.990746
4,1086,1,Yes,-4.95195,-0.00703473,0.992931
4,1087,1,Yes,-0.166002,-1.87722,0.153005
4,1088,1,No,-0.168557,-1.8632,0.155167
4,1089,1,Yes,-0.687296,-0.698915,0.497095
4,1090,1,Yes,-0.96553,-0.479203,0.619241
4,1091,1,Yes,-3.84866,-0.0214776,0.978693
4,1092,1,Yes,-2.75582,-0.0656036,0.936447
4,1093,1,No,-0.000580599,-7.3551,0.000639287
4,1094,1,No,-0.000562468,-7.38228,0.000622142
4,1095,1,No,-0.00149266,-6.46885,0.00155092
4,1096,1,No,-0.0300364,-3.5183,0.0296479
4,1097,1,No,-0.00125612,-6.63415,0.00131461
4,1098,1,No,-0.0204614,-3.89648,0.020312
4,1099,1,Yes,-0.16651,-1.87442,0.153436
4,1100,1,No,-0.780224,-0.61294,0.541724
4,1101,1,Yes,-3.86973,-0.0210242,0.979137
4,1102,1,Yes,-4.47394,-0.0114075,0.988598
4,1103,1,Yes,-3.74316,-0.0239028,0.976322
4,1104,1,Yes,-0.730625,-0.65691,0.51842
4,1105,1,No,-0.546177,-0.865363,0.420874
4,1106,1,Yes,-0.655478,-0.732168,0.480837
4,1107,1,No,-0.699706,-0.686514,0.503298
4,1108,1,Yes,-3.9567,-0.0192512,0.980875
4,1109,1,Yes,-4.16934,-0.015523,0.984538
4,1110,1,Yes,-4.83718,-0.00790121,0.992071
4,1111,1,Yes,-3.92818,-0.0198155,0.980322
4,1112,1,Yes,-3.36163,-0.0352329,0.965323
4,1113,1,Yes,-2.71272,-0.0685969,0.933648
4,1114,1,Yes,-2.76834,-0.0647598,0.937238
4,1115,1,Yes,-1.91353,-0.159583,0.852449
4,1116,1,No,-0.0365048,-3.32684,0.0359044
4,1117,1,Yes,-2.37816,-0.0972406,0.907284
4,1118,1,Yes,-4.11822,-0.0163476,0.983727
4,1119,1,Yes,-2.21041,-0.116081,0.890351
4,1120,1,Yes,-2.1155,-0.128417,0.879434
4,1121,1,Yes,-2.81632,-0.0616274,0.940178
4,1122,1,Yes,-4.27999,-0.0138798,0.986158
4,1123,1,Yes,-0.608826,-0.785111,0.456042
4,1124,1,Yes,-3.76076,-0.0234807,0.976735
4,1125,1,Yes,-2.21125,-0.115977,0.890443
4,1126,1,Yes,-3.60157,-0.0275993,0.972721
4,1127,1,No,-1.6818,-0.205771,0.813971
4,1128,1,No,-0.410463,-1.08852,0.336696
4,1129,1,No,-0.567906,-0.836214,0.433323
4,1130,1,No,-1.68708,-0.204567,0.814952
4,1131,1,Yes,-3.85605,-0.0213177,0.97885
4,1132,1,Yes,-1.55263,-0.23779,0.788321
4,1133,1,Yes,-3.98955,-0.0186216,0.981493
4,1134,1,Yes,-4.46025,-0.0115668,0.988441
4,1135,1,Yes,-3.86248,-0.0211783,0.978985
4,1136,1,Yes,-3.6291,-0.0268372,0.973462
4,1137,1,Yes,-3.9263,-0.019853,0.980285
4,1138,1,Yes,-0.268004,-1.44751,0.23514
4,1139,1,No,-0.594655,-0.802281,0.448279
4,1140,1,Yes,-3.30347,-0.0373857,0.963247
4,1141,1,Yes,-2.96786,-0.0527198,0.94859
4,1142,1,Yes,-4.06677,-0.0172208,0.982868
4,1143,1,Yes,-5.05249,-0.00635499,0.993607
4,1144,1,Yes,-4.1293,-0.016165,0.983907
4,1145,1,No,-0.442738,-1.02783,0.357763
4,1146,1,Yes,-2.65065,-0.0731589,0.929399
4,1147,1,Yes,-3.44817,-0.0322595,0.968198
4,1148,1,Yes,-3.2279,-0.0403863,0.960362
4,1149,1,Yes,-3.50038,-0.0305902,0.969816
4,1150,1,Yes,-0.35626,-1.20474,0.299751
4,1151,1,Yes,-3.20291,-0.041432,0.959358
4,1152,1,Yes,-2.56288,-0.0801519,0.922922
4,1153,1,No,-0.123144,-2.15483,0.115916
4,1154,1,No,-0.0018934,-6.23951,0.0019507
4,1155,1,No,-0.0345128,-3.3819,0.0339809
4,1156,1,No,-0.00495803,-5.29733,0.00500465
4,1157,1,No,-0.00241673,-6.00234,0.00247282
4,1158,1,No,-0.0106323,-4.54365,0.0106339
4,1159,1,No,-0.498368,-0.935122,0.392515
4,1160,1,Yes,-1.99721,-0.145782,0.864295
4,1161,1,Yes,-1.15038,-0.380469,0.683501
4,1162,1,No,-0.0241822,-3.73171,0.0239505
4,1163,1,Yes,-1.62917,-0.218198,0.803919
4,1164,1,No,-0.010912,-4.5179,0.0109113
4,1165,1,No,-0.131927,-2.09026,0.123647
4,1166,1,Yes,-2.19046,-0.118566,0.888141
4,1167,1,Yes,-1.95243,-0.152999,0.858079
4,1168,1,Yes,-3.01986,-0.0499772,0.951195
4,1169,1,Yes,-0.474095,-0.973891,0.377589
4,1170,1,Yes,-2.07359,-0.134303,0.874274
4,1171,1,No,-0.466626,-0.986325,0.372923
4,1172,1,Yes,-3.2265,-0.0404443,0.960306
4,1173,1,No,-0.282204,-1.40267,0.245925
4,1174,1,No,-0.74506,-0.643684,0.525322
4,1175,1,Yes,-2.88485,-0.0574225,0.94414
4,1176,1,No,-0.832106,-0.571059,0.564894
4,1177,1,Yes,-3.59454,-0.0277967,0.972528
4,1178,1,Yes,-2.4872,-0.0867388,0.916863
4,1179,1,No,-0.115104,-2.21837,0.10878
4,1180,1,Yes,-4.39536,-0.0123515,0.987666
4,1181,1,Yes,-0.663741,-0.723323,0.485109
4,1182,1,Yes,-3.13906,-0.0442273,0.956679
4,1183,1,No,-0.0267877,-3.63093,0.0264901
4,1184,1,Yes,-4.15975,-0.0156741,0.984389
4,1185,1,No,-2.65626,-0.0727333,0.929794
4,1186,1,Yes,-2.27285,-0.108653,0.896988
4,1187,1,No,-0.491862,-0.945275,0.38855
4,1188,1,No,-0.360956,-1.19386,0.303031
4,1189,1,No,-0.0190782,-3.96558,0.0189559
4,1190,1,No,-0.000229743,-8.14928,0.000288925
4,1191,1,No,-0.00021293,-8.21011,0.000271875
4,1192,1,No,-0.000224854,-8.1659,0.000284165
4,1193,1,No,-0.000140736,-8.51609,0.000200208
4,1194,1,No,-0.0181707,-4.01372,0.018065
4,1195,1,No,-0.0423289,-3.18195,0.0415021
4,1196,1,No,-0.000348927,-7.80447,0.000407884
4,1197,1,No,-0.000974653,-6.87488,0.00103336
4,1198,1,No,-0.000354114,-7.79162,0.000413159
4,1199,1,No,-0.00112221,-6.7413,0.00118104
4,1200,1,No,-0.000218952,-8.18771,0.000278034
4,1201,1,No,-0.000310052,-7.90286,0.000369663
4,1202,1,Yes,-5.06183,-0.00629429,0.993666
4,1203,1,Yes,-5.16651,-0.00566109,0.994296
4,1204,1,Yes,-5.1867,-0.00554702,0.99441
4,1205,1,Yes,-4.63588,-0.00968566,0.990303
4,1206,1,No,-9.83525e-05,-8.75686,0.000157369
4,1207,1,No,-0.000366517,-7.76152,0.000425785
4,1208,1,No,-4.5837e-05,-9.16234,0.000104911
4,1209,1,No,-0.000880271,-6.97038,0.00093924
4,1210,1,No,-0.000115699,-8.65182,0.000174799
4,1211,1,No,-0.000205419,-8.2365,0.000264795
4,1212,1,No,-0.0020353,-6.1694,0.00209236
4,1213,1,No,-0.00446804,-5.39972,0.00451756
4,1214,1,No,-0.239428,-1.54655,0.212968
4,1215,1,No,-0.00696636,-4.96156,0.00700157
4,1216,1,No,-0.00191711,-6.22724,0.00197477
4,1217,1,Yes,-1.04283,-0.434475,0.647566
4,1218,1,No,-0.188483,-1.76117,0.171834
4,1219,1,No,-0.372317,-1.16821,0.310905
4,1220,1,Yes,-0.515351,-0.909395,0.402744
4,1221,1,Yes,-4.38335,-0.0125017,0.987517
4,1222,1,Yes,-4.34773,-0.0129603,0.987065
4,1223,1,Yes,-2.8301,-0.0607567,0.940997
4,1224,1,No,-0.000597715,-7.32854,0.00065649
4,1225,1,No,-0.000564019,-7.38042,0.000623303
4,1226,1,No,-0.000217521,-8.19173,0.000276917
4,1227,1,No,-0.0074831,-4.89088,0.00751437
4,1228,1,No,-0.00148699,-6.47245,0.00154535
4,1229,1,No,-0.00452468,-5.38733,0.00457391
4,1230,1,No,-0.0144813,-4.23798,0.0144359
4,1231,1,No,-0.00436979,-5.42163,0.00441968
4,1232,1,No,-0.0546206,-2.93341,0.053212
4,1233,1,No,-0.00403095,-5.50109,0.00408208
4,1234,1,Yes,-2.0629,-0.135849,0.872923
4,1235,1,Yes,-3.51869,-0.030025,0.970363
4,1236,1,Yes,-4.0798,-0.0169949,0.98309
4,1237,1,Yes,-1.89435,-0.162939,0.849593
4,1238,1,No,-0.0738981,-2.64095,0.0712889
4,1239,1,No,-0.028367,-3.57455,0.0280264
4,1240,1,Yes,-3.70983,-0.0247252,0.97552
4,1241,1,Yes,-2.10714,-0.129568,0.878423
4,1242,1,Yes,-5.01024,-0.0066321,0.993331
4,1243,1,Yes,-4.20388,-0.0149895,0.985063
4,1244,1,No,-0.00160226,-6.40098,0.00165984
4,1245,1,Yes,-3.64385,-0.0264387,0.97385
4,1246,1,Yes,-4.3775,-0.0125758,0.987444
4,1247,1,No,-0.000862553,-6.98958,0.000921382
4,1248,1,No,-0.000677696,-7.21263,0.000737175
4,1249,1,No,-0.149552,-1.97353,0.138958
4,1250,1,No,-0.000781186,-7.08221,0.000839864
4,1251,1,Yes,-4.95545,-0.00701024,0.992955
4,1252,1,Yes,-4.0741,-0.0170928,0.982993
4,1253,1,No,-0.000807432,-7.05047,0.000866947
4,1254,1,No,-0.000459777,-7.56353,0.00051901
4,1255,1,No,-0.00117932,-6.69434,0.00123782
4,1256,1,Yes,-1.18618,-0.364312,0.694634
4,1257,1,Yes,-0.772848,-0.619224,0.538331
4,1258,1,Yes,-4.92897,-0.00719993,0.992766
4,1259,1,Yes,-4.67255,-0.00933184,0.990652
4,1260,1,No,-0.000167265,-8.39102,0.000226882
4,1261,1,Yes,-2.96829,-0.0526954,0.948612
4,1262,1,No,-0.000168695,-8.38837,0.000227484
4,1263,1,Yes,-4.80954,-0.00812442,0.991849
4,1264,1,No,-0.00207287,-6.15159,0.00212996
4,1265,1,Yes,-1.98094,-0.148361,0.862069
4,1266,1,No,-0.00603353,-5.10367,0.00607403
4,1267,1,Yes,-4.48888,-0.0112366,0.988767
4,1268,1,No,-0.000736567,-7.13632,0.000795629
4,1269,1,Yes,-4.09381,-0.016756,0.983325
4,1270,1,No,-0.0253106,-3.68678,0.0250511
4,1271,1,No,-0.107522,-2.28275,0.101997
4,1272,1,No,-0.0204529,-3.8969,0.0203035
4,1273,1,Yes,-3.85591,-0.0213204,0.978847
4,1274,1,No,-0.00238775,-6.01395,0.00244426
4,1275,1,Yes,-4.09338,-0.0167633,0.983318
4,1276,1,No,-0.00110168,-6.75885,0.00116049
4,1277,1,No,-0.00333483,-5.68739,0.00338821
4,1278,1,No,-0.150779,-1.96596,0.140013
4,1279,1,No,-7.82043e-05,-8.89546,0.000137002
4,1280,1,No,-0.0809611,-2.55323,0.0778253
4,1281,1,Yes,-4.23332,-0.01455,0.985497
4,1282,1,No,-4.33723,-0.0130983,0.986928
4,1283,1,No,-0.00126114,-6.63035,0.00131962
4,1284,1,No,-0.000190992,-8.29485,0.000249786
4,1285,1,No,-0.454245,-1.0075,0.36511
4,1286,1,Yes,-4.556,-0.0104994,0.989497
4,1287,1,Yes,-3.18956,-0.0420005,0.958813
4,1288,1,No,-0.00030868,-7.90716,0.000368076
4,1289,1,No,-7.45086e-05,-8.92095,0.000133553
4,1290,1,Yes,-4.36457,-0.0127413,0.987281
4,1291,1,No,-3.95783e-05,-9.22358,9.86787e-05
4,1292,1,No,-0.000117607,-8.64089,0.000176719
4,1293,1,No,-0.000128099,-8.58264,0.000187318
4,1294,1,No,-4.10684e-05,-9.20462,0.000100568
4,1295,1,Yes,-4.30343,-0.0135537,0.986479
4,1296,1,Yes,-4.2258,-0.0146612,0.985387
4,1297,1,No,-0.000102287,-8.72867,0.000161868
4,1298,1,No,-0.000145744,-8.49167,0.000205159
4,1299,1,No,-0.000416843,-7.64983,0.000476096
4,1300,1,Yes,-3.77274,-0.0231962,0.977013
4,1301,1,No,-0.117794,-2.19661,0.111173
4,1302,1,No,-1.65616,-0.211722,0.809141
4,1303,1,No,-0.00131849,-6.58783,0.00137694
4,1304,1,No,-0.00227185,-6.06254,0.00232835
4,1305,1,No,-0.987026,-0.46621,0.627338
4,1306,1,Yes,-4.67363,-0.00932269,0.990662
4,1307,1,No,-0.00343638,-5.65783,0.00348987
4,1308,1,No,-0.00843244,-4.77287,0.00845556
4,1309,1,No,-0.00184993,-6.26184,0.00190762
4,1310,1,Yes,-3.54631,-0.0291935,0.971171
4,1311,1,Yes,-3.52003,-0.0299841,0.970403
4,1312,1,Yes,-2.61509,-0.0759112,0.926843
4,1313,1,Yes,-4.11227,-0.0164452,0.98363
4,1314,1,Yes,-0.537419,-0.877539,0.415781
4,1315,1,No,-0.225609,-1.59934,0.202017
4,1316,1,Yes,-2.61224,-0.0761375,0.926634
4,1317,1,No,-0.113269,-2.23354,0.107142
4,1318,1,No,-0.000953712,-6.89533,0.00101244
4,1319,1,No,-0.13423,-2.07409,0.125663
4,1320,1,Yes,-4.86038,-0.00771739,0.992253
4,1321,1,No,-0.0013118,-6.59296,0.0013699
4,1322,1,Yes,-3.53718,-0.0294664,0.970906
4,1323,1,No,-0.727193,-0.660108,0.516765
4,1324,1,No,-0.359394,-1.19746,0.301942
4,1325,1,Yes,-3.67084,-0.0257233,0.974547
4,1326,1,Yes,-2.62211,-0.0753593,0.927355
4,1327,1,Yes,-2.96747,-0.0527396,0.94857
4,1328,1,Yes,-5.40915,-0.00442559,0.995525
4,1329,1,No,-0.0227617,-3.79141,0.0225624
4,1330,1,No,-0.802221,-0.594702,0.551695
4,1331,1,Yes,-2.76116,-0.0652416,0.936785
4,1332,1,Yes,-0.520167,-0.902295,0.405614
4,1333,1,Yes,-3.27074,-0.0386568,0.962024
4,1334,1,Yes,-2.04944,-0.137823,0.871201
4,1335,1,Yes,-2.45252,-0.0899435,0.913929
4,1336,1,Yes,-2.3297,-0.102327,0.902681
4,1337,1,Yes,-3.21397,-0.0409649,0.959806
4,1338,1,Yes,-2.71811,-0.068215,0.934005
4,1339,1,Yes,-3.22913,-0.0403347,0.960411
4,1340,1,Yes,-4.48726,-0.0112545,0.988749
4,1341,1,Yes,-3.15288,-0.0436064,0.957274
4,1342,1,Yes,-3.37024,-0.0349246,0.965621
4,1343,1,Yes,-6.08978,-0.00220852,0.997734
4,1344,1,Yes,-3.4123,-0.0334596,0.967037
4,1345,1,Yes,-1.95516,-0.152548,0.858467
4,1346,1,No,-0.0349044,-3.37081,0.0343597
4,1347,1,Yes,-5.10806,-0.00600684,0.993953
4,1348,1,Yes,-2.98955,-0.0515578,0.949693
4,1349,1,Yes,-1.99606,-0.145964,0.864138
4,1350,1,No,-4.23135,-0.0145788,0.985468
4,1351,1,Yes,-0.589539,-0.808611,0.44545
4,1352,1,Yes,-0.130429,-2.10095,0.122333
4,1353,1,Yes,-3.75881,-0.0235269,0.97669
4,1354,1,No,-0.7198,-0.667072,0.513179
4,1355,1,Yes,-4.39642,-0.0123384,0.987679
4,1356,1,Yes,-3.10636,-0.0457349,0.955239
4,1357,1,Yes,-2.8437,-0.0599102,0.941794
4,1358,1,No,-0.27539,-1.42386,0.240769
4,1359,1,Yes,-4.28941,-0.0137474,0.986288
4,1360,1,No,-0.506863,-0.922116,0.397653
4,1361,1,Yes,-0.764506,-0.626433,0.534463
4,1362,1,Yes,-0.704383,-0.68192,0.505615
4,1363,1,No,-0.861351,-0.549104,0.577434
4,1364,1,Yes,-0.78074,-0.612505,0.54196
4,1365,1,Yes,-0.727819,-0.659524,0.517067
4,1366,1,Yes,-2.63753,-0.0741617,0.928467
4,1367,1,Yes,-0.260846,-1.47116,0.229645
4,1368,1,Yes,-3.88836,-0.0206312,0.979522
4,1369,1,Yes,-2.47033,-0.0882821,0.915448
4,1370,1,Yes,-2.42469,-0.0926051,0.9115
4,0,2,No,-0.000323944,-7.86577,0.000383632
4,1,2,No,-0.000110752,-8.67952,0.000170022
4,2,2,No,-0.0284673,-3.57107,0.0281241
4,3,2,Yes,-2.96318,-0.0529737,0.948349
4,4,2,No,-0.00723806,-4.92384,0.00727076
4,5,2,Yes,-2.74144,-0.0665866,0.935526
4,6,2,No,-0.367895,-1.17808,0.307851
4,7,2,No,-0.0195131,-3.94333,0.0193825
4,8,2,No,-1.24986,-0.337553,0.713472
4,9,2,No,-0.0118226,-4.43859,0.0118119
4,10,2,No,-0.00144706,-6.4987,0.00150531
4,11,2,No,-0.00474169,-5.34129,0.00478941
4,12,2,No,-0.000807432,-7.05108,0.000866419
4,13,2,No,-0.0467276,-3.0854,0.0457091
4,14,2,Yes,-0.104321,-2.31139,0.0991176
4,15,2,Yes,-1.00188,-0.457489,0.632834
4,16,2,No,-0.00454132,-5.38372,0.00459045
4,17,2,No,-0.00167379,-6.3586,0.00173169
4,18,2,Yes,-2.16847,-0.121369,0.885655
4,19,2,Yes,-2.72344,-0.067839,0.934356
4,20,2,Yes,-1.87242,-0.166873,0.846258
4,21,2,Yes,-4.14396,-0.0159269,0.984141
4,22,2,Yes,-2.9744,-0.0523668,0.948925
4,23,2,Yes,-2.86812,-0.0584197,0.943198
4,24,2,Yes,-2.49807,-0.0857584,0.917761
4,25,2,Yes,-2.93922,-0.0542951,0.947096
4,26,2,No,-0.0864233,-2.49068,0.0828488
4,27,2,No,-0.0115109,-4.46503,0.0115037
4,28,2,No,-1.01314,-0.451014,0.636944
4,29,2,Yes,-1.03432,-0.439141,0.644552
4,30,2,Yes,-4.2954,-0.0136649,0.98637
4,31,2,Yes,-2.32751,-0.102564,0.902468
4,32,2,No,-0.413097,-1.08335,0.338441
4,33,2,Yes,-1.43046,-0.273306,0.760815
4,34,2,Yes,-0.406556,-1.09626,0.334099
4,35,2,No,-0.942294,-0.493763,0.61029
4,36,2,Yes,-3.11855,-0.0451665,0.955781
4,37,2,Yes,-4.61787,-0.00986286,0.990127
4,38,2,Yes,-1.77002,-0.186657,0.82968
4,39,2,No,-0.00173469,-6.32409,0.00179249
4,40,2,Yes,-2.93504,-0.0545293,0.946874
4,41,2,Yes,-2.4439,-0.090759,0.913184
4,42,2,No,-0.000108784,-8.69041,0.000168181
4,43,2,Yes,-3.6891,-0.0252518,0.975007
4,44,2,Yes,-4.70682,-0.00901513,0.990967
4,45,2,No,-0.326927,-1.27682,0.278906
4,46,2,No,-1.20359,-0.356752,0.699904
4,47,2,Yes,-3.34922,-0.035681,0.96489
4,48,2,Yes,-3.57069,-0.0284789,0.971865
4,49,2,No,-0.00526147,-5.23879,0.00530634
4,50,2,No,-0.0065448,-5.02321,0.00658298
4,51,2,No,-0.0302801,-3.51037,0.029884
4,52,2,No,-0.00963144,-4.64133,0.00964426
4,53,2,No,-0.00427467,-5.44333,0.0043248
4,54,2,Yes,-4.51567,-0.0109362,0.989064
4,55,2,Yes,-0.9642,-0.480021,0.618734
4,56,2,Yes,-1.68855,-0.204234,0.815224
4,57,2,Yes,-4.05324,-0.0174582,0.982635
4,58,2,Yes,-4.4605,-0.0115634,0.988444
4,59,2,No,-0.000227775,-8.15567,0.000287087
4,60,2,Yes,-2.06194,-0.135989,0.8728
4,61,2,Yes,-4.78547,-0.00832521,0.99165
4,62,2,Yes,-4.58403,-0.0102057,0.989787
4,63,2,Yes,-0.330264,-1.26825,0.281308
4,64,2,Yes,-2.71153,-0.0686813,0.933569
4,65,2,Yes,-2.85979,-0.0589246,0.942722
4,66,2,Yes,-1.50289,-0.251579,0.777527
4,67,2,Yes,-4.51247,-0.0109716,0.989029
4,68,2,No,-0.417287,-1.07521,0.341207
4,69,2,No,-0.0468955,-3.0819,0.0458693
4,70,2,Yes,-3.77503,-0.0231438,0.977065
4,71,2,No,-0.00229897,-6.05094,0.0023555
4,72,2,Yes,-1.20749,-0.355088,0.70107
4,73,2,No,-4.80425e-05,-9.13889,0.0001074
4,74,2,Yes,-2.41602,-0.0934512,0.910729
4,75,2,No,-0.704762,-0.68155,0.505803
4,76,2,No,-0.0366779,-3.32221,0.0360708
4,77,2,No,-6.18715e-05,-9.01824,0.000121172
4,78,2,Yes,-4.54626,-0.0106037,0.989394
4,79,2,Yes,-3.83406,-0.0217983,0.97838
4,80,2,Yes,-0.255518,-1.48924,0.225531
4,81,2,Yes,-0.288012,-1.38507,0.250291
4,82,2,No,-3.6135,-0.0272663,0.973044
4,83,2,Yes,-2.0292,-0.140851,0.868568
4,84,2,Yes,-2.38464,-0.096581,0.907883
4,85,2,Yes,-3.13497,-0.0444135,0.956502
4,86,2,Yes,-3.96818,-0.0190284,0.981093
4,87,2,Yes,-4.26175,-0.0141379,0.985903
4,88,2,Yes,-2.71334,-0.0685534,0.933689
4,89,2,Yes,-2.563,-0.0801421,0.922931
4,90,2,Yes,-2.53418,-0.0825861,0.920678
4,91,2,Yes,-2.71592,-0.06837,0.93386
4,92,2,Yes,-0.52259,-0.898755,0.407052
4,93,2,Yes,-2.6175,-0.0757223,0.927019
4,94,2,Yes,-0.395729,-1.11819,0.326851
4,95,2,Yes,-4.83804,-0.00789436,0.992078
4,96,2,Yes,-3.81137,-0.0223057,0.977883
4,97,2,No,-0.103779,-2.31633,0.0986288
4,98,2,Yes,-3.48442,-0.0310908,0.96933
4,99,2,No,-0.0176534,-4.04225,0.0175568
4,100,2,No,-0.233992,-1.5669,0.208679
4,101,2,Yes,-1.84322,-0.172271,0.841702
4,102,2,Yes,-2.72508,-0.0677245,0.934463
4,103,2,Yes,-1.35961,-0.296658,0.743254
4,104,2,No,-0.159107,-1.91627,0.147146
4,105,2,No,-0.675725,-0.710758,0.491243
4,106,2,No,-0.000203451,-8.24267,0.000263164
4,107,2,No,-0.00854304,-4.75992,0.00856582
4,108,2,No,-0.00829798,-4.78868,0.00832294
4,109,2,No,-0.0163465,-4.11824,0.0162722
4,110,2,Yes,-3.71596,-0.0245719,0.975669
4,111,2,No,-0.00216014,-6.11157,0.00221693
4,112,2,No,-0.00966971,-4.63746,0.00968168
4,113,2,No,-0.474871,-0.972613,0.378071
4,114,2,Yes,-2.79718,-0.0628569,0.939022
4,115,2,No,-8.61324e-05,-8.83831,0.000145059
4,116,2,No,-0.000160588,-8.42256,0.000219838
4,117,2,Yes,-4.88775,-0.00750646,0.992462
4,118,2,No,-0.414811,-1.08,0.339574
4,119,2,No,-5.9368e-05,-9.03705,0.000118915
4,120,2,Yes,-4.88024,-0.00756447,0.992405
4,121,2,Yes,-4.69005,-0.00916887,0.990814
4,122,2,No,-0.00643651,-5.03971,0.00647523
4,123,2,Yes,-4.12161,-0.0162911,0.983782
4,124,2,No,-0.00145135,-6.49582,0.00150965
4,125,2,No,-0.313479,-1.31245,0.269143
4,126,2,Yes,-3.06499,-0.0477163,0.953348
4,127,2,Yes,-3.52976,-0.0296887,0.97069
4,128,2,No,-0.124499,-2.14455,0.117113
4,129,2,No,-0.000117905,-8.63867,0.000177113
4,130,2,No,-5.91892e-05,-9.03951,0.000118622
4,131,2,No,-0.000143538,-8.50461,0.00020252
4,132,2,No,-0.00085444,-6.99828,0.000913401
4,133,2,Yes,-1.97991,-0.148526,0.861927
4,134,2,Yes,-3.89154,-0.0205645,0.979587
4,135,2,No,-0.000492754,-7.50196,0.000551971
4,136,2,Yes,-0.44249,-1.02827,0.357603
4,137,2,Yes,-1.46191,-0.263618,0.768221
4,138,2,Yes,-0.257217,-1.48343,0.226845
4,139,2,Yes,-3.04694,-0.0486067,0.952499
4,140,2,No,-0.351438,-1.2161,0.296365
4,141,2,Yes,-3.4158,-0.0333411,0.967152
4,142,2,No,-0.00115461,-6.71449,0.00121313
4,143,2,No,-3.40703,-0.0336397,0.966863
4,144,2,No,-2.74182e-06,-9.68871,6.19756e-05
4,145,2,Yes,-2.77051,-0.0646146,0.937374
4,146,2,Yes,-2.38399,-0.0966473,0.907823
4,147,2,Yes,-1.90578,-0.160929,0.851302
4,148,2,Yes,-0.417476,-1.07485,0.341331
4,149,2,Yes,-4.01842,-0.018085,0.98202
4,150,2,Yes,-3.23945,-0.0399115,0.960817
4,151,2,Yes,-0.704833,-0.681482,0.505837
4,152,2,Yes,-2.38709,-0.0963318,0.908109
4,153,2,Yes,-2.42452,-0.0926212,0.911485
4,154,2,No,-3.02881,-0.0495199,0.951629
4,155,2,Yes,-3.98933,-0.0186253,0.981489
4,156,2,Yes,-4.08692,-0.0168731,0.98321
4,157,2,Yes,-1.76882,-0.186902,0.829477
4,158,2,Yes,-2.1825,-0.119573,0.887248
4,159,2,Yes,-1.9977,-0.145705,0.864362
4,160,2,Yes,-3.3796,-0.034593,0.965941
4,161,2,No,-3.0785,-0.0470599,0.953974
4,162,2,No,-0.695141,-0.69104,0.501025
4,163,2,Yes,-0.920947,-0.507636,0.601882
4,164,2,Yes,-4.43113,-0.0119122,0.9881
4,165,2,No,-0.398772,-1.11195,0.328896
4,166,2,Yes,-4.35542,-0.0128601,0.987164
4,167,2,Yes,-1.8246,-0.17581,0.838728
4,168,2,No,-0.121148,-2.17018,0.11415
4,169,2,Yes,-2.03919,-0.139347,0.869874
4,170,2,Yes,-3.49995,-0.0306026,0.969803
4,171,2,Yes,-2.82561,-0.0610382,0.940731
4,172,2,No,-0.0890755,-2.46178,0.0852779
4,173,2,No,-0.0024965,-5.97055,0.0025527
4,174,2,Yes,-4.27288,-0.0139797,0.986059
4,175,2,Yes,-3.91201,-0.0201431,0.980001
4,176,2,No,-0.00357174,-5.62002,0.00362436
4,177,2,No,-0.014089,-4.26514,0.0140491
4,178,2,Yes,-3.6783,-0.0255297,0.974735
4,179,2,No,-0.00658902,-5.01655,0.00662692
4,180,2,No,-0.00718504,-4.931,0.00721882
4,181,2,No,-0.0349176,-3.37044,0.0343723
4,182,2,Yes,-2.97763,-0.0521922,0.94909
4,183,2,No,-0.77737,-0.615363,0.540413
4,184,2,No,-1.26482,-0.331608,0.717726
4,185,2,Yes,-4.20843,-0.0149211,0.985131
4,186,2,Yes,-2.57451,-0.0791854,0.923814
4,187,2,Yes,-0.726002,-0.661225,0.516189
4,188,2,Yes,-2.2537,-0.110878,0.894996
4,189,2,Yes,-2.16015,-0.122449,0.884699
4,190,2,Yes,-2.09577,-0.131153,0.877031
4,191,2,Yes,-1.57585,-0.231647,0.79318
4,192,2,No,-0.00119072,-6.68512,0.00124929
4,193,2,No,-0.00209814,-6.13985,0.00215512
4,194,2,Yes,-2.29198,-0.10648,0.89894
4,195,2,No,-0.000125654,-8.59714,0.000184622
4,196,2,No,-0.00031983,-7.8773,0.000379233
4,197,2,No,-0.000385001,-7.71921,0.000444186
4,198,2,Yes,-0.225834,-1.59846,0.202196
4,199,2,No,-0.00046574,-7.55223,0.000524906
4,200,2,No,-1.13793,-0.386285,0.679537
4,201,2,No,-0.00513661,-5.26241,0.00518251
4,202,2,Yes,-4.70397,-0.00904045,0.990941
4,203,2,No,-0.00027255,-8.01084,0.000331825
4,204,2,Yes,-0.878475,-0.536754,0.584608
4,205,2,No,-0.000125774,-8.59509,0.000185001
4,206,2,Yes,-3.55232,-0.0290158,0.971344
4,207,2,Yes,-4.9703,-0.00690538,0.993059
4,208,2,Yes,-3.39534,-0.0340429,0.966473
4,209,2,Yes,-4.56666,-0.0103871,0.989608
4,210,2,Yes,-0.37198,-1.16896,0.310673
4,211,2,Yes,-2.84964,-0.0595446,0.942138
4,212,2,Yes,-0.190895,-1.74962,0.17383
4,213,2,No,-1.26363e-05,-9.54604,7.14794e-05
4,214,2,No,-0.00155122,-6.4317,0.00160962
4,215,2,Yes,-4.20012,-0.0150469,0.985007
4,216,2,Yes,-4.38603,-0.0124681,0.987551
4,217,2,No,-0.00622957,-5.07204,0.00626923
4,218,2,Yes,-3.29744,-0.0376169,0.963024
4,219,2,Yes,-3.23655,-0.0400304,0.960703
4,220,2,Yes,-3.82133,-0.0220815,0.978103
4,221,2,Yes,-1.27327,-0.328303,0.720102
4,222,2,No,-1.06529,-0.42246,0.655394
4,223,2,Yes,-4.83739,-0.00789929,0.992073
4,224,2,Yes,-2.9644,-0.0529078,0.948411
4,225,2,Yes,-0.43216,-1.0471,0.350933
4,226,2,No,-0.0285378,-3.56866,0.028192
4,227,2,No,-0.518804,-0.904296,0.404803
4,228,2,Yes,-2.36932,-0.0981484,0.906461
4,229,2,Yes,-4.85488,-0.00776004,0.99221
4,230,2,No,-0.000389473,-7.70902,0.000448735
4,231,2,Yes,-2.55007,-0.0812286,0.921928
4,232,2,Yes,-2.64199,-0.0738194,0.928785
4,233,2,Yes,-4.34695,-0.0129705,0.987055
4,234,2,No,-0.155176,-1.93937,0.143786
4,235,2,Yes,-3.17851,-0.0424782,0.958355
4,236,2,No,-0.000219846,-8.18302,0.000279341
4,237,2,No,-0.00035316,-7.79229,0.000412883
4,238,2,No,-0.00597188,-5.11365,0.00601375
4,239,2,No,-0.103087,-2.32268,0.098005
4,240,2,Yes,-4.28268,-0.0138412,0.986195
4,241,2,No,-8.64271e-06,-9.60036,6.77001e-05
4,242,2,Yes,-0.2915,-1.3747,0.252902
4,243,2,Yes,-0.275786,-1.42261,0.241069
4,244,2,No,-0.00113456,-6.73087,0.00119343
4,245,2,No,-0.604294,-0.790542,0.453572
4,246,2,Yes,-3.53701,-0.0294706,0.970902
4,247,2,No,-0.3651,-1.18439,0.305914
4,248,2,Yes,-4.66408,-0.0094127,0.990573
4,249,2,No,-0.415021,-1.0796,0.339712
4,250,2,Yes,-3.03235,-0.0493405,0.9518
4,251,2,Yes,-1.39869,-0.283506,0.753095
4,252,2,Yes,-3.48595,-0.0310429,0.969377
4,253,2,No,-0.00269657,-5.8951,0.00275274
4,254,2,No,-0.02158,-3.84396,0.0214074
4,255,2,No,-0.000181334,-8.33234,0.000240594
4,256,2,Yes,-1.5258,-0.245119,0.782566
4,257,2,Yes,-5.0968,-0.00607568,0.993884
4,258,2,Yes,-3.43288,-0.0327654,0.967708
4,259,2,Yes,-3.209,-0.0411731,0.959605
4,260,2,No,-0.027349,-3.61052,0.0270362
4,261,2,Yes,-0.507687,-0.92087,0.398149
4,262,2,Yes,-3.10105,-0.0459839,0.955001
4,263,2,Yes,-1.13036,-0.389876,0.677101
4,264,2,No,-0.000151169,-8.46527,0.000210647
4,265,2,Yes,-4.4647,-0.011515,0.988493
4,266,2,No,-0.00071575,-7.16318,0.000774545
4,267,2,Yes,-3.90375,-0.0203117,0.979835
4,268,2,No,-0.000244945,-8.0974,0.00030431
4,269,2,Yes,-2.40017,-0.0950175,0.909303
4,270,2,No,-0.0273901,-3.60904,0.0270761
4,271,2,Yes,-2.45185,-0.090007,0.913871
4,272,2,No,-1.12587,-0.392024,0.675648
4,273,2,No,-0.00476828,-5.33578,0.00481588
4,274,2,No,-0.00700202,-4.95651,0.007037
4,275,2,No,-0.00145696,-6.49233,0.00151492
4,276,2,Yes,-1.6466,-0.213992,0.807307
4,277,2,No,-0.216385,-1.63663,0.194623
4,278,2,Yes,-4.4145,-0.0121136,0.9879
4,279,2,No,-0.0207255,-3.88385,0.0205703
4,280,2,No,-0.000102644,-8.72875,0.000161854
4,281,2,No,-0.00212287,-6.12848,0.00217975
4,282,2,No,-0.000418393,-7.64762,0.00047715
4,283,2,Yes,-3.96807,-0.0190304,0.981091
4,284,2,Yes,-3.60105,-0.0276135,0.972706
4,285,2,Yes,-3.74289,-0.0239102,0.976316
4,286,2,No,-0.00269777,-5.89478,0.00275362
4,287,2,Yes,-3.84871,-0.0214772,0.978694
4,288,2,No,-8.05887e-05,-8.8751,0.00013982
4,289,2,No,-1.65067,-0.213024,0.80809
4,290,2,Yes,-0.584449,-0.814986,0.442619
4,291,2,Yes,-4.72738,-0.008829,0.991151
4,292,2,No,-0.000687001,-7.20011,0.000746457
4,293,2,Yes,-4.13115,-0.0161343,0.983937
4,294,2,Yes,-4.39433,-0.0123635,0.987654
4,295,2,Yes,-4.89106,-0.00748214,0.992487
4,296,2,No,-0.0879068,-2.4744,0.0842081
4,297,2,No,-0.00202288,-6.17542,0.00207982
4,298,2,No,-0.00218499,-6.10038,0.00224188
4,299,2,No,-0.119732,-2.18124,0.112895
4,300,2,Yes,-2.16396,-0.121954,0.885137
4,301,2,Yes,-2.36498,-0.0985969,0.906054
4,302,2,Yes,-2.11651,-0.128278,0.879556
4,303,2,Yes,-0.763872,-0.626987,0.534168
4,304,2,Yes,-2.72769,-0.0675407,0.934634
4,305,2,Yes,-2.57398,-0.07923,0.923773
4,306,2,Yes,-3.23463,-0.0401088,0.960628
4,307,2,Yes,-1.11447,-0.397545,0.671929
4,308,2,Yes,-1.17561,-0.368996,0.691388
4,309,2,No,-3.6097,-0.0273715,0.972942
4,310,2,No,-0.0177245,-4.03825,0.0176273
4,311,2,No,-0.00386639,-5.54201,0.00391843
4,312,2,Yes,-2.3439,-0.100808,0.904053
4,313,2,No,-0.00328185,-5.70303,0.00333566
4,314,2,Yes,-4.88653,-0.00751655,0.992453
4,315,2,No,-0.000123508,-8.60898,0.00018245
4,316,2,No,-0.000431869,-7.61863,0.000491187
4,317,2,Yes,-4.42195,-0.0120228,0.98799
4,318,2,Yes,-4.87141,-0.0076321,0.992338
4,319,2,No,-0.0196902,-3.93441,0.0195561
4,320,2,No,-0.0123641,-4.39429,0.0123469
4,321,2,No,-0.000264978,-8.03333,0.000324447
4,322,2,No,-0.000166549,-8.39631,0.000225686
4,323,2,No,-0.000347257,-7.80844,0.000406269
4,324,2,No,-0.000118501,-8.63505,0.000177755
4,325,2,No,-0.00176633,-6.30673,0.00182388
4,326,2,No,-0.00698689,-4.95873,0.00702141
4,327,2,Yes,-4.09311,-0.0167672,0.983314
4,328,2,Yes,-4.13374,-0.0160921,0.983978
4,329,2,Yes,-4.56516,-0.0104022,0.989592
4,330,2,No,-0.618428,-0.773776,0.461241
4,331,2,No,-0.0609004,-2.8278,0.0591392
4,332,2,No,-0.202379,-1.69677,0.183263
4,333,2,Yes,-0.975783,-0.472949,0.623125
4,334,2,Yes,-4.16086,-0.0156568,0.984407
4,335,2,Yes,-4.02835,-0.0179036,0.982197
4,336,2,Yes,-3.70268,-0.0249057,0.975344
4,337,2,Yes,-2.5252,-0.083363,0.919963
4,338,2,Yes,-3.85052,-0.0214373,0.978733
4,339,2,No,-8.32115e-05,-8.85765,0.00014228
4,340,2,No,-0.00013096,-8.56781,0.000190116
4,341,2,No,-1.82243,-0.176229,0.838377
4,342,2,No,-1.07213,-0.418884,0.657742
4,343,2,No,-0.00155307,-6.43077,0.00161112
4,344,2,Yes,-3.64904,-0.0262993,0.973985
4,345,2,Yes,-0.342803,-1.23691,0.290264
4,346,2,Yes,-2.19374,-0.118153,0.888508
4,347,2,No,-0.10375,-2.31659,0.0986032
4,348,2,No,-0.000973579,-6.87586,0.00103235
4,349,2,No,-0.117771,-2.19679,0.111153
4,350,2,Yes,-0.350993,-1.21716,0.296053
4,351,2,No,-0.843627,-0.562274,0.569878
4,352,2,No,-0.2421,-1.53674,0.215068
4,353,2,Yes,-1.0758,-0.41698,0.658996
4,354,2,No,-0.0863038,-2.49201,0.0827388
4,355,2,No,-0.144685,-2.00423,0.134756
4,356,2,Yes,-1.63116,-0.217713,0.804309
4,357,2,Yes,-0.886061,-0.5314,0.587748
4,358,2,No,-0.183458,-1.78575,0.167662
4,359,2,No,-0.322738,-1.28773,0.275879
4,360,2,Yes,-1.33601,-0.304942,0.737123
4,361,2,Yes,-3.20198,-0.0414704,0.959321
4,362,2,Yes,-1.93848,-0.155325,0.856086
4,363,2,No,-0.000170782,-8.3801,0.000229373
4,364,2,No,-0.000269211,-8.02111,0.000328436
4,365,2,Yes,-3.4993,-0.0306226,0.969783
4,366,2,Yes,-2.95832,-0.053239,0.948097
4,367,2,No,-1.35528,-0.298157,0.742141
4,368,2,Yes,-3.69313,-0.025148,0.975108
4,369,2,Yes,-2.6424,-0.0737877,0.928814
4,370,2,Yes,-2.64991,-0.073214,0.929347
4,371,2,No,-0.0987119,-2.36387,0.0940503
4,372,2,Yes,-3.36991,-0.0349372,0.965609
4,373,2,Yes,-3.87454,-0.0209219,0.979237
4,374,2,Yes,-3.10561,-0.0457692,0.955206
4,375,2,Yes,-3.86965,-0.0210263,0.979136
4,376,2,Yes,-2.41458,-0.0935925,0.9106
4,377,2,Yes,-1.16514,-0.373706,0.688138
4,378,2,No,-0.0196652,-3.93568,0.0195313
4,379,2,Yes,-1.50889,-0.249867,0.778858
4,380,2,Yes,-3.11056,-0.0455379,0.955427
4,381,2,Yes,-0.251562,-1.50295,0.22246
4,382,2,No,-1.82853,-0.175056,0.83936
4,383,2,Yes,-1.22559,-0.34747,0.706432
4,384,2,Yes,-3.87737,-0.0208616,0.979296
4,385,2,No,-0.00257035,-5.94196,0.00262672
4,386,2,Yes,-4.47337,-0.0114137,0.988592
4,387,2,No,-4.51217e-05,-9.16661,0.000104464
4,388,2,No,-0.000119276,-8.63095,0.000178484
4,389,2,No,-3.15314e-05,-9.31063,9.04526e-05
4,390,2,Yes,-4.42035,-0.0120432,0.987971
4,391,2,Yes,-3.87442,-0.0209251,0.979235
4,392,2,Yes,-4.3186,-0.0133479,0.986682
4,393,2,No,-0.00999783,-4.6044,0.0100071
4,394,2,Yes,-1.61266,-0.222265,0.800656
4,395,2,No,-0.0825464,-2.53464,0.0792857
4,396,2,No,-0.0277526,-3.59609,0.027429
4,397,2,No,-0.0235621,-3.75732,0.0233449
4,398,2,Yes,-3.06896,-0.0475218,0.953533
4,399,2,No,-0.000279704,-7.98929,0.000339056
4,400,2,No,-0.000236658,-8.12642,0.000295608
4,401,2,No,-0.104111,-2.3133,0.0989282
4,402,2,Yes,-2.30298,-0.105251,0.900045
4,403,2,Yes,-1.3912,-0.285973,0.751239
4,404,2,Yes,-2.60288,-0.076882,0.925944
4,405,2,Yes,-3.88256,-0.0207529,0.979403
4,406,2,Yes,-4.88893,-0.00749781,0.992471
4,407,2,No,-1.45844,-0.26467,0.767414
4,408,2,Yes,-4.04773,-0.0175561,0.982539
4,409,2,Yes,-4.07477,-0.0170821,0.983005
4,410,2,Yes,-3.63085,-0.0267897,0.973508
4,411,2,Yes,-1.13007,-0.390015,0.677007
4,412,2,Yes,-3.21492,-0.0409253,0.959844
4,413,2,Yes,-2.6976,-0.0696805,0.932637
4,414,2,Yes,-0.218935,-1.62615,0.196674
4,415,2,Yes,-1.38972,-0.286466,0.750869
4,416,2,Yes,-3.26616,-0.0388377,0.96185
4,417,2,Yes,-1.1822,-0.36607,0.693414
4,418,2,No,-0.0129662,-4.34729,0.0129411
4,419,2,No,-0.0745949,-2.63192,0.0719356
4,420,2,No,-0.197459,-1.719,0.179234
4,421,2,Yes,-0.0815323,-2.54649,0.0783517
4,422,2,No,-0.00749751,-4.88895,0.00752885
4,423,2,No,-0.0134355,-4.3121,0.0134046
4,424,2,No,-0.116315,-2.20851,0.109858
4,425,2,No,-0.0160638,-4.13546,0.0159944
4,426,2,No,-0.00167797,-6.35631,0.00173565
4,427,2,No,-0.000609822,-7.30923,0.000669295
4,428,2,Yes,-4.02791,-0.0179117,0.98219
4,429,2,Yes,-2.52319,-0.0835379,0.919801
4,430,2,No,-0.410908,-1.08764,0.336991
4,431,2,No,-1.15725,-0.377302,0.685668
4,432,2,Yes,-0.434528,-1.04274,0.352468
4,433,2,No,-0.0103387,-4.57121,0.0103448
4,434,2,No,-0.0383399,-3.27879,0.0376716
4,435,2,Yes,-2.11548,-0.128421,0.879431
4,436,2,No,-0.285229,-1.39345,0.248202
4,437,2,No,-0.00942449,-4.66285,0.00943896
4,438,2,No,-0.000469139,-7.5459,0.00052824
4,439,2,Yes,-3.49111,-0.0308802,0.969535
4,440,2,No,-0.000325852,-7.86209,0.000385047
4,441,2,No,-0.000428113,-7.62563,0.000487758
4,442,2,No,-0.373307,-1.16602,0.311587
4,443,2,Yes,-3.33125,-0.0363416,0.964254
4,444,2,Yes,-3.65519,-0.0261352,0.974145
4,445,2,Yes,-3.44807,-0.0322625,0.968195
4,446,2,No,-4.60465,-0.00999524,0.989995
4,447,2,Yes,-1.34224,-0.30273,0.738755
4,448,2,No,-0.0264697,-3.64267,0.0261807
4,449,2,No,-0.0881469,-2.4718,0.0844276
4,450,2,No,-0.0244093,-3.7225,0.0241721
4,451,2,Yes,-2.77317,-0.0644365,0.93754
4,452,2,No,-2.71493,-0.0684395,0.933794
4,453,2,Yes,-3.39945,-0.0339001,0.96661
4,454,2,No,-0.00321906,-5.7221,0.00327264
4,455,2,No,-0.000677696,-7.21399,0.00073617
4,456,2,Yes,-4.6614,-0.00943845,0.990547
4,457,2,No,-0.00153254,-6.44373,0.00159037
4,458,2,No,-4.48237e-05,-9.17115,0.00010399
4,459,2,Yes,-3.5807,-0.028191,0.972145
4,460,2,No,-1.09565,-0.40686,0.665699
4,461,2,Yes,-2.54063,-0.082032,0.921188
4,462,2,No,-0.0896876,-2.45524,0.0858377
4,463,2,No,-0.00497863,-5.29318,0.00502543
4,464,2,No,-0.00128745,-6.6106,0.00134595
4,465,2,No,-0.00379764,-5.55967,0.0038498
4,466,2,No,-0.000121422,-8.62014,0.000180425
4,467,2,No,-0.0227176,-3.79328,0.0225203
4,468,2,Yes,-3.06294,-0.0478157,0.953253
4,469,2,No,-0.00723235,-4.92452,0.00726577
4,470,2,No,-0.423939,-1.06249,0.345575
4,471,2,No,-0.0839223,-2.5188,0.0805516
4,472,2,No,-0.000188666,-8.30076,0.000248314
4,473,2,No,-0.000841614,-7.01258,0.000900433
4,474,2,No,-0.00929454,-4.67658,0.00931029
4,475,2,Yes,-3.39289,-0.0341285,0.96639
4,476,2,No,-1.10974,-0.399862,0.670373
4,477,2,Yes,-2.18768,-0.118915,0.88783
4,478,2,Yes,-4.15545,-0.0157429,0.984322
4,479,2,No,-0.00122652,-6.65705,0.00128486
4,480,2,No,-0.00289322,-5.8266,0.00294791
4,481,2,No,-0.000985512,-6.86398,0.00104468
4,482,2,No,-0.00215291,-6.11463,0.00221017
4,483,2,No,-0.000931697,-6.91703,0.00099071
4,484,2,Yes,-3.0959,-0.0462268,0.954768
4,485,2,Yes,-3.70776,-0.0247775,0.975469
4,486,2,Yes,-3.04606,-0.0486514,0.952457
4,487,2,Yes,-3.80209,-0.0225166,0.977677
4,488,2,No,-1.27069,-0.329307,0.719379
4,489,2,No,-0.072419,-2.66043,0.0699139
4,490,2,No,-0.00601889,-5.1059,0.00606051
4,491,2,Yes,-2.9128,-0.055792,0.94568
4,492,2,No,-0.00557142,-5.1823,0.00561474
4,493,2,Yes,-3.59792,-0.0277019,0.972621
4,494,2,Yes,-3.99573,-0.0185047,0.981607
4,495,2,Yes,-2.30174,-0.10539,0.899921
4,496,2,Yes,-1.52183,-0.246224,0.781701
4,497,2,Yes,-0.354689,-1.20843,0.29865
4,498,2,Yes,-4.65039,-0.00954412,0.990443
4,499,2,Yes,-3.20482,-0.0413497,0.959436
4,500,2,Yes,-3.38217,-0.0345026,0.966028
4,501,2,Yes,-0.0752614,-2.62337,0.0725537
4,502,2,Yes,-0.26721,-1.4501,0.234532
4,503,2,No,-0.888554,-0.529653,0.588774
4,504,2,Yes,-3.11997,-0.0451013,0.955844
4,505,2,Yes,-2.75285,-0.0658047,0.936258
4,506,2,Yes,-1.93795,-0.155415,0.856009
4,507,2,No,-1.68458,-0.205135,0.814489
4,508,2,Yes,-3.91076,-0.020168,0.979976
4,509,2,Yes,-3.96844,-0.0190227,0.981098
4,510,2,No,-0.162966,-1.8942,0.15043
4,511,2,No,-2.59461,-0.077546,0.925329
4,512,2,Yes,-4.11218,-0.0164474,0.983629
4,513,2,No,-0.00586036,-5.13234,0.00590241
4,514,2,Yes,-2.11329,-0.128722,0.879167
4,515,2,No,-0.522464,-0.898938,0.406977
4,516,2,Yes,-2.56417,-0.0800438,0.923022
4,517,2,No,-1.13418,-0.388055,0.678335
4,518,2,No,-1.53938,-0.241378,0.785498
4,519,2,Yes,-3.58355,-0.0281093,0.972225
4,520,2,Yes,-4.19287,-0.0151583,0.984898
4,521,2,No,-0.388389,-1.13348,0.321891
4,522,2,Yes,-1.23977,-0.341634,0.710567
4,523,2,No,-0.9081,-0.516226,0.596734
4,524,2,No,-2.58844,-0.0780459,0.924867
4,525,2,No,-0.000982648,-6.86691,0.00104163
4,526,2,Yes,-4.30923,-0.0134753,0.986557
4,527,2,Yes,-2.34249,-0.100958,0.903918
4,528,2,No,-0.279668,-1.41049,0.24401
4,529,2,No,-0.000624434,-7.28815,0.000683549
4,530,2,Yes,-3.14772,-0.0438368,0.957053
4,531,2,No,-0.505355,-0.924404,0.396744
4,532,2,No,-1.94343,-0.154496,0.856797
4,533,2,No,-0.000161244,-8.41818,0.000220803
4,534,2,No,-8.70232e-06,-9.59096,6.83394e-05
4,535,2,No,-5.60895e-05,-9.06827,0.000115258
4,536,2,No,-3.08757e-05,-9.31762,8.98223e-05
4,537,2,No,-0.00919696,-4.68699,0.00921384
4,538,2,No,-0.0116648,-4.45192,0.0116555
4,539,2,Yes,-3.04526,-0.0486912,0.952419
4,540,2,Yes,-0.105862,-2.29749,0.100505
4,541,2,No,-0.0616594,-2.8158,0.0598531
4,542,2,No,-0.00012166,-8.6182,0.000180774
4,543,2,No,-0.0754154,-2.6214,0.0726968
4,544,2,Yes,-2.76576,-0.0649325,0.937075
4,545,2,No,-5.25727e-05,-9.10072,0.000111578
4,546,2,No,-0.000254962,-8.06582,0.000314073
4,547,2,Yes,-2.82339,-0.0611787,0.940599
4,548,2,Yes,-2.40236,-0.0948004,0.909501
4,549,2,Yes,-3.85875,-0.0212595,0.978907
4,550,2,No,-0.000128993,-8.57571,0.000188621
4,551,2,No,-0.00217943,-6.1027,0.00223668
4,552,2,No,-0.953457,-0.486699,0.614616
4,553,2,No,-0.000237612,-8.12232,0.00029682
4,554,2,No,-1.89048,-0.163626,0.84901
4,555,2,Yes,-0.331883,-1.26412,0.282471
4,556,2,Yes,-1.56788,-0.233734,0.791525
4,557,2,No,-0.00914529,-4.69256,0.00916265
4,558,2,No,-0.0106156,-4.54509,0.0106185
4,559,2,Yes,-2.97468,-0.0523519,0.948939
4,560,2,No,-0.000952697,-6.89608,0.00101169
4,561,2,Yes,-2.4279,-0.0922935,0.911784
4,562,2,Yes,-3.21257,-0.0410245,0.959749
4,563,2,Yes,-4.44698,-0.0117226,0.988287
4,564,2,Yes,-4.96351,-0.00695238,0.993012
4,565,2,Yes,-3.39032,-0.0342178,0.966304
4,566,2,No,-2.16206,-0.122201,0.884919
4,567,2,Yes,-2.46398,-0.0888713,0.914909
4,568,2,Yes,-0.396838,-1.11591,0.327597
4,569,2,Yes,-1.12564,-0.392136,0.675573
4,570,2,Yes,-1.55647,-0.236761,0.789133
4,571,2,Yes,-2.97659,-0.0522495,0.949036
4,572,2,Yes,-3.32836,-0.0364486,0.96415
4,573,2,No,-0.291222,-1.37552,0.252694
4,574,2,No,-7.8562e-05,-8.89116,0.000137591
4,575,2,Yes,-4.90558,-0.00737291,0.992595
4,576,2,Yes,-0.976546,-0.472489,0.623412
4,577,2,No,-0.048372,-3.05166,0.0472777
4,578,2,Yes,-3.01259,-0.0503516,0.950839
4,579,2,No,-0.196287,-1.72439,0.178272
4,580,2,No,-0.00407655,-5.48999,0.00412765
4,581,2,No,-0.0014975,-6.4657,0.0015558
4,582,2,No,-0.00588458,-5.12831,0.00592622
4,583,2,Yes,-2.96809,-0.0527076,0.948601
4,584,2,Yes,-4.13291,-0.0161058,0.983965
4,585,2,Yes,-1.57108,-0.232893,0.792192
4,586,2,No,-0.020383,-3.90026,0.0202354
4,587,2,No,-0.0311427,-3.48277,0.0307203
4,588,2,No,-0.0104031,-4.56512,0.010408
4,589,2,No,-0.00285681,-5.83887,0.00291197
4,590,2,Yes,-3.97096,-0.0189754,0.981146
4,591,2,No,-0.00822123,-4.79793,0.00824632
4,592,2,No,-0.0126594,-4.37099,0.012638
4,593,2,Yes,-0.0528458,-2.96553,0.0515302
4,594,2,No,-2.98682,-0.051702,0.949556
4,595,2,No,-0.469576,-0.981387,0.374769
4,596,2,Yes,-0.968629,-0.477302,0.620419
4,597,2,Yes,-4.65877,-0.009463,0.990522
4,598,2,Yes,-0.297341,-1.35764,0.257253
4,599,2,Yes,-1.68863,-0.204215,0.815239
4,600,2,Yes,-0.427754,-1.0553,0.348066
4,601,2,Yes,-0.540832,-0.872763,0.417771
4,602,2,No,-0.251405,-1.50349,0.222339
4,603,2,Yes,-3.87402,-0.0209331,0.979227
4,604,2,No,-0.65892,-0.728466,0.482621
4,605,2,No,-0.00208649,-6.14528,0.00214346
4,606,2,No,-0.00042525,-7.63239,0.000484473
4,607,2,No,-0.0125304,-4.38107,0.0125113
4,608,2,Yes,-0.80392,-0.593323,0.552455
4,609,2,No,-0.000320069,-7.87652,0.000379528
4,610,2,No,-0.076185,-2.61164,0.0734098
4,611,2,Yes,-2.10913,-0.129295,0.878663
4,612,2,Yes,-0.884147,-0.532743,0.586958
4,613,2,Yes,-1.96936,-0.150227,0.860462
4,614,2,Yes,-4.57619,-0.0102874,0.989707
4,615,2,No,-2.07542,-0.13404,0.874504
4,616,2,Yes,-1.88218,-0.165109,0.847752
4,617,2,Yes,-4.6192,-0.00985004,0.99014
4,618,2,Yes,-1.67314,-0.20776,0.812354
4,619,2,Yes,-3.40724,-0.0336319,0.96687
4,620,2,Yes,-4.14954,-0.0158368,0.984229
4,621,2,No,-0.0664612,-2.74326,0.0643564
4,622,2,Yes,-3.8318,-0.0218472,0.978331
4,623,2,Yes,-0.428144,-1.05457,0.348321
4,624,2,Yes,-3.19049,-0.0419602,0.958851
4,625,2,Yes,-2.15614,-0.122973,0.884235
4,626,2,Yes,-5.01308,-0.0066129,0.99335
4,627,2,No,-0.000113076,-8.66556,0.000172414
4,628,2,Yes,-3.10791,-0.0456609,0.955308
4,629,2,Yes,-1.7837,-0.18387,0.831995
4,630,2,Yes,-0.846322,-0.560245,0.571035
4,631,2,Yes,-2.53849,-0.0822156,0.921019
4,632,2,Yes,-1.35776,-0.2973,0.742778
4,633,2,Yes,-0.620061,-0.771874,0.462119
4,634,2,Yes,-2.2987,-0.105727,0.899617
4,635,2,No,-0.00574621,-5.15173,0.00578905
4,636,2,No,-0.403745,-1.10188,0.332225
4,637,2,Yes,-2.4387,-0.0912549,0.912731
4,638,2,Yes,-2.14806,-0.124036,0.883296
4,639,2,Yes,-0.262783,-1.46469,0.231137
4,640,2,No,-0.00168883,-6.34997,0.00174669
4,641,2,No,-0.202551,-1.69601,0.183403
4,642,2,No,-0.243975,-1.52992,0.216539
4,643,2,Yes,-3.3952,-0.0340472,0.966468
4,644,2,Yes,-3.21907,-0.0407518,0.96001
4,645,2,Yes,-2.63554,-0.074316,0.928324
4,646,2,Yes,-1.70723,-0.200049,0.818643
4,647,2,Yes,-0.75602,-0.633883,0.530496
4,648,2,No,-0.000815307,-7.0426,0.000873796
4,649,2,No,-1.8833,-0.164907,0.847922
4,650,2,No,-0.225756,-1.59877,0.202134
4,651,2,Yes,-3.09892,-0.0460845,0.954905
4,652,2,No,-0.860018,-0.550079,0.57687
4,653,2,No,-0.000126251,-8.59058,0.000185837
4,654,2,Yes,-0.977377,-0.471987,0.623725
4,655,2,Yes,-4.13545,-0.0160643,0.984006
4,656,2,No,-2.40025,-0.09501,0.90931
4,657,2,Yes,-1.06111,-0.424669,0.653948
4,658,2,Yes,-4.65608,-0.00948948,0.990497
4,659,2,Yes,-0.645838,-0.742683,0.475808
4,660,2,Yes,-4.22696,-0.0146436,0.985404
4,661,2,No,-1.32869,-0.307567,0.735191
4,662,2,Yes,-2.57161,-0.0794258,0.923592
4,663,2,No,-0.0630944,-2.79352,0.0612014
4,664,2,No,-0.000982887,-6.86642,0.00104214
4,665,2,No,-1.44244e-05,-9.51422,7.37909e-05
4,666,2,Yes,-4.13758,-0.0160295,0.984039
4,667,2,Yes,-2.82271,-0.0612226,0.940559
4,668,2,Yes,-3.96819,-0.0190278,0.981094
4,669,2,Yes,-3.19183,-0.041903,0.958906
4,670,2,Yes,-1.32466,-0.30902,0.734123
4,671,2,No,-0.00255016,-5.9497,0.00260646
4,672,2,No,-0.0104277,-4.56283,0.0104319
4,673,2,No,-0.000730304,-7.14362,0.000789842
4,674,2,No,-0.000135014,-8.54579,0.00019435
4,675,2,No,-5.10825e-05,-9.1079,0.00011078
4,676,2,No,-2.24116e-05,-9.4108,8.18309e-05
4,677,2,Yes,-2.13334,-0.125995,0.881566
4,678,2,No,-0.00491106,-5.30671,0.00495793
4,679,2,No,-2.72845,-0.0674881,0.934683
4,680,2,No,-0.00209587,-6.14088,0.00215291
4,681,2,No,-0.000403068,-7.67886,0.000462472
4,682,2,No,-0.0205677,-3.8914,0.0204155
4,683,2,Yes,-1.73245,-0.194546,0.82316
4,684,2,No,-0.942273,-0.493776,0.610282
4,685,2,No,-0.174451,-1.8317,0.160132
4,686,2,No,-0.00517088,-5.25589,0.0052164
4,687,2,No,-0.000690758,-7.19561,0.000749824
4,688,2,No,-8.85168e-05,-8.81775,0.000148073
4,689,2,Yes,-4.70658,-0.00901681,0.990965
4,690,2,No,-0.125973,-2.13351,0.118414
4,691,2,Yes,-1.5094,-0.249724,0.77897
4,692,2,No,-8.64305e-05,-8.83463,0.000145594
4,693,2,No,-0.00328663,-5.7016,0.00334043
4,694,2,No,-0.00430035,-5.43746,0.00435028
4,695,2,No,-0.00135424,-6.56247,0.0014123
4,696,2,Yes,-1.50153,-0.251967,0.777225
4,697,2,No,-0.000478501,-7.52732,0.000538147
4,698,2,No,-7.87408e-05,-8.88729,0.000138125
4,699,2,No,-0.00058203,-7.35248,0.000640964
4,700,2,No,-0.00163647,-6.38024,0.00169462
4,701,2,Yes,-2.24891,-0.11144,0.894492
4,702,2,Yes,-1.63101,-0.21775,0.80428
4,703,2,No,-0.0822358,-2.53825,0.0789996
4,704,2,No,-0.00871246,-4.74059,0.00873295
4,705,2,No,-0.00876929,-4.73402,0.00879056
4,706,2,No,-0.680129,-0.706218,0.493478
4,707,2,No,-0.000817037,-7.0402,0.000875895
4,708,2,No,-0.000152719,-8.45786,0.000212213
4,709,2,Yes,-4.82121,-0.00803015,0.991943
4,710,2,Yes,-1.09323,-0.408081,0.664886
4,711,2,No,-0.00121387,-6.66694,0.00127221
4,712,2,No,-0.00607742,-5.09641,0.0061183
4,713,2,No,-0.233326,-1.56943,0.208151
4,714,2,Yes,-2.78899,-0.0633921,0.93852
4,715,2,Yes,-2.42254,-0.0928137,0.911309
4,716,2,Yes,-2.63339,-0.0744807,0.92817
4,717,2,No,-8.63709e-05,-8.83629,0.000145353
4,718,2,No,-0.000130423,-8.5704,0.000189625
4,719,2,No,-0.000577915,-7.3582,0.000637307
4,720,2,No,-0.00112012,-6.74315,0.00117886
4,721,2,No,-0.00054732,-7.4076,0.000606589
4,722,2,No,-0.00141494,-6.52033,0.0014731
4,723,2,No,-0.744025,-0.64462,0.524831
4,724,2,No,-0.000153851,-8.45466,0.000212893
4,725,2,No,-0.203144,-1.69337,0.183888
4,726,2,No,-0.995741,-0.461069,0.630572
4,727,2,Yes,-4.40544,-0.0122265,0.98779
4,728,2,Yes,-4.45077,-0.0116786,0.988331
4,729,2,No,-0.00492736,-5.3034,0.00497433
4,730,2,Yes,-4.62916,-0.00975084,0.990238
4,731,2,Yes,-1.74769,-0.191303,0.825834
4,732,2,Yes,-3.19112,-0.041934,0.958877
4,733,2,Yes,-3.94332,-0.0195132,0.980617
4,734,2,Yes,-0.42512,-1.06025,0.346347
4,735,2,No,-0.000762753,-7.10391,0.00082184
4,736,2,Yes,-0.704658,-0.681651,0.505751
4,737,2,No,-0.225261,-1.60072,0.201739
4,738,2,Yes,-0.358561,-1.19939,0.301361
4,739,2,No,-0.000483868,-7.5186,0.000542858
4,740,2,No,-0.925982,-0.50432,0.603881
4,741,2,Yes,-1.57589,-0.231635,0.793189
4,742,2,Yes,-3.50878,-0.0303292,0.970068
4,743,2,Yes,-2.75609,-0.0655851,0.936464
4,744,2,No,-0.225737,-1.59884,0.202119
4,745,2,Yes,-2.43451,-0.0916569,0.912364
4,746,2,Yes,-0.89701,-0.52379,0.592237
4,747,2,Yes,-2.22661,-0.114103,0.892113
4,748,2,Yes,-0.223719,-1.60685,0.200507
4,749,2,No,-0.000451965,-7.57874,0.000511172
4,750,2,Yes,-3.68867,-0.0252625,0.974996
4,751,2,Yes,-3.70953,-0.0247325,0.975512
4,752,2,No,-0.0504519,-3.01064,0.049257
4,753,2,No,-0.422713,-1.06481,0.344772
4,754,2,Yes,-2.74921,-0.0660531,0.936026
4,755,2,Yes,-4.44754,-0.0117165,0.988293
4,756,2,Yes,-4.36801,-0.0126974,0.987324
4,757,2,Yes,-4.10578,-0.016554,0.983524
4,758,2,Yes,-2.89223,-0.0569869,0.944551
4,759,2,No,-0.000178711,-8.34521,0.000237518
4,760,2,No,-2.41405,-0.0936448,0.910553
4,761,2,No,-0.00899005,-4.70947,0.00900906
4,762,2,No,-0.2581,-1.48043,0.227528
4,763,2,Yes,-3.45646,-0.0319878,0.968461
4,764,2,Yes,-4.77349,-0.00842643,0.99155
4,765,2,No,-0.000688909,-7.19789,0.000748116
4,766,2,Yes,-4.41614,-0.012094,0.98792
4,767,2,Yes,-2.29479,-0.106165,0.899223
4,768,2,Yes,-3.47479,-0.0313967,0.969034
4,769,2,Yes,-2.35608,-0.0995236,0.905215
4,770,2,Yes,-0.330008,-1.2689,0.281125
4,771,2,No,-0.696109,-0.690078,0.501508
4,772,2,Yes,-3.60106,-0.0276133,0.972707
4,773,2,No,-0.00373739,-5.57538,0.00378982
4,774,2,Yes,-4.34869,-0.0129488,0.987077
4,775,2,No,-0.011873,-4.4344,0.0118615
4,776,2,Yes,-1.82891,-0.174984,0.839421
4,777,2,No,-0.236862,-1.55609,0.210946
4,778,2,No,-1.55027,-0.238426,0.787821
4,779,2,Yes,-3.4603,-0.0318632,0.968582
4,780,2,Yes,-2.57638,-0.0790327,0.923955
4,781,2,Yes,-4.41749,-0.0120773,0.987936
4,782,2,No,-1.71563,-0.198196,0.820161
4,783,2,No,-0.00532469,-5.22691,0.00536976
4,784,2,No,-3.5525e-05,-9.26609,9.45723e-05
4,785,2,No,-1.20314,-0.356951,0.699766
4,786,2,No,-0.00175666,-6.31177,0.0018147
4,787,2,No,-0.00109303,-6.76683,0.00115127
4,788,2,No,-0.00842204,-4.77415,0.00844478
4,789,2,No,-0.00600618,-5.10814,0.00604695
4,790,2,Yes,-3.16782,-0.042945,0.957907
4,791,2,No,-0.0606437,-2.8319,0.0588973
4,792,2,No,-0.108276,-2.27615,0.102673
4,793,2,No,-0.0255003,-3.67941,0.0252364
4,794,2,No,-0.00918547,-4.68828,0.00920192
4,795,2,No,-0.198067,-1.71622,0.179734
4,796,2,Yes,-1.25313,-0.336243,0.714408
4,797,2,Yes,-0.891913,-0.527315,0.590153
4,798,2,No,-2.15988,-0.122485,0.884667
4,799,2,No,-2.56379,-0.0800746,0.922993
4,800,2,Yes,-2.16642,-0.121634,0.88542
4,801,2,No,-0.000175074,-8.35861,0.000234357
4,802,2,Yes,-4.35403,-0.0128778,0.987146
4,803,2,No,-0.924539,-0.505267,0.603309
4,804,2,No,-0.0581553,-2.87253,0.0565525
4,805,2,Yes,-0.283469,-1.3988,0.246878
4,806,2,No,-0.00362026,-5.60677,0.00367269
4,807,2,Yes,-3.53668,-0.029481,0.970892
4,808,2,No,-0.000830638,-7.02457,0.000889701
4,809,2,Yes,-3.71608,-0.0245692,0.975672
4,810,2,Yes,-0.0940398,-2.41002,0.0898079
4,811,2,No,-0.775585,-0.616882,0.539593
4,812,2,No,-0.000690341,-7.19512,0.000750192
4,813,2,No,-0.64169,-0.747273,0.473629
4,814,2,No,-0.030418,-3.50591,0.0300178
4,815,2,No,-0.0689555,-2.70768,0.0666875
4,816,2,Yes,-2.7181,-0.0682153,0.934004
4,817,2,Yes,-3.08327,-0.0468305,0.954193
4,818,2,Yes,-1.07495,-0.417418,0.658707
4,819,2,No,-0.0495009,-3.02918,0.0483524
4,820,2,Yes,-1.82986,-0.174802,0.839573
4,821,2,Yes,-3.69235,-0.0251681,0.975088
4,822,2,Yes,-4.09855,-0.0166759,0.983404
4,823,2,Yes,-3.21896,-0.0407574,0.960006
4,824,2,Yes,-4.80009,-0.00820309,0.991772
4,825,2,Yes,-1.32445,-0.309099,0.734065
4,826,2,Yes,-0.00771925,-4.86022,0.00774829
4,827,2,No,-0.00122049,-6.66126,0.00127946
4,828,2,Yes,-2.94888,-0.0537588,0.947605
4,829,2,Yes,-3.77484,-0.023147,0.977061
4,830,2,No,-1.77027e-05,-9.4745,7.67802e-05
4,831,2,No,-1.45109,-0.266909,0.765698
4,832,2,Yes,-3.72865,-0.0242581,0.975976
4,833,2,Yes,-4.43088,-0.0119152,0.988097
4,834,2,Yes,-2.05731,-0.136665,0.87221
4,835,2,Yes,-3.60325,-0.0275514,0.972767
4,836,2,Yes,-2.02646,-0.141266,0.868207
4,837,2,Yes,-3.15978,-0.0432997,0.957567
4,838,2,Yes,-2.96568,-0.0528373,0.948478
4,839,2,No,-0.000174359,-8.36273,0.000233394
4,840,2,Yes,-0.667127,-0.719742,0.486849
4,841,2,No,-1.28374,-0.324263,0.723018
4,842,2,No,-3.20082e-05,-9.30053,9.13707e-05
4,843,2,Yes,-3.52356,-0.0298766,0.970507
4,844,2,Yes,-1.71935,-0.197383,0.820828
4,845,2,No,-0.00315508,-5.7418,0.00320879
4,846,2,Yes,-0.15425,-1.9449,0.142993
4,847,2,No,-0.000226344,-8.16088,0.000285593
4,848,2,No,-0.000377547,-7.73578,0.000436884
4,849,2,Yes,-2.7055,-0.0691127,0.933167
4,850,2,No,-0.000193615,-8.28367,0.000252594
4,851,2,Yes,-3.56864,-0.0285387,0.971807
4,852,2,No,-0.130037,-2.10377,0.121988
4,853,2,Yes,-0.458443,-1.00024,0.36777
4,854,2,Yes,-4.43451,-0.0118717,0.98814
4,855,2,No,-0.539502,-0.874622,0.416995
4,856,2,No,-0.0121007,-4.41558,0.0120868
4,857,2,No,-0.100345,-2.34827,0.0955282
4,858,2,No,-0.0577365,-2.87953,0.0561577
4,859,2,Yes,-0.746322,-0.642547,0.52592
4,860,2,No,-0.486099,-0.954413,0.385016
4,861,2,Yes,-2.97586,-0.0522877,0.948999
4,862,2,No,-0.0384877,-3.27503,0.0378135
4,863,2,No,-0.00151105,-6.45723,0.00156904
4,864,2,Yes,-3.89729,-0.0204451,0.979704
4,865,2,No,-0.000342189,-7.81952,0.000401791
4,866,2,No,-0.000295802,-7.94322,0.000355039
4,867,2,No,-0.000248761,-8.08435,0.000308308
4,868,2,Yes,-0.85264,-0.555525,0.573737
4,869,2,Yes,-0.471779,-0.97772,0.376146
4,870,2,No,-0.00206146,-6.15687,0.00211874
4,871,2,No,-0.00467276,-5.35566,0.00472105
4,872,2,Yes,-3.11812,-0.0451868,0.955762
4,873,2,Yes,-2.90234,-0.0563962,0.945109
4,874,2,Yes,-2.60837,-0.0764436,0.92635
4,875,2,No,-0.104502,-2.30974,0.0992814
4,876,2,Yes,-1.90977,-0.160233,0.851895
4,877,2,No,-0.00670848,-4.99893,0.00674477
4,878,2,Yes,-4.57533,-0.010296,0.989698
4,879,2,Yes,-1.87843,-0.165783,0.84718
4,880,2,Yes,-4.4525,-0.0116578,0.988351
4,881,2,No,-0.00649639,-5.03055,0.0065348
4,882,2,Yes,-4.37997,-0.0125452,0.987475
4,883,2,Yes,-4.73381,-0.00877199,0.991208
4,884,2,Yes,-1.27928,-0.325978,0.721779
4,885,2,Yes,-2.25175,-0.111107,0.894791
4,886,2,Yes,-4.34809,-0.0129554,0.987069
4,887,2,No,-1.15443,-0.378597,0.684781
4,888,2,Yes,-0.684318,-0.701937,0.495595
4,889,2,Yes,-0.241759,-1.53799,0.214801
4,890,2,Yes,-1.48751,-0.256025,0.774078
4,891,2,Yes,-4.23875,-0.0144703,0.985575
4,892,2,Yes,-4.41258,-0.0121379,0.987877
4,893,2,Yes,-4.49232,-0.0111976,0.988806
4,894,2,Yes,-4.26551,-0.0140839,0.985956
4,895,2,Yes,-4.00692,-0.0182964,0.981812
4,896,2,No,-0.000152242,-8.46132,0.00021148
4,897,2,No,-0.000140021,-8.52196,0.000199037
4,898,2,Yes,-2.56778,-0.0797435,0.923299
4,899,2,No,-0.000247986,-8.08868,0.000306976
4,900,2,No,-0.000190574,-8.29512,0.000249718
4,901,2,Yes,-4.5034,-0.0110727,0.988929
4,902,2,Yes,-1.16133,-0.375438,0.686948
4,903,2,No,-0.0135582,-4.30317,0.0135249
4,904,2,Yes,-4.1712,-0.0154941,0.984567
4,905,2,Yes,-4.10428,-0.0165798,0.983499
4,906,2,Yes,-4.0769,-0.0170451,0.983041
4,907,2,No,-0.0660491,-2.74927,0.0639709
4,908,2,No,-0.227001,-1.59386,0.203127
4,909,2,No,-0.295574,-1.36276,0.255939
4,910,2,Yes,-1.62131,-0.220123,0.802373
4,911,2,No,-0.000122674,-8.6115,0.00018199
4,912,2,Yes,-0.589161,-0.809082,0.44524
4,913,2,No,-0.14883,-1.97801,0.138336
4,914,2,No,-0.000862732,-6.9893,0.000921636
4,915,2,Yes,-3.68445,-0.0253713,0.97489
4,916,2,No,-0.00449199,-5.39446,0.00454139
4,917,2,Yes,-1.91628,-0.159106,0.852856
4,918,2,Yes,-3.44587,-0.0323347,0.968125
4,919,2,Yes,-4.14728,-0.0158734,0.984194
4,920,2,Yes,-2.29943,-0.105646,0.89969
4,921,2,No,-0.00431693,-5.43369,0.00436669
4,922,2,No,-0.150617,-1.96695,0.139874
4,923,2,Yes,-3.61712,-0.0271658,0.973142
4,924,2,Yes,-4.4343,-0.0118744,0.988137
4,925,2,Yes,-0.337795,-1.24926,0.2867
4,926,2,Yes,-4.72276,-0.00887061,0.99111
4,927,2,Yes,-3.15141,-0.0436723,0.957211
4,928,2,No,-0.000451488,-7.58,0.00051053
4,929,2,No,-0.000113851,-8.66434,0.000172623
4,930,2,Yes,-2.12867,-0.126627,0.881011
4,931,2,No,-0.00867699,-4.74453,0.00869867
4,932,2,No,-0.00751715,-4.88644,0.00754784
4,933,2,Yes,-2.27696,-0.108182,0.89741
4,934,2,No,-0.00091893,-6.93021,0.000977735
4,935,2,No,-0.002362,-6.02455,0.0024185
4,936,2,Yes,-3.11527,-0.0453182,0.955636
4,937,2,No,-0.00112143,-6.74201,0.0011802
4,938,2,No,-0.00411581,-5.48062,0.00416648
4,939,2,No,-0.000533544,-7.43113,0.000592481
4,940,2,Yes,-3.2523,-0.0393917,0.961317
4,941,2,No,-0.00279794,-5.85923,0.00285328
4,942,2,No,-0.054311,-2.93893,0.052919
4,943,2,Yes,-4.87644,-0.00759378,0.992376
4,944,2,Yes,-0.159952,-1.91139,0.147866
4,945,2,No,-0.0247731,-3.70793,0.0245267
4,946,2,Yes,-2.07863,-0.13358,0.874906
4,947,2,Yes,-0.466212,-0.987022,0.372663
4,948,2,Yes,-3.55406,-0.0289645,0.971393
4,949,2,Yes,-4.50705,-0.0110322,0.98897
4,950,2,No,-0.00432328,-5.43212,0.00437355
4,951,2,Yes,-3.45599,-0.0320035,0.968446
4,952,2,Yes,-1.27008,-0.329546,0.719208
4,953,2,Yes,-1.51723,-0.247512,0.780695
4,954,2,Yes,-3.76766,-0.0233158,0.976895
4,955,2,Yes,-0.904066,-0.518961,0.595104
4,956,2,Yes,-3.92013,-0.0199777,0.980163
4,957,2,Yes,-3.44144,-0.0324807,0.967983
4,958,2,Yes,-4.3057,-0.0135226,0.986509
4,959,2,No,-0.00423109,-5.45364,0.00428043
4,960,2,No,-0.00245813,-5.9857,0.00251431
4,961,2,Yes,-3.59076,-0.0279041,0.972424
4,962,2,No,-0.000518456,-7.45621,0.000577806
4,963,2,No,-0.0557657,-2.91325,0.0542958
4,964,2,No,-0.531354,-0.886124,0.412226
4,965,2,No,-0.00104989,-6.80423,0.001109
4,966,2,No,-0.00982283,-4.62191,0.00983343
4,967,2,No,-0.0296351,-3.53156,0.0292576
4,968,2,No,-1.58074,-0.230376,0.794189
4,969,2,Yes,-0.976332,-0.472618,0.623332
4,970,2,Yes,-3.93631,-0.0196525,0.980481
4,971,2,Yes,-3.46214,-0.0318033,0.968639
4,972,2,No,-0.0104181,-4.56368,0.010423
4,973,2,No,-0.0464713,-3.09076,0.0454648
4,974,2,Yes,-1.76974,-0.186714,0.829633
4,975,2,No,-0.379559,-1.15234,0.315877
4,976,2,No,-0.384659,-1.14139,0.319357
4,977,2,Yes,-1.2013,-0.357739,0.699215
4,978,2,Yes,-3.2844,-0.0381213,0.962539
4,979,2,Yes,-0.248993,-1.51198,0.22046
4,980,2,Yes,-0.431181,-1.04892,0.350297
4,981,2,Yes,-0.343903,-1.23422,0.291044
4,982,2,Yes,-0.254934,-1.49125,0.225078
4,983,2,Yes,-2.53698,-0.0823447,0.9209
4,984,2,No,-0.378227,-1.15523,0.314965
4,985,2,No,-0.866598,-0.545281,0.579645
4,986,2,Yes,-0.812008,-0.58682,0.55606
4,987,2,Yes,-0.879495,-0.536031,0.585032
4,988,2,Yes,-3.59965,-0.0276529,0.972668
4,989,2,Yes,-1.49361,-0.254248,0.775454
4,990,2,Yes,-0.537533,-0.877381,0.415846
4,991,2,Yes,-0.683163,-0.703114,0.495013
4,992,2,No,-0.375757,-1.16063,0.313271
4,993,2,Yes,-1.64251,-0.21497,0.806518
4,994,2,Yes,-1.32505,-0.308881,0.734225
4,995,2,Yes,-0.817042,-0.582819,0.558289
4,996,2,Yes,-2.95738,-0.0532908,0.948048
4,997,2,Yes,-2.52303,-0.0835522,0.919789
4,998,2,Yes,-4.24602,-0.0143644,0.98568
4,999,2,Yes,-4.19918,-0.015061,0.984993
4,1000,2,Yes,-2.01439,-0.14311,0.866607
4,1001,2,Yes,-2.45836,-0.0893955,0.91443
4,1002,2,Yes,-3.99069,-0.0185995,0.981514
4,1003,2,Yes,-4.38764,-0.0124475,0.987571
4,1004,2,Yes,-4.53195,-0.0107581,0.989241
4,1005,2,No,-0.336587,-1.25227,0.285838
4,1006,2,Yes,-0.827486,-0.574632,0.562879
4,1007,2,Yes,-2.70825,-0.0689162,0.93335
4,1008,2,Yes,-1.29828,-0.318747,0.727016
4,1009,2,Yes,-4.40138,-0.0122764,0.98774
4,1010,2,Yes,-3.8124,-0.0222819,0.977906
4,1011,2,Yes,-4.08585,-0.0168913,0.983192
4,1012,2,Yes,-3.83,-0.0218884,0.978292
4,1013,2,Yes,-2.16844,-0.121374,0.88565
4,1014,2,Yes,-4.45106,-0.0116746,0.988334
4,1015,2,No,-0.0245667,-3.71619,0.024325
4,1016,2,Yes,-1.65913,-0.211024,0.809707
4,1017,2,Yes,-2.95552,-0.0533923,0.947952
4,1018,2,Yes,-2.93782,-0.0543739,0.947022
4,1019,2,Yes,-4.04411,-0.01762,0.982476
4,1020,2,No,-0.00119,-6.68557,0.00124873
4,1021,2,No,-0.00432741,-5.43132,0.00437707
4,1022,2,No,-0.00474241,-5.3411,0.00479029
4,1023,2,Yes,-4.26171,-0.0141385,0.985903
4,1024,2,Yes,-2.42485,-0.0925888,0.911514
4,1025,2,Yes,-0.606064,-0.788413,0.454539
4,1026,2,Yes,-3.38635,-0.0343558,0.96617
4,1027,2,Yes,-1.15832,-0.376813,0.686005
4,1028,2,Yes,-1.68998,-0.20391,0.815487
4,1029,2,Yes,-2.14586,-0.124326,0.88304
4,1030,2,Yes,-2.06829,-0.135068,0.873605
4,1031,2,Yes,-0.160076,-1.91068,0.147971
4,1032,2,No,-0.0066153,-5.01261,0.00665311
4,1033,2,No,-0.168172,-1.86529,0.154842
4,1034,2,No,-1.71729,-0.197835,0.820458
4,1035,2,Yes,-2.10693,-0.129599,0.878396
4,1036,2,Yes,-3.25087,-0.0394491,0.961262
4,1037,2,Yes,-3.46529,-0.0317013,0.968738
4,1038,2,No,-0.00198645,-6.19286,0.00204385
4,1039,2,No,-0.0281627,-3.58166,0.0278278
4,1040,2,No,-0.0711094,-2.67801,0.0686957
4,1041,2,Yes,-3.48422,-0.0310965,0.969324
4,1042,2,Yes,-3.45997,-0.0318745,0.968571
4,1043,2,No,-0.816035,-0.583616,0.557845
4,1044,2,Yes,-2.30839,-0.104652,0.900584
4,1045,2,Yes,-1.73868,-0.193212,0.824259
4,1046,2,No,-0.00306366,-5.77047,0.00311811
4,1047,2,No,-0.00874253,-4.73712,0.00876331
4,1048,2,No,-0.000144731,-8.49697,0.000204074
4,1049,2,No,-9.92467e-05,-8.74783,0.000158796
4,1050,2,No,-6.41367e-05,-8.99848,0.000123591
4,1051,2,No,-0.000298664,-7.93437,0.000358196
4,1052,2,No,-0.000108129,-8.69253,0.000167825
4,1053,2,No,-0.000207744,-8.22819,0.000267003
4,1054,2,No,-0.0174341,-4.05457,0.0173418
4,1055,2,No,-0.000986586,-6.8632,0.0010455
4,1056,2,No,-0.00156627,-6.42275,0.00162409
4,1057,2,No,-0.00117824,-6.69529,0.00123665
4,1058,2,No,-0.000189382,-8.29775,0.000249061
4,1059,2,No,-7.37933e-05,-8.92718,0.000132724
4,1060,2,No,-0.00310192,-5.7582,0.00315659
4,1061,2,Yes,-2.73905,-0.0667512,0.935372
4,1062,2,Yes,-4.41454,-0.0121137,0.987901
4,1063,2,No,-4.02012,-0.0180534,0.98205
4,1064,2,Yes,-4.6333,-0.00971022,0.990278
4,1065,2,No,-2.10286,-0.130162,0.8779
4,1066,2,No,-0.000192482,-8.28649,0.000251883
4,1067,2,No,-0.000240593,-8.11131,0.000300107
4,1068,2,No,-0.0440654,-3.14265,0.0431655
4,1069,2,No,-0.000933666,-6.915,0.000992718
4,1070,2,No,-7.0634e-05,-8.94912,0.000129844
4,1071,2,No,-2.18155e-05,-9.41868,8.11886e-05
4,1072,2,No,-0.0261886,-3.65318,0.0259071
4,1073,2,No,-2.67628e-05,-9.35586,8.64525e-05
4,1074,2,No,-8.25558e-05,-8.86394,0.000141389
4,1075,2,No,-4.65523e-05,-9.15702,0.00010547
4,1076,2,No,-0.639602,-0.749598,0.472529
4,1077,2,No,-0.00701138,-4.95532,0.00704543
4,1078,2,No,-0.314828,-1.3088,0.270129
4,1079,2,No,-0.0016102,-6.39605,0.00166804
4,1080,2,No,-0.00516111,-5.25772,0.00520687
4,1081,2,No,-0.004304,-5.43659,0.00435406
4,1082,2,Yes,-0.402601,-1.10419,0.331461
4,1083,2,No,-0.00516944,-5.2561,0.00521531
4,1084,2,Yes,-3.74968,-0.0237455,0.976476
4,1085,2,Yes,-4.55735,-0.0104845,0.989511
4,1086,2,Yes,-4.59969,-0.0100453,0.989946
4,1087,2,Yes,-0.109872,-2.2623,0.104104
4,1088,2,No,-0.187487,-1.76598,0.171009
4,1089,2,Yes,-0.982932,-0.468651,0.62581
4,1090,2,Yes,-1.3002,-0.318031,0.727538
4,1091,2,Yes,-3.43069,-0.0328386,0.967637
4,1092,2,Yes,-2.79541,-0.062972,0.938914
4,1093,2,No,-0.00119907,-6.6787,0.00125733
4,1094,2,No,-0.0025186,-5.96164,0.00257552
4,1095,2,No,-0.00105252,-6.80197,0.00111151
4,1096,2,No,-0.00883399,-4.72683,0.00885394
4,1097,2,No,-0.000880748,-6.96917,0.000940376
4,1098,2,No,-0.00499115,-5.29058,0.00503853
4,1099,2,Yes,-0.18234,-1.79131,0.166732
4,1100,2,No,-1.10948,-0.399987,0.67029
4,1101,2,Yes,-3.61492,-0.0272269,0.973083
4,1102,2,Yes,-4.0377,-0.0177352,0.982363
4,1103,2,Yes,-3.58069,-0.0281908,0.972145
4,1104,2,Yes,-0.96853,-0.477362,0.620382
4,1105,2,No,-0.396171,-1.11729,0.327148
4,1106,2,Yes,-0.627004,-0.763851,0.465842
4,1107,2,No,-0.593127,-0.804163,0.447436
4,1108,2,Yes,-3.9349,-0.0196804,0.980454
4,1109,2,Yes,-4.39048,-0.0124114,0.987606
4,1110,2,Yes,-4.79127,-0.00827665,0.991699
4,1111,2,Yes,-4.01248,-0.018194,0.981913
4,1112,2,Yes,-3.25912,-0.0391177,0.96158
4,1113,2,Yes,-2.67143,-0.0715964,0.930851
4,1114,2,Yes,-3.50356,-0.0304907,0.969912
4,1115,2,Yes,-1.69067,-0.203755,0.815614
4,1116,2,No,-0.0732486,-2.64945,0.0706859
4,1117,2,Yes,-2.29548,-0.106088,0.899293
4,1118,2,Yes,-4.46089,-0.0115595,0.988449
4,1119,2,Yes,-2.25798,-0.110376,0.895445
4,1120,2,Yes,-1.99283,-0.146473,0.863698
4,1121,2,Yes,-3.15855,-0.0433553,0.957515
4,1122,2,Yes,-4.562,-0.0104357,0.989559
4,1123,2,Yes,-0.625467,-0.765618,0.465019
4,1124,2,Yes,-4.2498,-0.0143094,0.985734
4,1125,2,Yes,-2.60364,-0.0768207,0.926001
4,1126,2,Yes,-3.65185,-0.0262252,0.974058
4,1127,2,No,-1.93592,-0.155757,0.855717
4,1128,2,No,-0.422946,-1.06437,0.344924
4,1129,2,No,-0.52985,-0.888274,0.411341
4,1130,2,No,-1.69871,-0.201945,0.817092
4,1131,2,Yes,-3.02275,-0.0498292,0.951336
4,1132,2,Yes,-2.09616,-0.131098,0.87708
4,1133,2,Yes,-4.07037,-0.0171582,0.98293
4,1134,2,Yes,-4.55295,-0.010532,0.989465
4,1135,2,Yes,-4.1485,-0.0158532,0.984213
4,1136,2,Yes,-3.67295,-0.0256687,0.9746
4,1137,2,Yes,-3.95502,-0.0192838,0.980843
4,1138,2,Yes,-0.245777,-1.52343,0.217949
4,1139,2,No,-0.553985,-0.854719,0.425378
4,1140,2,Yes,-3.91271,-0.0201275,0.980015
4,1141,2,Yes,-2.73511,-0.0670242,0.935117
4,1142,2,Yes,-4.06458,-0.017259,0.982831
4,1143,2,Yes,-5.22034,-0.00536088,0.994595
4,1144,2,Yes,-4.29247,-0.0137052,0.98633
4,1145,2,No,-0.493324,-0.942981,0.389442
4,1146,2,Yes,-2.46933,-0.088375,0.915363
4,1147,2,Yes,-3.83405,-0.021798,0.978379
4,1148,2,Yes,-2.93097,-0.0547579,0.946658
4,1149,2,Yes,-3.39469,-0.0340654,0.966451
4,1150,2,Yes,-0.207501,-1.67426,0.187436
4,1151,2,Yes,-3.13761,-0.0442933,0.956616
4,1152,2,Yes,-2.17628,-0.120366,0.886544
4,1153,2,No,-0.0651645,-2.7623,0.0631423
4,1154,2,No,-0.000637317,-7.26977,0.000696228
4,1155,2,No,-0.00642188,-5.04204,0.00646015
4,1156,2,No,-0.0023335,-6.03643,0.00238994
4,1157,2,No,-0.00203369,-6.17019,0.00209072
4,1158,2,No,-0.00168489,-6.35209,0.001743
4,1159,2,No,-0.52733,-0.891891,0.409856
4,1160,2,Yes,-1.32074,-0.310442,0.733079
4,1161,2,Yes,-0.976386,-0.472585,0.623352
4,1162,2,No,-0.0334293,-3.41319,0.0329342
4,1163,2,Yes,-1.48289,-0.257375,0.773033
4,1164,2,No,-0.0126033,-4.37537,0.0125828
4,1165,2,No,-0.0601515,-2.83979,0.0584343
4,1166,2,Yes,-2.15394,-0.12326,0.883981
4,1167,2,Yes,-1.99917,-0.145474,0.864561
4,1168,2,Yes,-3.12552,-0.0448453,0.956089
4,1169,2,Yes,-0.475288,-0.971928,0.378331
4,1170,2,Yes,-2.11688,-0.12823,0.8796
4,1171,2,No,-0.136578,-2.0579,0.127714
4,1172,2,Yes,-3.34292,-0.0359119,0.964668
4,1173,2,No,-0.322139,-1.28931,0.275445
4,1174,2,No,-0.472151,-0.977104,0.376377
4,1175,2,Yes,-2.71995,-0.0680851,0.934126
4,1176,2,No,-0.781893,-0.611532,0.542488
4,1177,2,Yes,-3.75369,-0.0236497,0.97657
4,1178,2,Yes,-2.70206,-0.0693589,0.932937
4,1179,2,No,-0.125066,-2.1403,0.117613
4,1180,2,Yes,-4.47709,-0.0113715,0.988634
4,1181,2,Yes,-0.737908,-0.650192,0.521915
4,1182,2,Yes,-3.07013,-0.0474641,0.953588
4,1183,2,No,-0.00437392,-5.4208,0.00442333
4,1184,2,Yes,-4.03699,-0.0177467,0.982351
4,1185,2,No,-2.34342,-0.100859,0.904007
4,1186,2,Yes,-2.27871,-0.107983,0.89759
4,1187,2,No,-0.480395,-0.963593,0.381497
4,1188,2,No,-0.266555,-1.45224,0.234032
4,1189,2,No,-0.00492209,-5.30442,0.0049693
4,1190,2,No,-0.000303613,-7.92042,0.000363226
4,1191,2,No,-0.000165774,-8.39934,0.000225003
4,1192,2,No,-0.000139246,-8.52324,0.000198782
4,1193,2,No,-6.93822e-05,-8.95716,0.000128804
4,1194,2,No,-0.00404591,-5.49733,0.00409744
4,1195,2,No,-0.0145693,-4.23202,0.0145222
4,1196,2,No,-0.000286382,-7.96999,0.000345661
4,1197,2,No,-0.000836364,-7.01821,0.000895372
4,1198,2,No,-0.000393528,-7.70042,0.00045261
4,1199,2,No,-0.00103133,-6.82104,0.00109052
4,1200,2,No,-0.000126608,-8.5902,0.000185909
4,1201,2,No,-0.000213646,-8.20527,0.000273193
4,1202,2,Yes,-4.66294,-0.00942389,0.990562
4,1203,2,Yes,-4.6566,-0.00948382,0.990502
4,1204,2,Yes,-4.91342,-0.00731455,0.992653
4,1205,2,Yes,-4.60316,-0.0100102,0.989981
4,1206,2,No,-0.000102764,-8.72856,0.000161885
4,1207,2,No,-0.000619484,-7.29488,0.000678965
4,1208,2,No,-1.34707e-05,-9.52755,7.28138e-05
4,1209,2,No,-0.000158144,-8.43308,0.000217538
4,1210,2,No,-7.582e-05,-8.90987,0.000135042
4,1211,2,No,-9.9187e-05,-8.75168,0.000158186
4,1212,2,No,-0.00595503,-5.11648,0.00599675
4,1213,2,No,-0.00480218,-5.32868,0.00485016
4,1214,2,No,-0.789769,-0.604936,0.546077
4,1215,2,No,-0.0243339,-3.72556,0.0240983
4,1216,2,No,-0.00297882,-5.79788,0.0030338
4,1217,2,Yes,-0.900761,-0.521216,0.593763
4,1218,2,No,-0.154549,-1.94311,0.143249
4,1219,2,No,-0.412892,-1.08375,0.338305
4,1220,2,Yes,-0.479883,-0.964423,0.381181
4,1221,2,Yes,-4.09886,-0.01667,0.983409
4,1222,2,Yes,-3.88984,-0.0205996,0.979553
4,1223,2,Yes,-2.63137,-0.0746386,0.928024
4,1224,2,No,-0.00134803,-6.56674,0.0014063
4,1225,2,No,-0.00134344,-6.56996,0.00140177
4,1226,2,No,-0.000754939,-7.11333,0.000814127
4,1227,2,No,-0.00725162,-4.92194,0.00728456
4,1228,2,No,-0.00198836,-6.19175,0.00204612
4,1229,2,No,-0.00635643,-5.05211,0.00639544
4,1230,2,No,-0.00846189,-4.7693,0.00848578
4,1231,2,No,-0.00245252,-5.98764,0.00250944
4,1232,2,No,-0.0337243,-3.40455,0.0332199
4,1233,2,No,-0.00250014,-5.96905,0.0025565
4,1234,2,Yes,-2.47485,-0.0878655,0.91583
4,1235,2,Yes,-3.41774,-0.0332745,0.967215
4,1236,2,Yes,-4.20348,-0.0149964,0.985057
4,1237,2,Yes,-1.72903,-0.195282,0.822554
4,1238,2,No,-0.0436246,-3.15247,0.0427437
4,1239,2,No,-0.0140197,-4.26999,0.0139811
4,1240,2,Yes,-3.22531,-0.0404926,0.960259
4,1241,2,Yes,-1.98183,-0.148219,0.862191
4,1242,2,Yes,-4.72849,-0.00881883,0.991161
4,1243,2,Yes,-4.56642,-0.0103889,0.989606
4,1244,2,No,-0.00128668,-6.61096,0.00134546
4,1245,2,Yes,-3.16426,-0.0431015,0.957757
4,1246,2,Yes,-4.00762,-0.0182834,0.981824
4,1247,2,No,-0.000930384,-6.91837,0.000989385
4,1248,2,No,-0.000498717,-7.49093,0.000558089
4,1249,2,No,-0.213839,-1.64724,0.192569
4,1250,2,No,-0.00177995,-6.2993,0.00183748
4,1251,2,Yes,-4.76914,-0.0084646,0.991513
4,1252,2,Yes,-3.63312,-0.026728,0.973568
4,1253,2,No,-0.00286644,-5.83538,0.00292214
4,1254,2,No,-0.000698333,-7.18549,0.00075745
4,1255,2,No,-0.000432466,-7.61781,0.000491587
4,1256,2,Yes,-1.59308,-0.227201,0.796714
4,1257,2,Yes,-0.981741,-0.469363,0.625364
4,1258,2,Yes,-4.87477,-0.00760585,0.992364
4,1259,2,Yes,-3.83741,-0.0217239,0.978452
4,1260,2,No,-0.000180738,-8.33545,0.000239847
4,1261,2,Yes,-3.00109,-0.0509492,0.95027
4,1262,2,No,-0.000161422,-8.42071,0.000220245
4,1263,2,Yes,-5.17835,-0.00559294,0.994363
4,1264,2,No,-0.000614116,-7.3027,0.000673677
4,1265,2,Yes,-2.08406,-0.132807,0.875583
4,1266,2,No,-0.0034115,-5.665,0.00346495
4,1267,2,Yes,-4.64307,-0.00961434,0.990373
4,1268,2,No,-0.000338969,-7.8289,0.000398041
4,1269,2,Yes,-4.26407,-0.0141045,0.985936
4,1270,2,No,-0.0519265,-2.9826,0.0506578
4,1271,2,No,-0.0757259,-2.61745,0.0729846
4,1272,2,No,-0.00555632,-5.18485,0.00560046
4,1273,2,Yes,-4.23873,-0.0144702,0.985575
4,1274,2,No,-0.000809162,-7.049,0.000868228
4,1275,2,Yes,-3.80371,-0.0224793,0.977714
4,1276,2,No,-0.000670061,-7.22341,0.000729269
4,1277,2,No,-0.00626544,-5.06633,0.00630515
4,1278,2,No,-0.0975212,-2.37541,0.0929705
4,1279,2,No,-7.60584e-05,-8.90738,0.000135378
4,1280,2,No,-0.0615925,-2.81686,0.05979
4,1281,2,Yes,-4.73995,-0.00871716,0.991261
4,1282,2,No,-3.94177,-0.0195442,0.980587
4,1283,2,No,-0.000315776,-7.88943,0.000374661
4,1284,2,No,-9.14377e-05,-8.80021,0.000150692
4,1285,2,No,-0.316164,-1.3052,0.271103
4,1286,2,Yes,-5.04576,-0.00639716,0.993564
4,1287,2,Yes,-2.66347,-0.0721906,0.930298
4,1288,2,No,-0.000105267,-8.70954,0.000164995
4,1289,2,No,-0.000105863,-8.70927,0.000165039
4,1290,2,Yes,-5.00851,-0.00664296,0.99332
4,1291,2,No,-1.43052e-05,-9.51347,7.38462e-05
4,1292,2,No,-0.000146936,-8.48479,0.000206574
4,1293,2,No,-0.000137339,-8.53363,0.000196727
4,1294,2,No,-2.74781e-05,-9.35188,8.67969e-05
4,1295,2,Yes,-4.27593,-0.0139367,0.986102
4,1296,2,Yes,-4.03979,-0.017697,0.9824
4,1297,2,No,-7.55815e-05,-8.91115,0.000134869
4,1298,2,No,-0.000190872,-8.29266,0.000250333
4,1299,2,No,-0.000274934,-8.00316,0.000334384
4,1300,2,Yes,-3.67561,-0.025599,0.974668
4,1301,2,No,-0.113094,-2.23499,0.106987
4,1302,2,No,-1.30331,-0.316868,0.728384
4,1303,2,No,-0.00157988,-6.41448,0.00163757
4,1304,2,No,-0.00366171,-5.5955,0.00371432
4,1305,2,No,-1.17757,-0.36812,0.691993
4,1306,2,Yes,-4.27374,-0.0139677,0.986071
4,1307,2,No,-0.00611058,-5.09107,0.00615107
4,1308,2,No,-0.00402503,-5.50261,0.00407589
4,1309,2,No,-0.00440853,-5.41301,0.00445794
4,1310,2,Yes,-3.82005,-0.0221099,0.978075
4,1311,2,Yes,-3.78828,-0.0228337,0.977367
4,1312,2,Yes,-4.14575,-0.0158973,0.984169
4,1313,2,Yes,-3.8543,-0.0213554,0.978813
4,1314,2,Yes,-1.28693,-0.323044,0.723899
4,1315,2,No,-0.218318,-1.62868,0.196177
4,1316,2,Yes,-2.52176,-0.083663,0.919687
4,1317,2,No,-0.106973,-2.28761,0.101503
4,1318,2,No,-0.000478859,-7.52782,0.000537877
4,1319,2,No,-0.564721,-0.840395,0.431515
4,1320,2,Yes,-5.08262,-0.00616288,0.993797
4,1321,2,No,-0.000647397,-7.25503,0.000706573
4,1322,2,Yes,-3.52739,-0.0297604,0.97062
4,1323,2,No,-0.87671,-0.538011,0.583874
4,1324,2,No,-0.0782486,-2.58594,0.0753206
4,1325,2,Yes,-3.0819,-0.046895,0.954131
4,1326,2,Yes,-4.41163,-0.0121492,0.987865
4,1327,2,Yes,-2.9312,-0.054745,0.94667
4,1328,2,Yes,-5.1518,-0.00574579,0.994211
4,1329,2,No,-0.0104437,-4.56127,0.0104481
4,1330,2,No,-0.324281,-1.2837,0.276995
4,1331,2,Yes,-2.31333,-0.104107,0.901075
4,1332,2,Yes,-0.453359,-1.00904,0.364547
4,1333,2,Yes,-2.9752,-0.0523238,0.948966
4,1334,2,Yes,-2.52643,-0.0832558,0.920061
4,1335,2,Yes,-2.44966,-0.0902126,0.913682
4,1336,2,Yes,-2.412,-0.0938456,0.910369
4,1337,2,Yes,-3.44082,-0.0325011,0.967963
4,1338,2,Yes,-2.25378,-0.110868,0.895005
4,1339,2,Yes,-4.24516,-0.0143766,0.985667
4,1340,2,Yes,-3.9495,-0.0193915,0.980737
4,1341,2,Yes,-3.21372,-0.040975,0.959796
4,1342,2,Yes,-3.49778,-0.0306706,0.969737
4,1343,2,Yes,-4.78764,-0.0083064,0.991668
4,1344,2,Yes,-3.32755,-0.0364791,0.964121
4,1345,2,Yes,-1.96321,-0.151227,0.859602
4,1346,2,No,-0.0339946,-3.39671,0.0334812
4,1347,2,Yes,-4.65231,-0.00952528,0.990461
4,1348,2,Yes,-3.21945,-0.0407361,0.960026
4,1349,2,Yes,-1.77616,-0.185401,0.830723
4,1350,2,No,-3.90065,-0.020375,0.979772
4,1351,2,Yes,-0.619558,-0.772457,0.461849
4,1352,2,Yes,-0.314562,-1.30951,0.269935
4,1353,2,Yes,-5.21263,-0.00540211,0.994553
4,1354,2,No,-0.841435,-0.563933,0.568934
4,1355,2,Yes,-4.53447,-0.0107305,0.989268
4,1356,2,Yes,-3.44816,-0.0322596,0.968198
4,1357,2,Yes,-2.89058,-0.0570832,0.944459
4,1358,2,No,-0.33234,-1.26296,0.282799
4,1359,2,Yes,-4.71343,-0.00895408,0.991027
4,1360,2,No,-0.432553,-1.04638,0.351188
4,1361,2,Yes,-1.27904,-0.326072,0.721711
4,1362,2,Yes,-1.1059,-0.401755,0.669106
4,1363,2,No,-1.44141,-0.26989,0.763419
4,1364,2,Yes,-2.40622,-0.0944168,0.90985
4,1365,2,Yes,-1.78551,-0.183506,0.832298
4,1366,2,Yes,-3.53278,-0.0295979,0.970778
4,1367,2,Yes,-0.856575,-0.552613,0.575411
4,1368,2,Yes,-4.33287,-0.0131565,0.986871
4,1369,2,Yes,-2.35283,-0.0998655,0.904905
4,1370,2,Yes,-2.63082,-0.0746803,0.927985
4,0,3,No,-0.000305103,-7.91758,0.000364262
4,1,3,No,-0.000117666,-8.64273,0.000176394
4,2,3,No,-0.0277059,-3.59776,0.0273833
4,3,3,Yes,-2.71849,-0.0681888,0.934029
4,4,3,No,-0.0086435,-4.74839,0.00866516
4,5,3,Yes,-2.23959,-0.112545,0.893505
4,6,3,No,-0.33495,-1.25637,0.284668
4,7,3,No,-0.0309699,-3.48822,0.0305533
4,8,3,No,-1.30636,-0.315733,0.729211
4,9,3,No,-0.0110797,-4.50284,0.0110769
4,10,3,No,-0.0014738,-6.48093,0.00153229
4,11,3,No,-0.00371819,-5.58036,0.00377099
4,12,3,No,-0.000767585,-7.0985,0.000826292
4,13,3,No,-0.0680211,-2.72086,0.0658141
4,14,3,Yes,-0.108293,-2.276,0.102688
4,15,3,Yes,-1.11179,-0.398851,0.671051
4,16,3,No,-0.00280152,-5.85798,0.00285684
4,17,3,No,-0.00119239,-6.6839,0.00125081
4,18,3,Yes,-2.87659,-0.0579123,0.943677
4,19,3,Yes,-2.72749,-0.0675553,0.934621
4,20,3,Yes,-1.92329,-0.157902,0.853883
4,21,3,Yes,-4.40783,-0.012197,0.987819
4,22,3,Yes,-3.06238,-0.0478433,0.953227
4,23,3,Yes,-2.8478,-0.0596573,0.942032
4,24,3,Yes,-2.71167,-0.0686716,0.933578
4,25,3,Yes,-3.0181,-0.0500683,0.951109
4,26,3,No,-0.124105,-2.14753,0.116766
4,27,3,No,-0.0189922,-3.97005,0.0188715
4,28,3,No,-1.00568,-0.455292,0.634225
4,29,3,Yes,-0.874728,-0.539425,0.583049
4,30,3,Yes,-4.30065,-0.0135922,0.986441
4,31,3,Yes,-2.8742,-0.0580545,0.943542
4,32,3,No,-0.503909,-0.926608,0.395871
4,33,3,Yes,-1.18109,-0.366558,0.693075
4,34,3,Yes,-0.675321,-0.711177,0.491037
4,35,3,No,-1.02167,-0.446184,0.640028
4,36,3,Yes,-3.34478,-0.0358428,0.964734
4,37,3,Yes,-4.59021,-0.0101424,0.98985
4,38,3,Yes,-1.91217,-0.159818,0.852249
4,39,3,No,-0.00135549,-6.56145,0.00141375
4,40,3,Yes,-3.35411,-0.0355037,0.965062
4,41,3,Yes,-2.49863,-0.0857087,0.917807
4,42,3,No,-0.000108308,-8.69497,0.000167415
4,43,3,Yes,-3.89852,-0.0204198,0.979729
4,44,3,Yes,-4.58994,-0.0101456,0.989847
4,45,3,No,-0.376397,-1.15923,0.31371
4,46,3,No,-1.2835,-0.324355,0.72295
4,47,3,Yes,-3.8693,-0.0210337,0.979128
4,48,3,Yes,-3.88881,-0.0206213,0.979532
4,49,3,No,-0.00532397,-5.22703,0.00536912
4,50,3,No,-0.00782275,-4.84699,0.00785149
4,51,3,No,-0.05277,-2.96693,0.0514582
4,52,3,No,-0.00891355,-4.718,0.00893253
4,53,3,No,-0.00535423,-5.22159,0.00539844
4,54,3,Yes,-4.47778,-0.0113635,0.988642
4,55,3,Yes,-1.16351,-0.374445,0.68763
4,56,3,Yes,-1.74941,-0.19094,0.826134
4,57,3,Yes,-3.33018,-0.0363812,0.964215
4,58,3,Yes,-4.62659,-0.0097766,0.990213
4,59,3,No,-0.00033408,-7.84035,0.000393506
4,60,3,Yes,-2.15633,-0.122947,0.884258
4,61,3,Yes,-4.86793,-0.00765889,0.992311
4,62,3,Yes,-4.43945,-0.0118128,0.988198
4,63,3,Yes,-0.260033,-1.47389,0.229019
4,64,3,Yes,-2.56811,-0.0797162,0.923324
4,65,3,Yes,-2.90148,-0.0564463,0.945061
4,66,3,Yes,-1.7548,-0.189808,0.827069
4,67,3,Yes,-4.41622,-0.012093,0.987921
4,68,3,No,-0.32738,-1.27565,0.279232
4,69,3,No,-0.0316082,-3.46818,0.0311718
4,70,3,Yes,-3.68448,-0.0253699,0.974891
4,71,3,No,-0.00161379,-6.39398,0.00167149
4,72,3,Yes,-1.18138,-0.366433,0.693162
4,73,3,No,-4.84598e-05,-9.13555,0.00010776
4,74,3,Yes,-2.38051,-0.0970005,0.907502
4,75,3,No,-0.713954,-0.67265,0.510325
4,76,3,No,-0.0331361,-3.42183,0.0326508
4,77,3,No,-0.000132152,-8.56362,0.000190915
4,78,3,Yes,-4.67223,-0.00933545,0.990649
4,79,3,Yes,-3.90779,-0.0202286,0.979916
4,80,3,Yes,-0.23002,-1.58211,0.205529
4,81,3,Yes,-0.284249,-1.39643,0.247465
4,82,3,No,-3.61098,-0.0273361,0.972976
4,83,3,Yes,-2.10005,-0.130555,0.877557
4,84,3,Yes,-2.43142,-0.0919541,0.912094
4,85,3,Yes,-3.52896,-0.029713,0.970666
4,86,3,Yes,-4.12908,-0.0161684,0.983903
4,87,3,Yes,-4.34085,-0.0130506,0.986975
4,88,3,Yes,-2.85438,-0.0592532,0.942412
4,89,3,Yes,-2.62749,-0.0749405,0.927744
4,90,3,Yes,-2.72119,-0.0679971,0.934208
4,91,3,Yes,-3.11994,-0.045103,0.955843
4,92,3,Yes,-0.493137,-0.943274,0.389328
4,93,3,Yes,-3.00225,-0.0508886,0.950328
4,94,3,Yes,-0.511281,-0.915462,0.400308
4,95,3,Yes,-4.61225,-0.00991981,0.990071
4,96,3,Yes,-3.83198,-0.0218439,0.978335
4,97,3,No,-0.149972,-1.97093,0.139319
4,98,3,Yes,-3.52034,-0.0299758,0.970412
4,99,3,No,-0.024818,-3.70616,0.0245702
4,100,3,No,-0.293811,-1.3679,0.254627
4,101,3,Yes,-1.91431,-0.159448,0.852565
4,102,3,Yes,-2.39263,-0.0957736,0.908616
4,103,3,Yes,-1.27136,-0.32905,0.719565
4,104,3,No,-0.221762,-1.61468,0.198942
4,105,3,No,-0.838937,-0.565829,0.567856
4,106,3,No,-0.00017412,-8.36442,0.000232998
4,107,3,No,-0.0103888,-4.56647,0.010394
4,108,3,No,-0.0110981,-4.50111,0.011096
4,109,3,No,-0.0259475,-3.66231,0.0256716
4,110,3,Yes,-3.71051,-0.0247091,0.975536
4,111,3,No,-0.00123583,-6.64968,0.00129436
4,112,3,No,-0.0104481,-4.56085,0.0104526
4,113,3,No,-0.477507,-0.968292,0.379709
4,114,3,Yes,-2.95222,-0.0535737,0.94778
4,115,3,No,-0.000124283,-8.60646,0.00018291
4,116,3,No,-0.000144015,-8.50101,0.000203251
4,117,3,Yes,-4.85216,-0.0077825,0.992189
4,118,3,No,-0.488397,-0.950752,0.386427
4,119,3,No,-9.17954e-05,-8.79632,0.000151279
4,120,3,Yes,-4.70114,-0.00906595,0.990916
4,121,3,Yes,-4.61187,-0.00992342,0.990067
4,122,3,No,-0.00827184,-4.79182,0.00829681
4,123,3,Yes,-4.12416,-0.0162492,0.983824
4,124,3,No,-0.000765497,-7.10035,0.000824769
4,125,3,No,-0.262612,-1.46526,0.231005
4,126,3,Yes,-2.79977,-0.0626901,0.93918
4,127,3,Yes,-3.38764,-0.0343109,0.966214
4,128,3,No,-0.167844,-1.86708,0.154565
4,129,3,No,-0.000152659,-8.46016,0.000211726
4,130,3,No,-0.000133643,-8.55369,0.00019282
4,131,3,No,-0.000123508,-8.60481,0.000183211
4,132,3,No,-0.000755357,-7.11243,0.00081486
4,133,3,Yes,-2.41556,-0.0934962,0.910688
4,134,3,Yes,-3.83653,-0.021743,0.978433
4,135,3,No,-0.000762813,-7.10384,0.000821894
4,136,3,Yes,-0.429789,-1.0515,0.349392
4,137,3,Yes,-1.63584,-0.216578,0.805222
4,138,3,Yes,-0.280336,-1.40842,0.244514
4,139,3,Yes,-3.02555,-0.0496864,0.951472
4,140,3,No,-0.291305,-1.37527,0.252756
4,141,3,Yes,-3.56984,-0.0285032,0.971841
4,142,3,No,-0.0018067,-6.28492,0.0018641
4,143,3,No,-3.3406,-0.0359968,0.964586
4,144,3,No,-9.77521e-06,-9.58211,6.8947e-05
4,145,3,Yes,-2.53048,-0.0829056,0.920384
4,146,3,Yes,-1.9078,-0.160576,0.851603
4,147,3,Yes,-1.99152,-0.146679,0.86352
4,148,3,Yes,-0.354447,-1.209,0.298479
4,149,3,Yes,-3.57629,-0.0283173,0.972022
4,150,3,Yes,-2.91828,-0.0554779,0.945976
4,151,3,Yes,-0.592162,-0.805357,0.446902
4,152,3,Yes,-2.43127,-0.0919686,0.91208
4,153,3,Yes,-2.2583,-0.110339,0.895478
4,154,3,No,-2.80171,-0.062564,0.939297
4,155,3,Yes,-3.48983,-0.0309205,0.969496
4,156,3,Yes,-4.01361,-0.0181727,0.981933
4,157,3,Yes,-1.77256,-0.186137,0.830112
4,158,3,Yes,-1.92835,-0.15704,0.85462
4,159,3,Yes,-1.77608,-0.185415,0.83071
4,160,3,Yes,-3.43975,-0.0325371,0.967929
4,161,3,No,-2.63138,-0.0746388,0.928025
4,162,3,No,-0.412283,-1.08494,0.337902
4,163,3,Yes,-1.3513,-0.299547,0.741111
4,164,3,Yes,-4.21432,-0.0148319,0.985219
4,165,3,No,-0.548372,-0.862349,0.422144
4,166,3,Yes,-4.4585,-0.0115876,0.988421
4,167,3,Yes,-1.91266,-0.159732,0.852322
4,168,3,No,-0.127657,-2.12107,0.119897
4,169,3,Yes,-1.98726,-0.147353,0.862938
4,170,3,Yes,-3.75832,-0.0235382,0.976679
4,171,3,Yes,-2.85667,-0.0591145,0.942543
4,172,3,No,-0.130389,-2.10123,0.122298
4,173,3,No,-0.00490873,-5.30709,0.00495602
4,174,3,Yes,-4.24122,-0.0144336,0.985611
4,175,3,Yes,-4.27988,-0.0138809,0.986156
4,176,3,No,-0.00127444,-6.62059,0.00133257
4,177,3,No,-0.0057889,-5.14446,0.00583125
4,178,3,Yes,-3.87288,-0.0209572,0.979203
4,179,3,No,-0.00859691,-4.75367,0.00861945
4,180,3,No,-0.00882383,-4.72797,0.00884387
4,181,3,No,-0.0710398,-2.67896,0.0686301
4,182,3,Yes,-3.00074,-0.0509685,0.950253
4,183,3,No,-0.737346,-0.650707,0.521646
4,184,3,No,-1.14964,-0.380809,0.683268
4,185,3,Yes,-3.9703,-0.0189883,0.981133
4,186,3,Yes,-2.8715,-0.0582167,0.943389
4,187,3,Yes,-0.411403,-1.08667,0.337319
4,188,3,Yes,-2.13419,-0.125884,0.881666
4,189,3,Yes,-2.61814,-0.0756717,0.927066
4,190,3,Yes,-2.01799,-0.142558,0.867086
4,191,3,Yes,-1.51103,-0.249261,0.779331
4,192,3,No,-0.000670956,-7.22248,0.000729947
4,193,3,No,-0.00501823,-5.2853,0.00506522
4,194,3,Yes,-2.50603,-0.085049,0.918413
4,195,3,No,-0.000135192,-8.54744,0.000194029
4,196,3,No,-0.000202199,-8.24996,0.000261254
4,197,3,No,-0.000387863,-7.71213,0.000447339
4,198,3,Yes,-0.230034,-1.58206,0.20554
4,199,3,No,-0.000522035,-7.4496,0.000581641
4,200,3,No,-0.951067,-0.4882,0.613694
4,201,3,No,-0.00660216,-5.01465,0.00663956
4,202,3,Yes,-4.4769,-0.0113733,0.988632
4,203,3,No,-0.000549229,-7.4048,0.000608288
4,204,3,Yes,-0.967501,-0.477992,0.619991
4,205,3,No,-7.9635e-05,-8.87877,0.000139307
4,206,3,Yes,-3.58976,-0.0279318,0.972396
4,207,3,Yes,-4.99609,-0.00672739,0.993236
4,208,3,Yes,-3.75032,-0.0237303,0.976491
4,209,3,Yes,-4.547,-0.0105958,0.989402
4,210,3,Yes,-0.263174,-1.46339,0.231437
4,211,3,Yes,-2.82916,-0.0608156,0.940941
4,212,3,Yes,-0.143384,-2.01262,0.13363
4,213,3,No,-1.69875e-05,-9.48574,7.59227e-05
4,214,3,No,-0.0011681,-6.70331,0.00122677
4,215,3,Yes,-3.97618,-0.0188746,0.981244
4,216,3,Yes,-4.82122,-0.00802954,0.991944
4,217,3,No,-0.00810177,-4.81237,0.00812807
4,218,3,Yes,-3.17988,-0.0424188,0.958412
4,219,3,Yes,-3.54779,-0.0291498,0.971213
4,220,3,Yes,-3.94626,-0.0194556,0.980674
4,221,3,Yes,-1.22878,-0.346148,0.707366
4,222,3,No,-1.20209,-0.357398,0.699453
4,223,3,Yes,-4.71277,-0.00896058,0.991021
4,224,3,Yes,-2.8941,-0.0568774,0.944654
4,225,3,Yes,-0.553507,-0.855363,0.425104
4,226,3,No,-0.0456054,-3.10912,0.0446375
4,227,3,No,-0.502463,-0.928818,0.394997
4,228,3,Yes,-2.225,-0.114299,0.891938
4,229,3,Yes,-4.53998,-0.0106705,0.989327
4,230,3,No,-0.000215434,-8.19904,0.000274901
4,231,3,Yes,-2.55093,-0.0811551,0.921996
4,232,3,Yes,-2.51873,-0.0839286,0.919443
4,233,3,Yes,-3.98982,-0.0186158,0.981498
4,234,3,No,-0.200803,-1.70383,0.181975
4,235,3,Yes,-2.6909,-0.0701657,0.932184
4,236,3,No,-0.000169053,-8.38486,0.000228284
4,237,3,No,-0.0002803,-7.98672,0.000339926
4,238,3,No,-0.00428497,-5.44095,0.00433511
4,239,3,No,-0.0979348,-2.37139,0.0933456
4,240,3,Yes,-4.168,-0.0155435,0.984518
4,241,3,No,-1.77623e-05,-9.4732,7.68804e-05
4,242,3,Yes,-0.292895,-1.37059,0.253943
4,243,3,Yes,-0.310789,-1.31979,0.267175
4,244,3,No,-0.0029099,-5.82093,0.00296466
4,245,3,No,-0.637692,-0.751734,0.47152
4,246,3,Yes,-3.63978,-0.0265477,0.973744
4,247,3,No,-0.394404,-1.12093,0.325959
4,248,3,Yes,-4.28041,-0.0138733,0.986164
4,249,3,No,-0.53034,-0.887573,0.41163
4,250,3,Yes,-2.9427,-0.0541017,0.94728
4,251,3,Yes,-1.38975,-0.286455,0.750877
4,252,3,Yes,-3.41714,-0.0332955,0.967196
4,253,3,No,-0.00199403,-6.18912,0.00205151
4,254,3,No,-0.0309423,-3.4891,0.0305265
4,255,3,No,-0.000318578,-7.88188,0.000377501
4,256,3,Yes,-1.53692,-0.242051,0.78497
4,257,3,Yes,-4.91342,-0.00731503,0.992653
4,258,3,Yes,-3.60063,-0.0276252,0.972695
4,259,3,Yes,-3.76248,-0.0234396,0.976775
4,260,3,No,-0.0161166,-4.13226,0.0160456
4,261,3,Yes,-0.695008,-0.691173,0.500959
4,262,3,Yes,-3.00573,-0.0507077,0.9505
4,263,3,Yes,-1.50585,-0.250733,0.778184
4,264,3,No,-0.000285487,-7.97228,0.00034487
4,265,3,Yes,-4.44217,-0.01178,0.98823
4,266,3,No,-0.000691713,-7.1939,0.000751108
4,267,3,Yes,-3.68179,-0.0254396,0.974824
4,268,3,No,-0.000197669,-8.26447,0.00025749
4,269,3,Yes,-2.25123,-0.111167,0.894736
4,270,3,No,-0.0254885,-3.6799,0.025224
4,271,3,Yes,-2.60147,-0.076995,0.92584
4,272,3,No,-1.21037,-0.353865,0.701929
4,273,3,No,-0.0025394,-5.95392,0.00259549
4,274,3,No,-0.00475654,-5.33816,0.00480443
4,275,3,No,-0.00138772,-6.53871,0.00144627
4,276,3,Yes,-1.55781,-0.236403,0.789416
4,277,3,No,-0.103171,-2.3219,0.0980813
4,278,3,Yes,-4.31402,-0.0134102,0.986621
4,279,3,No,-0.0169083,-4.08486,0.0168245
4,280,3,No,-0.000117786,-8.64036,0.000176812
4,281,3,No,-0.00497773,-5.29342,0.00502423
4,282,3,No,-0.000559844,-7.38713,0.000619134
4,283,3,Yes,-4.07447,-0.0170869,0.983
4,284,3,Yes,-4.03678,-0.0177515,0.982347
4,285,3,Yes,-3.63912,-0.0265659,0.973726
4,286,3,No,-0.00167397,-6.35863,0.00173163
4,287,3,Yes,-3.3776,-0.0346645,0.965873
4,288,3,No,-7.58796e-05,-8.90777,0.000135326
4,289,3,No,-1.52569,-0.245148,0.782543
4,290,3,Yes,-0.440379,-1.03208,0.356246
4,291,3,Yes,-4.77104,-0.00844734,0.991529
4,292,3,No,-0.000633798,-7.27364,0.000693544
4,293,3,Yes,-4.12254,-0.0162761,0.983798
4,294,3,Yes,-4.43076,-0.0119169,0.988095
4,295,3,Yes,-4.73655,-0.00874764,0.991232
4,296,3,No,-0.113401,-2.23244,0.10726
4,297,3,No,-0.00304118,-5.77762,0.0030959
4,298,3,No,-0.00222507,-6.08269,0.0022819
4,299,3,No,-0.110939,-2.25317,0.10506
4,300,3,Yes,-1.73618,-0.193746,0.823819
4,301,3,Yes,-2.40168,-0.0948678,0.90944
4,302,3,Yes,-2.09937,-0.130649,0.877473
4,303,3,Yes,-0.811111,-0.587537,0.555662
4,304,3,Yes,-2.72407,-0.0677947,0.934397
4,305,3,Yes,-2.26396,-0.10968,0.896068
4,306,3,Yes,-3.03014,-0.0494525,0.951694
4,307,3,Yes,-1.03423,-0.439191,0.64452
4,308,3,Yes,-1.12382,-0.39301,0.674982
4,309,3,No,-3.55527,-0.0289292,0.971428
4,310,3,No,-0.0148028,-4.21628,0.0147525
4,311,3,No,-0.0034313,-5.65936,0.00348455
4,312,3,Yes,-2.42521,-0.0925552,0.911546
4,313,3,No,-0.00499475,-5.29008,0.00504108
4,314,3,Yes,-4.69453,-0.00912742,0.990855
4,315,3,No,-0.000239282,-8.11651,0.000298551
4,316,3,No,-0.000446717,-7.589,0.000505955
4,317,3,Yes,-4.3929,-0.0123824,0.987636
4,318,3,Yes,-4.83194,-0.00794297,0.992029
4,319,3,No,-0.0236067,-3.75546,0.0233883
4,320,3,No,-0.00521408,-5.24745,0.0052606
4,321,3,No,-0.000265037,-8.03359,0.000324362
4,322,3,No,-0.000174418,-8.36089,0.000233823
4,323,3,No,-0.000309575,-7.90426,0.000369144
4,324,3,No,-0.000108129,-8.69349,0.000167664
4,325,3,No,-0.0023099,-6.04619,0.00236671
4,326,3,No,-0.0103791,-4.56744,0.0103839
4,327,3,Yes,-3.97262,-0.0189428,0.981177
4,328,3,Yes,-3.91056,-0.0201722,0.979972
4,329,3,Yes,-4.55429,-0.0105177,0.989479
4,330,3,No,-0.660486,-0.72679,0.48343
4,331,3,No,-0.0529117,-2.96431,0.0515928
4,332,3,No,-0.196391,-1.7239,0.178358
4,333,3,Yes,-1.23183,-0.344885,0.70826
4,334,3,Yes,-4.4228,-0.0120129,0.988
4,335,3,Yes,-4.03901,-0.0177112,0.982386
4,336,3,Yes,-3.78448,-0.0229218,0.977281
4,337,3,Yes,-2.57205,-0.0793896,0.923626
4,338,3,Yes,-3.7201,-0.0244693,0.97577
4,339,3,No,-7.95158e-05,-8.88614,0.000138284
4,340,3,No,-0.000116176,-8.64711,0.000175623
4,341,3,No,-1.90718,-0.160685,0.85151
4,342,3,No,-1.21718,-0.350985,0.703953
4,343,3,No,-0.00107155,-6.7849,0.00113065
4,344,3,Yes,-3.68008,-0.0254835,0.97478
4,345,3,Yes,-0.281739,-1.4041,0.245574
4,346,3,Yes,-2.16563,-0.121737,0.885329
4,347,3,No,-0.111478,-2.24859,0.105542
4,348,3,No,-0.000631114,-7.27887,0.000689924
4,349,3,No,-0.166266,-1.87576,0.153229
4,350,3,Yes,-0.465763,-0.987778,0.372381
4,351,3,No,-0.825074,-0.576509,0.561823
4,352,3,No,-0.201966,-1.69862,0.182926
4,353,3,Yes,-0.975368,-0.473201,0.622968
4,354,3,No,-0.101249,-2.33976,0.0963451
4,355,3,No,-0.158222,-1.92142,0.146391
4,356,3,Yes,-1.7481,-0.191215,0.825906
4,357,3,Yes,-0.75563,-0.634229,0.530313
4,358,3,No,-0.194554,-1.73241,0.176847
4,359,3,No,-0.298395,-1.3546,0.258035
4,360,3,Yes,-1.30696,-0.315509,0.729375
4,361,3,Yes,-3.13471,-0.0444255,0.95649
4,362,3,Yes,-1.86959,-0.167386,0.845823
4,363,3,No,-0.000204644,-8.23943,0.000264019
4,364,3,No,-0.000246674,-8.09277,0.000305723
4,365,3,Yes,-3.58485,-0.0280719,0.972261
4,366,3,Yes,-3.03967,-0.0489708,0.952152
4,367,3,No,-1.4213,-0.276203,0.758614
4,368,3,Yes,-4.04085,-0.0176785,0.982418
4,369,3,Yes,-2.37917,-0.0971376,0.907378
4,370,3,Yes,-2.63029,-0.074722,0.927947
4,371,3,No,-0.0739822,-2.63986,0.0713669
4,372,3,Yes,-3.57211,-0.0284377,0.971905
4,373,3,Yes,-4.11329,-0.0164292,0.983647
4,374,3,Yes,-3.6763,-0.0255816,0.974685
4,375,3,Yes,-3.83664,-0.0217411,0.978435
4,376,3,Yes,-2.4462,-0.0905408,0.913383
4,377,3,Yes,-1.2232,-0.348464,0.70573
4,378,3,No,-0.0538215,-2.94774,0.0524551
4,379,3,Yes,-1.32602,-0.308529,0.734484
4,380,3,Yes,-3.37513,-0.0347509,0.965788
4,381,3,Yes,-0.248019,-1.51543,0.2197
4,382,3,No,-1.70697,-0.200105,0.818596
4,383,3,Yes,-1.33574,-0.305039,0.737051
4,384,3,Yes,-4.06353,-0.0172774,0.982813
4,385,3,No,-0.00285664,-5.83884,0.00291204
4,386,3,Yes,-4.64768,-0.00957029,0.990417
4,387,3,No,-5.14997e-05,-9.1085,0.000110714
4,388,3,No,-0.000171557,-8.37284,0.000231045
4,389,3,No,-5.01884e-05,-9.11914,0.000109543
4,390,3,Yes,-4.41851,-0.0120652,0.987949
4,391,3,Yes,-4.14624,-0.0158896,0.984177
4,392,3,Yes,-4.54504,-0.0106167,0.989381
4,393,3,No,-0.00632854,-5.05646,0.00636768
4,394,3,Yes,-1.78147,-0.18432,0.83162
4,395,3,No,-0.166474,-1.87461,0.153405
4,396,3,No,-0.0529178,-2.9642,0.0515985
4,397,3,No,-0.0205191,-3.89371,0.0203685
4,398,3,Yes,-3.22868,-0.0403544,0.960393
4,399,3,No,-0.000486254,-7.51421,0.000545249
4,400,3,No,-0.000403009,-7.67835,0.000462712
4,401,3,No,-0.118236,-2.19308,0.111566
4,402,3,Yes,-2.60894,-0.0763979,0.926392
4,403,3,Yes,-1.62072,-0.22027,0.802255
4,404,3,Yes,-2.62183,-0.0753823,0.927334
4,405,3,Yes,-3.86058,-0.0212204,0.978945
4,406,3,Yes,-4.90988,-0.0073406,0.992627
4,407,3,No,-1.55409,-0.237398,0.788631
4,408,3,Yes,-4.21994,-0.0147486,0.985301
4,409,3,Yes,-4.31941,-0.0133372,0.986693
4,410,3,Yes,-3.91579,-0.0200655,0.980076
4,411,3,Yes,-1.29411,-0.320321,0.725874
4,412,3,Yes,-2.75713,-0.0655147,0.93653
4,413,3,Yes,-2.67368,-0.0714301,0.931006
4,414,3,Yes,-0.249085,-1.51166,0.220532
4,415,3,Yes,-1.26093,-0.333142,0.716626
4,416,3,Yes,-3.31672,-0.0368846,0.963731
4,417,3,Yes,-0.9752,-0.473303,0.622905
4,418,3,No,-0.0123012,-4.39939,0.0122841
4,419,3,No,-0.030402,-3.50641,0.0300026
4,420,3,No,-0.161121,-1.90468,0.148861
4,421,3,Yes,-0.0380121,-3.28721,0.0373557
4,422,3,No,-0.00702344,-4.95359,0.00705762
4,423,3,No,-0.0121992,-4.40761,0.0121836
4,424,3,No,-0.123892,-2.14915,0.116577
4,425,3,No,-0.0205432,-3.89255,0.020392
4,426,3,No,-0.00341449,-5.66428,0.00346742
4,427,3,No,-0.0012723,-6.62166,0.00133114
4,428,3,Yes,-3.94255,-0.0195295,0.980603
4,429,3,Yes,-2.62842,-0.0748673,0.927812
4,430,3,No,-0.338191,-1.24828,0.286982
4,431,3,No,-1.04026,-0.435878,0.646659
4,432,3,Yes,-0.477806,-0.967803,0.379894
4,433,3,No,-0.0103606,-4.56919,0.0103657
4,434,3,No,-0.0417799,-3.19471,0.040976
4,435,3,Yes,-2.17234,-0.120871,0.886096
4,436,3,No,-0.296099,-1.36123,0.25633
4,437,3,No,-0.0112097,-4.49124,0.0112061
4,438,3,No,-0.000130781,-8.56715,0.000190242
4,439,3,Yes,-3.65498,-0.0261414,0.974139
4,440,3,No,-0.000336107,-7.8362,0.000395146
4,441,3,No,-0.000224854,-8.16562,0.000284243
4,442,3,No,-0.389308,-1.13155,0.322515
4,443,3,Yes,-3.15071,-0.0437041,0.957181
4,444,3,Yes,-3.8187,-0.0221405,0.978045
4,445,3,Yes,-3.68648,-0.0253183,0.974941
4,446,3,No,-4.5506,-0.0105572,0.98944
4,447,3,Yes,-1.30978,-0.314466,0.730136
4,448,3,No,-0.029086,-3.54993,0.0287249
4,449,3,No,-0.121332,-2.16876,0.114312
4,450,3,No,-0.0388949,-3.26472,0.0382054
4,451,3,Yes,-2.54199,-0.0819156,0.921295
4,452,3,No,-2.59016,-0.0779068,0.924996
4,453,3,Yes,-3.6436,-0.0264445,0.973844
4,454,3,No,-0.00486794,-5.31539,0.00491506
4,455,3,No,-0.000394243,-7.69912,0.0004532
4,456,3,Yes,-4.85765,-0.00773937,0.992232
4,457,3,No,-0.00165217,-6.37114,0.00171011
4,458,3,No,-5.43609e-05,-9.08352,0.000113514
4,459,3,Yes,-3.12461,-0.0448877,0.956049
4,460,3,No,-1.14877,-0.381213,0.682992
4,461,3,Yes,-2.76392,-0.0650562,0.936959
4,462,3,No,-0.100103,-2.35056,0.0953099
4,463,3,No,-0.00585365,-5.13344,0.00589588
4,464,3,No,-0.000848713,-7.00475,0.000907503
4,465,3,No,-0.00263836,-5.91643,0.00269465
4,466,3,No,-0.000156892,-8.43956,0.000216134
4,467,3,No,-0.0269491,-3.625,0.0266475
4,468,3,Yes,-3.14114,-0.0441343,0.956769
4,469,3,No,-0.00520401,-5.24949,0.0052499
4,470,3,No,-0.366409,-1.18143,0.306821
4,471,3,No,-0.13181,-2.0911,0.123544
4,472,3,No,-0.00019743,-8.26806,0.000256567
4,473,3,No,-0.000898646,-6.95078,0.000957834
4,474,3,No,-0.0065217,-5.02682,0.00655925
4,475,3,Yes,-3.13375,-0.0444699,0.956448
4,476,3,No,-1.1942,-0.36081,0.69707
4,477,3,Yes,-2.12375,-0.127293,0.880424
4,478,3,Yes,-4.50038,-0.0111067,0.988896
4,479,3,No,-0.00208553,-6.14566,0.00214263
4,480,3,No,-0.00176896,-6.30539,0.00182632
4,481,3,No,-0.00113647,-6.72963,0.00119491
4,482,3,No,-0.00156143,-6.4258,0.00161914
4,483,3,No,-0.000482318,-7.52015,0.00054202
4,484,3,Yes,-3.38425,-0.0344295,0.966099
4,485,3,Yes,-3.85642,-0.0213091,0.978858
4,486,3,Yes,-3.18185,-0.0423331,0.958494
4,487,3,Yes,-3.69461,-0.0251101,0.975144
4,488,3,No,-1.16956,-0.37171,0.689514
4,489,3,No,-0.0672149,-2.73238,0.0650607
4,490,3,No,-0.0057332,-5.15394,0.00577625
4,491,3,Yes,-3.0974,-0.0461564,0.954836
4,492,3,No,-0.0104951,-4.55639,0.0104993
4,493,3,Yes,-3.87533,-0.0209051,0.979254
4,494,3,Yes,-3.91535,-0.0200743,0.980068
4,495,3,Yes,-2.02487,-0.141509,0.867997
4,496,3,Yes,-1.4303,-0.273357,0.760777
4,497,3,Yes,-0.363153,-1.18882,0.304561
4,498,3,Yes,-4.46306,-0.011534,0.988474
4,499,3,Yes,-3.24408,-0.0397232,0.960998
4,500,3,Yes,-3.52807,-0.0297396,0.97064
4,501,3,Yes,-0.0901822,-2.44999,0.0862891
4,502,3,Yes,-0.246958,-1.51921,0.218873
4,503,3,No,-0.86013,-0.549996,0.576918
4,504,3,Yes,-3.05687,-0.0481145,0.952968
4,505,3,Yes,-2.73131,-0.0672884,0.93487
4,506,3,Yes,-1.77328,-0.185986,0.830236
4,507,3,No,-1.09529,-0.407042,0.665577
4,508,3,Yes,-3.87672,-0.0208755,0.979283
4,509,3,Yes,-4.10362,-0.0165902,0.983488
4,510,3,No,-0.160637,-1.90745,0.148449
4,511,3,No,-2.13142,-0.126255,0.881338
4,512,3,Yes,-4.21601,-0.0148077,0.985244
4,513,3,No,-0.00510252,-5.26899,0.00514853
4,514,3,Yes,-2.26735,-0.109288,0.89642
4,515,3,No,-0.428511,-1.05389,0.34856
4,516,3,Yes,-2.58763,-0.0781123,0.924806
4,517,3,No,-0.970051,-0.476432,0.620959
4,518,3,No,-1.25012,-0.337449,0.713547
4,519,3,Yes,-3.63621,-0.0266443,0.97365
4,520,3,Yes,-4.22021,-0.0147447,0.985305
4,521,3,No,-0.408297,-1.0928,0.335258
4,522,3,Yes,-1.87851,-0.165769,0.847192
4,523,3,No,-0.800808,-0.595852,0.55106
4,524,3,No,-2.8092,-0.0620816,0.93975
4,525,3,No,-0.000781842,-7.08065,0.000841177
4,526,3,Yes,-4.24529,-0.0143747,0.985669
4,527,3,Yes,-2.42864,-0.0922234,0.911849
4,528,3,No,-0.27373,-1.42911,0.239508
4,529,3,No,-0.000817454,-7.03931,0.000876677
4,530,3,Yes,-3.53502,-0.0295304,0.970844
4,531,3,No,-0.409986,-1.08946,0.33638
4,532,3,No,-1.95316,-0.152879,0.858183
4,533,3,No,-0.000120766,-8.62105,0.00018026
4,534,3,No,-1.31131e-05,-9.53125,7.25447e-05
4,535,3,No,-3.29619e-05,-9.2954,9.184e-05
4,536,3,No,-7.14089e-05,-8.94269,0.000130681
4,537,3,No,-0.0216391,-3.84127,0.021465
4,538,3,No,-0.0108854,-4.52029,0.0108853
4,539,3,Yes,-3.29861,-0.0375721,0.963068
4,540,3,Yes,-0.0904211,-2.44747,0.0865073
4,541,3,No,-0.0466752,-3.08648,0.0456596
4,542,3,No,-0.000100677,-8.7361,0.000160669
4,543,3,No,-0.0784776,-2.58314,0.0755321
4,544,3,Yes,-2.97357,-0.0524105,0.948883
4,545,3,No,-6.09178e-05,-9.02966,0.000119796
4,546,3,No,-0.000477786,-7.53044,0.000536469
4,547,3,Yes,-3.26584,-0.0388503,0.961837
4,548,3,Yes,-2.62486,-0.0751453,0.927554
4,549,3,Yes,-3.96627,-0.0190646,0.981057
4,550,3,No,-0.00011713,-8.64037,0.00017681
4,551,3,No,-0.00103849,-6.81468,0.00109747
4,552,3,No,-0.849544,-0.557831,0.572415
4,553,3,No,-0.000127681,-8.58466,0.000186941
4,554,3,No,-1.67124,-0.208199,0.811997
4,555,3,Yes,-0.302704,-1.34231,0.261226
4,556,3,Yes,-1.45705,-0.26509,0.767092
4,557,3,No,-0.00738852,-4.9035,0.00742012
4,558,3,No,-0.0069696,-4.96111,0.00700469
4,559,3,Yes,-2.99444,-0.0512993,0.949938
4,560,3,No,-0.000985512,-6.86406,0.0010446
4,561,3,Yes,-2.47802,-0.0875762,0.916095
4,562,3,Yes,-3.03838,-0.0490366,0.95209
4,563,3,Yes,-4.44259,-0.0117747,0.988235
4,564,3,Yes,-4.94833,-0.0070609,0.992905
4,565,3,Yes,-3.26617,-0.0388375,0.96185
4,566,3,No,-1.40059,-0.282884,0.753563
4,567,3,Yes,-2.02233,-0.141897,0.867661
4,568,3,Yes,-0.71942,-0.667433,0.512994
4,569,3,Yes,-1.07807,-0.415809,0.659768
4,570,3,Yes,-1.31683,-0.311872,0.732032
4,571,3,Yes,-2.69659,-0.0697537,0.932569
4,572,3,Yes,-3.20467,-0.0413559,0.95943
4,573,3,No,-0.290344,-1.37812,0.252038
4,574,3,No,-7.87408e-05,-8.88983,0.000137775
4,575,3,Yes,-4.97546,-0.00686955,0.993095
4,576,3,Yes,-0.859074,-0.550772,0.576471
4,577,3,No,-0.072128,-2.6643,0.0696439
4,578,3,Yes,-2.92143,-0.055298,0.946146
4,579,3,No,-0.142455,-2.01867,0.132825
4,580,3,No,-0.0040027,-5.50806,0.00405372
4,581,3,No,-0.00204677,-6.16406,0.00210357
4,582,3,No,-0.00632428,-5.05708,0.00636372
4,583,3,Yes,-2.64855,-0.0733174,0.929251
4,584,3,Yes,-4.28804,-0.0137672,0.986269
4,585,3,Yes,-1.19771,-0.359286,0.698134
4,586,3,No,-0.0219635,-3.82661,0.0217821
4,587,3,No,-0.0229166,-3.7847,0.0227143
4,588,3,No,-0.0101034,-4.59402,0.0101115
4,589,3,No,-0.00316297,-5.73923,0.00321704
4,590,3,Yes,-4.14089,-0.0159761,0.984092
4,591,3,No,-0.0110591,-4.50463,0.0110571
4,592,3,No,-0.0195429,-3.94185,0.0194112
4,593,3,Yes,-0.0377718,-3.29341,0.0371247
4,594,3,No,-2.89278,-0.0569537,0.944581
4,595,3,No,-0.43317,-1.04524,0.351588
4,596,3,Yes,-1.14527,-0.38284,0.681882
4,597,3,Yes,-4.59323,-0.0101121,0.98988
4,598,3,Yes,-0.340924,-1.24152,0.288929
4,599,3,Yes,-1.90375,-0.161285,0.851
4,600,3,Yes,-0.433847,-1.04399,0.352026
4,601,3,Yes,-0.509734,-0.917782,0.39938
4,602,3,No,-0.319773,-1.29556,0.273729
4,603,3,Yes,-4.01412,-0.0181635,0.981942
4,604,3,No,-0.917373,-0.510007,0.600456
4,605,3,No,-0.00175356,-6.31371,0.00181119
4,606,3,No,-0.000439025,-7.604,0.000498423
4,607,3,No,-0.0176877,-4.04031,0.0175909
4,608,3,Yes,-0.807277,-0.590612,0.553955
4,609,3,No,-0.000351312,-7.79845,0.000410345
4,610,3,No,-0.10562,-2.29967,0.100286
4,611,3,Yes,-1.98219,-0.148162,0.86224
4,612,3,Yes,-0.75497,-0.634815,0.530003
4,613,3,Yes,-2.06022,-0.13624,0.872582
4,614,3,Yes,-4.62674,-0.00977486,0.990214
4,615,3,No,-1.75277,-0.190235,0.826716
4,616,3,Yes,-1.47785,-0.258861,0.771885
4,617,3,Yes,-4.59142,-0.0101306,0.989862
4,618,3,Yes,-1.82398,-0.17593,0.838628
4,619,3,Yes,-3.62782,-0.0268725,0.973427
4,620,3,Yes,-4.28486,-0.0138112,0.986225
4,621,3,No,-0.11391,-2.22821,0.107714
4,622,3,Yes,-3.6572,-0.0260831,0.974197
4,623,3,Yes,-0.388719,-1.13279,0.322114
4,624,3,Yes,-3.1035,-0.0458686,0.955111
4,625,3,Yes,-2.08775,-0.132283,0.876042
4,626,3,Yes,-4.88847,-0.00750093,0.992467
4,627,3,No,-0.00012172,-8.61511,0.000181334
4,628,3,Yes,-3.4226,-0.03311,0.967375
4,629,3,Yes,-1.77855,-0.184915,0.831126
4,630,3,Yes,-0.720161,-0.666729,0.513355
4,631,3,Yes,-2.6224,-0.0753379,0.927376
4,632,3,Yes,-1.47264,-0.260405,0.770694
4,633,3,Yes,-0.659136,-0.728235,0.482732
4,634,3,Yes,-2.11258,-0.128818,0.879082
4,635,3,No,-0.00295025,-5.80745,0.00300489
4,636,3,No,-0.352364,-1.21391,0.297017
4,637,3,Yes,-2.43721,-0.0913978,0.912601
4,638,3,Yes,-2.71038,-0.0687627,0.933493
4,639,3,Yes,-0.218118,-1.62949,0.196017
4,640,3,No,-0.00123768,-6.6482,0.00129628
4,641,3,No,-0.212891,-1.65122,0.191804
4,642,3,No,-0.269683,-1.44207,0.236423
4,643,3,Yes,-3.90342,-0.0203189,0.979828
4,644,3,Yes,-3.82735,-0.0219464,0.978234
4,645,3,Yes,-2.36167,-0.0989404,0.905743
4,646,3,Yes,-1.69034,-0.203829,0.815554
4,647,3,Yes,-0.597892,-0.798309,0.450063
4,648,3,No,-0.00109422,-6.7656,0.00115269
4,649,3,No,-1.57241,-0.232543,0.792468
4,650,3,No,-0.251876,-1.50185,0.222705
4,651,3,Yes,-3.08647,-0.0466758,0.95434
4,652,3,No,-0.809625,-0.588726,0.555001
4,653,3,No,-0.000187534,-8.30484,0.000247303
4,654,3,Yes,-0.911334,-0.514046,0.598036
4,655,3,Yes,-4.07865,-0.0170156,0.983071
4,656,3,No,-2.2469,-0.111678,0.89428
4,657,3,Yes,-0.997983,-0.459758,0.631399
4,658,3,Yes,-4.43209,-0.0119012,0.988111
4,659,3,Yes,-0.577987,-0.823183,0.439006
4,660,3,Yes,-4.29156,-0.0137179,0.986317
4,661,3,No,-1.1746,-0.369446,0.691077
4,662,3,Yes,-2.48557,-0.0868855,0.916727
4,663,3,No,-0.0993145,-2.35808,0.0945961
4,664,3,No,-0.000745097,-7.1258,0.000804041
4,665,3,No,-2.39017e-05,-9.39486,8.31451e-05
4,666,3,Yes,-4.38166,-0.0125238,0.987496
4,667,3,Yes,-2.88743,-0.0572693,0.944284
4,668,3,Yes,-4.19231,-0.0151663,0.98489
4,669,3,Yes,-3.31284,-0.0370307,0.963589
4,670,3,Yes,-1.22363,-0.348284,0.705857
4,671,3,No,-0.00759678,-4.87594,0.00762745
4,672,3,No,-0.00526363,-5.23835,0.00530869
4,673,3,No,-0.000723266,-7.1527,0.000782697
4,674,3,No,-0.000111646,-8.67177,0.000171345
4,675,3,No,-5.51954e-05,-9.07353,0.000114655
4,676,3,No,-3.82073e-05,-9.23453,9.76039e-05
4,677,3,Yes,-1.62845,-0.218374,0.803777
4,678,3,No,-0.0041704,-5.46758,0.00422116
4,679,3,No,-2.92674,-0.0549972,0.946432
4,680,3,No,-0.00136779,-6.5524,0.0014266
4,681,3,No,-0.000476056,-7.53271,0.000535255
4,682,3,No,-0.0275548,-3.60314,0.0272364
4,683,3,Yes,-1.24377,-0.34001,0.711721
4,684,3,No,-0.851217,-0.556584,0.57313
4,685,3,No,-0.152809,-1.95358,0.141757
4,686,3,No,-0.00468833,-5.35235,0.00473671
4,687,3,No,-0.00108384,-6.77467,0.00114228
4,688,3,No,-0.000111705,-8.67366,0.000171022
4,689,3,Yes,-4.69876,-0.0090876,0.990894
4,690,3,No,-0.137742,-2.04999,0.128728
4,691,3,Yes,-1.51306,-0.248687,0.779778
4,692,3,No,-7.25415e-05,-8.93518,0.000131667
4,693,3,No,-0.00139536,-6.53345,0.0014539
4,694,3,No,-0.00240191,-6.00831,0.0024581
4,695,3,No,-0.000865118,-6.98689,0.000923863
4,696,3,Yes,-1.39517,-0.284663,0.752224
4,697,3,No,-0.000295504,-7.94428,0.000354665
4,698,3,No,-4.87578e-05,-9.13163,0.000108183
4,699,3,No,-0.00152424,-6.44884,0.00158227
4,700,3,No,-0.00161952,-6.39042,0.00167745
4,701,3,Yes,-2.25662,-0.110534,0.895303
4,702,3,Yes,-1.79377,-0.181849,0.833678
4,703,3,No,-0.0954177,-2.39617,0.0910606
4,704,3,No,-0.0208516,-3.87785,0.0206941
4,705,3,No,-0.0141354,-4.26187,0.014095
4,706,3,No,-0.740741,-0.647603,0.523268
4,707,3,No,-0.00102053,-6.8312,0.0010795
4,708,3,No,-0.00017269,-8.36795,0.000232177
4,709,3,Yes,-4.61214,-0.00992017,0.99007
4,710,3,Yes,-1.15268,-0.379405,0.684228
4,711,3,No,-0.00394699,-5.52186,0.00399816
4,712,3,No,-0.00860238,-4.75309,0.00862452
4,713,3,No,-0.371928,-1.16907,0.310637
4,714,3,Yes,-2.6963,-0.0697738,0.93255
4,715,3,Yes,-2.34296,-0.100907,0.903963
4,716,3,Yes,-2.70123,-0.0694182,0.932881
4,717,3,No,-9.73391e-05,-8.76262,0.000156465
4,718,3,No,-0.000230637,-8.14628,0.000289795
4,719,3,No,-0.000609464,-7.31022,0.000668631
4,720,3,No,-0.000935575,-6.91346,0.000994251
4,721,3,No,-0.000458584,-7.56526,0.00051811
4,722,3,No,-0.002236,-6.0782,0.00229217
4,723,3,No,-0.61837,-0.773844,0.461209
4,724,3,No,-0.00028662,-7.9696,0.000345796
4,725,3,No,-0.145723,-1.99759,0.135654
4,726,3,No,-0.99694,-0.460367,0.631015
4,727,3,Yes,-4.6745,-0.00931439,0.99067
4,728,3,Yes,-4.47424,-0.0114042,0.988602
4,729,3,No,-0.00773,-4.85884,0.00775899
4,730,3,Yes,-4.62891,-0.00975391,0.990235
4,731,3,Yes,-2.22357,-0.114472,0.891784
4,732,3,Yes,-3.941,-0.0195589,0.980572
4,733,3,Yes,-4.17956,-0.0153634,0.984696
4,734,3,Yes,-0.54832,-0.862421,0.422114
4,735,3,No,-0.00260627,-5.92854,0.0026622
4,736,3,Yes,-0.72459,-0.662549,0.515505
4,737,3,No,-0.203656,-1.69111,0.184305
4,738,3,Yes,-0.453832,-1.00822,0.364848
4,739,3,No,-0.000510107,-7.47105,0.000569297
4,740,3,No,-0.66373,-0.723336,0.485103
4,741,3,Yes,-1.34548,-0.301588,0.739599
4,742,3,Yes,-3.38019,-0.0345727,0.965961
4,743,3,Yes,-3.00948,-0.0505132,0.950685
4,744,3,No,-0.208717,-1.669,0.188423
4,745,3,Yes,-2.34534,-0.100655,0.904191
4,746,3,Yes,-1.05707,-0.426813,0.652547
4,747,3,Yes,-2.25361,-0.110887,0.894987
4,748,3,Yes,-0.209639,-1.66504,0.189171
4,749,3,No,-0.000574873,-7.36299,0.000634261
4,750,3,Yes,-3.968,-0.0190316,0.98109
4,751,3,Yes,-3.71311,-0.0246431,0.9756
4,752,3,No,-0.0633474,-2.78966,0.0614383
4,753,3,No,-0.380933,-1.14937,0.316817
4,754,3,Yes,-3.36495,-0.0351137,0.965438
4,755,3,Yes,-4.18346,-0.0153033,0.984755
4,756,3,Yes,-4.43588,-0.0118548,0.988156
4,757,3,Yes,-3.93126,-0.0197534,0.980382
4,758,3,Yes,-3.32156,-0.0367028,0.963906
4,759,3,No,-0.000146936,-8.48692,0.000206135
4,760,3,No,-2.41329,-0.0937187,0.910485
4,761,3,No,-0.00762699,-4.87196,0.00765787
4,762,3,No,-0.203261,-1.69285,0.183983
4,763,3,Yes,-4.10821,-0.0165141,0.983564
4,764,3,Yes,-4.69516,-0.00912105,0.990861
4,765,3,No,-0.000920004,-6.92937,0.000978564
4,766,3,Yes,-4.56671,-0.0103863,0.989609
4,767,3,Yes,-2.32281,-0.103073,0.902008
4,768,3,Yes,-3.93478,-0.0196826,0.980451
4,769,3,Yes,-2.6328,-0.0745269,0.928128
4,770,3,Yes,-0.460998,-0.995862,0.369383
4,771,3,No,-0.60535,-0.789272,0.454149
4,772,3,Yes,-3.83808,-0.0217094,0.978466
4,773,3,No,-0.00480283,-5.32848,0.00485114
4,774,3,Yes,-4.22856,-0.0146207,0.985427
4,775,3,No,-0.0128708,-4.35457,0.0128472
4,776,3,Yes,-1.78664,-0.183279,0.832487
4,777,3,No,-0.203563,-1.69152,0.184229
4,778,3,No,-1.49489,-0.253879,0.77574
4,779,3,Yes,-3.6873,-0.0252969,0.974962
4,780,3,Yes,-2.83643,-0.0603613,0.941369
4,781,3,Yes,-4.54746,-0.0105909,0.989407
4,782,3,No,-1.45358,-0.266147,0.766281
4,783,3,No,-0.00597206,-5.11368,0.00601355
4,784,3,No,-7.582e-05,-8.90942,0.000135102
4,785,3,No,-0.998694,-0.459343,0.631661
4,786,3,No,-0.0013512,-6.56423,0.00140983
4,787,3,No,-0.00138934,-6.53781,0.00144758
4,788,3,No,-0.0115806,-4.45907,0.0115725
4,789,3,No,-0.00567572,-5.16403,0.00571825
4,790,3,Yes,-3.31041,-0.0371223,0.963501
4,791,3,No,-0.0562701,-2.90451,0.0547723
4,792,3,No,-0.176562,-1.8207,0.161903
4,793,3,No,-0.029041,-3.55146,0.028681
4,794,3,No,-0.00615148,-5.08449,0.00619167
4,795,3,No,-0.17199,-1.8447,0.158063
4,796,3,Yes,-1.28543,-0.323616,0.723485
4,797,3,Yes,-0.890938,-0.527993,0.589753
4,798,3,No,-2.0717,-0.134576,0.874036
4,799,3,No,-2.88569,-0.057371,0.944187
4,800,3,Yes,-2.16673,-0.121595,0.885455
4,801,3,No,-0.000256869,-8.05785,0.000316587
4,802,3,Yes,-4.59921,-0.0100512,0.989941
4,803,3,No,-0.883922,-0.532902,0.586865
4,804,3,No,-0.0874252,-2.47966,0.0837667
4,805,3,Yes,-0.295528,-1.36289,0.255905
4,806,3,No,-0.00251538,-5.96317,0.00257159
4,807,3,Yes,-3.32622,-0.0365287,0.964074
4,808,3,No,-0.000615071,-7.30213,0.000674063
4,809,3,Yes,-3.77134,-0.0232292,0.97698
4,810,3,Yes,-0.133663,-2.07804,0.125167
4,811,3,No,-0.806323,-0.591383,0.553529
4,812,3,No,-0.000394899,-7.69635,0.000454456
4,813,3,No,-0.521294,-0.900647,0.406283
4,814,3,No,-0.0307139,-3.49639,0.0303047
4,815,3,No,-0.0545954,-2.93386,0.0531883
4,816,3,Yes,-2.7094,-0.0688334,0.933427
4,817,3,Yes,-3.09597,-0.0462247,0.954771
4,818,3,Yes,-1.19343,-0.361144,0.696838
4,819,3,No,-0.0444409,-3.13436,0.0435248
4,820,3,Yes,-1.97414,-0.149454,0.861127
4,821,3,Yes,-3.48044,-0.031216,0.969208
4,822,3,Yes,-4.04272,-0.0176454,0.982451
4,823,3,Yes,-3.23337,-0.0401602,0.960578
4,824,3,Yes,-4.75308,-0.00860256,0.991375
4,825,3,Yes,-0.912643,-0.513167,0.598562
4,826,3,Yes,-0.00773193,-4.85853,0.00776141
4,827,3,No,-0.00089435,-6.95518,0.000953625
4,828,3,Yes,-3.20177,-0.0414791,0.959312
4,829,3,Yes,-3.57362,-0.0283943,0.971948
4,830,3,No,-6.13351e-05,-9.0238,0.0001205
4,831,3,No,-1.63309,-0.217243,0.804687
4,832,3,Yes,-3.52832,-0.0297328,0.970647
4,833,3,Yes,-4.49034,-0.0112202,0.988784
4,834,3,Yes,-2.0213,-0.142051,0.867525
4,835,3,Yes,-3.62862,-0.0268508,0.973449
4,836,3,Yes,-2.23074,-0.113605,0.892558
4,837,3,Yes,-2.96172,-0.0530542,0.948273
4,838,3,Yes,-3.09739,-0.0461567,0.954835
4,839,3,No,-0.000157488,-8.43777,0.00021652
4,840,3,Yes,-0.838358,-0.566271,0.567605
4,841,3,No,-1.36564,-0.294585,0.744797
4,842,3,No,-3.45713e-05,-9.2728,9.39392e-05
4,843,3,Yes,-3.85162,-0.0214126,0.978756
4,844,3,Yes,-1.74042,-0.192841,0.824565
4,845,3,No,-0.00562219,-5.17336,0.00566518
4,846,3,Yes,-0.141299,-2.02625,0.131821
4,847,3,No,-0.000547082,-7.40744,0.000606688
4,848,3,No,-0.000748676,-7.12154,0.000807475
4,849,3,Yes,-2.93183,-0.0547098,0.946704
4,850,3,No,-0.000176326,-8.35283,0.000235716
4,851,3,Yes,-3.71133,-0.0246881,0.975556
4,852,3,No,-0.138934,-2.04197,0.129765
4,853,3,Yes,-0.552323,-0.856966,0.424423
4,854,3,Yes,-4.30306,-0.0135594,0.986474
4,855,3,No,-0.611459,-0.781978,0.457473
4,856,3,No,-0.0152285,-4.18826,0.0151717
4,857,3,No,-0.101181,-2.34039,0.0962846
4,858,3,No,-0.0810429,-2.55226,0.0779009
4,859,3,Yes,-0.669898,-0.71683,0.488269
4,860,3,No,-0.481231,-0.962238,0.382014
4,861,3,Yes,-3.05483,-0.0482152,0.952872
4,862,3,No,-0.0423001,-3.18261,0.0414749
4,863,3,No,-0.00204014,-6.16707,0.00209725
4,864,3,Yes,-3.7347,-0.0241092,0.976121
4,865,3,No,-0.000333365,-7.84326,0.000392364
4,866,3,No,-0.000366159,-7.76317,0.000425082
4,867,3,No,-0.000345826,-7.81057,0.000405403
4,868,3,Yes,-0.899559,-0.522039,0.593275
4,869,3,Yes,-0.665474,-0.721486,0.486001
4,870,3,No,-0.0023804,-6.01717,0.00243642
4,871,3,No,-0.00531402,-5.22887,0.00535927
4,872,3,Yes,-3.11997,-0.0451008,0.955844
4,873,3,Yes,-2.57512,-0.0791363,0.923859
4,874,3,Yes,-2.19424,-0.118091,0.888563
4,875,3,No,-0.127104,-2.12513,0.119411
4,876,3,Yes,-1.79462,-0.181679,0.83382
4,877,3,No,-0.00799085,-4.82602,0.00801789
4,878,3,Yes,-4.37351,-0.0126272,0.987394
4,879,3,Yes,-2.03538,-0.13992,0.869376
4,880,3,Yes,-4.3939,-0.0123691,0.987648
4,881,3,No,-0.0147075,-4.22267,0.0146586
4,882,3,Yes,-4.3316,-0.0131733,0.986854
4,883,3,Yes,-4.52547,-0.0108286,0.989171
4,884,3,Yes,-1.09359,-0.407897,0.665008
4,885,3,Yes,-2.19516,-0.117975,0.888666
4,886,3,Yes,-4.43688,-0.0118435,0.988168
4,887,3,No,-1.04375,-0.433976,0.647889
4,888,3,Yes,-0.689788,-0.6964,0.498347
4,889,3,Yes,-0.264399,-1.45933,0.232378
4,890,3,Yes,-1.64135,-0.215251,0.806292
4,891,3,Yes,-3.92507,-0.019878,0.98026
4,892,3,Yes,-4.31212,-0.0134349,0.986596
4,893,3,Yes,-4.32075,-0.013319,0.986711
4,894,3,Yes,-4.36506,-0.0127352,0.987287
4,895,3,Yes,-4.06903,-0.017182,0.982907
4,896,3,No,-0.000150453,-8.46929,0.000209801
4,897,3,No,-0.000156415,-8.44261,0.000215473
4,898,3,Yes,-2.67505,-0.0713294,0.9311
4,899,3,No,-0.000258241,-8.05574,0.000317258
4,900,3,No,-0.000265395,-8.03265,0.000324667
4,901,3,Yes,-4.53788,-0.0106938,0.989305
4,902,3,Yes,-1.05915,-0.425707,0.65327
4,903,3,No,-0.0228437,-3.78787,0.0226425
4,904,3,Yes,-4.06539,-0.0172452,0.982845
4,905,3,Yes,-4.19052,-0.0151947,0.984862
4,906,3,Yes,-4.01169,-0.0182077,0.981898
4,907,3,No,-0.0583421,-2.86941,0.056729
4,908,3,No,-0.233898,-1.56726,0.208604
4,909,3,No,-0.225301,-1.60056,0.201771
4,910,3,Yes,-1.43719,-0.271198,0.762421
4,911,3,No,-0.000249655,-8.08179,0.000309099
4,912,3,Yes,-0.733646,-0.654112,0.519873
4,913,3,No,-0.270273,-1.44017,0.236874
4,914,3,No,-0.00094518,-6.90337,0.00100433
4,915,3,Yes,-3.62858,-0.0268516,0.973448
4,916,3,No,-0.00497504,-5.29383,0.00502219
4,917,3,Yes,-1.89461,-0.162894,0.849631
4,918,3,Yes,-3.33999,-0.0360186,0.964565
4,919,3,Yes,-4.26759,-0.0140544,0.985985
4,920,3,Yes,-2.1713,-0.121005,0.885977
4,921,3,No,-0.0041783,-5.46572,0.00422906
4,922,3,No,-0.122465,-2.16002,0.115316
4,923,3,Yes,-3.68777,-0.0252854,0.974974
4,924,3,Yes,-4.61049,-0.00993696,0.990054
4,925,3,Yes,-0.295363,-1.36337,0.255782
4,926,3,Yes,-4.4934,-0.0111857,0.988818
4,927,3,Yes,-3.04993,-0.0484581,0.95264
4,928,3,No,-0.00106475,-6.79075,0.00112405
4,929,3,No,-0.000117607,-8.63863,0.000177119
4,930,3,Yes,-2.24935,-0.111389,0.894538
4,931,3,No,-0.0117458,-4.44505,0.0117358
4,932,3,No,-0.00668718,-5.00197,0.00672426
4,933,3,Yes,-2.09456,-0.131323,0.876882
4,934,3,No,-0.000876214,-6.97485,0.000935052
4,935,3,No,-0.00192756,-6.22214,0.00198487
4,936,3,Yes,-3.24385,-0.0397331,0.960989
4,937,3,No,-0.00112669,-6.73742,0.00118563
4,938,3,No,-0.00767859,-4.86544,0.00770797
4,939,3,No,-0.00130011,-6.60118,0.00135868
4,940,3,Yes,-3.3531,-0.0355407,0.965026
4,941,3,No,-0.00594136,-5.11882,0.00598271
4,942,3,No,-0.0180588,-4.0198,0.0179555
4,943,3,Yes,-4.80999,-0.008121,0.991853
4,944,3,Yes,-0.29468,-1.36536,0.255274
4,945,3,No,-0.0366155,-3.32388,0.0360105
4,946,3,Yes,-1.98476,-0.147751,0.862595
4,947,3,Yes,-0.404532,-1.1003,0.332751
4,948,3,Yes,-3.65729,-0.0260797,0.974199
4,949,3,Yes,-4.34124,-0.0130459,0.98698
4,950,3,No,-0.00306916,-5.76877,0.00312342
4,951,3,Yes,-3.27409,-0.0385246,0.962151
4,952,3,Yes,-1.21135,-0.353446,0.702222
4,953,3,Yes,-1.55209,-0.237936,0.788207
4,954,3,Yes,-3.86905,-0.021039,0.979123
4,955,3,Yes,-0.951342,-0.488027,0.6138
4,956,3,Yes,-3.95803,-0.019225,0.9809
4,957,3,Yes,-3.48097,-0.0312003,0.969224
4,958,3,Yes,-4.3311,-0.0131807,0.986848
4,959,3,No,-0.0100433,-4.59998,0.0100515
4,960,3,No,-0.00236935,-6.02153,0.0024258
4,961,3,Yes,-3.25234,-0.0393905,0.961319
4,962,3,No,-0.00176472,-6.30745,0.00182258
4,963,3,No,-0.0447004,-3.12867,0.0437734
4,964,3,No,-0.533397,-0.88322,0.413425
4,965,3,No,-0.00169379,-6.34727,0.00175143
4,966,3,No,-0.0199486,-3.92155,0.0198091
4,967,3,No,-0.0268056,-3.63028,0.0265073
4,968,3,No,-1.56613,-0.234197,0.79116
4,969,3,Yes,-0.920205,-0.508127,0.601586
4,970,3,Yes,-3.75079,-0.0237187,0.976502
4,971,3,Yes,-3.39979,-0.0338887,0.966622
4,972,3,No,-0.0164532,-4.11183,0.0163768
4,973,3,No,-0.0905311,-2.4463,0.086608
4,974,3,Yes,-1.84552,-0.171839,0.842066
4,975,3,No,-0.347939,-1.22446,0.293899
4,976,3,No,-0.342981,-1.23647,0.29039
4,977,3,Yes,-0.895894,-0.524559,0.591782
4,978,3,Yes,-3.33129,-0.0363404,0.964255
4,979,3,Yes,-0.23983,-1.54507,0.213285
4,980,3,Yes,-0.411258,-1.08695,0.337223
4,981,3,Yes,-0.338859,-1.24662,0.287459
4,982,3,Yes,-0.298653,-1.35386,0.258227
4,983,3,Yes,-2.7317,-0.0672622,0.934895
4,984,3,No,-0.353343,-1.21159,0.297705
4,985,3,No,-0.796405,-0.599454,0.549079
4,986,3,Yes,-0.797935,-0.598199,0.549769
4,987,3,Yes,-0.805297,-0.592209,0.553071
4,988,3,Yes,-3.40397,-0.0337455,0.966761
4,989,3,Yes,-1.49272,-0.254508,0.775252
4,990,3,Yes,-0.49446,-0.941202,0.390136
4,991,3,Yes,-0.867173,-0.544863,0.579887
4,992,3,No,-0.398504,-1.1125,0.328716
4,993,3,Yes,-1.77831,-0.184962,0.831087
4,994,3,Yes,-1.78257,-0.184099,0.831805
4,995,3,Yes,-1.1812,-0.366512,0.693107
4,996,3,Yes,-3.29326,-0.0377779,0.96287
4,997,3,Yes,-2.36858,-0.0982246,0.906392
4,998,3,Yes,-4.11801,-0.016351,0.983724
4,999,3,Yes,-4.25839,-0.0141859,0.985856
4,1000,3,Yes,-1.7881,-0.182984,0.832733
4,1001,3,Yes,-2.39368,-0.0956674,0.908713
4,1002,3,Yes,-4.0662,-0.0172306,0.982859
4,1003,3,Yes,-4.48124,-0.0113237,0.988681
4,1004,3,Yes,-4.68617,-0.0092049,0.990779
4,1005,3,No,-0.323955,-1.28455,0.27676
4,1006,3,Yes,-0.765644,-0.625443,0.534993
4,1007,3,Yes,-2.75028,-0.0659803,0.936094
4,1008,3,Yes,-0.977428,-0.471957,0.623744
4,1009,3,Yes,-4.62851,-0.00975728,0.990231
4,1010,3,Yes,-4.07227,-0.0171253,0.982962
4,1011,3,Yes,-4.43597,-0.0118541,0.988157
4,1012,3,Yes,-4.03453,-0.0177926,0.982307
4,1013,3,Yes,-2.35693,-0.0994354,0.905295
4,1014,3,Yes,-4.52957,-0.0107836,0.989215
4,1015,3,No,-0.0299554,-3.52097,0.0295688
4,1016,3,Yes,-1.71729,-0.197833,0.820458
4,1017,3,Yes,-2.91246,-0.0558116,0.945661
4,1018,3,Yes,-2.94266,-0.0541039,0.947278
4,1019,3,Yes,-4.18086,-0.0153431,0.984716
4,1020,3,No,-0.00121357,-6.66679,0.0012724
4,1021,3,No,-0.0055113,-5.19298,0.00555509
4,1022,3,No,-0.00475109,-5.33933,0.00479882
4,1023,3,Yes,-4.60035,-0.0100392,0.989952
4,1024,3,Yes,-2.62457,-0.0751667,0.927534
4,1025,3,Yes,-0.503127,-0.927802,0.395399
4,1026,3,Yes,-3.65413,-0.0261641,0.974118
4,1027,3,Yes,-1.47898,-0.258526,0.772143
4,1028,3,Yes,-1.82554,-0.17563,0.838879
4,1029,3,Yes,-1.99498,-0.146132,0.863992
4,1030,3,Yes,-2.00522,-0.144531,0.865377
4,1031,3,Yes,-0.191844,-1.74513,0.174613
4,1032,3,No,-0.0078752,-4.8404,0.00790339
4,1033,3,No,-0.053333,-2.9566,0.0519922
4,1034,3,No,-1.57859,-0.230931,0.793747
4,1035,3,Yes,-2.05681,-0.136739,0.872147
4,1036,3,Yes,-3.07436,-0.0472591,0.953784
4,1037,3,Yes,-3.49961,-0.0306133,0.969792
4,1038,3,No,-0.00376479,-5.56821,0.00381708
4,1039,3,No,-0.0331186,-3.42235,0.0326336
4,1040,3,No,-0.0908587,-2.44285,0.0869077
4,1041,3,Yes,-3.92482,-0.0198827,0.980255
4,1042,3,Yes,-3.83133,-0.0218587,0.97832
4,1043,3,No,-0.765317,-0.625727,0.534841
4,1044,3,Yes,-2.98066,-0.0520299,0.949244
4,1045,3,Yes,-1.7671,-0.187257,0.829182
4,1046,3,No,-0.00720299,-4.92857,0.00723644
4,1047,3,No,-0.0086043,-4.75291,0.00862604
4,1048,3,No,-0.000163867,-8.40659,0.000223378
4,1049,3,No,-8.98878e-05,-8.81008,0.000149213
4,1050,3,No,-7.92177e-05,-8.88421,0.000138552
4,1051,3,No,-0.000160528,-8.42144,0.000220085
4,1052,3,No,-6.31829e-05,-9.007,0.000122541
4,1053,3,No,-0.000212096,-8.21092,0.000271654
4,1054,3,No,-0.0254749,-3.68039,0.0252116
4,1055,3,No,-0.00104828,-6.80611,0.00110692
4,1056,3,No,-0.00164937,-6.37307,0.00170681
4,1057,3,No,-0.000867564,-6.9839,0.000926626
4,1058,3,No,-0.000324123,-7.86686,0.000383213
4,1059,3,No,-8.18405e-05,-8.86716,0.000140934
4,1060,3,No,-0.00478223,-5.33278,0.00483032
4,1061,3,Yes,-2.71898,-0.0681533,0.934062
4,1062,3,Yes,-4.59211,-0.0101233,0.989869
4,1063,3,No,-4.05125,-0.0174941,0.9826
4,1064,3,Yes,-4.63258,-0.00971768,0.990271
4,1065,3,No,-1.95039,-0.153337,0.85779
4,1066,3,No,-0.000307667,-7.91137,0.000366529
4,1067,3,No,-0.000216388,-8.19675,0.000275531
4,1068,3,No,-0.0279452,-3.5893,0.0276161
4,1069,3,No,-0.000810475,-7.04742,0.000869601
4,1070,3,No,-9.41798e-05,-8.78048,0.000153695
4,1071,3,No,-6.25868e-05,-9.01144,0.000121999
4,1072,3,No,-0.0259151,-3.66353,0.0256402
4,1073,3,No,-3.98763e-05,-9.21722,9.93085e-05
4,1074,3,No,-0.000194807,-8.27579,0.00025459
4,1075,3,No,-0.000133344,-8.55578,0.000192418
4,1076,3,No,-0.641178,-0.747842,0.473359
4,1077,3,No,-0.00436027,-5.42383,0.00440996
4,1078,3,No,-0.250908,-1.50523,0.221952
4,1079,3,No,-0.00101027,-6.84123,0.00106873
4,1080,3,No,-0.00396225,-5.51801,0.00401358
4,1081,3,No,-0.00343226,-5.65912,0.00348539
4,1082,3,Yes,-0.269802,-1.44169,0.236515
4,1083,3,No,-0.00371837,-5.58041,0.0037708
4,1084,3,Yes,-4.00068,-0.0184123,0.981698
4,1085,3,Yes,-4.65692,-0.00948069,0.990505
4,1086,3,Yes,-4.8825,-0.00754694,0.992422
4,1087,3,Yes,-0.100179,-2.34985,0.095378
4,1088,3,No,-0.190357,-1.75218,0.173385
4,1089,3,Yes,-0.842872,-0.562845,0.569553
4,1090,3,Yes,-1.20026,-0.358186,0.698902
4,1091,3,Yes,-3.85995,-0.0212334,0.978932
4,1092,3,Yes,-2.84637,-0.0597449,0.941949
4,1093,3,No,-0.00106463,-6.79123,0.00112352
4,1094,3,No,-0.00203614,-6.16879,0.00209365
4,1095,3,No,-0.00104494,-6.8085,0.00110429
4,1096,3,No,-0.0145554,-4.23295,0.0145086
4,1097,3,No,-0.000913322,-6.93589,0.000972204
4,1098,3,No,-0.00627318,-5.0651,0.00631292
4,1099,3,Yes,-0.17287,-1.84004,0.158802
4,1100,3,No,-0.988318,-0.465443,0.62782
4,1101,3,Yes,-3.84817,-0.0214882,0.978683
4,1102,3,Yes,-4.15777,-0.0157055,0.984359
4,1103,3,Yes,-3.71895,-0.0244975,0.975742
4,1104,3,Yes,-0.780847,-0.612413,0.542009
4,1105,3,No,-0.36,-1.19606,0.302365
4,1106,3,Yes,-0.605221,-0.789426,0.454079
4,1107,3,No,-0.548603,-0.862035,0.422277
4,1108,3,Yes,-4.03282,-0.0178228,0.982277
4,1109,3,Yes,-4.20963,-0.0149033,0.985149
4,1110,3,Yes,-4.86809,-0.00765841,0.992312
4,1111,3,Yes,-3.58472,-0.0280764,0.972257
4,1112,3,Yes,-3.13428,-0.0444454,0.956471
4,1113,3,Yes,-2.77897,-0.0640514,0.937901
4,1114,3,Yes,-3.28843,-0.0379651,0.96269
4,1115,3,Yes,-1.78119,-0.184379,0.831572
4,1116,3,No,-0.0998344,-2.35311,0.0950669
4,1117,3,Yes,-2.42436,-0.0926378,0.91147
4,1118,3,Yes,-4.3419,-0.0130372,0.986989
4,1119,3,Yes,-2.18075,-0.119795,0.887049
4,1120,3,Yes,-1.84809,-0.171357,0.842471
4,1121,3,Yes,-2.68129,-0.0708694,0.931529
4,1122,3,Yes,-4.18634,-0.0152592,0.984799
4,1123,3,Yes,-0.484903,-0.956328,0.384279
4,1124,3,Yes,-4.31529,-0.0133926,0.986638
4,1125,3,Yes,-2.16911,-0.121287,0.885728
4,1126,3,Yes,-3.72097,-0.0244479,0.975791
4,1127,3,No,-1.96334,-0.151206,0.85962
4,1128,3,No,-0.357902,-1.20092,0.300899
4,1129,3,No,-0.591776,-0.805834,0.446689
4,1130,3,No,-1.29657,-0.319391,0.726549
4,1131,3,Yes,-3.26665,-0.0388186,0.961868
4,1132,3,Yes,-2.20476,-0.116779,0.889729
4,1133,3,Yes,-4.20124,-0.0150302,0.985024
4,1134,3,Yes,-4.65609,-0.009489,0.990497
4,1135,3,Yes,-3.84677,-0.021519,0.978653
4,1136,3,Yes,-4.12858,-0.0161767,0.983895
4,1137,3,Yes,-3.97653,-0.0188683,0.981251
4,1138,3,Yes,-0.325524,-1.28046,0.277894
4,1139,3,No,-0.551061,-0.858681,0.423696
4,1140,3,Yes,-3.81779,-0.0221601,0.978025
4,1141,3,Yes,-3.02124,-0.0499064,0.951262
4,1142,3,Yes,-4.17844,-0.01538,0.984679
4,1143,3,Yes,-4.82301,-0.00801548,0.991958
4,1144,3,Yes,-4.18143,-0.0153348,0.984724
4,1145,3,No,-0.46048,-0.996747,0.369056
4,1146,3,Yes,-2.64845,-0.0733259,0.929243
4,1147,3,Yes,-3.80008,-0.0225625,0.977632
4,1148,3,Yes,-3.25516,-0.0392767,0.961427
4,1149,3,Yes,-3.34467,-0.0358475,0.96473
4,1150,3,Yes,-0.261723,-1.46822,0.230322
4,1151,3,Yes,-3.21146,-0.0410701,0.959705
4,1152,3,Yes,-2.19165,-0.118415,0.888275
4,1153,3,No,-0.0794659,-2.57112,0.0764452
4,1154,3,No,-0.000616621,-7.29955,0.000675804
4,1155,3,No,-0.00803591,-4.82052,0.00806208
4,1156,3,No,-0.00442529,-5.40919,0.004475
4,1157,3,No,-0.00210393,-6.13703,0.00216121
4,1158,3,No,-0.00264756,-5.91328,0.00270315
4,1159,3,No,-0.46768,-0.984557,0.373583
4,1160,3,Yes,-1.31204,-0.313632,0.730745
4,1161,3,Yes,-1.2001,-0.358256,0.698853
4,1162,3,No,-0.0516239,-2.98829,0.0503704
4,1163,3,Yes,-2.009,-0.143945,0.865885
4,1164,3,No,-0.0184427,-3.99903,0.0183323
4,1165,3,No,-0.100412,-2.34764,0.095589
4,1166,3,Yes,-2.19481,-0.118018,0.888627
4,1167,3,Yes,-1.7437,-0.192145,0.825138
4,1168,3,Yes,-3.10358,-0.045865,0.955115
4,1169,3,Yes,-0.533322,-0.883325,0.413382
4,1170,3,Yes,-2.18531,-0.119216,0.887564
4,1171,3,No,-0.0761209,-2.61244,0.0733512
4,1172,3,Yes,-3.18258,-0.0423015,0.958524
4,1173,3,No,-0.265444,-1.45589,0.233179
4,1174,3,No,-0.456325,-1.00389,0.36643
4,1175,3,Yes,-2.56339,-0.080109,0.922962
4,1176,3,No,-0.662964,-0.724149,0.484709
4,1177,3,Yes,-3.87137,-0.0209891,0.979171
4,1178,3,Yes,-2.89381,-0.0568942,0.944638
4,1179,3,No,-0.102512,-2.32798,0.0974865
4,1180,3,Yes,-4.41284,-0.0121348,0.98788
4,1181,3,Yes,-0.668855,-0.717923,0.487735
4,1182,3,Yes,-3.55378,-0.028972,0.971385
4,1183,3,No,-0.00763997,-4.87039,0.00766992
4,1184,3,Yes,-4.11461,-0.016406,0.983669
4,1185,3,No,-2.64096,-0.073898,0.928712
4,1186,3,Yes,-1.88528,-0.164553,0.848223
4,1187,3,No,-0.39099,-1.12802,0.323653
4,1188,3,No,-0.204617,-1.68686,0.185089
4,1189,3,No,-0.00672331,-4.99676,0.00675938
4,1190,3,No,-0.000254902,-8.06496,0.000314345
4,1191,3,No,-0.000212334,-8.20911,0.000272147
4,1192,3,No,-0.000107175,-8.69995,0.000166583
4,1193,3,No,-6.59249e-05,-8.98454,0.000125326
4,1194,3,No,-0.00750832,-4.8876,0.00753905
4,1195,3,No,-0.0173314,-4.0604,0.0172412
4,1196,3,No,-0.000245244,-8.0974,0.000304312
4,1197,3,No,-0.00045763,-7.56761,0.000516898
4,1198,3,No,-0.000715989,-7.16299,0.000774689
4,1199,3,No,-0.00232358,-6.0406,0.00237999
4,1200,3,No,-0.000159157,-8.42964,0.000218288
4,1201,3,No,-0.000449043,-7.58466,0.000508156
4,1202,3,Yes,-4.56429,-0.0104119,0.989583
4,1203,3,Yes,-4.65508,-0.00949898,0.990487
4,1204,3,Yes,-4.95965,-0.00697981,0.992985
4,1205,3,Yes,-4.6248,-0.00979346,0.990195
4,1206,3,No,-0.000120528,-8.62264,0.000179974
4,1207,3,No,-0.000465859,-7.55129,0.000525402
4,1208,3,No,-3.5525e-05,-9.25797,9.53434e-05
4,1209,3,No,-0.000561872,-7.3838,0.000621196
4,1210,3,No,-0.000163926,-8.40769,0.000223132
4,1211,3,No,-0.000151705,-8.46468,0.000210771
4,1212,3,No,-0.00470031,-5.34983,0.00474866
4,1213,3,No,-0.00395585,-5.51963,0.00400707
4,1214,3,No,-0.551057,-0.858685,0.423694
4,1215,3,No,-0.0234188,-3.76335,0.0232046
4,1216,3,No,-0.0018651,-6.25427,0.00192211
4,1217,3,Yes,-0.880518,-0.535306,0.585456
4,1218,3,No,-0.159174,-1.91588,0.147203
4,1219,3,No,-0.405594,-1.09818,0.333459
4,1220,3,Yes,-0.395087,-1.11952,0.326418
4,1221,3,Yes,-4.40617,-0.0122169,0.987799
4,1222,3,Yes,-4.06779,-0.017203,0.982886
4,1223,3,Yes,-2.81586,-0.0616565,0.94015
4,1224,3,No,-0.000919646,-6.92939,0.000978538
4,1225,3,No,-0.00103175,-6.82099,0.00109057
4,1226,3,No,-0.000769673,-7.09524,0.000828991
4,1227,3,No,-0.00648649,-5.03209,0.00652479
4,1228,3,No,-0.00145547,-6.49305,0.00151384
4,1229,3,No,-0.00236923,-6.02163,0.00242557
4,1230,3,No,-0.00795763,-4.83013,0.00798498
4,1231,3,No,-0.00237532,-6.01894,0.0024321
4,1232,3,No,-0.0333804,-3.41464,0.0328864
4,1233,3,No,-0.00223104,-6.08007,0.00228787
4,1234,3,Yes,-2.02775,-0.141071,0.868376
4,1235,3,Yes,-3.31091,-0.0371031,0.963519
4,1236,3,Yes,-3.85279,-0.0213882,0.978781
4,1237,3,Yes,-2.29007,-0.106694,0.898747
4,1238,3,No,-0.0600385,-2.84161,0.0583281
4,1239,3,No,-0.0352684,-3.36063,0.0347113
4,1240,3,Yes,-3.30501,-0.0373276,0.963303
4,1241,3,Yes,-2.09795,-0.130848,0.877299
4,1242,3,Yes,-4.73791,-0.00873561,0.991244
4,1243,3,Yes,-4.6828,-0.00923576,0.990748
4,1244,3,No,-0.00106093,-6.79484,0.00111947
4,1245,3,Yes,-2.97788,-0.0521789,0.949103
4,1246,3,Yes,-3.9879,-0.0186523,0.981463
4,1247,3,No,-0.000790193,-7.07068,0.000849605
4,1248,3,No,-0.000432346,-7.61759,0.000491695
4,1249,3,No,-0.160819,-1.90641,0.148605
4,1250,3,No,-0.00114226,-6.72444,0.00120112
4,1251,3,Yes,-4.55274,-0.0105341,0.989462
4,1252,3,Yes,-3.64332,-0.0264524,0.973836
4,1253,3,No,-0.00170018,-6.34334,0.00175832
4,1254,3,No,-0.000738953,-7.13314,0.000798158
4,1255,3,No,-0.00050975,-7.47232,0.000568572
4,1256,3,Yes,-1.73774,-0.193414,0.824093
4,1257,3,Yes,-1.10208,-0.403646,0.667841
4,1258,3,Yes,-4.88231,-0.00754802,0.992421
4,1259,3,Yes,-3.82236,-0.0220579,0.978125
4,1260,3,No,-0.000207267,-8.23078,0.000266313
4,1261,3,Yes,-3.17647,-0.0425663,0.95827
4,1262,3,No,-0.000242024,-8.10819,0.000301047
4,1263,3,Yes,-5.19349,-0.00550783,0.994448
4,1264,3,No,-0.00124061,-6.64578,0.00129941
4,1265,3,Yes,-1.69778,-0.202154,0.816921
4,1266,3,No,-0.00329907,-5.69772,0.00335341
4,1267,3,Yes,-4.52659,-0.0108163,0.989183
4,1268,3,No,-0.000424594,-7.6327,0.000484324
4,1269,3,Yes,-4.17334,-0.0154603,0.9846
4,1270,3,No,-0.0273419,-3.61077,0.0270293
4,1271,3,No,-0.0592111,-2.85507,0.0575484
4,1272,3,No,-0.00516632,-5.25675,0.00521192
4,1273,3,Yes,-4.08002,-0.0169907,0.983094
4,1274,3,No,-0.00102179,-6.83028,0.0010805
4,1275,3,Yes,-3.98861,-0.0186384,0.981476
4,1276,3,No,-0.00088737,-6.96283,0.00094636
4,1277,3,No,-0.00316644,-5.73808,0.00322074
4,1278,3,No,-0.0898223,-2.4538,0.0859609
4,1279,3,No,-7.76083e-05,-8.89501,0.000137063
4,1280,3,No,-0.0464498,-3.09121,0.0454442
4,1281,3,Yes,-4.91491,-0.00730326,0.992664
4,1282,3,No,-4.2193,-0.0147573,0.985292
4,1283,3,No,-0.000632009,-7.27673,0.000691405
4,1284,3,No,-0.000196238,-8.27091,0.000255836
4,1285,3,No,-0.359971,-1.19613,0.302344
4,1286,3,Yes,-5.12856,-0.00588236,0.994075
4,1287,3,Yes,-3.11527,-0.0453185,0.955636
4,1288,3,No,-0.000125714,-8.59353,0.00018529
4,1289,3,No,-0.000113315,-8.66638,0.000172272
4,1290,3,Yes,-5.07742,-0.00619521,0.993764
4,1291,3,No,-1.93121e-05,-9.45261,7.84801e-05
4,1292,3,No,-0.000150752,-8.46904,0.000209853
4,1293,3,No,-0.00012023,-8.62519,0.000179515
4,1294,3,No,-4.93539e-05,-9.12765,0.000108615
4,1295,3,Yes,-4.33763,-0.0130935,0.986933
4,1296,3,Yes,-4.32363,-0.0132802,0.986749
4,1297,3,No,-7.22434e-05,-8.93168,0.000132128
4,1298,3,No,-0.000162615,-8.41189,0.000222196
4,1299,3,No,-0.000344157,-7.81515,0.000403549
4,1300,3,Yes,-3.8045,-0.0224608,0.977731
4,1301,3,No,-0.11641,-2.20774,0.109942
4,1302,3,No,-1.37594,-0.291078,0.747413
4,1303,3,No,-0.00104374,-6.81016,0.00110246
4,1304,3,No,-0.00251179,-5.96453,0.00256809
4,1305,3,No,-1.1496,-0.380827,0.683256
4,1306,3,Yes,-4.08229,-0.0169526,0.983132
4,1307,3,No,-0.00480697,-5.3277,0.00485495
4,1308,3,No,-0.00522408,-5.24578,0.0052694
4,1309,3,No,-0.00373859,-5.57509,0.00379093
4,1310,3,Yes,-3.70112,-0.0249443,0.975306
4,1311,3,Yes,-3.15637,-0.0434512,0.957422
4,1312,3,Yes,-4.43203,-0.0119012,0.98811
4,1313,3,Yes,-3.41828,-0.0332561,0.967233
4,1314,3,Yes,-1.83431,-0.173952,0.840287
4,1315,3,No,-0.237835,-1.55246,0.211714
4,1316,3,Yes,-2.5373,-0.0823178,0.920925
4,1317,3,No,-0.140776,-2.0297,0.131367
4,1318,3,No,-0.000598431,-7.3267,0.000657699
4,1319,3,No,-0.455661,-1.00504,0.366009
4,1320,3,Yes,-4.85096,-0.00779133,0.99218
4,1321,3,No,-0.000944464,-6.90431,0.00100339
4,1322,3,Yes,-3.66328,-0.0259219,0.974353
4,1323,3,No,-0.792835,-0.602394,0.547467
4,1324,3,No,-0.0299178,-3.5222,0.0295325
4,1325,3,Yes,-3.14768,-0.0438389,0.957051
4,1326,3,Yes,-4.30674,-0.0135084,0.986523
4,1327,3,Yes,-2.9109,-0.0559021,0.945576
4,1328,3,Yes,-5.19763,-0.00548463,0.994471
4,1329,3,No,-0.00979917,-4.62428,0.00981018
4,1330,3,No,-0.24297,-1.53357,0.215751
4,1331,3,Yes,-2.52917,-0.0830178,0.92028
4,1332,3,Yes,-0.441207,-1.03058,0.356778
4,1333,3,Yes,-3.23011,-0.0402945,0.960449
4,1334,3,Yes,-2.55621,-0.0807094,0.922407
4,1335,3,Yes,-2.41287,-0.0937605,0.910447
4,1336,3,Yes,-2.38119,-0.0969312,0.907565
4,1337,3,Yes,-3.28148,-0.0382343,0.96243
4,1338,3,Yes,-2.29399,-0.106255,0.899143
4,1339,3,Yes,-4.11762,-0.0163565,0.983718
4,1340,3,Yes,-3.77056,-0.0232475,0.976962
4,1341,3,Yes,-3.18841,-0.0420493,0.958765
4,1342,3,Yes,-3.57755,-0.0282803,0.972058
4,1343,3,Yes,-4.86908,-0.00764982,0.99232
4,1344,3,Yes,-3.33042,-0.0363723,0.964224
4,1345,3,Yes,-2.08095,-0.133249,0.875196
4,1346,3,No,-0.0634845,-2.78756,0.0615674
4,1347,3,Yes,-4.71433,-0.00894614,0.991035
4,1348,3,Yes,-3.3872,-0.0343263,0.966199
4,1349,3,Yes,-1.70061,-0.20152,0.817439
4,1350,3,No,-4.08314,-0.0169379,0.983147
4,1351,3,Yes,-0.617717,-0.774605,0.460858
4,1352,3,Yes,-0.303311,-1.34059,0.261675
4,1353,3,Yes,-4.90481,-0.00737813,0.99259
4,1354,3,No,-0.709272,-0.677162,0.508027
4,1355,3,Yes,-4.55046,-0.0105582,0.989438
4,1356,3,Yes,-3.49175,-0.030859,0.969554
4,1357,3,Yes,-3.26342,-0.0389467,0.961745
4,1358,3,No,-0.288101,-1.3848,0.250358
4,1359,3,Yes,-4.74698,-0.00865523,0.991323
4,1360,3,No,-0.346781,-1.22725,0.293082
4,1361,3,Yes,-1.16015,-0.375976,0.686579
4,1362,3,Yes,-1.01591,-0.449438,0.637949
4,1363,3,No,-1.49573,-0.253638,0.775928
4,1364,3,Yes,-2.10523,-0.129834,0.878189
4,1365,3,Yes,-2.02774,-0.141072,0.868375
4,1366,3,Yes,-3.37218,-0.0348557,0.965687
4,1367,3,Yes,-0.531712,-0.885615,0.412436
4,1368,3,Yes,-4.16507,-0.0155901,0.984472
4,1369,3,Yes,-2.02977,-0.140765,0.868642
4,1370,3,Yes,-2.72493,-0.0677341,0.934453
