n_estimators,row_id,estimator,true,logit_No,logit_Yes,p_Yes
2,0,0,No,-0.000758936,-7.10864,0.000817962
2,1,0,No,-0.000514998,-7.46348,0.000573623
2,2,0,No,-0.0742485,-2.6364,0.0716144
2,3,0,Yes,-2.93322,-0.0546317,0.946778
2,4,0,No,-0.00684873,-4.97846,0.00688426
2,5,0,Yes,-2.41375,-0.0936735,0.910526
2,6,0,No,-0.349537,-1.22063,0.295027
2,7,0,No,-0.0798569,-2.5664,0.0768068
2,8,0,No,-1.18412,-0.365223,0.694001
2,9,0,No,-0.003259,-5.70987,0.00331289
2,10,0,No,-0.000444809,-7.59334,0.000503766
2,11,0,No,-0.00268157,-5.90082,0.00273703
2,12,0,No,-0.000626283,-7.28525,0.000685536
2,13,0,No,-0.0698901,-2.6947,0.0675588
2,14,0,Yes,-0.121619,-2.16654,0.114567
2,15,0,Yes,-1.39851,-0.283564,0.753051
2,16,0,No,-0.0012008,-6.67711,0.00125933
2,17,0,No,-0.000694397,-7.1907,0.000753517
2,18,0,Yes,-2.701,-0.0694346,0.932866
2,19,0,Yes,-2.68423,-0.0706533,0.93173
2,20,0,Yes,-1.99751,-0.145735,0.864336
2,21,0,Yes,-4.23913,-0.0144648,0.985581
2,22,0,Yes,-3.23732,-0.0399993,0.960733
2,23,0,Yes,-2.36016,-0.0990973,0.905601
2,24,0,Yes,-2.75094,-0.0659349,0.936136
2,25,0,Yes,-3.08712,-0.0466449,0.954369
2,26,0,No,-0.0780705,-2.58813,0.0751559
2,27,0,No,-0.0087952,-4.73119,0.00881545
2,28,0,No,-0.838437,-0.566209,0.56764
2,29,0,Yes,-0.965862,-0.478998,0.619367
2,30,0,Yes,-4.47486,-0.0113975,0.988609
2,31,0,Yes,-1.69519,-0.202735,0.816447
2,32,0,No,-0.489945,-0.948302,0.387376
2,33,0,Yes,-0.836476,-0.567706,0.566791
2,34,0,Yes,-0.28098,-1.40643,0.245001
2,35,0,No,-0.980183,-0.470298,0.624779
2,36,0,Yes,-3.25372,-0.0393346,0.961372
2,37,0,Yes,-4.40117,-0.0122786,0.987738
2,38,0,Yes,-1.27444,-0.327849,0.72043
2,39,0,No,-0.00363342,-5.60321,0.00368581
2,40,0,Yes,-2.93269,-0.0546609,0.94675
2,41,0,Yes,-2.33064,-0.102227,0.902772
2,42,0,No,-9.35837e-05,-8.78633,0.000152798
2,43,0,Yes,-3.39853,-0.0339327,0.96658
2,44,0,Yes,-4.57306,-0.0103202,0.989674
2,45,0,No,-0.333688,-1.25955,0.283764
2,46,0,No,-1.76174,-0.188365,0.828264
2,47,0,Yes,-3.40743,-0.0336261,0.966876
2,48,0,Yes,-3.87364,-0.0209416,0.979219
2,49,0,No,-0.00363108,-5.60367,0.00368408
2,50,0,No,-0.00330397,-5.69631,0.00335812
2,51,0,No,-0.0425183,-3.17759,0.0416836
2,52,0,No,-0.01201,-4.42306,0.0119968
2,53,0,No,-0.0236716,-3.75274,0.0234521
2,54,0,Yes,-4.28952,-0.013747,0.986289
2,55,0,Yes,-1.09595,-0.406709,0.665798
2,56,0,Yes,-1.77435,-0.185769,0.830417
2,57,0,Yes,-3.18636,-0.0421387,0.95868
2,58,0,Yes,-4.62084,-0.00983385,0.990156
2,59,0,No,-0.000440814,-7.60143,0.000499705
2,60,0,Yes,-2.5629,-0.0801484,0.922924
2,61,0,Yes,-4.48891,-0.0112367,0.988768
2,62,0,Yes,-4.77469,-0.00841699,0.99156
2,63,0,Yes,-0.259487,-1.47573,0.228598
2,64,0,Yes,-2.96994,-0.0526072,0.948697
2,65,0,Yes,-2.66771,-0.0718748,0.930593
2,66,0,Yes,-1.34519,-0.301689,0.739524
2,67,0,Yes,-4.55366,-0.0105242,0.989472
2,68,0,No,-0.406128,-1.09711,0.333814
2,69,0,No,-0.135691,-2.06398,0.12694
2,70,0,Yes,-3.81435,-0.0222389,0.977949
2,71,0,No,-0.00899919,-4.70848,0.00901792
2,72,0,Yes,-0.881661,-0.534497,0.58593
2,73,0,No,-9.30472e-05,-8.7895,0.000152315
2,74,0,Yes,-2.29909,-0.105683,0.899656
2,75,0,No,-0.476548,-0.96986,0.379114
2,76,0,No,-0.0226705,-3.79536,0.0224735
2,77,0,No,-0.000244767,-8.0983,0.000304039
2,78,0,Yes,-4.59278,-0.0101171,0.989876
2,79,0,Yes,-4.0904,-0.0168137,0.983268
2,80,0,Yes,-0.242988,-1.53351,0.215765
2,81,0,Yes,-0.20959,-1.66526,0.189131
2,82,0,No,-3.65875,-0.0260418,0.974237
2,83,0,Yes,-2.38063,-0.0969886,0.907513
2,84,0,Yes,-2.16087,-0.122354,0.884782
2,85,0,Yes,-3.38605,-0.0343661,0.96616
2,86,0,Yes,-4.35561,-0.0128573,0.987166
2,87,0,Yes,-4.22875,-0.0146178,0.98543
2,88,0,Yes,-2.28909,-0.106806,0.898648
2,89,0,Yes,-2.5392,-0.0821542,0.921075
2,90,0,Yes,-2.71233,-0.0686245,0.933622
2,91,0,Yes,-2.86308,-0.0587244,0.942911
2,92,0,Yes,-0.517072,-0.906849,0.403771
2,93,0,Yes,-3.03799,-0.049055,0.952072
2,94,0,Yes,-0.596183,-0.800402,0.449122
2,95,0,Yes,-5.20754,-0.00543088,0.994525
2,96,0,Yes,-3.54906,-0.0291129,0.97125
2,97,0,No,-0.250615,-1.50627,0.221723
2,98,0,Yes,-3.36804,-0.0350032,0.965545
2,99,0,No,-0.0389099,-3.26435,0.0382196
2,100,0,No,-0.319005,-1.2976,0.273171
2,101,0,Yes,-2.06386,-0.135709,0.873045
2,102,0,Yes,-2.23885,-0.112635,0.893425
2,103,0,Yes,-1.24799,-0.338306,0.712935
2,104,0,No,-0.389961,-1.13018,0.322957
2,105,0,No,-0.673589,-0.712976,0.490154
2,106,0,No,-0.000289601,-7.96057,0.000348934
2,107,0,No,-0.0163594,-4.11747,0.0162847
2,108,0,No,-0.00929863,-4.67611,0.00931467
2,109,0,No,-0.028501,-3.56994,0.028156
2,110,0,Yes,-4.02312,-0.0179996,0.982104
2,111,0,No,-0.00181936,-6.27807,0.0018769
2,112,0,No,-0.00331456,-5.69325,0.00336842
2,113,0,No,-0.360341,-1.19528,0.302603
2,114,0,Yes,-2.91857,-0.0554623,0.945992
2,115,0,No,-0.000125654,-8.5949,0.000185036
2,116,0,No,-0.000249715,-8.08113,0.000309302
2,117,0,Yes,-4.85096,-0.00779182,0.99218
2,118,0,No,-0.464547,-0.989831,0.371618
2,119,0,No,-0.000154269,-8.44976,0.000213938
2,120,0,Yes,-4.79026,-0.0082853,0.99169
2,121,0,Yes,-4.86947,-0.00764832,0.992323
2,122,0,No,-0.0157061,-4.15772,0.0156422
2,123,0,Yes,-4.12031,-0.016313,0.983761
2,124,0,No,-0.000762157,-7.10493,0.000821001
2,125,0,No,-0.177731,-1.81467,0.162882
2,126,0,Yes,-3.12831,-0.0447181,0.956211
2,127,0,Yes,-3.0198,-0.049981,0.951192
2,128,0,No,-0.192209,-1.7434,0.174914
2,129,0,No,-0.000164284,-8.40397,0.000223963
2,130,0,No,-0.000124045,-8.60246,0.000183643
2,131,0,No,-0.000144134,-8.49918,0.000203622
2,132,0,No,-0.0018737,-6.24958,0.00193114
2,133,0,Yes,-2.49539,-0.0859998,0.91754
2,134,0,Yes,-3.81648,-0.0221902,0.977996
2,135,0,No,-0.00141518,-6.52019,0.0014733
2,136,0,Yes,-0.565243,-0.839707,0.431812
2,137,0,Yes,-1.52853,-0.24436,0.783159
2,138,0,Yes,-0.295646,-1.36255,0.255993
2,139,0,Yes,-2.29004,-0.106698,0.898744
2,140,0,No,-0.32831,-1.27325,0.279903
2,141,0,Yes,-3.08245,-0.046869,0.954156
2,142,0,No,-0.00587259,-5.13039,0.0059139
2,143,0,No,-3.24081,-0.0398574,0.96087
2,144,0,No,-4.55986e-05,-9.16593,0.000104535
2,145,0,Yes,-2.12151,-0.127597,0.880156
2,146,0,Yes,-1.57504,-0.231856,0.793014
2,147,0,Yes,-2.17175,-0.120947,0.886028
2,148,0,Yes,-0.251208,-1.50419,0.222185
2,149,0,Yes,-3.38702,-0.034333,0.966193
2,150,0,Yes,-2.68949,-0.0702687,0.932088
2,151,0,Yes,-0.515391,-0.909336,0.402768
2,152,0,Yes,-2.08138,-0.133187,0.875249
2,153,0,Yes,-2.21437,-0.115594,0.890784
2,154,0,No,-2.15139,-0.123596,0.883685
2,155,0,Yes,-3.27142,-0.0386303,0.96205
2,156,0,Yes,-2.93349,-0.0546167,0.946792
2,157,0,Yes,-1.55987,-0.235855,0.789848
2,158,0,Yes,-1.75291,-0.190205,0.826741
2,159,0,Yes,-1.78794,-0.183015,0.832706
2,160,0,Yes,-3.12435,-0.0448991,0.956037
2,161,0,No,-2.67238,-0.0715274,0.930917
2,162,0,No,-0.621583,-0.770104,0.462938
2,163,0,Yes,-1.18496,-0.364853,0.694258
2,164,0,Yes,-4.45175,-0.0116664,0.988343
2,165,0,No,-0.192334,-1.74281,0.175018
2,166,0,Yes,-3.78414,-0.02293,0.977273
2,167,0,Yes,-1.99705,-0.145808,0.864273
2,168,0,No,-0.136402,-2.05911,0.12756
2,169,0,Yes,-2.05228,-0.137405,0.871566
2,170,0,Yes,-3.68898,-0.0252551,0.975004
2,171,0,Yes,-2.8665,-0.0585186,0.943106
2,172,0,No,-0.0764842,-2.60786,0.0736874
2,173,0,No,-0.0103451,-4.57065,0.0103506
2,174,0,Yes,-4.21362,-0.0148429,0.985208
2,175,0,Yes,-4.11345,-0.016426,0.98365
2,176,0,No,-0.000524241,-7.44697,0.000583174
2,177,0,No,-0.00301099,-5.78747,0.00306554
2,178,0,Yes,-3.82014,-0.0221083,0.978077
2,179,0,No,-0.0248415,-3.7052,0.0245938
2,180,0,No,-0.0302576,-3.5111,0.0298622
2,181,0,No,-0.122866,-2.15695,0.115671
2,182,0,Yes,-2.54075,-0.0820219,0.921198
2,183,0,No,-0.672536,-0.714073,0.489617
2,184,0,No,-1.05719,-0.42675,0.652588
2,185,0,Yes,-3.39121,-0.0341864,0.966334
2,186,0,Yes,-2.89555,-0.056792,0.944735
2,187,0,Yes,-0.360207,-1.19558,0.302509
2,188,0,Yes,-2.4232,-0.0927509,0.911367
2,189,0,Yes,-2.28155,-0.10766,0.89788
2,190,0,Yes,-1.67161,-0.208114,0.812066
2,191,0,Yes,-1.55114,-0.238192,0.788006
2,192,0,No,-0.00234497,-6.03159,0.00240154
2,193,0,No,-0.00743248,-4.8977,0.00746326
2,194,0,Yes,-2.097,-0.130981,0.877183
2,195,0,No,-0.000676861,-7.21421,0.000736007
2,196,0,No,-0.000282387,-7.98253,0.000341354
2,197,0,No,-0.000367053,-7.76032,0.000426296
2,198,0,Yes,-0.208804,-1.66863,0.188493
2,199,0,No,-0.000720641,-7.15632,0.00077987
2,200,0,No,-0.87026,-0.542632,0.581182
2,201,0,No,-0.0122026,-4.4073,0.0121874
2,202,0,Yes,-4.5505,-0.0105584,0.989439
2,203,0,No,-0.000153196,-8.4551,0.000212801
2,204,0,Yes,-0.796534,-0.599348,0.549137
2,205,0,No,-0.000182407,-8.32761,0.000241735
2,206,0,Yes,-3.33329,-0.0362663,0.964327
2,207,0,Yes,-4.99502,-0.00673495,0.993229
2,208,0,Yes,-3.73161,-0.0241854,0.976047
2,209,0,Yes,-4.66046,-0.0094476,0.990538
2,210,0,Yes,-0.572507,-0.830228,0.435924
2,211,0,Yes,-3.10503,-0.0457976,0.955179
2,212,0,Yes,-0.169166,-1.85988,0.155682
2,213,0,No,-4.18433e-05,-9.19875,0.00010116
2,214,0,No,-0.000406348,-7.67171,0.000465791
2,215,0,Yes,-3.96929,-0.0190072,0.981114
2,216,0,Yes,-4.9694,-0.00691198,0.993053
2,217,0,No,-0.00690844,-4.96985,0.00694377
2,218,0,Yes,-2.89832,-0.056631,0.944888
2,219,0,Yes,-3.06168,-0.0478778,0.953194
2,220,0,Yes,-3.83176,-0.0218494,0.97833
2,221,0,Yes,-1.20159,-0.357612,0.699303
2,222,0,No,-1.66265,-0.210199,0.810375
2,223,0,Yes,-4.56723,-0.0103808,0.989614
2,224,0,Yes,-2.44164,-0.0909755,0.912987
2,225,0,Yes,-0.337302,-1.25049,0.286348
2,226,0,No,-0.0244655,-3.72026,0.0242263
2,227,0,No,-0.489297,-0.949326,0.386979
2,228,0,Yes,-2.31247,-0.104203,0.90099
2,229,0,Yes,-5.30331,-0.00492861,0.995025
2,230,0,No,-0.000299379,-7.93202,0.000359038
2,231,0,Yes,-2.20045,-0.117315,0.889253
2,232,0,Yes,-2.69693,-0.069729,0.932592
2,233,0,Yes,-4.57098,-0.0103426,0.989653
2,234,0,No,-0.361175,-1.19336,0.303184
2,235,0,Yes,-2.92416,-0.0551433,0.946293
2,236,0,No,-0.000220442,-8.1808,0.000279962
2,237,0,No,-0.000256392,-8.06,0.000315909
2,238,0,No,-0.00426012,-5.44672,0.00431018
2,239,0,No,-0.10626,-2.29395,0.100862
2,240,0,Yes,-3.57181,-0.028446,0.971897
2,241,0,No,-5.2215e-05,-9.10214,0.00011142
2,242,0,Yes,-0.302822,-1.34198,0.261313
2,243,0,Yes,-0.359072,-1.19821,0.301717
2,244,0,No,-0.00180437,-6.28577,0.0018625
2,245,0,No,-0.555125,-0.85318,0.426033
2,246,0,Yes,-3.12422,-0.0449051,0.956031
2,247,0,No,-0.367233,-1.17957,0.307393
2,248,0,Yes,-4.36223,-0.0127721,0.987251
2,249,0,No,-0.481572,-0.961687,0.382225
2,250,0,Yes,-2.59518,-0.0775006,0.925372
2,251,0,Yes,-1.05266,-0.429168,0.651013
2,252,0,Yes,-3.01133,-0.0504178,0.950777
2,253,0,No,-0.00106642,-6.78992,0.001125
2,254,0,No,-0.0152617,-4.1861,0.0152046
2,255,0,No,-0.000432227,-7.61845,0.000491276
2,256,0,Yes,-1.30833,-0.315001,0.729745
2,257,0,Yes,-5.004,-0.00667434,0.993289
2,258,0,Yes,-3.43366,-0.0327384,0.967734
2,259,0,Yes,-3.25525,-0.0392735,0.961431
2,260,0,No,-0.0039352,-5.52466,0.00398697
2,261,0,Yes,-0.636687,-0.752861,0.470989
2,262,0,Yes,-2.87985,-0.0577184,0.94386
2,263,0,Yes,-1.70326,-0.20093,0.817922
2,264,0,No,-0.000602963,-7.31995,0.000662154
2,265,0,Yes,-4.39341,-0.0123753,0.987642
2,266,0,No,-0.000210605,-8.21751,0.000269869
2,267,0,Yes,-3.88818,-0.0206347,0.979518
2,268,0,No,-0.000238805,-8.11794,0.000298126
2,269,0,Yes,-2.85863,-0.0589949,0.942656
2,270,0,No,-0.0153847,-4.17817,0.0153256
2,271,0,Yes,-2.40097,-0.0949385,0.909376
2,272,0,No,-0.924446,-0.505328,0.603272
2,273,0,No,-0.0014079,-6.52487,0.00146642
2,274,0,No,-0.000980679,-6.86878,0.00103969
2,275,0,No,-0.004456,-5.40251,0.00450499
2,276,0,Yes,-1.62677,-0.218784,0.803448
2,277,0,No,-0.191984,-1.74446,0.174729
2,278,0,Yes,-4.26191,-0.0141362,0.985905
2,279,0,No,-0.00455018,-5.38177,0.0045994
2,280,0,No,-0.000176922,-8.352,0.00023591
2,281,0,No,-0.00484811,-5.31939,0.00489544
2,282,0,No,-0.000494722,-7.49861,0.00055382
2,283,0,Yes,-4.0047,-0.0183377,0.981771
2,284,0,Yes,-3.24794,-0.0395677,0.961148
2,285,0,Yes,-3.11521,-0.045322,0.955633
2,286,0,No,-0.00287851,-5.83127,0.00293418
2,287,0,Yes,-3.58473,-0.0280759,0.972258
2,288,0,No,-0.000110215,-8.68201,0.0001696
2,289,0,No,-1.69925,-0.201825,0.81719
2,290,0,Yes,-0.399162,-1.11116,0.329158
2,291,0,Yes,-5.1983,-0.00548182,0.994474
2,292,0,No,-0.000686941,-7.20044,0.00074621
2,293,0,Yes,-4.04928,-0.0175283,0.982566
2,294,0,Yes,-4.65942,-0.00945722,0.990529
2,295,0,Yes,-4.62284,-0.00981368,0.990176
2,296,0,No,-0.188781,-1.75973,0.172081
2,297,0,No,-0.00739399,-4.90278,0.00742544
2,298,0,No,-0.0030697,-5.76845,0.0031244
2,299,0,No,-0.133327,-2.0804,0.124873
2,300,0,Yes,-2.10251,-0.130212,0.877858
2,301,0,Yes,-2.23013,-0.11368,0.892492
2,302,0,Yes,-1.56997,-0.233185,0.79196
2,303,0,Yes,-0.584896,-0.814422,0.442869
2,304,0,Yes,-2.6769,-0.0711924,0.931228
2,305,0,Yes,-2.12819,-0.126692,0.880954
2,306,0,Yes,-3.40661,-0.0336545,0.966849
2,307,0,Yes,-1.0441,-0.433788,0.648012
2,308,0,Yes,-0.638844,-0.750445,0.472129
2,309,0,No,-2.79537,-0.0629753,0.938911
2,310,0,No,-0.0595715,-2.84918,0.0578881
2,311,0,No,-0.00596631,-5.11462,0.0060079
2,312,0,Yes,-2.6091,-0.076387,0.926403
2,313,0,No,-0.012273,-4.40165,0.0122563
2,314,0,Yes,-4.4571,-0.0116033,0.988405
2,315,0,No,-0.000197251,-8.26884,0.000256368
2,316,0,No,-0.000583103,-7.35019,0.000642431
2,317,0,Yes,-4.78747,-0.00830898,0.991667
2,318,0,Yes,-5.06281,-0.00628829,0.993673
2,319,0,No,-0.0428096,-3.17089,0.0419636
2,320,0,No,-0.011259,-4.4869,0.0112549
2,321,0,No,-0.000383272,-7.72324,0.000442399
2,322,0,No,-0.000573859,-7.36531,0.000632794
2,323,0,No,-0.000705849,-7.17558,0.000764996
2,324,0,No,-9.82929e-05,-8.75592,0.000157517
2,325,0,No,-0.0101129,-4.59311,0.0101207
2,326,0,No,-0.0251204,-3.69423,0.0248651
2,327,0,Yes,-3.97383,-0.0189203,0.9812
2,328,0,Yes,-4.57994,-0.0102484,0.989745
2,329,0,Yes,-4.66896,-0.00936721,0.990619
2,330,0,No,-0.657521,-0.729968,0.481896
2,331,0,No,-0.140758,-2.02982,0.131352
2,332,0,No,-0.212719,-1.65195,0.191665
2,333,0,Yes,-1.25743,-0.33453,0.715632
2,334,0,Yes,-4.79643,-0.00823361,0.991741
2,335,0,Yes,-3.97405,-0.0189159,0.981204
2,336,0,Yes,-3.68191,-0.025437,0.974827
2,337,0,Yes,-2.80689,-0.0622302,0.939611
2,338,0,Yes,-3.81194,-0.0222926,0.977896
2,339,0,No,-0.000151407,-8.46353,0.000211014
2,340,0,No,-0.000288111,-7.964,0.000347737
2,341,0,No,-2.14937,-0.123863,0.883449
2,342,0,No,-1.08821,-0.410622,0.663199
2,343,0,No,-0.00257896,-5.93887,0.00263484
2,344,0,Yes,-3.78517,-0.0229066,0.977296
2,345,0,Yes,-0.38939,-1.13138,0.32257
2,346,0,Yes,-2.511,-0.0846081,0.918818
2,347,0,No,-0.111037,-2.25234,0.105147
2,348,0,No,-0.00197403,-6.19889,0.00203157
2,349,0,No,-0.144081,-2.00812,0.134233
2,350,0,Yes,-0.535521,-0.880214,0.41467
2,351,0,No,-1.01641,-0.449157,0.638128
2,352,0,No,-0.263093,-1.46366,0.231375
2,353,0,Yes,-1.28248,-0.324747,0.722668
2,354,0,No,-0.197318,-1.71965,0.179119
2,355,0,No,-0.242486,-1.53533,0.215372
2,356,0,Yes,-1.32829,-0.30771,0.735086
2,357,0,Yes,-0.67537,-0.711126,0.491062
2,358,0,No,-0.116996,-2.20301,0.110464
2,359,0,No,-0.270928,-1.43806,0.237373
2,360,0,Yes,-1.02326,-0.445293,0.640599
2,361,0,Yes,-3.01343,-0.0503079,0.95088
2,362,0,Yes,-2.3169,-0.103717,0.901427
2,363,0,No,-0.000174657,-8.36183,0.000233603
2,364,0,No,-0.000176207,-8.35405,0.000235426
2,365,0,Yes,-3.29891,-0.0375612,0.963079
2,366,0,Yes,-2.94645,-0.0538932,0.947477
2,367,0,No,-1.65113,-0.212914,0.808179
2,368,0,Yes,-3.75962,-0.0235078,0.976709
2,369,0,Yes,-2.49034,-0.0864552,0.917123
2,370,0,Yes,-2.87305,-0.0581249,0.943477
2,371,0,No,-0.095719,-2.39317,0.0913347
2,372,0,Yes,-3.60319,-0.027554,0.972765
2,373,0,Yes,-3.8866,-0.020668,0.979486
2,374,0,Yes,-3.26987,-0.0386916,0.961991
2,375,0,Yes,-3.68263,-0.0254177,0.974845
2,376,0,Yes,-2.64886,-0.0732949,0.929272
2,377,0,Yes,-1.28587,-0.323451,0.723605
2,378,0,No,-0.0479331,-3.06056,0.0468585
2,379,0,Yes,-0.972375,-0.475017,0.621838
2,380,0,Yes,-3.47244,-0.0314716,0.968961
2,381,0,Yes,-0.3282,-1.27354,0.279824
2,382,0,No,-1.34808,-0.300671,0.740278
2,383,0,Yes,-0.868167,-0.544145,0.580304
2,384,0,Yes,-4.12335,-0.0162623,0.983811
2,385,0,No,-0.00282567,-5.84949,0.00288118
2,386,0,Yes,-4.57349,-0.010316,0.989679
2,387,0,No,-9.87698e-05,-8.75025,0.000158412
2,388,0,No,-0.000450116,-7.58186,0.000509582
2,389,0,No,-7.89197e-05,-8.8846,0.000138498
2,390,0,Yes,-4.37739,-0.0125775,0.987443
2,391,0,Yes,-3.80559,-0.0224367,0.977755
2,392,0,Yes,-4.37991,-0.0125456,0.987474
2,393,0,No,-0.00237688,-6.01827,0.00243372
2,394,0,Yes,-1.52285,-0.245939,0.781924
2,395,0,No,-0.123211,-2.15432,0.115975
2,396,0,No,-0.0295057,-3.53585,0.0291323
2,397,0,No,-0.0132056,-4.32917,0.0131777
2,398,0,Yes,-3.27017,-0.0386798,0.962002
2,399,0,No,-0.000256333,-8.06052,0.000315744
2,400,0,No,-0.00154979,-6.43282,0.00160782
2,401,0,No,-0.0860193,-2.49516,0.0824782
2,402,0,Yes,-3.34572,-0.035809,0.964767
2,403,0,Yes,-1.72788,-0.195531,0.822349
2,404,0,Yes,-3.19238,-0.0418796,0.958929
2,405,0,Yes,-3.82769,-0.0219395,0.978242
2,406,0,Yes,-4.62935,-0.00974838,0.99024
2,407,0,No,-1.13413,-0.388084,0.678316
2,408,0,Yes,-4.06472,-0.0172562,0.982833
2,409,0,Yes,-4.09027,-0.0168166,0.983266
2,410,0,Yes,-3.77794,-0.0230745,0.977132
2,411,0,Yes,-1.56883,-0.233484,0.791724
2,412,0,Yes,-3.17755,-0.0425205,0.958315
2,413,0,Yes,-2.83534,-0.0604294,0.941305
2,414,0,Yes,-0.208519,-1.66986,0.188262
2,415,0,Yes,-1.79768,-0.181072,0.834327
2,416,0,Yes,-3.08779,-0.0466133,0.9544
2,417,0,Yes,-0.752079,-0.637384,0.528643
2,418,0,No,-0.00544622,-5.20472,0.00549026
2,419,0,No,-0.116702,-2.20537,0.110203
2,420,0,No,-0.0893899,-2.45841,0.0855656
2,421,0,Yes,-0.0365241,-3.32633,0.0359227
2,422,0,No,-0.00653034,-5.02544,0.00656831
2,423,0,No,-0.00734457,-4.90943,0.00737623
2,424,0,No,-0.131524,-2.09313,0.123294
2,425,0,No,-0.102376,-2.32924,0.0973641
2,426,0,No,-0.00454288,-5.38346,0.00459162
2,427,0,No,-0.00250994,-5.96544,0.00256577
2,428,0,Yes,-3.86645,-0.0210945,0.979069
2,429,0,Yes,-2.3679,-0.0982944,0.906328
2,430,0,No,-0.375988,-1.16012,0.31343
2,431,0,No,-0.951571,-0.487882,0.613889
2,432,0,Yes,-0.471156,-0.978756,0.375756
2,433,0,No,-0.00330445,-5.69627,0.00335826
2,434,0,No,-0.0935152,-2.41536,0.0893302
2,435,0,Yes,-1.99482,-0.146159,0.863969
2,436,0,No,-0.345025,-1.23149,0.291839
2,437,0,No,-0.0190106,-3.9691,0.0188893
2,438,0,No,-0.000104969,-8.71174,0.000164632
2,439,0,Yes,-3.05586,-0.0481651,0.95292
2,440,0,No,-0.00029294,-7.95093,0.000352313
2,441,0,No,-0.000301645,-7.92651,0.000361024
2,442,0,No,-0.504351,-0.925934,0.396138
2,443,0,Yes,-3.6065,-0.0274616,0.972855
2,444,0,Yes,-3.87506,-0.0209105,0.979248
2,445,0,Yes,-3.60112,-0.0276119,0.972709
2,446,0,No,-4.47845,-0.0113557,0.98865
2,447,0,Yes,-0.970579,-0.47611,0.621159
2,448,0,No,-0.0725135,-2.65917,0.0700023
2,449,0,No,-0.120135,-2.17808,0.113252
2,450,0,No,-0.064486,-2.77243,0.0625063
2,451,0,Yes,-2.36486,-0.0986103,0.906043
2,452,0,No,-2.60527,-0.0766909,0.926121
2,453,0,Yes,-3.5868,-0.0280167,0.972315
2,454,0,No,-0.0144204,-4.2422,0.0143752
2,455,0,No,-0.00156131,-6.42583,0.00161909
2,456,0,Yes,-4.56692,-0.0103843,0.989611
2,457,0,No,-0.00429873,-5.4378,0.00434879
2,458,0,No,-8.55959e-05,-8.83695,0.000145256
2,459,0,Yes,-3.1179,-0.0451976,0.955752
2,460,0,No,-0.621125,-0.770634,0.462692
2,461,0,Yes,-2.95786,-0.0532643,0.948073
2,462,0,No,-0.114376,-2.22435,0.108131
2,463,0,No,-0.00493766,-5.30142,0.00498423
2,464,0,No,-0.000356022,-7.78764,0.000414808
2,465,0,No,-0.00751817,-4.88629,0.00754894
2,466,0,No,-0.000214659,-8.20344,0.000273695
2,467,0,No,-0.0155901,-4.16505,0.015528
2,468,0,Yes,-2.88326,-0.0575161,0.944051
2,469,0,No,-0.00181267,-6.28125,0.00187096
2,470,0,No,-0.43599,-1.04006,0.353414
2,471,0,No,-0.941114,-0.494516,0.60983
2,472,0,No,-0.000179903,-8.33671,0.000239544
2,473,0,No,-0.000618411,-7.29773,0.000677032
2,474,0,No,-0.00259294,-5.93373,0.00264842
2,475,0,Yes,-3.0601,-0.0479557,0.95312
2,476,0,No,-0.87719,-0.537669,0.584074
2,477,0,Yes,-2.20498,-0.116751,0.889754
2,478,0,Yes,-3.91703,-0.020041,0.980101
2,479,0,No,-0.00239325,-6.01199,0.00244907
2,480,0,No,-0.000499254,-7.49046,0.000558355
2,481,0,No,-0.00126848,-6.62491,0.00132682
2,482,0,No,-0.00208816,-6.14433,0.00214549
2,483,0,No,-0.000354889,-7.78816,0.000414589
2,484,0,Yes,-3.4345,-0.0327115,0.96776
2,485,0,Yes,-3.57629,-0.0283175,0.972022
2,486,0,Yes,-2.55401,-0.0808961,0.922235
2,487,0,Yes,-3.25638,-0.0392281,0.961475
2,488,0,No,-1.11706,-0.396282,0.672778
2,489,0,No,-0.101241,-2.33983,0.0963382
2,490,0,No,-0.020104,-3.91387,0.0199618
2,491,0,Yes,-2.95668,-0.0533292,0.948012
2,492,0,No,-0.00766297,-4.86739,0.00769294
2,493,0,Yes,-3.62758,-0.026879,0.973421
2,494,0,Yes,-3.92355,-0.0199084,0.98023
2,495,0,Yes,-2.0471,-0.138171,0.870898
2,496,0,Yes,-1.62181,-0.220001,0.802471
2,497,0,Yes,-0.330531,-1.26756,0.2815
2,498,0,Yes,-4.90313,-0.00739158,0.992577
2,499,0,Yes,-3.39096,-0.0341946,0.966326
2,500,0,Yes,-3.78434,-0.0229249,0.977278
2,501,0,Yes,-0.112343,-2.24129,0.106315
2,502,0,Yes,-0.27856,-1.41393,0.243172
2,503,0,No,-0.702375,-0.683887,0.504622
2,504,0,Yes,-3.27564,-0.0384632,0.96221
2,505,0,Yes,-2.31579,-0.103838,0.901318
2,506,0,Yes,-1.68741,-0.204491,0.815014
2,507,0,No,-1.6346,-0.216876,0.804982
2,508,0,Yes,-3.55986,-0.0287937,0.971559
2,509,0,Yes,-4.17459,-0.015441,0.984619
2,510,0,No,-0.2133,-1.6495,0.192135
2,511,0,No,-2.16919,-0.121276,0.885737
2,512,0,Yes,-4.0419,-0.01766,0.982437
2,513,0,No,-0.00691949,-4.96837,0.00695407
2,514,0,Yes,-2.10443,-0.129945,0.878093
2,515,0,No,-0.76555,-0.625525,0.534949
2,516,0,Yes,-2.89662,-0.0567299,0.944794
2,517,0,No,-0.773275,-0.618857,0.538528
2,518,0,No,-1.63562,-0.216631,0.805179
2,519,0,Yes,-3.71319,-0.0246415,0.975602
2,520,0,Yes,-4.29351,-0.0136911,0.986344
2,521,0,No,-0.439064,-1.03446,0.355398
2,522,0,Yes,-1.00978,-0.452937,0.635721
2,523,0,No,-0.538714,-0.875724,0.416536
2,524,0,No,-2.58112,-0.0786424,0.924316
2,525,0,No,-0.000607914,-7.31238,0.00066719
2,526,0,Yes,-3.88928,-0.0206117,0.979541
2,527,0,Yes,-2.66154,-0.072337,0.930163
2,528,0,No,-0.205314,-1.6838,0.185656
2,529,0,No,-0.00135669,-6.56037,0.00141528
2,530,0,Yes,-3.59185,-0.0278727,0.972454
2,531,0,No,-0.42691,-1.05689,0.347516
2,532,0,No,-1.7184,-0.197591,0.820657
2,533,0,No,-9.66834e-05,-8.76622,0.000155902
2,534,0,No,-3.37368e-05,-9.28336,9.29523e-05
2,535,0,No,-4.17241e-05,-9.1978,0.000101256
2,536,0,No,-4.08896e-05,-9.2048,0.00010055
2,537,0,No,-0.0276923,-3.59824,0.0273703
2,538,0,No,-0.0243379,-3.7254,0.0241019
2,539,0,Yes,-3.14277,-0.0440596,0.95684
2,540,0,Yes,-0.049394,-3.0313,0.0482502
2,541,0,No,-0.0433271,-3.15915,0.0424591
2,542,0,No,-0.00017883,-8.34266,0.000238124
2,543,0,No,-0.0525396,-2.97118,0.0512396
2,544,0,Yes,-2.81606,-0.0616432,0.940163
2,545,0,No,-0.000109559,-8.68739,0.00016869
2,546,0,No,-0.000187057,-8.31096,0.000245793
2,547,0,Yes,-2.92086,-0.055331,0.946116
2,548,0,Yes,-2.13026,-0.126412,0.8812
2,549,0,Yes,-2.91964,-0.0554002,0.94605
2,550,0,No,-0.000114984,-8.65632,0.000174013
2,551,0,No,-0.00166567,-6.36355,0.00172314
2,552,0,No,-0.709391,-0.677047,0.508085
2,553,0,No,-0.00016798,-8.38883,0.000227381
2,554,0,No,-1.38335,-0.288588,0.749277
2,555,0,Yes,-0.334726,-1.25694,0.284508
2,556,0,Yes,-1.47767,-0.258913,0.771845
2,557,0,No,-0.0174333,-4.05464,0.0173407
2,558,0,No,-0.00517255,-5.25541,0.00521888
2,559,0,Yes,-3.0881,-0.0465985,0.954414
2,560,0,No,-0.00199839,-6.18707,0.00205571
2,561,0,Yes,-2.5915,-0.0777972,0.925097
2,562,0,Yes,-2.86707,-0.0584832,0.943138
2,563,0,Yes,-4.14351,-0.0159344,0.984134
2,564,0,Yes,-5.24612,-0.00522216,0.994732
2,565,0,Yes,-3.29182,-0.0378332,0.962816
2,566,0,No,-0.439079,-1.03443,0.355408
2,567,0,Yes,-0.727241,-0.660064,0.516788
2,568,0,Yes,-0.151369,-1.96234,0.14052
2,569,0,Yes,-0.591214,-0.806531,0.446378
2,570,0,Yes,-0.323788,-1.28498,0.276639
2,571,0,Yes,-1.70375,-0.200822,0.81801
2,572,0,Yes,-3.52396,-0.029865,0.970519
2,573,0,No,-0.444216,-1.02518,0.35871
2,574,0,No,-0.000209413,-8.22216,0.000268619
2,575,0,Yes,-5.19277,-0.00551238,0.994444
2,576,0,Yes,-0.703604,-0.682682,0.50523
2,577,0,No,-0.0248491,-3.70491,0.0246009
2,578,0,Yes,-2.87039,-0.058283,0.943327
2,579,0,No,-0.315721,-1.30639,0.27078
2,580,0,No,-0.0158174,-4.15075,0.0157516
2,581,0,No,-0.00146365,-6.48799,0.00152151
2,582,0,No,-0.0124965,-4.38374,0.0124779
2,583,0,Yes,-2.65821,-0.0725858,0.929931
2,584,0,Yes,-3.69588,-0.0250782,0.975176
2,585,0,Yes,-1.22993,-0.345672,0.707703
2,586,0,No,-0.0161769,-4.12854,0.0161054
2,587,0,No,-0.0295715,-3.53366,0.0291962
2,588,0,No,-0.0125064,-4.38297,0.0124874
2,589,0,No,-0.00694247,-4.96497,0.00697775
2,590,0,Yes,-4.13853,-0.0160146,0.984055
2,591,0,No,-0.0475582,-3.0682,0.0465022
2,592,0,No,-0.0481308,-3.05655,0.0470468
2,593,0,Yes,-0.0218078,-3.83359,0.0216305
2,594,0,No,-3.00256,-0.0508726,0.950343
2,595,0,No,-0.630944,-0.759353,0.467942
2,596,0,Yes,-1.09106,-0.409175,0.664159
2,597,0,Yes,-4.5983,-0.0100601,0.989932
2,598,0,Yes,-0.324825,-1.28228,0.277389
2,599,0,Yes,-1.61793,-0.220958,0.801703
2,600,0,Yes,-0.411499,-1.08648,0.337383
2,601,0,Yes,-0.703255,-0.683023,0.505058
2,602,0,No,-0.287686,-1.38604,0.250048
2,603,0,Yes,-4.11318,-0.016431,0.983645
2,604,0,No,-0.562977,-0.842697,0.430522
2,605,0,No,-0.00280427,-5.85694,0.0028598
2,606,0,No,-0.000968985,-6.88007,0.00102801
2,607,0,No,-0.0127562,-4.36338,0.0127345
2,608,0,Yes,-0.631866,-0.758305,0.468432
2,609,0,No,-0.000334557,-7.84017,0.00039358
2,610,0,No,-0.107098,-2.2865,0.101615
2,611,0,Yes,-1.92553,-0.157519,0.85421
2,612,0,Yes,-1.05546,-0.427669,0.651989
2,613,0,Yes,-2.11359,-0.128679,0.879204
2,614,0,Yes,-4.40382,-0.0122465,0.98777
2,615,0,No,-1.98886,-0.1471,0.863157
2,616,0,Yes,-1.91139,-0.159952,0.852135
2,617,0,Yes,-4.97733,-0.00685641,0.993108
2,618,0,Yes,-1.48732,-0.256077,0.774037
2,619,0,Yes,-3.05846,-0.0480362,0.953043
2,620,0,Yes,-4.29137,-0.0137199,0.986315
2,621,0,No,-0.0816737,-2.54482,0.0784822
2,622,0,Yes,-3.85905,-0.0212533,0.978913
2,623,0,Yes,-0.581783,-0.818353,0.441132
2,624,0,Yes,-2.85358,-0.0593023,0.942366
2,625,0,Yes,-2.06124,-0.136091,0.872712
2,626,0,Yes,-5.24942,-0.00520497,0.99475
2,627,0,No,-5.06056e-05,-9.11542,0.000109951
2,628,0,Yes,-3.55201,-0.0290241,0.971335
2,629,0,Yes,-2.24507,-0.111894,0.894087
2,630,0,Yes,-0.847109,-0.559655,0.571373
2,631,0,Yes,-2.63724,-0.0741846,0.928445
2,632,0,Yes,-1.66121,-0.210538,0.810101
2,633,0,Yes,-0.647073,-0.741325,0.476454
2,634,0,Yes,-1.83411,-0.173993,0.840253
2,635,0,No,-0.00357485,-5.6191,0.00362768
2,636,0,No,-0.40906,-1.09129,0.335765
2,637,0,Yes,-2.35188,-0.0999659,0.904815
2,638,0,Yes,-2.2961,-0.106018,0.899356
2,639,0,Yes,-0.380229,-1.15089,0.316335
2,640,0,No,-0.0003215,-7.87465,0.000380238
2,641,0,No,-0.207754,-1.67317,0.187641
2,642,0,No,-0.296476,-1.36014,0.25661
2,643,0,Yes,-3.54801,-0.0291427,0.97122
2,644,0,Yes,-3.4671,-0.0316439,0.968794
2,645,0,Yes,-2.40787,-0.0942532,0.909999
2,646,0,Yes,-1.49839,-0.25287,0.776524
2,647,0,Yes,-0.453162,-1.00938,0.364423
2,648,0,No,-0.000982827,-6.86667,0.00104188
2,649,0,No,-1.77481,-0.185676,0.830494
2,650,0,No,-0.242137,-1.53661,0.215098
2,651,0,Yes,-3.16913,-0.0428877,0.957962
2,652,0,No,-0.938411,-0.496249,0.608774
2,653,0,No,-0.000184195,-8.3194,0.000243728
2,654,0,Yes,-0.768829,-0.622683,0.536472
2,655,0,Yes,-3.33719,-0.0361224,0.964466
2,656,0,No,-2.05835,-0.136514,0.872343
2,657,0,Yes,-1.06401,-0.423135,0.654952
2,658,0,Yes,-4.83396,-0.00792692,0.992046
2,659,0,Yes,-0.701525,-0.684722,0.504201
2,660,0,Yes,-3.89447,-0.0205032,0.979647
2,661,0,No,-1.19416,-0.360825,0.69706
2,662,0,Yes,-2.28636,-0.107113,0.898371
2,663,0,No,-0.0537943,-2.94822,0.0524298
2,664,0,No,-0.000465024,-7.55412,0.000523914
2,665,0,No,-0.000127204,-8.58566,0.000186753
2,666,0,Yes,-4.37317,-0.0126319,0.98739
2,667,0,Yes,-2.30738,-0.104764,0.900484
2,668,0,Yes,-3.93559,-0.0196669,0.980467
2,669,0,Yes,-3.14602,-0.043914,0.95698
2,670,0,Yes,-1.71149,-0.199107,0.819414
2,671,0,No,-0.00651048,-5.02839,0.00654897
2,672,0,No,-0.0070151,-4.95477,0.0070493
2,673,0,No,-0.000268853,-8.02145,0.000328324
2,674,0,No,-0.000177041,-8.34928,0.000236552
2,675,0,No,-0.000103598,-8.72325,0.000162748
2,676,0,No,-6.84285e-05,-8.96227,0.000128148
2,677,0,Yes,-2.31811,-0.103584,0.901547
2,678,0,No,-0.00503578,-5.2819,0.00508247
2,679,0,No,-2.489,-0.0865756,0.917012
2,680,0,No,-0.00111714,-6.74602,0.00117548
2,681,0,No,-0.00129933,-6.60202,0.00135754
2,682,0,No,-0.0592646,-2.8542,0.0575984
2,683,0,Yes,-1.25327,-0.336189,0.714446
2,684,0,No,-0.835467,-0.568478,0.566353
2,685,0,No,-0.175252,-1.82751,0.160804
2,686,0,No,-0.00406734,-5.49221,0.00411849
2,687,0,No,-0.00102769,-6.82486,0.00108636
2,688,0,No,-0.000162615,-8.4152,0.000221462
2,689,0,Yes,-4.89895,-0.00742239,0.992546
2,690,0,No,-0.163193,-1.89292,0.150623
2,691,0,Yes,-1.80929,-0.178782,0.836239
2,692,0,No,-8.14233e-05,-8.86789,0.000140831
2,693,0,No,-0.00164823,-6.37338,0.00170629
2,694,0,No,-0.00470671,-5.3486,0.00475455
2,695,0,No,-0.000356261,-7.78713,0.000415018
2,696,0,Yes,-1.17685,-0.368442,0.69177
2,697,0,No,-0.0006168,-7.29871,0.000676373
2,698,0,No,-0.000171795,-8.37315,0.000230973
2,699,0,No,-0.00726309,-4.92036,0.00729608
2,700,0,No,-0.00251609,-5.96284,0.00257243
2,701,0,Yes,-2.06156,-0.136045,0.872752
2,702,0,Yes,-1.70584,-0.200357,0.81839
2,703,0,No,-0.165565,-1.87965,0.152635
2,704,0,No,-0.0580955,-2.87353,0.0564956
2,705,0,No,-0.0598335,-2.84493,0.0581348
2,706,0,No,-0.696712,-0.689478,0.501808
2,707,0,No,-0.000449759,-7.58247,0.00050927
2,708,0,No,-0.000212215,-8.21243,0.000271245
2,709,0,Yes,-4.90869,-0.00735021,0.992618
2,710,0,Yes,-0.949736,-0.489039,0.61318
2,711,0,No,-0.00575491,-5.1503,0.0057973
2,712,0,No,-0.0166753,-4.09852,0.0165962
2,713,0,No,-0.317937,-1.30045,0.272394
2,714,0,Yes,-2.78894,-0.0633943,0.938517
2,715,0,Yes,-2.04908,-0.137877,0.871154
2,716,0,Yes,-2.33927,-0.101301,0.903608
2,717,0,No,-0.000141511,-8.51412,0.000200604
2,718,0,No,-0.00052609,-7.44297,0.000585511
2,719,0,No,-0.000305759,-7.91639,0.000364694
2,720,0,No,-0.000620617,-7.29388,0.000679643
2,721,0,No,-0.000685987,-7.20212,0.000744958
2,722,0,No,-0.00150161,-6.46296,0.00156008
2,723,0,No,-0.634704,-0.755093,0.469939
2,724,0,No,-0.00082503,-7.03086,0.000884118
2,725,0,No,-0.199689,-1.70885,0.181063
2,726,0,No,-1.56805,-0.233691,0.79156
2,727,0,Yes,-4.48958,-0.0112294,0.988775
2,728,0,Yes,-4.52041,-0.0108847,0.989116
2,729,0,No,-0.00331408,-5.69328,0.00336834
2,730,0,Yes,-4.71411,-0.00894945,0.991033
2,731,0,Yes,-1.80051,-0.180511,0.834794
2,732,0,Yes,-3.93859,-0.0196071,0.980525
2,733,0,Yes,-4.24222,-0.0144204,0.985625
2,734,0,Yes,-0.716482,-0.670229,0.511561
2,735,0,No,-0.00753444,-4.88415,0.00756507
2,736,0,Yes,-0.779332,-0.613697,0.541314
2,737,0,No,-0.179259,-1.80685,0.16416
2,738,0,Yes,-0.427279,-1.05619,0.347757
2,739,0,No,-0.00101212,-6.83932,0.00107077
2,740,0,No,-1.01333,-0.450909,0.637012
2,741,0,Yes,-1.69523,-0.202724,0.816455
2,742,0,Yes,-3.13756,-0.0442961,0.956614
2,743,0,Yes,-2.81857,-0.0614846,0.940312
2,744,0,No,-0.391976,-1.12597,0.32432
2,745,0,Yes,-1.35214,-0.299252,0.741329
2,746,0,Yes,-1.18311,-0.365666,0.693694
2,747,0,Yes,-1.9437,-0.154451,0.856835
2,748,0,Yes,-0.182651,-1.78976,0.16699
2,749,0,No,-0.000950669,-6.89832,0.00100942
2,750,0,Yes,-3.75918,-0.0235189,0.976698
2,751,0,Yes,-3.55887,-0.028823,0.971531
2,752,0,No,-0.139564,-2.03774,0.130315
2,753,0,No,-0.43816,-1.0361,0.354815
2,754,0,Yes,-3.23772,-0.0399823,0.960749
2,755,0,Yes,-4.30783,-0.0134944,0.986538
2,756,0,Yes,-4.65601,-0.00948972,0.990496
2,757,0,Yes,-4.05651,-0.0174003,0.982692
2,758,0,Yes,-3.15482,-0.0435197,0.957357
2,759,0,No,-0.00083195,-7.02335,0.000890784
2,760,0,No,-1.88527,-0.164556,0.848221
2,761,0,No,-0.00896815,-4.71199,0.00898633
2,762,0,No,-0.280932,-1.40658,0.244965
2,763,0,Yes,-3.49048,-0.0308994,0.969516
2,764,0,Yes,-4.76228,-0.00852357,0.991454
2,765,0,No,-0.001536,-6.44139,0.00159409
2,766,0,Yes,-4.52746,-0.0108074,0.989193
2,767,0,Yes,-2.40506,-0.0945313,0.909745
2,768,0,Yes,-4.00166,-0.0183939,0.981716
2,769,0,Yes,-3.14619,-0.0439067,0.956987
2,770,0,Yes,-0.345888,-1.2294,0.29245
2,771,0,No,-1.03542,-0.438535,0.644942
2,772,0,Yes,-3.78912,-0.0228146,0.977386
2,773,0,No,-0.0147985,-4.21658,0.0147482
2,774,0,Yes,-4.04856,-0.0175415,0.982553
2,775,0,No,-0.00532738,-5.2265,0.00537199
2,776,0,Yes,-1.5327,-0.24321,0.784061
2,777,0,No,-0.179386,-1.80621,0.164266
2,778,0,No,-1.41862,-0.277057,0.757967
2,779,0,Yes,-3.71208,-0.0246697,0.975575
2,780,0,Yes,-2.64929,-0.0732616,0.929303
2,781,0,Yes,-4.14337,-0.0159364,0.984132
2,782,0,No,-1.30453,-0.316411,0.728717
2,783,0,No,-0.0185334,-3.99418,0.0184214
2,784,0,No,-7.53431e-05,-8.91656,0.000134142
2,785,0,No,-0.816731,-0.583065,0.558152
2,786,0,No,-0.000446002,-7.59058,0.000505159
2,787,0,No,-0.00631444,-5.05875,0.00635314
2,788,0,No,-0.0102326,-4.58149,0.0102391
2,789,0,No,-0.00157415,-6.41754,0.00163256
2,790,0,Yes,-3.36309,-0.0351802,0.965374
2,791,0,No,-0.0652161,-2.76154,0.0631907
2,792,0,No,-0.106987,-2.28748,0.101516
2,793,0,No,-0.0202845,-3.90506,0.0201385
2,794,0,No,-0.0107928,-4.52872,0.0107939
2,795,0,No,-0.152007,-1.95845,0.141069
2,796,0,Yes,-1.22405,-0.348111,0.705979
2,797,0,Yes,-0.807842,-0.590158,0.554207
2,798,0,No,-2.25924,-0.110229,0.895577
2,799,0,No,-3.23659,-0.0400284,0.960705
2,800,0,Yes,-2.27062,-0.108911,0.896758
2,801,0,No,-0.000382616,-7.7251,0.000441578
2,802,0,Yes,-4.75364,-0.00859823,0.99138
2,803,0,No,-0.785439,-0.608549,0.544107
2,804,0,No,-0.108514,-2.27407,0.102886
2,805,0,Yes,-0.400338,-1.10877,0.329946
2,806,0,No,-0.00100932,-6.84196,0.00106795
2,807,0,Yes,-3.2979,-0.0376001,0.963041
2,808,0,No,-0.00224078,-6.07578,0.00229772
2,809,0,Yes,-3.82562,-0.021986,0.978196
2,810,0,Yes,-0.121094,-2.1706,0.114102
2,811,0,No,-0.89762,-0.52337,0.592486
2,812,0,No,-0.000648769,-7.25349,0.000707656
2,813,0,No,-0.725286,-0.661896,0.515842
2,814,0,No,-0.39123,-1.12752,0.323815
2,815,0,No,-0.113501,-2.23159,0.107351
2,816,0,Yes,-2.77838,-0.0640911,0.937864
2,817,0,Yes,-3.48509,-0.0310695,0.969351
2,818,0,Yes,-1.32001,-0.31071,0.732883
2,819,0,No,-0.0197144,-3.93321,0.0195796
2,820,0,Yes,-2.35948,-0.0991684,0.905536
2,821,0,Yes,-2.80597,-0.0622889,0.939555
2,822,0,Yes,-4.20513,-0.0149712,0.985082
2,823,0,Yes,-2.93813,-0.0543571,0.947038
2,824,0,Yes,-4.79186,-0.00827274,0.991704
2,825,0,Yes,-0.965629,-0.479141,0.619279
2,826,0,Yes,-0.00360781,-5.60995,0.00366104
2,827,0,No,-0.00215835,-6.1122,0.00221554
2,828,0,Yes,-3.24848,-0.0395459,0.961169
2,829,0,Yes,-3.62299,-0.0270046,0.973299
2,830,0,No,-9.29876e-05,-8.78828,0.000152501
2,831,0,No,-1.2211,-0.349341,0.705111
2,832,0,Yes,-3.31949,-0.0367803,0.963831
2,833,0,Yes,-4.97174,-0.0068959,0.993069
2,834,0,Yes,-1.97031,-0.150073,0.860594
2,835,0,Yes,-3.0646,-0.0477344,0.95333
2,836,0,Yes,-1.73228,-0.194583,0.823129
2,837,0,Yes,-3.00896,-0.0505399,0.95066
2,838,0,Yes,-2.82279,-0.0612164,0.940564
2,839,0,No,-0.000108486,-8.69315,0.000167721
2,840,0,Yes,-0.846614,-0.560026,0.57116
2,841,0,No,-0.950925,-0.488289,0.613639
2,842,0,No,-7.2303e-05,-8.93466,0.000131735
2,843,0,Yes,-4.05482,-0.0174308,0.982662
2,844,0,Yes,-1.53398,-0.242858,0.784337
2,845,0,No,-0.00598873,-5.11102,0.00602959
2,846,0,Yes,-0.162976,-1.89414,0.150438
2,847,0,No,-0.00086476,-6.98669,0.000924045
2,848,0,No,-0.00109255,-6.76663,0.00115151
2,849,0,Yes,-2.64206,-0.0738135,0.92879
2,850,0,No,-0.000131616,-8.56379,0.000190883
2,851,0,Yes,-3.50817,-0.0303482,0.97005
2,852,0,No,-0.189613,-1.75574,0.172769
2,853,0,Yes,-0.602542,-0.792657,0.452614
2,854,0,Yes,-4.90485,-0.00737909,0.99259
2,855,0,No,-0.514436,-0.910754,0.402197
2,856,0,No,-0.0601241,-2.84023,0.0584088
2,857,0,No,-0.143899,-2.00929,0.134076
2,858,0,No,-0.133354,-2.0802,0.124897
2,859,0,Yes,-0.630419,-0.75995,0.467662
2,860,0,No,-0.396328,-1.11696,0.327254
2,861,0,Yes,-3.30608,-0.0372872,0.963343
2,862,0,No,-0.00673753,-4.99467,0.00677357
2,863,0,No,-0.00307944,-5.76536,0.00313409
2,864,0,Yes,-3.72344,-0.0243865,0.975851
2,865,0,No,-0.000499492,-7.48954,0.000558869
2,866,0,No,-0.000932711,-6.91653,0.000991202
2,867,0,No,-0.000405752,-7.67289,0.000465245
2,868,0,Yes,-1.14334,-0.383744,0.681266
2,869,0,Yes,-0.647253,-0.741126,0.476549
2,870,0,No,-0.00174412,-6.31899,0.00180165
2,871,0,No,-0.00593141,-5.12044,0.00597305
2,872,0,Yes,-2.86484,-0.0586181,0.943011
2,873,0,Yes,-3.03705,-0.0491032,0.952027
2,874,0,Yes,-2.55508,-0.0808058,0.922319
2,875,0,No,-0.0907052,-2.44448,0.0867665
2,876,0,Yes,-1.94785,-0.153758,0.857429
2,877,0,No,-0.0164763,-4.11044,0.0163996
2,878,0,Yes,-4.47535,-0.0113914,0.988614
2,879,0,Yes,-1.91228,-0.159798,0.852266
2,880,0,Yes,-4.68919,-0.00917699,0.990806
2,881,0,No,-0.00769811,-4.86284,0.00772804
2,882,0,Yes,-4.20697,-0.0149429,0.985109
2,883,0,Yes,-4.61905,-0.0098513,0.990138
2,884,0,Yes,-1.25867,-0.334038,0.715984
2,885,0,Yes,-2.31611,-0.103803,0.90135
2,886,0,Yes,-4.57453,-0.0103049,0.989689
2,887,0,No,-0.917386,-0.509999,0.600461
2,888,0,Yes,-0.713995,-0.672609,0.510345
2,889,0,Yes,-0.374677,-1.163,0.312529
2,890,0,Yes,-1.18355,-0.365474,0.693827
2,891,0,Yes,-3.93216,-0.0197361,0.9804
2,892,0,Yes,-4.98616,-0.00679586,0.993168
2,893,0,Yes,-4.46322,-0.0115323,0.988476
2,894,0,Yes,-4.04257,-0.0176483,0.982449
2,895,0,Yes,-4.06763,-0.0172063,0.982883
2,896,0,No,-9.03647e-05,-8.80605,0.000149815
2,897,0,No,-0.000260447,-8.04756,0.000319863
2,898,0,Yes,-2.55107,-0.081144,0.922007
2,899,0,No,-0.000261639,-8.04358,0.000321136
2,900,0,No,-0.000262295,-8.04188,0.000321685
2,901,0,Yes,-4.82816,-0.00797373,0.991999
2,902,0,Yes,-1.12052,-0.394603,0.673908
2,903,0,No,-0.06304,-2.79438,0.0611493
2,904,0,Yes,-4.37997,-0.0125455,0.987475
2,905,0,Yes,-4.2486,-0.014327,0.985717
2,906,0,Yes,-4.24694,-0.0143519,0.985693
2,907,0,No,-0.0375186,-3.29999,0.0368812
2,908,0,No,-0.306819,-1.33076,0.26426
2,909,0,No,-0.312948,-1.3139,0.268755
2,910,0,Yes,-1.75748,-0.189251,0.82753
2,911,0,No,-0.000250252,-8.08114,0.000309298
2,912,0,Yes,-0.285475,-1.39271,0.248387
2,913,0,No,-0.116298,-2.20864,0.109843
2,914,0,No,-0.0011089,-6.75247,0.00116792
2,915,0,Yes,-3.73859,-0.0240147,0.976214
2,916,0,No,-0.00884644,-4.72544,0.00886632
2,917,0,Yes,-1.83006,-0.174765,0.839605
2,918,0,Yes,-3.4979,-0.0306668,0.969741
2,919,0,Yes,-4.58467,-0.0102003,0.989793
2,920,0,Yes,-2.41804,-0.0932531,0.910909
2,921,0,No,-0.00362097,-5.60643,0.00367393
2,922,0,No,-0.108861,-2.27105,0.103197
2,923,0,Yes,-3.75038,-0.0237287,0.976493
2,924,0,Yes,-4.09015,-0.0168179,0.983264
2,925,0,Yes,-0.398997,-1.1115,0.329046
2,926,0,Yes,-4.65384,-0.00951078,0.990476
2,927,0,Yes,-2.1245,-0.12719,0.880514
2,928,0,No,-0.000923702,-6.92514,0.000982711
2,929,0,No,-0.000370154,-7.75396,0.000429015
2,930,0,Yes,-2.26153,-0.109962,0.895815
2,931,0,No,-0.069636,-2.69821,0.0673221
2,932,0,No,-0.00818878,-4.80179,0.0082145
2,933,0,Yes,-2.57522,-0.0791268,0.923868
2,934,0,No,-0.00200001,-6.18635,0.0020572
2,935,0,No,-0.00399193,-5.51067,0.00404315
2,936,0,Yes,-3.18546,-0.042177,0.958643
2,937,0,No,-0.00121309,-6.66707,0.00127204
2,938,0,No,-0.011398,-4.47472,0.0113928
2,939,0,No,-0.00112191,-6.74142,0.0011809
2,940,0,Yes,-3.32539,-0.0365597,0.964044
2,941,0,No,-0.0119561,-4.42752,0.0119434
2,942,0,No,-0.0245587,-3.7165,0.0243175
2,943,0,Yes,-5.25204,-0.00519107,0.994763
2,944,0,Yes,-0.283291,-1.39935,0.246744
2,945,0,No,-0.0085505,-4.759,0.00857368
2,946,0,Yes,-2.047,-0.138186,0.870886
2,947,0,Yes,-0.482591,-0.960043,0.382854
2,948,0,Yes,-3.61054,-0.0273488,0.972964
2,949,0,Yes,-4.61592,-0.00988303,0.990108
2,950,0,No,-0.00101099,-6.8406,0.0010694
2,951,0,Yes,-3.41844,-0.0332508,0.967239
2,952,0,Yes,-1.08681,-0.411333,0.662728
2,953,0,Yes,-1.72211,-0.196783,0.821321
2,954,0,Yes,-3.18279,-0.0422919,0.958533
2,955,0,Yes,-0.7412,-0.647185,0.523486
2,956,0,Yes,-4.16639,-0.0155697,0.984493
2,957,0,Yes,-3.60849,-0.0274055,0.972909
2,958,0,Yes,-4.09512,-0.0167333,0.983347
2,959,0,No,-0.013984,-4.27258,0.0139449
2,960,0,No,-0.00129211,-6.60705,0.00135073
2,961,0,Yes,-3.36537,-0.0350992,0.965453
2,962,0,No,-0.00192601,-6.22278,0.0019836
2,963,0,No,-0.0439627,-3.14494,0.0430669
2,964,0,No,-0.70746,-0.678919,0.507135
2,965,0,No,-0.00297631,-5.79877,0.00303111
2,966,0,No,-0.0113849,-4.47596,0.0113787
2,967,0,No,-0.00957944,-4.64675,0.00959216
2,968,0,No,-1.2022,-0.357352,0.699485
2,969,0,Yes,-1.82755,-0.175246,0.839202
2,970,0,Yes,-4.04173,-0.0176627,0.982434
2,971,0,Yes,-3.93001,-0.0197783,0.980358
2,972,0,No,-0.0278073,-3.59417,0.0274818
2,973,0,No,-0.143837,-2.00969,0.134022
2,974,0,Yes,-1.59424,-0.226906,0.796949
2,975,0,No,-0.339856,-1.24415,0.288169
2,976,0,No,-0.520333,-0.902053,0.405712
2,977,0,Yes,-1.00227,-0.457262,0.632978
2,978,0,Yes,-3.31947,-0.0367812,0.96383
2,979,0,Yes,-0.180158,-1.80229,0.164912
2,980,0,Yes,-0.380803,-1.14965,0.316728
2,981,0,Yes,-0.347068,-1.22655,0.293284
2,982,0,Yes,-0.282631,-1.40137,0.246246
2,983,0,Yes,-2.63808,-0.0741198,0.928506
2,984,0,No,-0.440733,-1.03144,0.356473
2,985,0,No,-0.980848,-0.469898,0.625029
2,986,0,Yes,-0.925779,-0.504452,0.603801
2,987,0,Yes,-0.946827,-0.490878,0.612053
2,988,0,Yes,-3.09459,-0.0462893,0.954709
2,989,0,Yes,-1.46497,-0.262697,0.76893
2,990,0,Yes,-0.627724,-0.763026,0.466226
2,991,0,Yes,-0.92944,-0.502058,0.605248
2,992,0,No,-0.582728,-0.817157,0.44166
2,993,0,Yes,-1.71724,-0.197843,0.82045
2,994,0,Yes,-1.1426,-0.384087,0.681032
2,995,0,Yes,-0.675412,-0.711084,0.491083
2,996,0,Yes,-3.02368,-0.0497817,0.951381
2,997,0,Yes,-3.04165,-0.048873,0.952246
2,998,0,Yes,-4.09985,-0.0166546,0.983426
2,999,0,Yes,-4.22448,-0.0146814,0.985368
2,1000,0,Yes,-1.5301,-0.243926,0.7835
2,1001,0,Yes,-1.81986,-0.176724,0.837961
2,1002,0,Yes,-3.98212,-0.0187614,0.981355
2,1003,0,Yes,-4.74814,-0.00864597,0.991333
2,1004,0,Yes,-4.91029,-0.00733808,0.99263
2,1005,0,No,-0.589019,-0.80926,0.445161
2,1006,0,Yes,-0.958222,-0.483722,0.616448
2,1007,0,Yes,-2.43988,-0.0911426,0.912834
2,1008,0,Yes,-1.02753,-0.442905,0.64213
2,1009,0,Yes,-4.32545,-0.013256,0.986773
2,1010,0,Yes,-3.86587,-0.0211074,0.979056
2,1011,0,Yes,-4.18681,-0.015251,0.984806
2,1012,0,Yes,-4.1585,-0.0156949,0.98437
2,1013,0,Yes,-1.67549,-0.207216,0.812795
2,1014,0,Yes,-4.58646,-0.0101813,0.989812
2,1015,0,No,-0.0265378,-3.64016,0.0262467
2,1016,0,Yes,-1.79551,-0.181502,0.833967
2,1017,0,Yes,-2.39089,-0.095949,0.908457
2,1018,0,Yes,-3.13222,-0.0445391,0.956382
2,1019,0,Yes,-4.1082,-0.0165136,0.983564
2,1020,0,No,-0.00116893,-6.70281,0.00122739
2,1021,0,No,-0.0169417,-4.08291,0.0168573
2,1022,0,No,-0.0164113,-4.11431,0.0163362
2,1023,0,Yes,-4.41601,-0.0120959,0.987918
2,1024,0,Yes,-3.18547,-0.0421765,0.958644
2,1025,0,Yes,-0.563367,-0.842182,0.430744
2,1026,0,Yes,-3.49548,-0.0307432,0.969668
2,1027,0,Yes,-1.19212,-0.361715,0.69644
2,1028,0,Yes,-1.76612,-0.187459,0.829015
2,1029,0,Yes,-1.94604,-0.154061,0.857169
2,1030,0,Yes,-2.22682,-0.114077,0.892136
2,1031,0,Yes,-0.198661,-1.71351,0.180221
2,1032,0,No,-0.0125794,-4.37725,0.0125591
2,1033,0,No,-0.0521854,-2.97776,0.0509036
2,1034,0,No,-1.55154,-0.238084,0.788091
2,1035,0,Yes,-2.18552,-0.11919,0.887587
2,1036,0,Yes,-2.98,-0.0520658,0.94921
2,1037,0,Yes,-3.18943,-0.0420064,0.958807
2,1038,0,No,-0.00540079,-5.21283,0.00544592
2,1039,0,No,-0.100251,-2.34916,0.0954439
2,1040,0,No,-0.0960623,-2.38975,0.0916468
2,1041,0,Yes,-3.95247,-0.0193341,0.980794
2,1042,0,Yes,-3.30225,-0.0374331,0.963202
2,1043,0,No,-0.789914,-0.604815,0.546143
2,1044,0,Yes,-2.6868,-0.0704644,0.931906
2,1045,0,Yes,-1.33536,-0.305175,0.736951
2,1046,0,No,-0.0102455,-4.58019,0.0102524
2,1047,0,No,-0.0110977,-4.50118,0.0110952
2,1048,0,No,-0.000165059,-8.39984,0.000224889
2,1049,0,No,-0.000165119,-8.39998,0.000224858
2,1050,0,No,-7.65353e-05,-8.90366,0.000135883
2,1051,0,No,-0.000211738,-8.21154,0.000271485
2,1052,0,No,-8.46422e-05,-8.84536,0.00014404
2,1053,0,No,-0.000245661,-8.09476,0.000305114
2,1054,0,No,-0.0461999,-3.09647,0.0452057
2,1055,0,No,-0.0012113,-6.66868,0.00127
2,1056,0,No,-0.00308303,-5.76433,0.00313731
2,1057,0,No,-0.0020095,-6.1817,0.00206678
2,1058,0,No,-0.000232604,-8.13947,0.000291774
2,1059,0,No,-0.000148844,-8.47677,0.000208237
2,1060,0,No,-0.0031268,-5.75039,0.00318136
2,1061,0,Yes,-2.43074,-0.0920192,0.912033
2,1062,0,Yes,-4.65329,-0.00951583,0.99047
2,1063,0,No,-3.93975,-0.0195847,0.980548
2,1064,0,Yes,-4.85862,-0.00773247,0.992239
2,1065,0,No,-2.05687,-0.136731,0.872154
2,1066,0,No,-0.000133106,-8.55548,0.000192475
2,1067,0,No,-6.52096e-05,-8.99159,0.000124444
2,1068,0,No,-0.0662882,-2.74578,0.0641947
2,1069,0,No,-0.000660638,-7.23611,0.000720063
2,1070,0,No,-0.00014169,-8.51344,0.000200739
2,1071,0,No,-4.70292e-05,-9.14907,0.000106313
2,1072,0,No,-0.116342,-2.20829,0.109882
2,1073,0,No,-4.00551e-05,-9.21951,9.90812e-05
2,1074,0,No,-0.00027565,-8.0006,0.000335241
2,1075,0,No,-0.000123151,-8.6086,0.000182518
2,1076,0,No,-0.264007,-1.46063,0.232077
2,1077,0,No,-0.00205681,-6.15911,0.002114
2,1078,0,No,-0.250026,-1.50833,0.221266
2,1079,0,No,-0.00082843,-7.02706,0.000887486
2,1080,0,No,-0.00198812,-6.19197,0.00204567
2,1081,0,No,-0.00359011,-5.615,0.00364261
2,1082,0,Yes,-0.279017,-1.41251,0.243518
2,1083,0,No,-0.00263687,-5.91724,0.00269246
2,1084,0,Yes,-3.89161,-0.0205635,0.979589
2,1085,0,Yes,-4.59621,-0.0100812,0.989911
2,1086,0,Yes,-5.0133,-0.00661176,0.993352
2,1087,0,Yes,-0.149534,-1.97364,0.138942
2,1088,0,No,-0.200029,-1.70731,0.181342
2,1089,0,Yes,-0.754763,-0.634997,0.529906
2,1090,0,Yes,-1.06845,-0.420807,0.656478
2,1091,0,Yes,-3.82472,-0.0220066,0.978177
2,1092,0,Yes,-2.77676,-0.0641984,0.937764
2,1093,0,No,-0.000521617,-7.45065,0.000581029
2,1094,0,No,-0.00071074,-7.16931,0.000769811
2,1095,0,No,-0.00157343,-6.4182,0.00163149
2,1096,0,No,-0.0256982,-3.6718,0.0254291
2,1097,0,No,-0.00180825,-6.28382,0.00186615
2,1098,0,No,-0.0229929,-3.78142,0.022789
2,1099,0,Yes,-0.12289,-2.15677,0.115691
2,1100,0,No,-0.791194,-0.603754,0.546723
2,1101,0,Yes,-3.73535,-0.024094,0.976137
2,1102,0,Yes,-4.29305,-0.0136978,0.986338
2,1103,0,Yes,-4.03915,-0.0177082,0.982389
2,1104,0,Yes,-0.921338,-0.507377,0.602037
2,1105,0,No,-0.549913,-0.860245,0.423034
2,1106,0,Yes,-0.526334,-0.893326,0.409268
2,1107,0,No,-0.692092,-0.694086,0.499501
2,1108,0,Yes,-3.83886,-0.021692,0.978483
2,1109,0,Yes,-3.87004,-0.0210185,0.979144
2,1110,0,Yes,-4.81126,-0.00811078,0.991863
2,1111,0,Yes,-4.14207,-0.0159576,0.984111
2,1112,0,Yes,-3.60255,-0.0275721,0.972747
2,1113,0,Yes,-2.69776,-0.0696683,0.932648
2,1114,0,Yes,-2.89727,-0.0566916,0.944829
2,1115,0,Yes,-2.23296,-0.113338,0.892796
2,1116,0,No,-0.0330949,-3.42304,0.0326112
2,1117,0,Yes,-2.50093,-0.0855034,0.917996
2,1118,0,Yes,-4.12726,-0.0161982,0.983874
2,1119,0,Yes,-2.66003,-0.0724498,0.930058
2,1120,0,Yes,-2.32338,-0.103011,0.902064
2,1121,0,Yes,-2.74872,-0.0660876,0.935994
2,1122,0,Yes,-4.15242,-0.0157916,0.984275
2,1123,0,Yes,-0.575561,-0.826293,0.437643
2,1124,0,Yes,-4.04306,-0.0176389,0.982457
2,1125,0,Yes,-1.95262,-0.152968,0.858106
2,1126,0,Yes,-3.5695,-0.0285139,0.971832
2,1127,0,No,-1.66716,-0.209145,0.811229
2,1128,0,No,-0.397805,-1.11393,0.328246
2,1129,0,No,-0.592519,-0.804914,0.4471
2,1130,0,No,-1.47691,-0.259137,0.771672
2,1131,0,Yes,-3.16294,-0.04316,0.957701
2,1132,0,Yes,-1.62405,-0.219451,0.802912
2,1133,0,Yes,-3.88011,-0.0208041,0.979353
2,1134,0,Yes,-4.4916,-0.0112061,0.988798
2,1135,0,Yes,-3.51771,-0.0300551,0.970334
2,1136,0,Yes,-3.7281,-0.0242711,0.975963
2,1137,0,Yes,-3.85816,-0.0212716,0.978894
2,1138,0,Yes,-0.269125,-1.44388,0.235997
2,1139,0,No,-0.596785,-0.799665,0.449453
2,1140,0,Yes,-2.90582,-0.0561937,0.945299
2,1141,0,Yes,-3.07969,-0.0470012,0.954029
2,1142,0,Yes,-4.16014,-0.0156682,0.984396
2,1143,0,Yes,-4.94769,-0.00706546,0.992901
2,1144,0,Yes,-3.92659,-0.0198463,0.98029
2,1145,0,No,-0.569338,-0.834346,0.434133
2,1146,0,Yes,-2.54341,-0.0817952,0.921406
2,1147,0,Yes,-3.5532,-0.0289898,0.971369
2,1148,0,Yes,-3.30271,-0.0374156,0.963219
2,1149,0,Yes,-3.46752,-0.0316298,0.968808
2,1150,0,Yes,-0.263431,-1.46253,0.231635
2,1151,0,Yes,-3.24415,-0.0397215,0.961001
2,1152,0,Yes,-2.42281,-0.092788,0.911333
2,1153,0,No,-0.136344,-2.05951,0.127509
2,1154,0,No,-0.00208386,-6.14635,0.00214115
2,1155,0,No,-0.0236568,-3.75339,0.0234368
2,1156,0,No,-0.00636609,-5.05064,0.00640487
2,1157,0,No,-0.0029023,-5.82329,0.00295768
2,1158,0,No,-0.0066843,-5.00256,0.00672034
2,1159,0,No,-0.48596,-0.954637,0.384929
2,1160,0,Yes,-2.20621,-0.116599,0.889889
2,1161,0,Yes,-1.31623,-0.312092,0.731871
2,1162,0,No,-0.0433432,-3.15879,0.0424745
2,1163,0,Yes,-1.59221,-0.227423,0.796537
2,1164,0,No,-0.0154896,-4.17145,0.015429
2,1165,0,No,-0.101796,-2.33464,0.0968393
2,1166,0,Yes,-1.91218,-0.159816,0.852251
2,1167,0,Yes,-1.91933,-0.158581,0.853303
2,1168,0,Yes,-3.07331,-0.0473107,0.953735
2,1169,0,Yes,-0.631694,-0.758499,0.468341
2,1170,0,Yes,-2.36072,-0.0990392,0.905654
2,1171,0,No,-0.152203,-1.95725,0.141237
2,1172,0,Yes,-3.17378,-0.0426845,0.958157
2,1173,0,No,-0.251423,-1.50343,0.222353
2,1174,0,No,-0.485704,-0.955043,0.384773
2,1175,0,Yes,-2.94018,-0.0542422,0.947147
2,1176,0,No,-0.716214,-0.670486,0.51143
2,1177,0,Yes,-3.77451,-0.0231549,0.977053
2,1178,0,Yes,-2.49123,-0.0863739,0.917197
2,1179,0,No,-0.11542,-2.21579,0.109061
2,1180,0,Yes,-4.48269,-0.0113078,0.988698
2,1181,0,Yes,-0.728291,-0.659082,0.517295
2,1182,0,Yes,-3.41028,-0.0335287,0.96697
2,1183,0,No,-0.0106126,-4.54542,0.0106151
2,1184,0,Yes,-3.97308,-0.0189344,0.981186
2,1185,0,No,-2.8,-0.0626752,0.939193
2,1186,0,Yes,-1.98561,-0.147616,0.862711
2,1187,0,No,-0.486666,-0.95351,0.385363
2,1188,0,No,-0.318294,-1.29949,0.272654
2,1189,0,No,-0.00971666,-4.6326,0.00972881
2,1190,0,No,-0.000264799,-8.03412,0.00032419
2,1191,0,No,-0.000255915,-8.06225,0.000315198
2,1192,0,No,-0.000251861,-8.07415,0.000311471
2,1193,0,No,-0.000133583,-8.55228,0.000193093
2,1194,0,No,-0.0114429,-4.47089,0.0114365
2,1195,0,No,-0.0325573,-3.43914,0.0320905
2,1196,0,No,-0.00070895,-7.17167,0.000767996
2,1197,0,No,-0.0018605,-6.25657,0.0019177
2,1198,0,No,-0.000610896,-7.308,0.000670119
2,1199,0,No,-0.00250325,-5.96808,0.002559
2,1200,0,No,-0.000373254,-7.74596,0.00043246
2,1201,0,No,-0.000347675,-7.80607,0.00040723
2,1202,0,Yes,-4.95034,-0.00704649,0.992919
2,1203,0,Yes,-4.85538,-0.00775716,0.992214
2,1204,0,Yes,-5.041,-0.00642896,0.993533
2,1205,0,Yes,-4.4604,-0.0115657,0.988443
2,1206,0,No,-9.85313e-05,-8.75182,0.000158163
2,1207,0,No,-0.000269449,-8.02055,0.000328621
2,1208,0,No,-4.8877e-05,-9.13216,0.000108125
2,1209,0,No,-0.000676682,-7.21438,0.00073588
2,1210,0,No,-0.00015093,-8.46883,0.000209899
2,1211,0,No,-0.000186818,-8.30891,0.000246299
2,1212,0,No,-0.00219759,-6.09482,0.00225438
2,1213,0,No,-0.00382109,-5.55372,0.00387279
2,1214,0,No,-0.287667,-1.3861,0.250033
2,1215,0,No,-0.0124519,-4.3873,0.0124336
2,1216,0,No,-0.00141685,-6.51894,0.00147515
2,1217,0,Yes,-0.8302,-0.572529,0.564064
2,1218,0,No,-0.23639,-1.55786,0.210574
2,1219,0,No,-0.525621,-0.894356,0.408847
2,1220,0,Yes,-0.547881,-0.863023,0.42186
2,1221,0,Yes,-4.39708,-0.0123302,0.987688
2,1222,0,Yes,-4.38895,-0.0124317,0.987587
2,1223,0,Yes,-2.86124,-0.0588357,0.942806
2,1224,0,No,-0.000380827,-7.72884,0.000439928
2,1225,0,No,-0.000376116,-7.74012,0.000434995
2,1226,0,No,-0.000248821,-8.08491,0.000308136
2,1227,0,No,-0.00790259,-4.83695,0.00793072
2,1228,0,No,-0.00196656,-6.20275,0.00202374
2,1229,0,No,-0.00453426,-5.38529,0.00458325
2,1230,0,No,-0.0150944,-4.19697,0.0150402
2,1231,0,No,-0.00505207,-5.27875,0.00509852
2,1232,0,No,-0.065268,-2.76077,0.0632395
2,1233,0,No,-0.00349548,-5.64108,0.00354881
2,1234,0,Yes,-2.3556,-0.0995737,0.905169
2,1235,0,Yes,-2.714,-0.0685057,0.933733
2,1236,0,Yes,-3.75661,-0.0235791,0.976639
2,1237,0,Yes,-2.07153,-0.134599,0.874015
2,1238,0,No,-0.0607469,-2.83025,0.0589944
2,1239,0,No,-0.0407636,-3.21878,0.0400014
2,1240,0,Yes,-3.38078,-0.034551,0.965981
2,1241,0,Yes,-2.15089,-0.123662,0.883626
2,1242,0,Yes,-4.84805,-0.00781542,0.992157
2,1243,0,Yes,-4.56537,-0.0104001,0.989595
2,1244,0,No,-0.00414801,-5.47308,0.00419803
2,1245,0,Yes,-3.21953,-0.0407326,0.960029
2,1246,0,Yes,-4.01871,-0.0180792,0.982025
2,1247,0,No,-0.000608689,-7.31178,0.00066759
2,1248,0,No,-0.00192243,-6.22469,0.00197981
2,1249,0,No,-0.235182,-1.5624,0.20962
2,1250,0,No,-0.000528714,-7.43891,0.000587892
2,1251,0,Yes,-4.80947,-0.00812563,0.991848
2,1252,0,Yes,-3.86271,-0.0211739,0.97899
2,1253,0,No,-0.00090145,-6.94784,0.000960654
2,1254,0,No,-0.000411953,-7.66066,0.000470969
2,1255,0,No,-0.00142348,-6.51455,0.00148163
2,1256,0,Yes,-1.21314,-0.352687,0.702756
2,1257,0,Yes,-0.764115,-0.626774,0.534281
2,1258,0,Yes,-5.34165,-0.00473905,0.995212
2,1259,0,Yes,-4.33512,-0.0131263,0.9869
2,1260,0,No,-0.000238268,-8.11931,0.000297717
2,1261,0,Yes,-3.17172,-0.0427733,0.958071
2,1262,0,No,-0.000327999,-7.85652,0.000387198
2,1263,0,Yes,-5.51243,-0.00398433,0.995964
2,1264,0,No,-0.00127982,-6.61621,0.00133842
2,1265,0,Yes,-1.64259,-0.214951,0.806533
2,1266,0,No,-0.00739441,-4.9027,0.00742608
2,1267,0,Yes,-4.36284,-0.0127645,0.987259
2,1268,0,No,-0.000557161,-7.39069,0.000616931
2,1269,0,Yes,-3.98592,-0.0186895,0.981426
2,1270,0,No,-0.0298825,-3.52337,0.0294982
2,1271,0,No,-0.092578,-2.42496,0.0884765
2,1272,0,No,-0.0130947,-4.33754,0.0130678
2,1273,0,Yes,-4.15446,-0.015758,0.984307
2,1274,0,No,-0.00320638,-5.72588,0.00326028
2,1275,0,Yes,-3.97385,-0.0189202,0.9812
2,1276,0,No,-0.00252619,-5.95901,0.00258232
2,1277,0,No,-0.00344177,-5.65638,0.00349495
2,1278,0,No,-0.137769,-2.04981,0.128752
2,1279,0,No,-8.44037e-05,-8.84762,0.000143715
2,1280,0,No,-0.0791366,-2.5751,0.0761416
2,1281,0,Yes,-4.98811,-0.00678163,0.993182
2,1282,0,No,-4.67853,-0.00927571,0.990708
2,1283,0,No,-0.00134726,-6.56731,0.00140549
2,1284,0,No,-0.000217998,-8.18922,0.000277615
2,1285,0,No,-0.473478,-0.974911,0.377204
2,1286,0,Yes,-5.1277,-0.00588764,0.99407
2,1287,0,Yes,-3.21006,-0.0411295,0.959648
2,1288,0,No,-0.000369498,-7.7533,0.000429297
2,1289,0,No,-0.000118978,-8.63065,0.000178538
2,1290,0,Yes,-5.55563,-0.00381302,0.996135
2,1291,0,No,-4.55986e-05,-9.16253,0.00010489
2,1292,0,No,-0.000194211,-8.27978,0.000253577
2,1293,0,No,-0.000320069,-7.87727,0.000379243
2,1294,0,No,-7.32568e-05,-8.92698,0.000132751
2,1295,0,Yes,-4.13328,-0.0160997,0.983971
2,1296,0,Yes,-4.25155,-0.0142849,0.985759
2,1297,0,No,-0.000105983,-8.70751,0.000165329
2,1298,0,No,-0.000228073,-8.15454,0.000287411
2,1299,0,No,-0.000363774,-7.76857,0.000422794
2,1300,0,Yes,-4.35424,-0.0128749,0.987149
2,1301,0,No,-0.10422,-2.31231,0.099026
2,1302,0,No,-1.63318,-0.217223,0.804703
2,1303,0,No,-0.00173624,-6.32329,0.00179392
2,1304,0,No,-0.00170842,-6.33874,0.00176643
2,1305,0,No,-0.868726,-0.54374,0.580539
2,1306,0,Yes,-4.90269,-0.00739489,0.992574
2,1307,0,No,-0.00494706,-5.29939,0.00499432
2,1308,0,No,-0.0084025,-4.77637,0.00842601
2,1309,0,No,-0.00275598,-5.87392,0.00281167
2,1310,0,Yes,-3.70147,-0.0249359,0.975314
2,1311,0,Yes,-3.30591,-0.0372929,0.963336
2,1312,0,Yes,-4.06614,-0.0172311,0.982858
2,1313,0,Yes,-3.66248,-0.0259424,0.974333
2,1314,0,Yes,-1.13791,-0.386293,0.679531
2,1315,0,No,-0.249181,-1.51131,0.220607
2,1316,0,Yes,-2.52351,-0.0835105,0.919827
2,1317,0,No,-0.169143,-1.86001,0.155661
2,1318,0,No,-0.00114554,-6.72173,0.00120438
2,1319,0,No,-0.134909,-2.06938,0.126257
2,1320,0,Yes,-5.50425,-0.00401766,0.995931
2,1321,0,No,-0.00214001,-6.12085,0.00219646
2,1322,0,Yes,-3.54713,-0.0291687,0.971195
2,1323,0,No,-0.91634,-0.510695,0.600043
2,1324,0,No,-0.133204,-2.08126,0.124766
2,1325,0,Yes,-3.4639,-0.0317475,0.968694
2,1326,0,Yes,-4.00986,-0.0182414,0.981865
2,1327,0,Yes,-2.77961,-0.0640088,0.937941
2,1328,0,Yes,-5.84149,-0.00284869,0.997096
2,1329,0,No,-0.0164392,-4.11263,0.0163638
2,1330,0,No,-0.514293,-0.910966,0.402112
2,1331,0,Yes,-2.6315,-0.0746274,0.928034
2,1332,0,Yes,-0.539845,-0.874141,0.417196
2,1333,0,Yes,-2.97725,-0.0522131,0.94907
2,1334,0,Yes,-2.46323,-0.08894,0.914846
2,1335,0,Yes,-2.38182,-0.0968672,0.907623
2,1336,0,Yes,-2.29596,-0.106034,0.899341
2,1337,0,Yes,-2.83161,-0.0606615,0.941086
2,1338,0,Yes,-2.62906,-0.0748181,0.927858
2,1339,0,Yes,-3.94906,-0.0194,0.980728
2,1340,0,Yes,-4.03649,-0.0177561,0.982342
2,1341,0,Yes,-4.3318,-0.0131703,0.986857
2,1342,0,Yes,-4.28082,-0.0138672,0.986169
2,1343,0,Yes,-5.837,-0.00286207,0.997083
2,1344,0,Yes,-3.4714,-0.0315058,0.968928
2,1345,0,Yes,-1.93098,-0.156592,0.855003
2,1346,0,No,-0.0354079,-3.35675,0.0348461
2,1347,0,Yes,-4.86728,-0.00766513,0.992306
2,1348,0,Yes,-3.08913,-0.0465493,0.954461
2,1349,0,Yes,-2.40244,-0.0947925,0.909508
2,1350,0,No,-4.12246,-0.0162773,0.983796
2,1351,0,Yes,-0.656912,-0.730622,0.481581
2,1352,0,Yes,-0.0915361,-2.43576,0.0875261
2,1353,0,Yes,-5.33598,-0.0047666,0.995185
2,1354,0,No,-0.737111,-0.650922,0.521534
2,1355,0,Yes,-4.36896,-0.0126854,0.987336
2,1356,0,Yes,-3.30457,-0.037345,0.963287
2,1357,0,Yes,-2.98035,-0.0520472,0.949228
2,1358,0,No,-0.309939,-1.32213,0.266552
2,1359,0,Yes,-5.04558,-0.00639842,0.993563
2,1360,0,No,-0.403118,-1.10315,0.331806
2,1361,0,Yes,-1.30567,-0.315989,0.729024
2,1362,0,Yes,-1.03715,-0.437583,0.645557
2,1363,0,No,-1.04171,-0.43509,0.647169
2,1364,0,Yes,-1.72905,-0.195277,0.822558
2,1365,0,Yes,-0.631453,-0.758773,0.468213
2,1366,0,Yes,-2.91575,-0.0556231,0.94584
2,1367,0,Yes,-0.354954,-1.2078,0.298835
2,1368,0,Yes,-3.82254,-0.0220545,0.978129
2,1369,0,Yes,-2.5466,-0.0815229,0.921657
2,1370,0,Yes,-2.12607,-0.126978,0.880702
2,0,1,No,-0.000159634,-8.42826,0.000218588
2,1,1,No,-0.000105387,-8.71247,0.000164512
2,2,1,No,-0.0289294,-3.55523,0.0285731
2,3,1,Yes,-2.65461,-0.072858,0.929678
2,4,1,No,-0.00724598,-4.92271,0.00727891
2,5,1,Yes,-2.51003,-0.0846941,0.918739
2,6,1,No,-0.327382,-1.27565,0.279234
2,7,1,No,-0.0412299,-3.20765,0.0404491
2,8,1,No,-1.31459,-0.312694,0.731431
2,9,1,No,-0.0144059,-4.24315,0.0143615
2,10,1,No,-0.00136075,-6.55765,0.00141913
2,11,1,No,-0.00516225,-5.25745,0.00520824
2,12,1,No,-0.00108002,-6.77777,0.00113875
2,13,1,No,-0.0545858,-2.93404,0.0531787
2,14,1,Yes,-0.104118,-2.31324,0.0989345
2,15,1,Yes,-1.00307,-0.4568,0.63327
2,16,1,No,-0.00263304,-5.91865,0.00268868
2,17,1,No,-0.000970596,-6.87856,0.00102956
2,18,1,Yes,-2.84028,-0.0601213,0.941594
2,19,1,Yes,-2.86452,-0.0586377,0.942993
2,20,1,Yes,-1.96969,-0.150175,0.860508
2,21,1,Yes,-4.35983,-0.0128027,0.98722
2,22,1,Yes,-3.11176,-0.0454823,0.95548
2,23,1,Yes,-2.92247,-0.0552394,0.946202
2,24,1,Yes,-2.61724,-0.0757423,0.927001
2,25,1,Yes,-2.98587,-0.0517529,0.949508
2,26,1,No,-0.0934952,-2.41556,0.0893117
2,27,1,No,-0.0109229,-4.51686,0.0109226
2,28,1,No,-0.979974,-0.470423,0.624701
2,29,1,Yes,-0.987721,-0.465798,0.627597
2,30,1,Yes,-4.52705,-0.0108119,0.989188
2,31,1,Yes,-2.73039,-0.0673524,0.93481
2,32,1,No,-0.414898,-1.07984,0.339631
2,33,1,Yes,-1.2209,-0.349423,0.705054
2,34,1,Yes,-0.362403,-1.19054,0.30404
2,35,1,No,-1.02842,-0.44241,0.642448
2,36,1,Yes,-3.31119,-0.0370931,0.963529
2,37,1,Yes,-4.64426,-0.00960321,0.990384
2,38,1,Yes,-1.6635,-0.21,0.810537
2,39,1,No,-0.00053909,-7.4218,0.000598036
2,40,1,Yes,-3.3678,-0.0350118,0.965537
2,41,1,Yes,-2.25892,-0.110266,0.895543
2,42,1,No,-0.000128993,-8.57667,0.00018844
2,43,1,Yes,-3.77673,-0.0231029,0.977104
2,44,1,Yes,-4.56755,-0.0103777,0.989617
2,45,1,No,-0.324012,-1.2844,0.276801
2,46,1,No,-1.35564,-0.298034,0.742232
2,47,1,Yes,-3.74765,-0.0237942,0.976428
2,48,1,Yes,-3.80176,-0.0225245,0.97767
2,49,1,No,-0.00597548,-5.11309,0.00601707
2,50,1,No,-0.00765679,-4.86817,0.00768697
2,51,1,No,-0.0384527,-3.27591,0.0377803
2,52,1,No,-0.00768706,-4.86425,0.00771715
2,53,1,No,-0.00658584,-5.01704,0.00662369
2,54,1,Yes,-4.5461,-0.010605,0.989392
2,55,1,Yes,-1.10034,-0.404516,0.667261
2,56,1,Yes,-1.58917,-0.228201,0.795918
2,57,1,Yes,-3.55916,-0.028815,0.971539
2,58,1,Yes,-4.66984,-0.00935849,0.990627
2,59,1,No,-0.000232306,-8.13945,0.000291779
2,60,1,Yes,-2.27838,-0.108021,0.897556
2,61,1,Yes,-5.19247,-0.00551412,0.994442
2,62,1,Yes,-4.6791,-0.00927065,0.990713
2,63,1,Yes,-0.321751,-1.29033,0.275164
2,64,1,Yes,-2.78021,-0.0639704,0.937978
2,65,1,Yes,-2.98516,-0.0517908,0.949472
2,66,1,Yes,-1.82838,-0.175085,0.839336
2,67,1,Yes,-4.59549,-0.0100881,0.989903
2,68,1,No,-0.333595,-1.25979,0.283698
2,69,1,No,-0.0333588,-3.41525,0.0328662
2,70,1,Yes,-3.72685,-0.0243022,0.975933
2,71,1,No,-0.00112108,-6.74211,0.00118008
2,72,1,Yes,-1.09422,-0.407579,0.66522
2,73,1,No,-4.00551e-05,-9.21352,9.96763e-05
2,74,1,Yes,-2.49681,-0.0858723,0.917657
2,75,1,No,-0.784747,-0.609131,0.543792
2,76,1,No,-0.0384317,-3.27646,0.0377595
2,77,1,No,-0.000125654,-8.5941,0.000185184
2,78,1,Yes,-4.87855,-0.00757745,0.992392
2,79,1,Yes,-3.99949,-0.0184344,0.981676
2,80,1,Yes,-0.263096,-1.46365,0.231377
2,81,1,Yes,-0.328408,-1.273,0.279973
2,82,1,No,-3.77415,-0.0231635,0.977045
2,83,1,Yes,-2.32362,-0.102985,0.902087
2,84,1,Yes,-2.43342,-0.0917613,0.912269
2,85,1,Yes,-3.21391,-0.0409671,0.959803
2,86,1,Yes,-4.04375,-0.0176268,0.982469
2,87,1,Yes,-4.23013,-0.0145972,0.98545
2,88,1,Yes,-3.05416,-0.0482493,0.95284
2,89,1,Yes,-2.71673,-0.0683126,0.933914
2,90,1,Yes,-2.78142,-0.0638896,0.938053
2,91,1,Yes,-2.95006,-0.053693,0.947667
2,92,1,Yes,-0.508633,-0.919442,0.398718
2,93,1,Yes,-2.73121,-0.0672953,0.934864
2,94,1,Yes,-0.47217,-0.977072,0.376389
2,95,1,Yes,-4.66934,-0.00936276,0.990622
2,96,1,Yes,-3.8261,-0.0219752,0.978207
2,97,1,No,-0.125917,-2.13393,0.118364
2,98,1,Yes,-3.46936,-0.0315716,0.968865
2,99,1,No,-0.025028,-3.69783,0.0247756
2,100,1,No,-0.249539,-1.51005,0.220886
2,101,1,Yes,-1.94866,-0.153625,0.857543
2,102,1,Yes,-2.35171,-0.0999831,0.9048
2,103,1,Yes,-1.32808,-0.307787,0.735029
2,104,1,No,-0.135477,-2.06546,0.126752
2,105,1,No,-0.759533,-0.630785,0.532143
2,106,1,No,-0.000154805,-8.44596,0.000214754
2,107,1,No,-0.00698137,-4.95948,0.00701614
2,108,1,No,-0.00931252,-4.67462,0.00932855
2,109,1,No,-0.0195152,-3.94324,0.0193841
2,110,1,Yes,-3.91771,-0.0200268,0.980115
2,111,1,No,-0.00330684,-5.69559,0.00336054
2,112,1,No,-0.01395,-4.27496,0.0139117
2,113,1,No,-0.444681,-1.02435,0.359009
2,114,1,Yes,-3.01753,-0.0500967,0.951081
2,115,1,No,-8.98878e-05,-8.80888,0.000149391
2,116,1,No,-0.000137577,-8.53089,0.000197267
2,117,1,Yes,-4.85115,-0.00778941,0.992181
2,118,1,No,-0.330874,-1.26669,0.281747
2,119,1,No,-0.000101452,-8.7345,0.000160927
2,120,1,Yes,-4.7516,-0.00861555,0.991363
2,121,1,Yes,-4.56907,-0.0103619,0.989633
2,122,1,No,-0.0139328,-4.27618,0.0138949
2,123,1,Yes,-4.14051,-0.0159819,0.984086
2,124,1,No,-0.00116332,-6.70685,0.00122243
2,125,1,No,-0.339441,-1.24518,0.287874
2,126,1,Yes,-2.99807,-0.0511084,0.950119
2,127,1,Yes,-3.67464,-0.0256247,0.974643
2,128,1,No,-0.136533,-2.05821,0.127674
2,129,1,No,-0.000108963,-8.68616,0.000168896
2,130,1,No,-0.000112182,-8.67125,0.000171434
2,131,1,No,-0.000138531,-8.52685,0.000198067
2,132,1,No,-0.000999055,-6.85145,0.00105786
2,133,1,Yes,-2.6223,-0.0753442,0.927369
2,134,1,Yes,-3.87466,-0.0209193,0.97924
2,135,1,No,-0.000395674,-7.69395,0.000455546
2,136,1,Yes,-0.46528,-0.988593,0.372078
2,137,1,Yes,-1.79931,-0.180747,0.834597
2,138,1,Yes,-0.258224,-1.48001,0.227623
2,139,1,Yes,-2.97293,-0.0524462,0.94885
2,140,1,No,-0.321233,-1.2917,0.274788
2,141,1,Yes,-3.54739,-0.0291613,0.971202
2,142,1,No,-0.00152973,-6.44547,0.00158761
2,143,1,No,-3.70889,-0.0247484,0.975497
2,144,1,No,-4.88759e-06,-9.64937,6.44622e-05
2,145,1,Yes,-2.94785,-0.0538151,0.947551
2,146,1,Yes,-2.43482,-0.091627,0.912392
2,147,1,Yes,-2.14517,-0.124416,0.882959
2,148,1,Yes,-0.371897,-1.16914,0.310615
2,149,1,Yes,-3.80018,-0.0225603,0.977635
2,150,1,Yes,-3.36391,-0.0351506,0.965402
2,151,1,Yes,-0.654088,-0.733672,0.480114
2,152,1,Yes,-2.5591,-0.0804668,0.92263
2,153,1,Yes,-2.40277,-0.0947582,0.909539
2,154,1,No,-3.20781,-0.0412235,0.959557
2,155,1,Yes,-3.6546,-0.0261519,0.97413
2,156,1,Yes,-4.13387,-0.0160903,0.98398
2,157,1,Yes,-1.9557,-0.152459,0.858543
2,158,1,Yes,-2.40101,-0.0949347,0.909379
2,159,1,Yes,-2.13047,-0.126383,0.881226
2,160,1,Yes,-3.42118,-0.0331577,0.967328
2,161,1,No,-3.35394,-0.0355105,0.965056
2,162,1,No,-0.507378,-0.921338,0.397963
2,163,1,Yes,-1.05967,-0.425428,0.653452
2,164,1,Yes,-4.2738,-0.0139664,0.986072
2,165,1,No,-0.336256,-1.2531,0.285602
2,166,1,Yes,-4.36532,-0.0127319,0.98729
2,167,1,Yes,-1.92611,-0.157421,0.854294
2,168,1,No,-0.0951858,-2.39849,0.09085
2,169,1,Yes,-2.00164,-0.145089,0.864894
2,170,1,Yes,-3.86855,-0.0210494,0.979113
2,171,1,Yes,-3.02571,-0.0496783,0.951479
2,172,1,No,-0.083229,-2.52674,0.0799146
2,173,1,No,-0.00426222,-5.44616,0.00431256
2,174,1,Yes,-4.61493,-0.00989266,0.990098
2,175,1,Yes,-4.06007,-0.0173378,0.982753
2,176,1,No,-0.000866431,-6.98507,0.000925544
2,177,1,No,-0.00922379,-4.68408,0.00924064
2,178,1,Yes,-3.79226,-0.022742,0.977457
2,179,1,No,-0.0110368,-4.5066,0.0110353
2,180,1,No,-0.0144673,-4.23897,0.0144217
2,181,1,No,-0.0748153,-2.62909,0.07214
2,182,1,Yes,-3.10928,-0.0455977,0.95537
2,183,1,No,-0.869576,-0.543126,0.580895
2,184,1,No,-1.22579,-0.347384,0.706492
2,185,1,Yes,-4.0269,-0.0179299,0.982172
2,186,1,Yes,-2.64214,-0.0738074,0.928796
2,187,1,Yes,-0.571948,-0.830954,0.435608
2,188,1,Yes,-2.39704,-0.0953315,0.909018
2,189,1,Yes,-2.63676,-0.0742214,0.928411
2,190,1,Yes,-2.39614,-0.0954203,0.908937
2,191,1,Yes,-1.50393,-0.251281,0.777759
2,192,1,No,-0.000383689,-7.72179,0.00044304
2,193,1,No,-0.00204223,-6.16619,0.0020991
2,194,1,Yes,-2.35823,-0.0993003,0.905418
2,195,1,No,-0.000128575,-8.58502,0.000186874
2,196,1,No,-0.000187474,-8.30616,0.000246977
2,197,1,No,-0.000237553,-8.11976,0.000297583
2,198,1,Yes,-0.199807,-1.70832,0.181159
2,199,1,No,-0.000213407,-8.20718,0.000272673
2,200,1,No,-0.928133,-0.502911,0.604732
2,201,1,No,-0.00637857,-5.04868,0.00641739
2,202,1,Yes,-4.92679,-0.00721584,0.992751
2,203,1,No,-0.000366278,-7.76194,0.000425607
2,204,1,Yes,-0.952005,-0.48761,0.614056
2,205,1,No,-8.15425e-05,-8.86611,0.000141082
2,206,1,Yes,-3.51347,-0.030185,0.970209
2,207,1,Yes,-5.27296,-0.00508155,0.994872
2,208,1,Yes,-3.84186,-0.0216268,0.978548
2,209,1,Yes,-4.52413,-0.0108433,0.989156
2,210,1,Yes,-0.293138,-1.36987,0.254125
2,211,1,Yes,-2.98325,-0.0518925,0.949375
2,212,1,Yes,-0.198976,-1.71208,0.180479
2,213,1,No,-8.22547e-06,-9.58877,6.84894e-05
2,214,1,No,-0.00091535,-6.9335,0.000974524
2,215,1,Yes,-4.03442,-0.017794,0.982305
2,216,1,Yes,-4.96945,-0.00691132,0.993053
2,217,1,No,-0.00452288,-5.38773,0.00457205
2,218,1,Yes,-3.46646,-0.031664,0.968774
2,219,1,Yes,-3.30995,-0.0371395,0.963484
2,220,1,Yes,-4.04046,-0.0176855,0.982412
2,221,1,Yes,-1.23945,-0.341763,0.710475
2,222,1,No,-0.958133,-0.483777,0.616414
2,223,1,Yes,-4.83635,-0.00790758,0.992064
2,224,1,Yes,-2.73736,-0.0668687,0.935263
2,225,1,Yes,-0.452834,-1.00996,0.364214
2,226,1,No,-0.0260327,-3.65909,0.0257545
2,227,1,No,-0.506883,-0.922087,0.397665
2,228,1,Yes,-2.58657,-0.0781983,0.924726
2,229,1,Yes,-5.06256,-0.00628955,0.993671
2,230,1,No,-0.000240891,-8.11123,0.000300132
2,231,1,Yes,-2.91192,-0.0558432,0.945632
2,232,1,Yes,-2.54118,-0.081985,0.921231
2,233,1,Yes,-4.13504,-0.0160714,0.983999
2,234,1,No,-0.134464,-2.07247,0.125867
2,235,1,Yes,-2.882,-0.0575907,0.94398
2,236,1,No,-0.000176207,-8.35163,0.000235996
2,237,1,No,-0.000246078,-8.09406,0.000305329
2,238,1,No,-0.00790265,-4.83692,0.00793096
2,239,1,No,-0.106076,-2.29559,0.100696
2,240,1,Yes,-4.42535,-0.0119815,0.988031
2,241,1,No,-1.03713e-05,-9.5724,6.96202e-05
2,242,1,Yes,-0.284369,-1.39606,0.247555
2,243,1,Yes,-0.31047,-1.32067,0.266941
2,244,1,No,-0.000650856,-7.25043,0.00070983
2,245,1,No,-0.661717,-0.725477,0.484065
2,246,1,Yes,-3.45155,-0.0321485,0.968306
2,247,1,No,-0.344241,-1.2334,0.291284
2,248,1,Yes,-4.48561,-0.0112738,0.988731
2,249,1,No,-0.486356,-0.954004,0.385173
2,250,1,Yes,-2.85273,-0.059355,0.942317
2,251,1,Yes,-1.32786,-0.307865,0.734972
2,252,1,Yes,-3.42332,-0.033087,0.967398
2,253,1,No,-0.00364957,-5.59878,0.00370216
2,254,1,No,-0.0216409,-3.84118,0.021467
2,255,1,No,-0.000279525,-7.98958,0.000338957
2,256,1,Yes,-1.4199,-0.276648,0.758277
2,257,1,Yes,-4.91343,-0.00731467,0.992653
2,258,1,Yes,-3.47509,-0.0313874,0.969043
2,259,1,Yes,-3.59361,-0.0278227,0.972503
2,260,1,No,-0.0217842,-3.83472,0.0216061
2,261,1,Yes,-0.56846,-0.835491,0.433636
2,262,1,Yes,-2.89485,-0.0568329,0.944696
2,263,1,Yes,-1.49866,-0.252791,0.776584
2,264,1,No,-0.000175849,-8.35469,0.000235276
2,265,1,Yes,-4.2966,-0.0136482,0.986386
2,266,1,No,-0.000436282,-7.60965,0.000495615
2,267,1,Yes,-3.72347,-0.0243862,0.975851
2,268,1,No,-0.000156236,-8.44298,0.000215394
2,269,1,Yes,-2.75398,-0.0657286,0.93633
2,270,1,No,-0.0300901,-3.51658,0.0296991
2,271,1,Yes,-2.61396,-0.0760018,0.92676
2,272,1,No,-0.869314,-0.543316,0.580785
2,273,1,No,-0.00470707,-5.34848,0.0047551
2,274,1,No,-0.00594244,-5.11859,0.00598412
2,275,1,No,-0.00142592,-6.51296,0.00148399
2,276,1,Yes,-1.63981,-0.21562,0.805995
2,277,1,No,-0.102306,-2.3299,0.0972999
2,278,1,Yes,-4.32637,-0.0132433,0.986785
2,279,1,No,-0.0228325,-3.78835,0.0226315
2,280,1,No,-0.000118859,-8.6318,0.000178334
2,281,1,No,-0.0021059,-6.13631,0.00216277
2,282,1,No,-0.000543802,-7.41266,0.000603528
2,283,1,Yes,-4.14785,-0.0158639,0.984203
2,284,1,Yes,-3.88381,-0.0207264,0.979429
2,285,1,Yes,-3.44506,-0.0323623,0.968099
2,286,1,No,-0.00279411,-5.86038,0.00284999
2,287,1,Yes,-3.52213,-0.0299209,0.970465
2,288,1,No,-3.92206e-05,-9.22159,9.88753e-05
2,289,1,No,-1.47822,-0.25875,0.771971
2,290,1,Yes,-0.342437,-1.2378,0.290005
2,291,1,Yes,-5.1337,-0.00585275,0.994106
2,292,1,No,-0.000996669,-6.85362,0.00105556
2,293,1,Yes,-3.93372,-0.0197043,0.98043
2,294,1,Yes,-4.5188,-0.0109023,0.989099
2,295,1,Yes,-4.72214,-0.00887608,0.991104
2,296,1,No,-0.11328,-2.23345,0.107152
2,297,1,No,-0.00188349,-6.24442,0.00194113
2,298,1,No,-0.00202915,-6.17223,0.00208645
2,299,1,No,-0.113136,-2.23465,0.107024
2,300,1,Yes,-2.13883,-0.125261,0.882215
2,301,1,Yes,-2.50192,-0.0854155,0.918077
2,302,1,Yes,-2.29947,-0.105641,0.899694
2,303,1,Yes,-0.776125,-0.616423,0.539841
2,304,1,Yes,-2.94663,-0.0538831,0.947487
2,305,1,Yes,-2.66189,-0.0723098,0.930188
2,306,1,Yes,-3.47074,-0.0315265,0.968908
2,307,1,Yes,-1.03292,-0.439913,0.644055
2,308,1,Yes,-1.00157,-0.457671,0.632719
2,309,1,No,-3.52892,-0.0297148,0.970665
2,310,1,No,-0.0148836,-4.21092,0.0148318
2,311,1,No,-0.00486944,-5.315,0.00491699
2,312,1,Yes,-2.60887,-0.0764046,0.926387
2,313,1,No,-0.00418046,-5.46539,0.00423045
2,314,1,Yes,-4.85979,-0.00772268,0.992248
2,315,1,No,-0.000113017,-8.66507,0.000172498
2,316,1,No,-0.000470749,-7.54194,0.000530334
2,317,1,Yes,-4.48779,-0.0112492,0.988755
2,318,1,Yes,-5.05429,-0.00634245,0.993618
2,319,1,No,-0.0285135,-3.56948,0.0281688
2,320,1,No,-0.0147893,-4.21718,0.0147393
2,321,1,No,-0.000198026,-8.2663,0.000257018
2,322,1,No,-0.000163151,-8.41096,0.000222403
2,323,1,No,-0.000346303,-7.80947,0.000405848
2,324,1,No,-7.14089e-05,-8.94217,0.00013075
2,325,1,No,-0.00199929,-6.18675,0.00205638
2,326,1,No,-0.0099059,-4.6136,0.00991544
2,327,1,Yes,-4.30607,-0.0135176,0.986514
2,328,1,Yes,-3.98517,-0.0187043,0.981412
2,329,1,Yes,-4.77337,-0.00842799,0.991549
2,330,1,No,-0.546219,-0.865305,0.420898
2,331,1,No,-0.0517094,-2.98668,0.0504518
2,332,1,No,-0.188366,-1.76173,0.171738
2,333,1,Yes,-1.10963,-0.399915,0.670338
2,334,1,Yes,-4.91585,-0.00729671,0.992671
2,335,1,Yes,-4.38223,-0.0125161,0.987503
2,336,1,Yes,-4.1032,-0.0165984,0.983481
2,337,1,Yes,-2.72676,-0.0676062,0.934573
2,338,1,Yes,-3.99244,-0.0185666,0.981546
2,339,1,No,-9.09012e-05,-8.80347,0.000150202
2,340,1,No,-9.65642e-05,-8.76687,0.000155802
2,341,1,No,-1.89798,-0.162299,0.850137
2,342,1,No,-0.952555,-0.487264,0.614269
2,343,1,No,-0.00148532,-6.47351,0.00154371
2,344,1,Yes,-3.73322,-0.0241459,0.976086
2,345,1,Yes,-0.3425,-1.23765,0.290049
2,346,1,Yes,-2.22911,-0.113802,0.892382
2,347,1,No,-0.103598,-2.31799,0.0984655
2,348,1,No,-0.000359898,-7.77705,0.000419222
2,349,1,No,-0.164966,-1.88298,0.152127
2,350,1,Yes,-0.397026,-1.11553,0.327723
2,351,1,No,-0.865836,-0.545833,0.579325
2,352,1,No,-0.267927,-1.44776,0.235081
2,353,1,Yes,-1.09399,-0.407695,0.665143
2,354,1,No,-0.130588,-2.09981,0.122472
2,355,1,No,-0.127566,-2.12173,0.119817
2,356,1,Yes,-1.4872,-0.256113,0.774009
2,357,1,Yes,-0.777716,-0.615067,0.540573
2,358,1,No,-0.200909,-1.70335,0.182061
2,359,1,No,-0.342108,-1.23861,0.28977
2,360,1,Yes,-1.17523,-0.369166,0.69127
2,361,1,Yes,-3.22259,-0.0406062,0.960151
2,362,1,Yes,-1.97491,-0.149329,0.861234
2,363,1,No,-0.000172153,-8.37171,0.000231307
2,364,1,No,-0.000304149,-7.91881,0.000363813
2,365,1,Yes,-3.56945,-0.0285149,0.97183
2,366,1,Yes,-3.09262,-0.0463825,0.95462
2,367,1,No,-1.17731,-0.368238,0.691912
2,368,1,Yes,-3.9208,-0.0199639,0.980176
2,369,1,Yes,-2.48567,-0.0868776,0.916735
2,370,1,Yes,-2.65061,-0.0731609,0.929396
2,371,1,No,-0.110366,-2.25806,0.104546
2,372,1,Yes,-3.5555,-0.0289215,0.971435
2,373,1,Yes,-4.13017,-0.0161499,0.983921
2,374,1,Yes,-3.45846,-0.0319227,0.968524
2,375,1,Yes,-3.77348,-0.023179,0.97703
2,376,1,Yes,-2.22519,-0.114275,0.89196
2,377,1,Yes,-1.17148,-0.370844,0.690111
2,378,1,No,-0.0261319,-3.65534,0.0258513
2,379,1,Yes,-1.59922,-0.225641,0.797957
2,380,1,Yes,-3.66968,-0.0257545,0.974517
2,381,1,Yes,-0.266444,-1.45261,0.233946
2,382,1,No,-2.00227,-0.144989,0.86498
2,383,1,Yes,-1.23077,-0.345324,0.707949
2,384,1,Yes,-3.90184,-0.020351,0.979797
2,385,1,No,-0.00367721,-5.59139,0.00372963
2,386,1,Yes,-4.69128,-0.00915786,0.990826
2,387,1,No,-4.0532e-05,-9.20823,0.000100206
2,388,1,No,-0.000178234,-8.3439,0.00023783
2,389,1,No,-4.48833e-05,-9.16753,0.000104368
2,390,1,Yes,-4.47334,-0.0114149,0.988591
2,391,1,Yes,-4.09639,-0.0167123,0.983368
2,392,1,Yes,-4.51035,-0.0109952,0.989006
2,393,1,No,-0.00618633,-5.0789,0.00622637
2,394,1,Yes,-1.89229,-0.163305,0.849282
2,395,1,No,-0.107741,-2.28083,0.102193
2,396,1,No,-0.0237295,-3.75035,0.0235082
2,397,1,No,-0.0179195,-4.02746,0.0178184
2,398,1,Yes,-3.13778,-0.0442861,0.956624
2,399,1,No,-0.000262354,-8.04179,0.000321713
2,400,1,No,-0.000605528,-7.31596,0.000664806
2,401,1,No,-0.098303,-2.36781,0.0936797
2,402,1,Yes,-2.41303,-0.0937438,0.910462
2,403,1,Yes,-1.51327,-0.248628,0.779824
2,404,1,Yes,-2.78054,-0.063948,0.937999
2,405,1,Yes,-3.86487,-0.0211282,0.979035
2,406,1,Yes,-4.77481,-0.00841573,0.991561
2,407,1,No,-1.38003,-0.289699,0.748445
2,408,1,Yes,-3.94573,-0.0194661,0.980664
2,409,1,Yes,-4.35956,-0.0128065,0.987217
2,410,1,Yes,-3.7088,-0.024751,0.975495
2,411,1,Yes,-1.1585,-0.376729,0.686061
2,412,1,Yes,-3.16782,-0.0429456,0.957907
2,413,1,Yes,-2.65859,-0.0725582,0.929957
2,414,1,Yes,-0.217564,-1.63177,0.195571
2,415,1,Yes,-1.17503,-0.369255,0.691209
2,416,1,Yes,-3.46256,-0.0317903,0.968652
2,417,1,Yes,-1.08212,-0.413727,0.661143
2,418,1,No,-0.017709,-4.03917,0.017611
2,419,1,No,-0.0296585,-3.53079,0.02928
2,420,1,No,-0.223473,-1.60783,0.200311
2,421,1,Yes,-0.0606874,-2.8312,0.0589384
2,422,1,No,-0.00998488,-4.6057,0.00999408
2,423,1,No,-0.0200251,-3.91778,0.019884
2,424,1,No,-0.130118,-2.10319,0.12206
2,425,1,No,-0.0317948,-3.46241,0.0313523
2,426,1,No,-0.00170603,-6.34028,0.0017637
2,427,1,No,-0.000656105,-7.24366,0.000714653
2,428,1,Yes,-3.85849,-0.021265,0.978901
2,429,1,Yes,-2.50297,-0.0853209,0.918163
2,430,1,No,-0.398041,-1.11345,0.328405
2,431,1,No,-0.989761,-0.46459,0.628356
2,432,1,Yes,-0.407194,-1.09499,0.334524
2,433,1,No,-0.0143142,-4.2495,0.0142706
2,434,1,No,-0.0648116,-2.76755,0.0628117
2,435,1,Yes,-2.22112,-0.114769,0.891519
2,436,1,No,-0.313235,-1.31311,0.268965
2,437,1,No,-0.01101,-4.50903,0.0110084
2,438,1,No,-0.000101095,-8.73748,0.000160448
2,439,1,Yes,-3.65319,-0.0261889,0.974093
2,440,1,No,-0.00018193,-8.32971,0.000241227
2,441,1,No,-0.000243515,-8.10098,0.000303223
2,442,1,No,-0.443972,-1.02562,0.358554
2,443,1,Yes,-3.1875,-0.0420892,0.958728
2,444,1,Yes,-3.70956,-0.0247325,0.975513
2,445,1,Yes,-3.65645,-0.0261025,0.974178
2,446,1,No,-4.5557,-0.010503,0.989493
2,447,1,Yes,-1.40458,-0.281584,0.754544
2,448,1,No,-0.0487929,-3.04323,0.047678
2,449,1,No,-0.10944,-2.26603,0.103717
2,450,1,No,-0.0278448,-3.59283,0.0275188
2,451,1,Yes,-2.49362,-0.0861589,0.917394
2,452,1,No,-2.44789,-0.0903805,0.913529
2,453,1,Yes,-3.84498,-0.0215586,0.978615
2,454,1,No,-0.00422732,-5.45433,0.00427748
2,455,1,No,-0.000225927,-8.16337,0.000284884
2,456,1,Yes,-4.76152,-0.00852922,0.991448
2,457,1,No,-0.0013235,-6.5844,0.00138168
2,458,1,No,-4.50621e-05,-9.16906,0.000104209
2,459,1,Yes,-3.33532,-0.0361913,0.964399
2,460,1,No,-0.944986,-0.492047,0.611338
2,461,1,Yes,-2.70368,-0.069242,0.933046
2,462,1,No,-0.0650326,-2.76427,0.0630186
2,463,1,No,-0.00330906,-5.69486,0.00336301
2,464,1,No,-0.000504681,-7.48064,0.000563864
2,465,1,No,-0.00155056,-6.43216,0.00160887
2,466,1,No,-0.00012947,-8.57251,0.000189226
2,467,1,No,-0.0225807,-3.79927,0.0223859
2,468,1,Yes,-3.00297,-0.0508522,0.950363
2,469,1,No,-0.00768868,-4.86412,0.00771816
2,470,1,No,-0.451092,-1.013,0.363105
2,471,1,No,-0.060468,-2.83472,0.0587315
2,472,1,No,-0.000233797,-8.13481,0.000293138
2,473,1,No,-0.00107304,-6.78375,0.00113195
2,474,1,No,-0.0112632,-4.48656,0.0112587
2,475,1,Yes,-3.14902,-0.043779,0.957108
2,476,1,No,-1.11554,-0.397018,0.672282
2,477,1,Yes,-2.20446,-0.116815,0.889697
2,478,1,Yes,-4.41304,-0.0121317,0.987882
2,479,1,No,-0.000951564,-6.89743,0.00101032
2,480,1,No,-0.00141661,-6.519,0.00147506
2,481,1,No,-0.00223039,-6.08038,0.00228716
2,482,1,No,-0.00377449,-5.56577,0.00382641
2,483,1,No,-0.000631114,-7.27805,0.000690492
2,484,1,Yes,-3.30239,-0.037428,0.963207
2,485,1,Yes,-3.92275,-0.0199245,0.980215
2,486,1,Yes,-3.07538,-0.0472098,0.953831
2,487,1,Yes,-3.65446,-0.0261553,0.974126
2,488,1,No,-1.43073,-0.27322,0.760881
2,489,1,No,-0.0843056,-2.51444,0.0809037
2,490,1,No,-0.00889045,-4.72051,0.00891011
2,491,1,Yes,-3.27105,-0.0386453,0.962036
2,492,1,No,-0.00700298,-4.95641,0.00703771
2,493,1,Yes,-3.8889,-0.0206194,0.979533
2,494,1,Yes,-3.97536,-0.0188908,0.981229
2,495,1,Yes,-2.25024,-0.111283,0.894633
2,496,1,Yes,-1.42859,-0.273894,0.760368
2,497,1,Yes,-0.43907,-1.03445,0.355402
2,498,1,Yes,-4.51892,-0.0109004,0.9891
2,499,1,Yes,-3.18557,-0.0421719,0.958648
2,500,1,Yes,-3.39725,-0.0339763,0.966537
2,501,1,Yes,-0.10473,-2.30768,0.0994855
2,502,1,Yes,-0.27837,-1.41452,0.243028
2,503,1,No,-0.909088,-0.515558,0.597132
2,504,1,Yes,-3.36409,-0.0351445,0.965409
2,505,1,Yes,-2.75199,-0.0658636,0.936203
2,506,1,Yes,-2.01079,-0.143667,0.866125
2,507,1,No,-1.19953,-0.358501,0.698681
2,508,1,Yes,-3.82251,-0.0220551,0.978128
2,509,1,Yes,-4.36492,-0.012737,0.987285
2,510,1,No,-0.123606,-2.15132,0.116324
2,511,1,No,-2.21666,-0.115314,0.891034
2,512,1,Yes,-4.08216,-0.0169546,0.98313
2,513,1,No,-0.00251687,-5.9626,0.00257305
2,514,1,Yes,-2.11943,-0.12788,0.879907
2,515,1,No,-0.41415,-1.08129,0.339137
2,516,1,Yes,-2.82595,-0.0610182,0.940751
2,517,1,No,-0.922637,-0.50652,0.602554
2,518,1,No,-1.41768,-0.277357,0.757739
2,519,1,Yes,-3.52566,-0.0298136,0.970569
2,520,1,Yes,-4.10146,-0.016627,0.983452
2,521,1,No,-0.458163,-1.00072,0.367593
2,522,1,Yes,-1.59856,-0.225809,0.797824
2,523,1,No,-0.77192,-0.62002,0.537902
2,524,1,No,-2.77308,-0.0644428,0.937535
2,525,1,No,-0.00118785,-6.68703,0.0012469
2,526,1,Yes,-4.30629,-0.0135149,0.986517
2,527,1,Yes,-2.43454,-0.091655,0.912367
2,528,1,No,-0.296815,-1.35916,0.256862
2,529,1,No,-0.000440993,-7.59962,0.000500611
2,530,1,Yes,-3.53896,-0.0294129,0.970958
2,531,1,No,-0.411143,-1.08718,0.337147
2,532,1,No,-1.95094,-0.153247,0.857867
2,533,1,No,-0.000134477,-8.54921,0.000193687
2,534,1,No,-1.00136e-05,-9.57931,6.91408e-05
2,535,1,No,-1.2219e-05,-9.54041,7.18832e-05
2,536,1,No,-4.13069e-05,-9.20105,0.000100927
2,537,1,No,-0.0169342,-4.08334,0.0168501
2,538,1,No,-0.0100005,-4.60415,0.0100096
2,539,1,Yes,-3.52392,-0.0298656,0.970518
2,540,1,Yes,-0.117653,-2.19773,0.111048
2,541,1,No,-0.106414,-2.29256,0.101001
2,542,1,No,-8.14233e-05,-8.86844,0.000140754
2,543,1,No,-0.0579644,-2.87572,0.0563721
2,544,1,Yes,-2.7136,-0.0685339,0.933706
2,545,1,No,-4.89962e-05,-9.13039,0.000108317
2,546,1,No,-0.000213467,-8.20609,0.000272969
2,547,1,Yes,-3.23128,-0.0402462,0.960496
2,548,1,Yes,-2.42905,-0.0921834,0.911884
2,549,1,Yes,-3.7598,-0.0235035,0.976713
2,550,1,No,-6.89053e-05,-8.96095,0.000128317
2,551,1,No,-0.00264284,-5.91477,0.00269912
2,552,1,No,-0.876568,-0.538111,0.583816
2,553,1,No,-0.000153792,-8.45446,0.000212936
2,554,1,No,-1.24923,-0.337806,0.713292
2,555,1,Yes,-0.237194,-1.55485,0.211208
2,556,1,Yes,-1.58602,-0.22901,0.795274
2,557,1,No,-0.00621074,-5.07498,0.00625085
2,558,1,No,-0.0124911,-4.3842,0.0124721
2,559,1,Yes,-2.91958,-0.0554041,0.946047
2,560,1,No,-0.00112293,-6.74086,0.00118156
2,561,1,Yes,-2.65933,-0.0725011,0.930009
2,562,1,Yes,-3.33684,-0.0361349,0.964453
2,563,1,Yes,-4.80051,-0.0081996,0.991775
2,564,1,Yes,-5.26746,-0.00511072,0.994844
2,565,1,Yes,-3.58342,-0.0281122,0.972221
2,566,1,No,-2.04126,-0.139039,0.870143
2,567,1,Yes,-2.56856,-0.0796786,0.923359
2,568,1,Yes,-0.7387,-0.649467,0.522293
2,569,1,Yes,-0.914989,-0.511596,0.599503
2,570,1,Yes,-1.58998,-0.227996,0.796081
2,571,1,Yes,-2.66466,-0.0721027,0.930381
2,572,1,Yes,-3.55745,-0.0288644,0.97149
2,573,1,No,-0.282396,-1.40208,0.246069
2,574,1,No,-7.49258e-05,-8.91674,0.000134116
2,575,1,Yes,-5.06343,-0.00628451,0.993676
2,576,1,Yes,-1.00706,-0.454498,0.634729
2,577,1,No,-0.0409397,-3.21458,0.04017
2,578,1,Yes,-2.94297,-0.0540864,0.947294
2,579,1,No,-0.249522,-1.51011,0.220873
2,580,1,No,-0.00615562,-5.0838,0.00619596
2,581,1,No,-0.0020887,-6.14414,0.00214589
2,582,1,No,-0.0067185,-4.99739,0.00675517
2,583,1,Yes,-2.79466,-0.063021,0.938868
2,584,1,Yes,-4.14319,-0.0159389,0.984129
2,585,1,Yes,-1.48811,-0.255847,0.774214
2,586,1,No,-0.0164888,-4.10966,0.0164123
2,587,1,No,-0.0514113,-2.9923,0.050169
2,588,1,No,-0.00916508,-4.69046,0.00918187
2,589,1,No,-0.00657534,-5.0187,0.00661269
2,590,1,Yes,-4.04237,-0.017651,0.982445
2,591,1,No,-0.0150942,-4.19702,0.0150395
2,592,1,No,-0.014927,-4.20805,0.0148745
2,593,1,Yes,-0.0465835,-3.0884,0.0455721
2,594,1,No,-2.7898,-0.063338,0.93857
2,595,1,No,-0.464689,-0.989592,0.371706
2,596,1,Yes,-1.11321,-0.398157,0.671517
2,597,1,Yes,-4.54852,-0.0105797,0.989418
2,598,1,Yes,-0.338233,-1.24817,0.287013
2,599,1,Yes,-1.86073,-0.16901,0.844451
2,600,1,Yes,-0.512067,-0.914284,0.40078
2,601,1,Yes,-0.523224,-0.897833,0.407428
2,602,1,No,-0.276667,-1.41984,0.241738
2,603,1,Yes,-4.22572,-0.0146625,0.985386
2,604,1,No,-0.847792,-0.559143,0.571666
2,605,1,No,-0.000965942,-6.88283,0.00102518
2,606,1,No,-0.000289303,-7.96123,0.000348704
2,607,1,No,-0.00964106,-4.64033,0.00965395
2,608,1,Yes,-0.659103,-0.728269,0.482715
2,609,1,No,-0.000283043,-7.97976,0.000342302
2,610,1,No,-0.108287,-2.27605,0.102683
2,611,1,Yes,-1.97137,-0.149902,0.860742
2,612,1,Yes,-1.00453,-0.455958,0.633803
2,613,1,Yes,-2.19336,-0.118201,0.888465
2,614,1,Yes,-4.43268,-0.0118939,0.988118
2,615,1,No,-1.91711,-0.158964,0.852977
2,616,1,Yes,-1.85147,-0.170725,0.843004
2,617,1,Yes,-4.88714,-0.00751144,0.992458
2,618,1,Yes,-1.71197,-0.199002,0.8195
2,619,1,Yes,-3.43316,-0.0327562,0.967717
2,620,1,Yes,-4.38249,-0.0125132,0.987507
2,621,1,No,-0.0779921,-2.5891,0.0750832
2,622,1,Yes,-3.78479,-0.0229149,0.977288
2,623,1,Yes,-0.443545,-1.02638,0.35828
2,624,1,Yes,-3.00364,-0.0508169,0.950397
2,625,1,Yes,-2.29344,-0.106316,0.899088
2,626,1,Yes,-5.31228,-0.00488327,0.99507
2,627,1,No,-0.000113792,-8.66001,0.000173372
2,628,1,Yes,-3.214,-0.0409634,0.959807
2,629,1,Yes,-1.94625,-0.154026,0.857199
2,630,1,Yes,-0.772164,-0.61981,0.538015
2,631,1,Yes,-2.57562,-0.0790946,0.923898
2,632,1,Yes,-1.64016,-0.215537,0.806061
2,633,1,Yes,-0.738321,-0.649815,0.522112
2,634,1,Yes,-2.31623,-0.10379,0.901361
2,635,1,No,-0.00690574,-4.97021,0.00694127
2,636,1,No,-0.438181,-1.03606,0.354828
2,637,1,Yes,-2.49039,-0.0864505,0.917127
2,638,1,Yes,-2.68545,-0.0705633,0.931814
2,639,1,Yes,-0.334837,-1.25665,0.284588
2,640,1,No,-0.00118642,-6.68837,0.00124524
2,641,1,No,-0.190409,-1.75193,0.173428
2,642,1,No,-0.276347,-1.42085,0.241495
2,643,1,Yes,-3.72562,-0.0243322,0.975903
2,644,1,Yes,-3.74314,-0.0239039,0.976322
2,645,1,Yes,-2.36209,-0.098897,0.905782
2,646,1,Yes,-1.7966,-0.181287,0.834147
2,647,1,Yes,-0.600271,-0.795411,0.451369
2,648,1,No,-0.00100789,-6.84329,0.00106653
2,649,1,No,-1.92811,-0.15708,0.854585
2,650,1,No,-0.297417,-1.35742,0.257309
2,651,1,Yes,-3.04516,-0.0486957,0.952414
2,652,1,No,-0.888381,-0.529775,0.588703
2,653,1,No,-0.000108486,-8.69117,0.000168054
2,654,1,Yes,-0.87324,-0.540491,0.582428
2,655,1,Yes,-3.87168,-0.0209828,0.979178
2,656,1,No,-2.3342,-0.101843,0.903118
2,657,1,Yes,-0.962835,-0.480862,0.618214
2,658,1,Yes,-4.50081,-0.0111021,0.988901
2,659,1,Yes,-0.701752,-0.684501,0.504313
2,660,1,Yes,-4.18921,-0.0152141,0.984843
2,661,1,No,-1.32906,-0.307431,0.735291
2,662,1,Yes,-2.58887,-0.0780114,0.924899
2,663,1,No,-0.049115,-3.0368,0.0479855
2,664,1,No,-0.0012304,-6.65368,0.00128919
2,665,1,No,-2.22328e-05,-9.41742,8.12907e-05
2,666,1,Yes,-4.28668,-0.0137857,0.98625
2,667,1,Yes,-2.6617,-0.0723243,0.930175
2,668,1,Yes,-4.14166,-0.0159641,0.984105
2,669,1,Yes,-3.02242,-0.0498463,0.951319
2,670,1,Yes,-1.46588,-0.262426,0.769138
2,671,1,No,-0.00153331,-6.44286,0.00159175
2,672,1,No,-0.00484278,-5.32054,0.00488982
2,673,1,No,-0.000593242,-7.33477,0.000652418
2,674,1,No,-0.000123568,-8.60718,0.000182778
2,675,1,No,-5.90103e-05,-9.04067,0.000118485
2,676,1,No,-3.87438e-05,-9.22898,9.81478e-05
2,677,1,Yes,-1.96693,-0.15062,0.860123
2,678,1,No,-0.00983926,-4.62027,0.00984954
2,679,1,No,-2.89381,-0.0568939,0.944638
2,680,1,No,-0.00316106,-5.7398,0.00321523
2,681,1,No,-0.000769733,-7.0949,0.000829276
2,682,1,No,-0.0342733,-3.38873,0.0337495
2,683,1,Yes,-1.2994,-0.318328,0.727322
2,684,1,No,-0.909549,-0.515247,0.597318
2,685,1,No,-0.144046,-2.00834,0.134204
2,686,1,No,-0.00726621,-4.91991,0.00729933
2,687,1,No,-0.000372837,-7.7466,0.000432183
2,688,1,No,-0.000100975,-8.73836,0.000160308
2,689,1,Yes,-5.01011,-0.00663288,0.99333
2,690,1,No,-0.12665,-2.12848,0.11901
2,691,1,Yes,-1.63222,-0.217454,0.804517
2,692,1,No,-5.44801e-05,-9.07905,0.000114023
2,693,1,No,-0.00319329,-5.72983,0.00324744
2,694,1,No,-0.00663672,-5.00952,0.00667372
2,695,1,No,-0.000641075,-7.26397,0.000700278
2,696,1,Yes,-1.26374,-0.332031,0.717423
2,697,1,No,-0.000524181,-7.44669,0.000583336
2,698,1,No,-5.58511e-05,-9.06682,0.000115426
2,699,1,No,-0.000775877,-7.08776,0.000835215
2,700,1,No,-0.00118887,-6.6868,0.0012472
2,701,1,Yes,-2.62137,-0.0754171,0.927301
2,702,1,Yes,-1.97056,-0.150032,0.860629
2,703,1,No,-0.124778,-2.14245,0.11736
2,704,1,No,-0.0108926,-4.51966,0.0108921
2,705,1,No,-0.0181693,-4.01379,0.0180638
2,706,1,No,-0.738704,-0.649463,0.522295
2,707,1,No,-0.000797411,-7.0623,0.000856753
2,708,1,No,-0.000112063,-8.67015,0.000171623
2,709,1,Yes,-4.96764,-0.00692429,0.993041
2,710,1,Yes,-1.16201,-0.375126,0.687162
2,711,1,No,-0.00160782,-6.39752,0.00166558
2,712,1,No,-0.00484111,-5.32077,0.00488871
2,713,1,No,-0.299766,-1.35067,0.259052
2,714,1,Yes,-2.83219,-0.0606255,0.94112
2,715,1,Yes,-2.19362,-0.118167,0.888494
2,716,1,Yes,-2.56621,-0.0798739,0.923178
2,717,1,No,-0.000106102,-8.70463,0.000165806
2,718,1,No,-0.000166311,-8.39606,0.00022574
2,719,1,No,-0.000526328,-7.44317,0.000585394
2,720,1,No,-0.000616383,-7.30025,0.00067533
2,721,1,No,-0.000633321,-7.27497,0.000692617
2,722,1,No,-0.000997206,-6.85298,0.00105624
2,723,1,No,-0.599844,-0.795931,0.451135
2,724,1,No,-0.000345349,-7.81257,0.000404591
2,725,1,No,-0.126145,-2.13223,0.118566
2,726,1,No,-1.01866,-0.447883,0.638942
2,727,1,Yes,-4.50946,-0.0110055,0.988996
2,728,1,Yes,-4.45626,-0.0116136,0.988395
2,729,1,No,-0.00404543,-5.49754,0.0040966
2,730,1,Yes,-4.65652,-0.00948527,0.990501
2,731,1,Yes,-2.30945,-0.104535,0.90069
2,732,1,Yes,-3.65756,-0.0260736,0.974206
2,733,1,Yes,-4.12925,-0.0161655,0.983906
2,734,1,Yes,-0.47715,-0.968876,0.379487
2,735,1,No,-0.00196304,-6.20423,0.00202075
2,736,1,Yes,-0.714474,-0.672151,0.510579
2,737,1,No,-0.201163,-1.70222,0.182268
2,738,1,Yes,-0.41182,-1.08585,0.337595
2,739,1,No,-0.000440218,-7.60169,0.000499576
2,740,1,No,-0.695721,-0.690464,0.501314
2,741,1,Yes,-1.4392,-0.270573,0.762897
2,742,1,Yes,-3.23427,-0.0401243,0.960613
2,743,1,Yes,-2.85834,-0.0590128,0.942639
2,744,1,No,-0.176112,-1.82303,0.161526
2,745,1,Yes,-2.36174,-0.0989339,0.905749
2,746,1,Yes,-0.92201,-0.506934,0.602304
2,747,1,Yes,-2.33082,-0.102207,0.902789
2,748,1,Yes,-0.211472,-1.65723,0.190656
2,749,1,No,-0.000730125,-7.14422,0.000789367
2,750,1,Yes,-3.93535,-0.0196715,0.980462
2,751,1,Yes,-3.75241,-0.0236805,0.97654
2,752,1,No,-0.0853624,-2.5025,0.081875
2,753,1,No,-0.437145,-1.03795,0.35416
2,754,1,Yes,-3.18872,-0.0420362,0.958778
2,755,1,Yes,-4.25694,-0.0142068,0.985835
2,756,1,Yes,-4.5355,-0.0107198,0.989279
2,757,1,Yes,-4.08341,-0.0169323,0.983151
2,758,1,Yes,-2.95728,-0.053296,0.948043
2,759,1,No,-0.000159813,-8.42745,0.000218767
2,760,1,No,-2.17939,-0.119968,0.886896
2,761,1,No,-0.00967844,-4.63649,0.00969104
2,762,1,No,-0.200476,-1.7053,0.181707
2,763,1,Yes,-3.91908,-0.0199989,0.980142
2,764,1,Yes,-4.93101,-0.00718546,0.992781
2,765,1,No,-0.00162626,-6.38631,0.00168437
2,766,1,Yes,-4.94255,-0.00710214,0.992864
2,767,1,Yes,-2.36055,-0.0990573,0.905637
2,768,1,Yes,-3.79953,-0.0225751,0.97762
2,769,1,Yes,-2.58881,-0.0780155,0.924895
2,770,1,Yes,-0.259668,-1.47512,0.228738
2,771,1,No,-0.701503,-0.684745,0.504189
2,772,1,Yes,-3.72392,-0.0243751,0.975862
2,773,1,No,-0.00542926,-5.20774,0.00547369
2,774,1,Yes,-4.32321,-0.0132854,0.986743
2,775,1,No,-0.0200825,-3.91498,0.0199397
2,776,1,Yes,-1.60177,-0.224997,0.798471
2,777,1,No,-0.221401,-1.61614,0.198652
2,778,1,No,-1.36144,-0.296025,0.743725
2,779,1,Yes,-3.74399,-0.0238831,0.976342
2,780,1,Yes,-3.00781,-0.0505998,0.950603
2,781,1,Yes,-4.45042,-0.0116824,0.988327
2,782,1,No,-1.60908,-0.22316,0.79994
2,783,1,No,-0.00845041,-4.77069,0.00847407
2,784,1,No,-3.60019e-05,-9.25869,9.52748e-05
2,785,1,No,-0.860061,-0.550048,0.576888
2,786,1,No,-0.00117013,-6.70157,0.00122891
2,787,1,No,-0.00174137,-6.32055,0.00179885
2,788,1,No,-0.0125564,-4.37907,0.0125362
2,789,1,No,-0.00843905,-4.77205,0.00846251
2,790,1,Yes,-3.28407,-0.038134,0.962527
2,791,1,No,-0.0509389,-3.0013,0.0497195
2,792,1,No,-0.133259,-2.08088,0.124813
2,793,1,No,-0.0228912,-3.78577,0.02269
2,794,1,No,-0.00953178,-4.65162,0.00954556
2,795,1,No,-0.220599,-1.61938,0.198009
2,796,1,Yes,-1.1732,-0.370073,0.690644
2,797,1,Yes,-1.02202,-0.445986,0.640155
2,798,1,No,-2.17578,-0.12043,0.886487
2,799,1,No,-2.87907,-0.057764,0.943816
2,800,1,Yes,-2.01129,-0.14359,0.866192
2,801,1,No,-0.000202497,-8.24726,0.000261961
2,802,1,Yes,-4.61602,-0.0098814,0.990108
2,803,1,No,-0.88129,-0.534759,0.585776
2,804,1,No,-0.0922582,-2.42827,0.088184
2,805,1,Yes,-0.277871,-1.41608,0.24265
2,806,1,No,-0.00456,-5.3797,0.00460894
2,807,1,Yes,-3.54774,-0.0291513,0.971212
2,808,1,No,-0.000364907,-7.76524,0.000424203
2,809,1,Yes,-3.95024,-0.0193768,0.980751
2,810,1,Yes,-0.148332,-1.98112,0.137906
2,811,1,No,-0.733062,-0.654651,0.519593
2,812,1,No,-0.000449818,-7.5827,0.000509152
2,813,1,No,-0.547347,-0.863756,0.421551
2,814,1,No,-0.0224766,-3.80383,0.0222838
2,815,1,No,-0.0502122,-3.01528,0.049029
2,816,1,Yes,-2.92499,-0.0550966,0.946338
2,817,1,Yes,-3.24273,-0.0397792,0.960945
2,818,1,Yes,-1.16477,-0.373872,0.688025
2,819,1,No,-0.0374622,-3.30148,0.0368263
2,820,1,Yes,-2.05668,-0.136757,0.87213
2,821,1,Yes,-3.51243,-0.030217,0.970177
2,822,1,Yes,-4.023,-0.0180001,0.982102
2,823,1,Yes,-3.21679,-0.0408483,0.959919
2,824,1,Yes,-5.15214,-0.00574459,0.994213
2,825,1,Yes,-1.2518,-0.336775,0.714027
2,826,1,Yes,-0.0099307,-4.6111,0.00994028
2,827,1,No,-0.00125582,-6.63416,0.0013146
2,828,1,Yes,-3.11657,-0.0452582,0.955694
2,829,1,Yes,-4.05326,-0.0174577,0.982635
2,830,1,No,-4.387e-05,-9.18225,0.000102843
2,831,1,No,-1.71877,-0.19751,0.820723
2,832,1,Yes,-3.4725,-0.0314704,0.968962
2,833,1,Yes,-4.47621,-0.0113821,0.988624
2,834,1,Yes,-1.88772,-0.164115,0.848593
2,835,1,Yes,-3.18713,-0.0421053,0.958712
2,836,1,Yes,-2.02431,-0.141594,0.867923
2,837,1,Yes,-2.92233,-0.0552469,0.946195
2,838,1,Yes,-3.04918,-0.0484955,0.952605
2,839,1,No,-0.000151169,-8.46651,0.000210386
2,840,1,Yes,-0.616525,-0.776003,0.460215
2,841,1,No,-1.19264,-0.361486,0.696599
2,842,1,No,-2.76569e-05,-9.35319,8.66837e-05
2,843,1,Yes,-3.9943,-0.0185319,0.981581
2,844,1,Yes,-1.8167,-0.177337,0.837448
2,845,1,No,-0.00282238,-5.85088,0.00287721
2,846,1,Yes,-0.201282,-1.70168,0.182367
2,847,1,No,-0.000346482,-7.80981,0.00040571
2,848,1,No,-0.000544279,-7.41319,0.000603208
2,849,1,Yes,-2.50537,-0.0851077,0.918359
2,850,1,No,-0.00013716,-8.53398,0.00019666
2,851,1,Yes,-3.85251,-0.0213939,0.978775
2,852,1,No,-0.166604,-1.8739,0.153515
2,853,1,Yes,-0.471617,-0.977989,0.376045
2,854,1,Yes,-4.42985,-0.0119279,0.988084
2,855,1,No,-0.61752,-0.774837,0.460752
2,856,1,No,-0.022401,-3.80712,0.0222107
2,857,1,No,-0.1046,-2.30886,0.0993687
2,858,1,No,-0.0729659,-2.65318,0.0704229
2,859,1,Yes,-0.75154,-0.637866,0.528388
2,860,1,No,-0.446058,-1.0219,0.359891
2,861,1,Yes,-3.19425,-0.0418002,0.959005
2,862,1,No,-0.0493808,-3.03155,0.0482381
2,863,1,No,-0.00274917,-5.8765,0.00280441
2,864,1,Yes,-4.08813,-0.0168525,0.98323
2,865,1,No,-0.000282208,-7.9795,0.00034239
2,866,1,No,-0.000234929,-8.13176,0.000294033
2,867,1,No,-0.000172272,-8.36822,0.000232116
2,868,1,Yes,-0.903163,-0.519575,0.594738
2,869,1,Yes,-0.525089,-0.895125,0.408532
2,870,1,No,-0.000931279,-6.91724,0.000990497
2,871,1,No,-0.00352838,-5.632,0.00358118
2,872,1,Yes,-3.17474,-0.0426419,0.958197
2,873,1,Yes,-2.81896,-0.0614592,0.940335
2,874,1,Yes,-2.50409,-0.085221,0.918255
2,875,1,No,-0.099103,-2.36011,0.0944042
2,876,1,Yes,-1.84129,-0.172633,0.841397
2,877,1,No,-0.00568339,-5.16277,0.00572551
2,878,1,Yes,-4.65799,-0.00947143,0.990515
2,879,1,Yes,-2.23105,-0.113568,0.892591
2,880,1,Yes,-4.50627,-0.0110404,0.988961
2,881,1,No,-0.00809534,-4.81309,0.00812223
2,882,1,Yes,-4.35877,-0.0128167,0.987207
2,883,1,Yes,-4.60984,-0.00994292,0.990047
2,884,1,Yes,-1.09197,-0.408714,0.664465
2,885,1,Yes,-2.2781,-0.108053,0.897527
2,886,1,Yes,-4.47085,-0.0114436,0.988563
2,887,1,No,-0.944067,-0.492632,0.61098
2,888,1,Yes,-0.731346,-0.656241,0.518767
2,889,1,Yes,-0.296495,-1.36008,0.256624
2,890,1,Yes,-1.35602,-0.297901,0.742331
2,891,1,Yes,-4.06441,-0.0172621,0.982828
2,892,1,Yes,-4.74562,-0.00866689,0.991311
2,893,1,Yes,-4.48464,-0.0112851,0.98872
2,894,1,Yes,-4.38014,-0.012543,0.987477
2,895,1,Yes,-3.7997,-0.0225706,0.977624
2,896,1,No,-0.000149142,-8.47464,0.000208681
2,897,1,No,-0.000156534,-8.44191,0.000215626
2,898,1,Yes,-2.57019,-0.0795437,0.923483
2,899,1,No,-0.000407839,-7.66917,0.00046698
2,900,1,No,-0.000270761,-8.01521,0.00033038
2,901,1,Yes,-4.63453,-0.0096986,0.99029
2,902,1,Yes,-1.0561,-0.427327,0.652212
2,903,1,No,-0.0271945,-3.61607,0.0268865
2,904,1,Yes,-4.28602,-0.0137951,0.986241
2,905,1,Yes,-4.21549,-0.0148142,0.985236
2,906,1,Yes,-4.2342,-0.0145369,0.985509
2,907,1,No,-0.0519266,-2.9826,0.0506579
2,908,1,No,-0.279623,-1.41063,0.243976
2,909,1,No,-0.246652,-1.5203,0.218634
2,910,1,Yes,-1.44615,-0.268424,0.764539
2,911,1,No,-0.000165536,-8.39898,0.000225084
2,912,1,Yes,-0.552169,-0.857174,0.424334
2,913,1,No,-0.132634,-2.08527,0.124267
2,914,1,No,-0.000774087,-7.08984,0.000833477
2,915,1,Yes,-4.06428,-0.0172641,0.982826
2,916,1,No,-0.00548032,-5.19852,0.00552439
2,917,1,Yes,-1.73278,-0.194474,0.823219
2,918,1,Yes,-3.39236,-0.0341465,0.966373
2,919,1,Yes,-4.36818,-0.0126948,0.987326
2,920,1,Yes,-2.37108,-0.097967,0.906626
2,921,1,No,-0.00513157,-5.26332,0.0051778
2,922,1,No,-0.141523,-2.02477,0.132016
2,923,1,Yes,-3.93584,-0.0196613,0.980472
2,924,1,Yes,-4.53942,-0.0106767,0.989321
2,925,1,Yes,-0.345263,-1.23092,0.292008
2,926,1,Yes,-4.64076,-0.00963739,0.99035
2,927,1,Yes,-3.06601,-0.0476654,0.953396
2,928,1,No,-0.000297471,-7.93724,0.000357171
2,929,1,No,-7.92773e-05,-8.88248,0.000138791
2,930,1,Yes,-2.23748,-0.112796,0.89328
2,931,1,No,-0.0170823,-4.07475,0.0169954
2,932,1,No,-0.00821751,-4.79839,0.00824255
2,933,1,Yes,-2.24266,-0.112179,0.893831
2,934,1,No,-0.000470391,-7.54275,0.000529909
2,935,1,No,-0.00236301,-6.02413,0.00241951
2,936,1,Yes,-3.10597,-0.0457518,0.955222
2,937,1,No,-0.000951803,-6.89693,0.00101082
2,938,1,No,-0.00294355,-5.80956,0.00299856
2,939,1,No,-0.000667795,-7.22616,0.000727262
2,940,1,Yes,-3.16771,-0.0429502,0.957903
2,941,1,No,-0.00407984,-5.48919,0.00413093
2,942,1,No,-0.0295915,-3.53297,0.0292163
2,943,1,Yes,-5.13988,-0.00581582,0.994142
2,944,1,Yes,-0.179694,-1.80464,0.164524
2,945,1,No,-0.0408541,-3.21663,0.0400876
2,946,1,Yes,-1.96387,-0.15112,0.859694
2,947,1,Yes,-0.491658,-0.945598,0.388424
2,948,1,Yes,-3.58819,-0.0279769,0.972353
2,949,1,Yes,-4.60143,-0.0100287,0.989963
2,950,1,No,-0.00271319,-5.88937,0.00276857
2,951,1,Yes,-3.66331,-0.0259204,0.974354
2,952,1,Yes,-1.10594,-0.401732,0.669121
2,953,1,Yes,-1.53347,-0.242998,0.784227
2,954,1,Yes,-3.70913,-0.0247435,0.975503
2,955,1,Yes,-0.967951,-0.477717,0.620162
2,956,1,Yes,-4.12605,-0.0162185,0.983854
2,957,1,Yes,-3.45543,-0.0320215,0.968428
2,958,1,Yes,-4.15422,-0.0157626,0.984303
2,959,1,No,-0.00496863,-5.29527,0.00501495
2,960,1,No,-0.00202802,-6.17283,0.00208519
2,961,1,Yes,-3.44205,-0.0324609,0.968003
2,962,1,No,-0.000909325,-6.93942,0.000968773
2,963,1,No,-0.0439928,-3.14427,0.0430959
2,964,1,No,-0.443905,-1.02574,0.358511
2,965,1,No,-0.00223815,-6.07696,0.002295
2,966,1,No,-0.0201317,-3.91254,0.0199884
2,967,1,No,-0.0335828,-3.40869,0.0330827
2,968,1,No,-1.50594,-0.250709,0.778203
2,969,1,Yes,-1.14436,-0.383266,0.681592
2,970,1,Yes,-3.95888,-0.0192087,0.980917
2,971,1,Yes,-3.12361,-0.0449337,0.956005
2,972,1,No,-0.0188668,-3.97659,0.0187483
2,973,1,No,-0.0576335,-2.88127,0.0560604
2,974,1,Yes,-1.88089,-0.165343,0.847554
2,975,1,No,-0.442235,-1.02873,0.357439
2,976,1,No,-0.434127,-1.04347,0.352208
2,977,1,Yes,-1.00582,-0.455213,0.634276
2,978,1,Yes,-3.40864,-0.0335846,0.966916
2,979,1,Yes,-0.257253,-1.48331,0.226873
2,980,1,Yes,-0.40828,-1.09283,0.335246
2,981,1,Yes,-0.37741,-1.15701,0.314406
2,982,1,Yes,-0.246383,-1.52126,0.218423
2,983,1,Yes,-2.70309,-0.0692846,0.933006
2,984,1,No,-0.410122,-1.08919,0.33647
2,985,1,No,-0.863866,-0.547267,0.578495
2,986,1,Yes,-0.901946,-0.520406,0.594244
2,987,1,Yes,-0.843526,-0.562352,0.569834
2,988,1,Yes,-3.41695,-0.0333014,0.96719
2,989,1,Yes,-1.59409,-0.226945,0.796918
2,990,1,Yes,-0.57305,-0.829528,0.43623
2,991,1,Yes,-0.771687,-0.620221,0.537794
2,992,1,No,-0.410032,-1.08937,0.33641
2,993,1,Yes,-1.78912,-0.18278,0.832903
2,994,1,Yes,-1.58231,-0.229969,0.794512
2,995,1,Yes,-0.854882,-0.553863,0.574692
2,996,1,Yes,-2.99421,-0.0513113,0.949927
2,997,1,Yes,-2.7947,-0.0630187,0.93887
2,998,1,Yes,-4.35212,-0.0129029,0.987121
2,999,1,Yes,-4.16372,-0.0156114,0.984451
2,1000,1,Yes,-2.00032,-0.145293,0.864717
2,1001,1,Yes,-2.51066,-0.084638,0.91879
2,1002,1,Yes,-3.77357,-0.023177,0.977032
2,1003,1,Yes,-4.49684,-0.0111467,0.988856
2,1004,1,Yes,-4.55779,-0.0104809,0.989515
2,1005,1,No,-0.32366,-1.28532,0.276547
2,1006,1,Yes,-0.820749,-0.579896,0.559924
2,1007,1,Yes,-2.71636,-0.0683388,0.933889
2,1008,1,Yes,-1.21231,-0.353038,0.702509
2,1009,1,Yes,-4.68989,-0.00917037,0.990813
2,1010,1,Yes,-3.83115,-0.0218622,0.978317
2,1011,1,Yes,-4.27091,-0.0140075,0.986032
2,1012,1,Yes,-4.16897,-0.0155281,0.984533
2,1013,1,Yes,-2.3312,-0.102165,0.902827
2,1014,1,Yes,-4.63958,-0.00964931,0.990339
2,1015,1,No,-0.0286053,-3.56633,0.0282577
2,1016,1,Yes,-1.78552,-0.183503,0.832301
2,1017,1,Yes,-3.04637,-0.0486361,0.952472
2,1018,1,Yes,-3.25076,-0.0394541,0.961258
2,1019,1,Yes,-4.10098,-0.0166346,0.983445
2,1020,1,No,-0.000612924,-7.30549,0.000671802
2,1021,1,No,-0.00711415,-4.94086,0.00714802
2,1022,1,No,-0.00395698,-5.51929,0.00400847
2,1023,1,Yes,-4.49159,-0.0112063,0.988798
2,1024,1,Yes,-2.68007,-0.0709579,0.931446
2,1025,1,Yes,-0.782465,-0.611049,0.542749
2,1026,1,Yes,-3.63148,-0.0267732,0.973524
2,1027,1,Yes,-1.4165,-0.277736,0.757453
2,1028,1,Yes,-1.9118,-0.159882,0.852194
2,1029,1,Yes,-2.03148,-0.140508,0.868866
2,1030,1,Yes,-2.28778,-0.106953,0.898515
2,1031,1,Yes,-0.160434,-1.90861,0.148277
2,1032,1,No,-0.00921843,-4.68468,0.00923518
2,1033,1,No,-0.0814241,-2.54776,0.0782522
2,1034,1,No,-1.66675,-0.209241,0.811152
2,1035,1,Yes,-1.98898,-0.147081,0.863174
2,1036,1,Yes,-3.07251,-0.0473491,0.953698
2,1037,1,Yes,-3.34262,-0.0359221,0.964658
2,1038,1,No,-0.00234294,-6.03241,0.00239955
2,1039,1,No,-0.0381759,-3.28299,0.0375137
2,1040,1,No,-0.0627654,-2.7986,0.0608918
2,1041,1,Yes,-3.72264,-0.0244063,0.975831
2,1042,1,Yes,-3.71276,-0.0246519,0.975591
2,1043,1,No,-0.570951,-0.832247,0.435045
2,1044,1,Yes,-3.03584,-0.0491636,0.951969
2,1045,1,Yes,-1.77316,-0.186014,0.830214
2,1046,1,No,-0.00483542,-5.32193,0.00488304
2,1047,1,No,-0.0112519,-4.48753,0.0112477
2,1048,1,No,-0.000127681,-8.58404,0.000187057
2,1049,1,No,-9.25703e-05,-8.79175,0.000151973
2,1050,1,No,-6.31829e-05,-9.00521,0.000122761
2,1051,1,No,-0.00016649,-8.39642,0.00022566
2,1052,1,No,-7.64161e-05,-8.905,0.0001357
2,1053,1,No,-0.000178472,-8.3449,0.000237592
2,1054,1,No,-0.0184288,-3.99979,0.0183183
2,1055,1,No,-0.00256498,-5.9441,0.00262111
2,1056,1,No,-0.000743904,-7.12699,0.000803084
2,1057,1,No,-0.000525374,-7.4446,0.000584558
2,1058,1,No,-0.000170543,-8.37711,0.00023006
2,1059,1,No,-7.84428e-05,-8.88861,0.000137943
2,1060,1,No,-0.00264063,-5.9157,0.00269661
2,1061,1,Yes,-2.74624,-0.0662571,0.935835
2,1062,1,Yes,-4.65339,-0.00951463,0.990471
2,1063,1,No,-4.29035,-0.0137353,0.986301
2,1064,1,Yes,-5.13584,-0.0058398,0.994118
2,1065,1,No,-2.16814,-0.121412,0.885616
2,1066,1,No,-0.000267124,-8.02743,0.000326365
2,1067,1,No,-0.000232962,-8.13943,0.000291786
2,1068,1,No,-0.055764,-2.91329,0.0542937
2,1069,1,No,-0.00175063,-6.31521,0.00180848
2,1070,1,No,-0.000105387,-8.70844,0.000165176
2,1071,1,No,-4.57774e-05,-9.16097,0.000105055
2,1072,1,No,-0.0216587,-3.84039,0.0214838
2,1073,1,No,-2.29481e-05,-9.40177,8.25726e-05
2,1074,1,No,-0.000208638,-8.22278,0.000268451
2,1075,1,No,-8.39269e-05,-8.84725,0.000143768
2,1076,1,No,-0.732174,-0.655473,0.519166
2,1077,1,No,-0.0102763,-4.57727,0.0102823
2,1078,1,No,-0.283637,-1.39829,0.247004
2,1079,1,No,-0.002548,-5.95055,0.00260426
2,1080,1,No,-0.00550999,-5.19321,0.00555379
2,1081,1,No,-0.00706714,-4.94748,0.00710086
2,1082,1,Yes,-0.361207,-1.19328,0.303206
2,1083,1,No,-0.00777121,-4.85364,0.0077995
2,1084,1,Yes,-4.23742,-0.01449,0.985556
2,1085,1,Yes,-4.77609,-0.00840479,0.991572
2,1086,1,Yes,-5.0386,-0.00644347,0.993518
2,1087,1,Yes,-0.145464,-1.99924,0.13543
2,1088,1,No,-0.234102,-1.56649,0.208765
2,1089,1,Yes,-0.949694,-0.489065,0.613163
2,1090,1,Yes,-1.35491,-0.298286,0.742046
2,1091,1,Yes,-3.87262,-0.0209628,0.979197
2,1092,1,Yes,-2.90075,-0.0564882,0.945021
2,1093,1,No,-0.000897452,-6.95247,0.000956216
2,1094,1,No,-0.00178956,-6.29394,0.00184735
2,1095,1,No,-0.00249518,-5.97112,0.00255123
2,1096,1,No,-0.0202243,-3.908,0.0200794
2,1097,1,No,-0.00160823,-6.39701,0.00166643
2,1098,1,No,-0.00985058,-4.61907,0.00986142
2,1099,1,Yes,-0.181194,-1.79706,0.165775
2,1100,1,No,-1.10348,-0.402952,0.668305
2,1101,1,Yes,-3.68554,-0.0253424,0.974918
2,1102,1,Yes,-4.13409,-0.0160864,0.983984
2,1103,1,Yes,-3.73095,-0.0242006,0.976031
2,1104,1,Yes,-0.854144,-0.55441,0.574378
2,1105,1,No,-0.411335,-1.0868,0.337274
2,1106,1,Yes,-0.736517,-0.651468,0.521249
2,1107,1,No,-0.672912,-0.713681,0.489809
2,1108,1,Yes,-3.91576,-0.020066,0.980076
2,1109,1,Yes,-4.21249,-0.0148599,0.985191
2,1110,1,Yes,-4.91114,-0.00733184,0.992636
2,1111,1,Yes,-3.8245,-0.022011,0.978172
2,1112,1,Yes,-3.27822,-0.0383631,0.962307
2,1113,1,Yes,-2.6396,-0.0740027,0.928614
2,1114,1,Yes,-3.35502,-0.0354713,0.965093
2,1115,1,Yes,-1.90843,-0.160467,0.851696
2,1116,1,No,-0.0670151,-2.73523,0.064875
2,1117,1,Yes,-2.47504,-0.0878489,0.915846
2,1118,1,Yes,-4.23928,-0.0144621,0.985583
2,1119,1,Yes,-2.36499,-0.0985962,0.906055
2,1120,1,Yes,-1.93014,-0.156734,0.854881
2,1121,1,Yes,-2.78307,-0.063781,0.938155
2,1122,1,Yes,-4.5003,-0.0111085,0.988895
2,1123,1,Yes,-0.590533,-0.807378,0.446
2,1124,1,Yes,-4.03857,-0.0177188,0.982378
2,1125,1,Yes,-2.32333,-0.103017,0.902058
2,1126,1,Yes,-3.59523,-0.027778,0.972547
2,1127,1,No,-1.93851,-0.155321,0.85609
2,1128,1,No,-0.350915,-1.21735,0.295998
2,1129,1,No,-0.582076,-0.817982,0.441296
2,1130,1,No,-1.4374,-0.271136,0.762468
2,1131,1,Yes,-2.90247,-0.0563884,0.945116
2,1132,1,Yes,-1.96913,-0.150265,0.86043
2,1133,1,Yes,-3.99389,-0.0185394,0.981573
2,1134,1,Yes,-4.77768,-0.00839132,0.991585
2,1135,1,Yes,-4.02121,-0.0180336,0.98207
2,1136,1,Yes,-3.94713,-0.0194383,0.980691
2,1137,1,Yes,-3.8744,-0.020925,0.979234
2,1138,1,Yes,-0.255731,-1.48851,0.225695
2,1139,1,No,-0.555975,-0.852037,0.42652
2,1140,1,Yes,-4.07888,-0.0170113,0.983075
2,1141,1,Yes,-3.01041,-0.050465,0.950731
2,1142,1,Yes,-4.24747,-0.0143438,0.9857
2,1143,1,Yes,-5.17185,-0.00563046,0.994326
2,1144,1,Yes,-4.13485,-0.0160741,0.983996
2,1145,1,No,-0.574489,-0.827671,0.43704
2,1146,1,Yes,-2.78545,-0.0636246,0.938302
2,1147,1,Yes,-3.80347,-0.0224844,0.977708
2,1148,1,Yes,-3.24222,-0.0397995,0.960925
2,1149,1,Yes,-3.3645,-0.0351301,0.965423
2,1150,1,Yes,-0.280355,-1.40836,0.244529
2,1151,1,Yes,-3.12643,-0.044804,0.956128
2,1152,1,Yes,-2.26353,-0.109729,0.896024
2,1153,1,No,-0.0981027,-2.36976,0.093498
2,1154,1,No,-0.000676026,-7.21557,0.000735006
2,1155,1,No,-0.00917939,-4.68894,0.00919587
2,1156,1,No,-0.00269322,-5.89661,0.0027486
2,1157,1,No,-0.00140694,-6.52571,0.00146518
2,1158,1,No,-0.00280708,-5.85593,0.0028627
2,1159,1,No,-0.662402,-0.724747,0.484419
2,1160,1,Yes,-1.38462,-0.288164,0.749595
2,1161,1,Yes,-1.18504,-0.364817,0.694283
2,1162,1,No,-0.0326792,-3.43548,0.0322081
2,1163,1,Yes,-2.00501,-0.144564,0.865349
2,1164,1,No,-0.0130278,-4.34258,0.0130021
2,1165,1,No,-0.0551198,-2.92457,0.0536845
2,1166,1,Yes,-2.42231,-0.0928361,0.911289
2,1167,1,Yes,-1.91584,-0.159181,0.852791
2,1168,1,Yes,-3.01827,-0.0500585,0.951117
2,1169,1,Yes,-0.533655,-0.882853,0.413577
2,1170,1,Yes,-2.21211,-0.115872,0.890537
2,1171,1,No,-0.0949339,-2.40101,0.0906213
2,1172,1,Yes,-3.33722,-0.0361208,0.964467
2,1173,1,No,-0.242871,-1.53393,0.215674
2,1174,1,No,-0.511951,-0.914459,0.40071
2,1175,1,Yes,-2.82898,-0.0608277,0.94093
2,1176,1,No,-0.643352,-0.745428,0.474503
2,1177,1,Yes,-3.94483,-0.0194834,0.980647
2,1178,1,Yes,-2.72812,-0.0675113,0.934662
2,1179,1,No,-0.10801,-2.27848,0.102434
2,1180,1,Yes,-4.51957,-0.0108933,0.989107
2,1181,1,Yes,-0.723055,-0.663994,0.514761
2,1182,1,Yes,-3.66047,-0.0259958,0.974281
2,1183,1,No,-0.0069675,-4.96146,0.0070023
2,1184,1,Yes,-3.94379,-0.0195048,0.980626
2,1185,1,No,-2.50748,-0.0849203,0.918531
2,1186,1,Yes,-2.34917,-0.100251,0.904557
2,1187,1,No,-0.363753,-1.18746,0.304978
2,1188,1,No,-0.194757,-1.73147,0.177014
2,1189,1,No,-0.00718883,-4.93048,0.00722259
2,1190,1,No,-0.000238805,-8.11709,0.000298379
2,1191,1,No,-0.000169351,-8.38066,0.000229245
2,1192,1,No,-0.000118859,-8.63167,0.000178356
2,1193,1,No,-6.819e-05,-8.9671,0.00012753
2,1194,1,No,-0.0049969,-5.2895,0.005044
2,1195,1,No,-0.0160498,-4.13632,0.0159805
2,1196,1,No,-0.000129112,-8.57474,0.000188805
2,1197,1,No,-0.000323467,-7.86695,0.000383178
2,1198,1,No,-0.000241189,-8.10851,0.00030095
2,1199,1,No,-0.000632725,-7.27566,0.000692145
2,1200,1,No,-0.000130066,-8.57091,0.000189529
2,1201,1,No,-0.000216269,-8.19742,0.000275348
2,1202,1,Yes,-4.85156,-0.00778707,0.992184
2,1203,1,Yes,-4.9708,-0.00690244,0.993063
2,1204,1,Yes,-5.22113,-0.00535657,0.994599
2,1205,1,Yes,-4.96102,-0.00697092,0.992995
2,1206,1,No,-8.33308e-05,-8.85458,0.000142717
2,1207,1,No,-0.00089781,-6.95181,0.000956841
2,1208,1,No,-2.81338e-05,-9.34686,8.72341e-05
2,1209,1,No,-0.000492515,-7.50262,0.000551603
2,1210,1,No,-0.000174597,-8.35916,0.000234227
2,1211,1,No,-0.000122078,-8.61418,0.000181502
2,1212,1,No,-0.00704103,-4.95111,0.00707516
2,1213,1,No,-0.00942582,-4.66272,0.00944019
2,1214,1,No,-0.860922,-0.549416,0.577253
2,1215,1,No,-0.0301346,-3.51512,0.0297426
2,1216,1,No,-0.00469474,-5.35095,0.00474334
2,1217,1,Yes,-1.09928,-0.405042,0.666909
2,1218,1,No,-0.18099,-1.79809,0.165605
2,1219,1,No,-0.545311,-0.866555,0.420372
2,1220,1,Yes,-0.566752,-0.837727,0.432668
2,1221,1,Yes,-4.58113,-0.0102365,0.989757
2,1222,1,Yes,-4.05105,-0.017497,0.982597
2,1223,1,Yes,-2.70486,-0.0691577,0.933124
2,1224,1,No,-0.000614713,-7.30299,0.000673484
2,1225,1,No,-0.000891188,-6.95867,0.000950305
2,1226,1,No,-0.000519649,-7.45313,0.000579587
2,1227,1,No,-0.00746022,-4.89393,0.00749149
2,1228,1,No,-0.0034011,-5.66798,0.00345464
2,1229,1,No,-0.00555913,-5.18444,0.00560272
2,1230,1,No,-0.0149378,-4.20731,0.0148854
2,1231,1,No,-0.00279704,-5.85964,0.00285212
2,1232,1,No,-0.0618303,-2.81312,0.0600139
2,1233,1,No,-0.00381278,-5.55578,0.00386483
2,1234,1,Yes,-2.3541,-0.0997309,0.905027
2,1235,1,Yes,-3.63565,-0.0266591,0.973635
2,1236,1,Yes,-4.06005,-0.017338,0.982753
2,1237,1,Yes,-2.31665,-0.103745,0.901402
2,1238,1,No,-0.0419555,-3.19061,0.0411444
2,1239,1,No,-0.0283683,-3.5745,0.0280278
2,1240,1,Yes,-3.45242,-0.0321204,0.968333
2,1241,1,Yes,-2.23047,-0.113638,0.892528
2,1242,1,Yes,-4.85662,-0.0077473,0.992224
2,1243,1,Yes,-4.72007,-0.00889406,0.991086
2,1244,1,No,-0.000616025,-7.30015,0.000675394
2,1245,1,Yes,-3.39519,-0.0340483,0.966468
2,1246,1,Yes,-4.24601,-0.0143646,0.98568
2,1247,1,No,-0.000665528,-7.2299,0.000724548
2,1248,1,No,-0.000256452,-8.05894,0.000316242
2,1249,1,No,-0.206411,-1.679,0.186549
2,1250,1,No,-0.00134153,-6.57101,0.0014003
2,1251,1,Yes,-4.72917,-0.00881324,0.991167
2,1252,1,Yes,-3.58911,-0.0279501,0.972379
2,1253,1,No,-0.00211462,-6.13222,0.00217163
2,1254,1,No,-0.000995893,-6.85453,0.00105461
2,1255,1,No,-0.000437236,-7.60679,0.000497033
2,1256,1,Yes,-1.59002,-0.227983,0.796091
2,1257,1,Yes,-0.986056,-0.466787,0.626977
2,1258,1,Yes,-4.91049,-0.00733562,0.992632
2,1259,1,Yes,-3.90212,-0.0203448,0.979802
2,1260,1,No,-0.000137458,-8.53368,0.000196718
2,1261,1,Yes,-3.08522,-0.0467354,0.954283
2,1262,1,No,-0.000151884,-8.46242,0.000211247
2,1263,1,Yes,-5.20481,-0.00544484,0.99451
2,1264,1,No,-0.00115294,-6.71563,0.00121175
2,1265,1,Yes,-1.91131,-0.159966,0.852123
2,1266,1,No,-0.00597122,-5.11382,0.00601272
2,1267,1,Yes,-4.62094,-0.00983228,0.990157
2,1268,1,No,-0.000538554,-7.42198,0.000597929
2,1269,1,Yes,-4.22019,-0.0147443,0.985305
2,1270,1,No,-0.0617894,-2.81376,0.0599753
2,1271,1,No,-0.107754,-2.28072,0.102204
2,1272,1,No,-0.00628667,-5.06302,0.00632605
2,1273,1,Yes,-4.2466,-0.0143558,0.985688
2,1274,1,No,-0.00291755,-5.81839,0.00297223
2,1275,1,Yes,-4.09114,-0.0168013,0.983281
2,1276,1,No,-0.0013802,-6.54396,0.00143869
2,1277,1,No,-0.0061086,-5.09145,0.00614873
2,1278,1,No,-0.115442,-2.21561,0.10908
2,1279,1,No,-4.10684e-05,-9.20468,0.000100561
2,1280,1,No,-0.0659289,-2.75104,0.0638578
2,1281,1,Yes,-4.92207,-0.00725036,0.992716
2,1282,1,No,-4.04977,-0.0175193,0.982575
2,1283,1,No,-0.000592884,-7.33489,0.000652339
2,1284,1,No,-0.000170126,-8.38155,0.00022904
2,1285,1,No,-0.459909,-0.997724,0.368696
2,1286,1,Yes,-4.94115,-0.0071118,0.992854
2,1287,1,Yes,-3.391,-0.0341936,0.966327
2,1288,1,No,-0.000102346,-8.73066,0.000161547
2,1289,1,No,-8.96494e-05,-8.81261,0.000148835
2,1290,1,Yes,-5.16398,-0.00567518,0.994281
2,1291,1,No,-8.82153e-06,-9.59592,6.80015e-05
2,1292,1,No,-0.000130304,-8.57036,0.000189632
2,1293,1,No,-8.14233e-05,-8.8675,0.000140886
2,1294,1,No,-2.74781e-05,-9.3506,8.69081e-05
2,1295,1,Yes,-4.2718,-0.013995,0.986044
2,1296,1,Yes,-4.24731,-0.0143455,0.985698
2,1297,1,No,-7.59392e-05,-8.9085,0.000135227
2,1298,1,No,-0.00014789,-8.4804,0.000207483
2,1299,1,No,-0.000349702,-7.80154,0.000409081
2,1300,1,Yes,-3.77791,-0.0230751,0.977131
2,1301,1,No,-0.17189,-1.84524,0.157977
2,1302,1,No,-1.51409,-0.248396,0.780004
2,1303,1,No,-0.00244105,-5.9924,0.00249751
2,1304,1,No,-0.0065823,-5.01762,0.00661989
2,1305,1,No,-1.15482,-0.378419,0.684904
2,1306,1,Yes,-4.18964,-0.0152078,0.984849
2,1307,1,No,-0.00875107,-4.73614,0.00877194
2,1308,1,No,-0.00367769,-5.59126,0.00373011
2,1309,1,No,-0.0068953,-4.97179,0.00693033
2,1310,1,Yes,-3.75081,-0.0237186,0.976503
2,1311,1,Yes,-3.60786,-0.0274226,0.972892
2,1312,1,Yes,-4.36186,-0.0127759,0.987246
2,1313,1,Yes,-3.6222,-0.0270261,0.973278
2,1314,1,Yes,-1.49074,-0.255081,0.774808
2,1315,1,No,-0.243199,-1.53274,0.215931
2,1316,1,Yes,-2.46817,-0.0884829,0.915265
2,1317,1,No,-0.172611,-1.84141,0.158585
2,1318,1,No,-0.000401876,-7.68121,0.000461387
2,1319,1,No,-0.488227,-0.951023,0.386323
2,1320,1,Yes,-4.84922,-0.00780497,0.992166
2,1321,1,No,-0.000566703,-7.37626,0.000625901
2,1322,1,Yes,-3.72905,-0.0242474,0.975986
2,1323,1,No,-0.980359,-0.470191,0.624846
2,1324,1,No,-0.0498602,-3.02213,0.0486944
2,1325,1,Yes,-3.2939,-0.0377529,0.962894
2,1326,1,Yes,-4.31475,-0.0133994,0.986631
2,1327,1,Yes,-3.0146,-0.0502474,0.950938
2,1328,1,Yes,-5.31333,-0.0048774,0.995075
2,1329,1,No,-0.0132873,-4.32308,0.0132582
2,1330,1,No,-0.298691,-1.35375,0.258255
2,1331,1,Yes,-2.01291,-0.143339,0.866409
2,1332,1,Yes,-0.49841,-0.935058,0.39254
2,1333,1,Yes,-2.87827,-0.057812,0.943771
2,1334,1,Yes,-2.2127,-0.115798,0.890602
2,1335,1,Yes,-2.24467,-0.111941,0.894044
2,1336,1,Yes,-2.20227,-0.117088,0.889455
2,1337,1,Yes,-3.728,-0.0242733,0.97596
2,1338,1,Yes,-2.24787,-0.111563,0.894382
2,1339,1,Yes,-4.2621,-0.0141322,0.985908
2,1340,1,Yes,-4.13411,-0.0160859,0.983984
2,1341,1,Yes,-3.55278,-0.0290015,0.971357
2,1342,1,Yes,-3.88389,-0.0207241,0.979431
2,1343,1,Yes,-5.03959,-0.00643711,0.993524
2,1344,1,Yes,-3.26579,-0.0388523,0.961836
2,1345,1,Yes,-2.12924,-0.12655,0.881079
2,1346,1,No,-0.028593,-3.56673,0.0282464
2,1347,1,Yes,-5.05391,-0.00634533,0.993616
2,1348,1,Yes,-3.18437,-0.0422238,0.958598
2,1349,1,Yes,-1.86508,-0.168212,0.845125
2,1350,1,No,-4.43055,-0.011919,0.988093
2,1351,1,Yes,-0.521021,-0.901043,0.406122
2,1352,1,Yes,-0.337067,-1.25107,0.286181
2,1353,1,Yes,-5.16164,-0.00568848,0.994268
2,1354,1,No,-0.688047,-0.698155,0.497473
2,1355,1,Yes,-4.87969,-0.00756832,0.992401
2,1356,1,Yes,-3.44073,-0.0325043,0.967961
2,1357,1,Yes,-2.97183,-0.0525048,0.948794
2,1358,1,No,-0.252394,-1.50005,0.223107
2,1359,1,Yes,-4.86806,-0.00765793,0.992312
2,1360,1,No,-0.341664,-1.2397,0.289455
2,1361,1,Yes,-1.22666,-0.347025,0.706746
2,1362,1,Yes,-1.08015,-0.414737,0.660476
2,1363,1,No,-1.7507,-0.190669,0.826358
2,1364,1,Yes,-2.60416,-0.0767803,0.926039
2,1365,1,Yes,-1.67517,-0.207293,0.812734
2,1366,1,Yes,-3.65299,-0.0261943,0.974088
2,1367,1,Yes,-0.581653,-0.818519,0.441059
2,1368,1,Yes,-4.32346,-0.013282,0.986747
2,1369,1,Yes,-2.37179,-0.0978922,0.906692
2,1370,1,Yes,-2.85601,-0.0591542,0.942506
