n_estimators,row_id,estimator,true,logit_No,logit_Yes,p_Yes
6,0,0,No,-0.000758936,-7.10864,0.000817962
6,1,0,No,-0.000514998,-7.46348,0.000573623
6,2,0,No,-0.0742485,-2.6364,0.0716144
6,3,0,Yes,-2.93322,-0.0546317,0.946778
6,4,0,No,-0.00684873,-4.97846,0.00688426
6,5,0,Yes,-2.41375,-0.0936735,0.910526
6,6,0,No,-0.349537,-1.22063,0.295027
6,7,0,No,-0.0798569,-2.5664,0.0768068
6,8,0,No,-1.18412,-0.365223,0.694001
6,9,0,No,-0.003259,-5.70987,0.00331289
6,10,0,No,-0.000444809,-7.59334,0.000503766
6,11,0,No,-0.00268157,-5.90082,0.00273703
6,12,0,No,-0.000626283,-7.28525,0.000685536
6,13,0,No,-0.0698901,-2.6947,0.0675588
6,14,0,Yes,-0.121619,-2.16654,0.114567
6,15,0,Yes,-1.39851,-0.283564,0.753051
6,16,0,No,-0.0012008,-6.67711,0.00125933
6,17,0,No,-0.000694397,-7.1907,0.000753517
6,18,0,Yes,-2.701,-0.0694346,0.932866
6,19,0,Yes,-2.68423,-0.0706533,0.93173
6,20,0,Yes,-1.99751,-0.145735,0.864336
6,21,0,Yes,-4.23913,-0.0144648,0.985581
6,22,0,Yes,-3.23732,-0.0399993,0.960733
6,23,0,Yes,-2.36016,-0.0990973,0.905601
6,24,0,Yes,-2.75094,-0.0659349,0.936136
6,25,0,Yes,-3.08712,-0.0466449,0.954369
6,26,0,No,-0.0780705,-2.58813,0.0751559
6,27,0,No,-0.0087952,-4.73119,0.00881545
6,28,0,No,-0.838437,-0.566209,0.56764
6,29,0,Yes,-0.965862,-0.478998,0.619367
6,30,0,Yes,-4.47486,-0.0113975,0.988609
6,31,0,Yes,-1.69519,-0.202735,0.816447
6,32,0,No,-0.489945,-0.948302,0.387376
6,33,0,Yes,-0.836476,-0.567706,0.566791
6,34,0,Yes,-0.28098,-1.40643,0.245001
6,35,0,No,-0.980183,-0.470298,0.624779
6,36,0,Yes,-3.25372,-0.0393346,0.961372
6,37,0,Yes,-4.40117,-0.0122786,0.987738
6,38,0,Yes,-1.27444,-0.327849,0.72043
6,39,0,No,-0.00363342,-5.60321,0.00368581
6,40,0,Yes,-2.93269,-0.0546609,0.94675
6,41,0,Yes,-2.33064,-0.102227,0.902772
6,42,0,No,-9.35837e-05,-8.78633,0.000152798
6,43,0,Yes,-3.39853,-0.0339327,0.96658
6,44,0,Yes,-4.57306,-0.0103202,0.989674
6,45,0,No,-0.333688,-1.25955,0.283764
6,46,0,No,-1.76174,-0.188365,0.828264
6,47,0,Yes,-3.40743,-0.0336261,0.966876
6,48,0,Yes,-3.87364,-0.0209416,0.979219
6,49,0,No,-0.00363108,-5.60367,0.00368408
6,50,0,No,-0.00330397,-5.69631,0.00335812
6,51,0,No,-0.0425183,-3.17759,0.0416836
6,52,0,No,-0.01201,-4.42306,0.0119968
6,53,0,No,-0.0236716,-3.75274,0.0234521
6,54,0,Yes,-4.28952,-0.013747,0.986289
6,55,0,Yes,-1.09595,-0.406709,0.665798
6,56,0,Yes,-1.77435,-0.185769,0.830417
6,57,0,Yes,-3.18636,-0.0421387,0.95868
6,58,0,Yes,-4.62084,-0.00983385,0.990156
6,59,0,No,-0.000440814,-7.60143,0.000499705
6,60,0,Yes,-2.5629,-0.0801484,0.922924
6,61,0,Yes,-4.48891,-0.0112367,0.988768
6,62,0,Yes,-4.77469,-0.00841699,0.99156
6,63,0,Yes,-0.259487,-1.47573,0.228598
6,64,0,Yes,-2.96994,-0.0526072,0.948697
6,65,0,Yes,-2.66771,-0.0718748,0.930593
6,66,0,Yes,-1.34519,-0.301689,0.739524
6,67,0,Yes,-4.55366,-0.0105242,0.989472
6,68,0,No,-0.406128,-1.09711,0.333814
6,69,0,No,-0.135691,-2.06398,0.12694
6,70,0,Yes,-3.81435,-0.0222389,0.977949
6,71,0,No,-0.00899919,-4.70848,0.00901792
6,72,0,Yes,-0.881661,-0.534497,0.58593
6,73,0,No,-9.30472e-05,-8.7895,0.000152315
6,74,0,Yes,-2.29909,-0.105683,0.899656
6,75,0,No,-0.476548,-0.96986,0.379114
6,76,0,No,-0.0226705,-3.79536,0.0224735
6,77,0,No,-0.000244767,-8.0983,0.000304039
6,78,0,Yes,-4.59278,-0.0101171,0.989876
6,79,0,Yes,-4.0904,-0.0168137,0.983268
6,80,0,Yes,-0.242988,-1.53351,0.215765
6,81,0,Yes,-0.20959,-1.66526,0.189131
6,82,0,No,-3.65875,-0.0260418,0.974237
6,83,0,Yes,-2.38063,-0.0969886,0.907513
6,84,0,Yes,-2.16087,-0.122354,0.884782
6,85,0,Yes,-3.38605,-0.0343661,0.96616
6,86,0,Yes,-4.35561,-0.0128573,0.987166
6,87,0,Yes,-4.22875,-0.0146178,0.98543
6,88,0,Yes,-2.28909,-0.106806,0.898648
6,89,0,Yes,-2.5392,-0.0821542,0.921075
6,90,0,Yes,-2.71233,-0.0686245,0.933622
6,91,0,Yes,-2.86308,-0.0587244,0.942911
6,92,0,Yes,-0.517072,-0.906849,0.403771
6,93,0,Yes,-3.03799,-0.049055,0.952072
6,94,0,Yes,-0.596183,-0.800402,0.449122
6,95,0,Yes,-5.20754,-0.00543088,0.994525
6,96,0,Yes,-3.54906,-0.0291129,0.97125
6,97,0,No,-0.250615,-1.50627,0.221723
6,98,0,Yes,-3.36804,-0.0350032,0.965545
6,99,0,No,-0.0389099,-3.26435,0.0382196
6,100,0,No,-0.319005,-1.2976,0.273171
6,101,0,Yes,-2.06386,-0.135709,0.873045
6,102,0,Yes,-2.23885,-0.112635,0.893425
6,103,0,Yes,-1.24799,-0.338306,0.712935
6,104,0,No,-0.389961,-1.13018,0.322957
6,105,0,No,-0.673589,-0.712976,0.490154
6,106,0,No,-0.000289601,-7.96057,0.000348934
6,107,0,No,-0.0163594,-4.11747,0.0162847
6,108,0,No,-0.00929863,-4.67611,0.00931467
6,109,0,No,-0.028501,-3.56994,0.028156
6,110,0,Yes,-4.02312,-0.0179996,0.982104
6,111,0,No,-0.00181936,-6.27807,0.0018769
6,112,0,No,-0.00331456,-5.69325,0.00336842
6,113,0,No,-0.360341,-1.19528,0.302603
6,114,0,Yes,-2.91857,-0.0554623,0.945992
6,115,0,No,-0.000125654,-8.5949,0.000185036
6,116,0,No,-0.000249715,-8.08113,0.000309302
6,117,0,Yes,-4.85096,-0.00779182,0.99218
6,118,0,No,-0.464547,-0.989831,0.371618
6,119,0,No,-0.000154269,-8.44976,0.000213938
6,120,0,Yes,-4.79026,-0.0082853,0.99169
6,121,0,Yes,-4.86947,-0.00764832,0.992323
6,122,0,No,-0.0157061,-4.15772,0.0156422
6,123,0,Yes,-4.12031,-0.016313,0.983761
6,124,0,No,-0.000762157,-7.10493,0.000821001
6,125,0,No,-0.177731,-1.81467,0.162882
6,126,0,Yes,-3.12831,-0.0447181,0.956211
6,127,0,Yes,-3.0198,-0.049981,0.951192
6,128,0,No,-0.192209,-1.7434,0.174914
6,129,0,No,-0.000164284,-8.40397,0.000223963
6,130,0,No,-0.000124045,-8.60246,0.000183643
6,131,0,No,-0.000144134,-8.49918,0.000203622
6,132,0,No,-0.0018737,-6.24958,0.00193114
6,133,0,Yes,-2.49539,-0.0859998,0.91754
6,134,0,Yes,-3.81648,-0.0221902,0.977996
6,135,0,No,-0.00141518,-6.52019,0.0014733
6,136,0,Yes,-0.565243,-0.839707,0.431812
6,137,0,Yes,-1.52853,-0.24436,0.783159
6,138,0,Yes,-0.295646,-1.36255,0.255993
6,139,0,Yes,-2.29004,-0.106698,0.898744
6,140,0,No,-0.32831,-1.27325,0.279903
6,141,0,Yes,-3.08245,-0.046869,0.954156
6,142,0,No,-0.00587259,-5.13039,0.0059139
6,143,0,No,-3.24081,-0.0398574,0.96087
6,144,0,No,-4.55986e-05,-9.16593,0.000104535
6,145,0,Yes,-2.12151,-0.127597,0.880156
6,146,0,Yes,-1.57504,-0.231856,0.793014
6,147,0,Yes,-2.17175,-0.120947,0.886028
6,148,0,Yes,-0.251208,-1.50419,0.222185
6,149,0,Yes,-3.38702,-0.034333,0.966193
6,150,0,Yes,-2.68949,-0.0702687,0.932088
6,151,0,Yes,-0.515391,-0.909336,0.402768
6,152,0,Yes,-2.08138,-0.133187,0.875249
6,153,0,Yes,-2.21437,-0.115594,0.890784
6,154,0,No,-2.15139,-0.123596,0.883685
6,155,0,Yes,-3.27142,-0.0386303,0.96205
6,156,0,Yes,-2.93349,-0.0546167,0.946792
6,157,0,Yes,-1.55987,-0.235855,0.789848
6,158,0,Yes,-1.75291,-0.190205,0.826741
6,159,0,Yes,-1.78794,-0.183015,0.832706
6,160,0,Yes,-3.12435,-0.0448991,0.956037
6,161,0,No,-2.67238,-0.0715274,0.930917
6,162,0,No,-0.621583,-0.770104,0.462938
6,163,0,Yes,-1.18496,-0.364853,0.694258
6,164,0,Yes,-4.45175,-0.0116664,0.988343
6,165,0,No,-0.192334,-1.74281,0.175018
6,166,0,Yes,-3.78414,-0.02293,0.977273
6,167,0,Yes,-1.99705,-0.145808,0.864273
6,168,0,No,-0.136402,-2.05911,0.12756
6,169,0,Yes,-2.05228,-0.137405,0.871566
6,170,0,Yes,-3.68898,-0.0252551,0.975004
6,171,0,Yes,-2.8665,-0.0585186,0.943106
6,172,0,No,-0.0764842,-2.60786,0.0736874
6,173,0,No,-0.0103451,-4.57065,0.0103506
6,174,0,Yes,-4.21362,-0.0148429,0.985208
6,175,0,Yes,-4.11345,-0.016426,0.98365
6,176,0,No,-0.000524241,-7.44697,0.000583174
6,177,0,No,-0.00301099,-5.78747,0.00306554
6,178,0,Yes,-3.82014,-0.0221083,0.978077
6,179,0,No,-0.0248415,-3.7052,0.0245938
6,180,0,No,-0.0302576,-3.5111,0.0298622
6,181,0,No,-0.122866,-2.15695,0.115671
6,182,0,Yes,-2.54075,-0.0820219,0.921198
6,183,0,No,-0.672536,-0.714073,0.489617
6,184,0,No,-1.05719,-0.42675,0.652588
6,185,0,Yes,-3.39121,-0.0341864,0.966334
6,186,0,Yes,-2.89555,-0.056792,0.944735
6,187,0,Yes,-0.360207,-1.19558,0.302509
6,188,0,Yes,-2.4232,-0.0927509,0.911367
6,189,0,Yes,-2.28155,-0.10766,0.89788
6,190,0,Yes,-1.67161,-0.208114,0.812066
6,191,0,Yes,-1.55114,-0.238192,0.788006
6,192,0,No,-0.00234497,-6.03159,0.00240154
6,193,0,No,-0.00743248,-4.8977,0.00746326
6,194,0,Yes,-2.097,-0.130981,0.877183
6,195,0,No,-0.000676861,-7.21421,0.000736007
6,196,0,No,-0.000282387,-7.98253,0.000341354
6,197,0,No,-0.000367053,-7.76032,0.000426296
6,198,0,Yes,-0.208804,-1.66863,0.188493
6,199,0,No,-0.000720641,-7.15632,0.00077987
6,200,0,No,-0.87026,-0.542632,0.581182
6,201,0,No,-0.0122026,-4.4073,0.0121874
6,202,0,Yes,-4.5505,-0.0105584,0.989439
6,203,0,No,-0.000153196,-8.4551,0.000212801
6,204,0,Yes,-0.796534,-0.599348,0.549137
6,205,0,No,-0.000182407,-8.32761,0.000241735
6,206,0,Yes,-3.33329,-0.0362663,0.964327
6,207,0,Yes,-4.99502,-0.00673495,0.993229
6,208,0,Yes,-3.73161,-0.0241854,0.976047
6,209,0,Yes,-4.66046,-0.0094476,0.990538
6,210,0,Yes,-0.572507,-0.830228,0.435924
6,211,0,Yes,-3.10503,-0.0457976,0.955179
6,212,0,Yes,-0.169166,-1.85988,0.155682
6,213,0,No,-4.18433e-05,-9.19875,0.00010116
6,214,0,No,-0.000406348,-7.67171,0.000465791
6,215,0,Yes,-3.96929,-0.0190072,0.981114
6,216,0,Yes,-4.9694,-0.00691198,0.993053
6,217,0,No,-0.00690844,-4.96985,0.00694377
6,218,0,Yes,-2.89832,-0.056631,0.944888
6,219,0,Yes,-3.06168,-0.0478778,0.953194
6,220,0,Yes,-3.83176,-0.0218494,0.97833
6,221,0,Yes,-1.20159,-0.357612,0.699303
6,222,0,No,-1.66265,-0.210199,0.810375
6,223,0,Yes,-4.56723,-0.0103808,0.989614
6,224,0,Yes,-2.44164,-0.0909755,0.912987
6,225,0,Yes,-0.337302,-1.25049,0.286348
6,226,0,No,-0.0244655,-3.72026,0.0242263
6,227,0,No,-0.489297,-0.949326,0.386979
6,228,0,Yes,-2.31247,-0.104203,0.90099
6,229,0,Yes,-5.30331,-0.00492861,0.995025
6,230,0,No,-0.000299379,-7.93202,0.000359038
6,231,0,Yes,-2.20045,-0.117315,0.889253
6,232,0,Yes,-2.69693,-0.069729,0.932592
6,233,0,Yes,-4.57098,-0.0103426,0.989653
6,234,0,No,-0.361175,-1.19336,0.303184
6,235,0,Yes,-2.92416,-0.0551433,0.946293
6,236,0,No,-0.000220442,-8.1808,0.000279962
6,237,0,No,-0.000256392,-8.06,0.000315909
6,238,0,No,-0.00426012,-5.44672,0.00431018
6,239,0,No,-0.10626,-2.29395,0.100862
6,240,0,Yes,-3.57181,-0.028446,0.971897
6,241,0,No,-5.2215e-05,-9.10214,0.00011142
6,242,0,Yes,-0.302822,-1.34198,0.261313
6,243,0,Yes,-0.359072,-1.19821,0.301717
6,244,0,No,-0.00180437,-6.28577,0.0018625
6,245,0,No,-0.555125,-0.85318,0.426033
6,246,0,Yes,-3.12422,-0.0449051,0.956031
6,247,0,No,-0.367233,-1.17957,0.307393
6,248,0,Yes,-4.36223,-0.0127721,0.987251
6,249,0,No,-0.481572,-0.961687,0.382225
6,250,0,Yes,-2.59518,-0.0775006,0.925372
6,251,0,Yes,-1.05266,-0.429168,0.651013
6,252,0,Yes,-3.01133,-0.0504178,0.950777
6,253,0,No,-0.00106642,-6.78992,0.001125
6,254,0,No,-0.0152617,-4.1861,0.0152046
6,255,0,No,-0.000432227,-7.61845,0.000491276
6,256,0,Yes,-1.30833,-0.315001,0.729745
6,257,0,Yes,-5.004,-0.00667434,0.993289
6,258,0,Yes,-3.43366,-0.0327384,0.967734
6,259,0,Yes,-3.25525,-0.0392735,0.961431
6,260,0,No,-0.0039352,-5.52466,0.00398697
6,261,0,Yes,-0.636687,-0.752861,0.470989
6,262,0,Yes,-2.87985,-0.0577184,0.94386
6,263,0,Yes,-1.70326,-0.20093,0.817922
6,264,0,No,-0.000602963,-7.31995,0.000662154
6,265,0,Yes,-4.39341,-0.0123753,0.987642
6,266,0,No,-0.000210605,-8.21751,0.000269869
6,267,0,Yes,-3.88818,-0.0206347,0.979518
6,268,0,No,-0.000238805,-8.11794,0.000298126
6,269,0,Yes,-2.85863,-0.0589949,0.942656
6,270,0,No,-0.0153847,-4.17817,0.0153256
6,271,0,Yes,-2.40097,-0.0949385,0.909376
6,272,0,No,-0.924446,-0.505328,0.603272
6,273,0,No,-0.0014079,-6.52487,0.00146642
6,274,0,No,-0.000980679,-6.86878,0.00103969
6,275,0,No,-0.004456,-5.40251,0.00450499
6,276,0,Yes,-1.62677,-0.218784,0.803448
6,277,0,No,-0.191984,-1.74446,0.174729
6,278,0,Yes,-4.26191,-0.0141362,0.985905
6,279,0,No,-0.00455018,-5.38177,0.0045994
6,280,0,No,-0.000176922,-8.352,0.00023591
6,281,0,No,-0.00484811,-5.31939,0.00489544
6,282,0,No,-0.000494722,-7.49861,0.00055382
6,283,0,Yes,-4.0047,-0.0183377,0.981771
6,284,0,Yes,-3.24794,-0.0395677,0.961148
6,285,0,Yes,-3.11521,-0.045322,0.955633
6,286,0,No,-0.00287851,-5.83127,0.00293418
6,287,0,Yes,-3.58473,-0.0280759,0.972258
6,288,0,No,-0.000110215,-8.68201,0.0001696
6,289,0,No,-1.69925,-0.201825,0.81719
6,290,0,Yes,-0.399162,-1.11116,0.329158
6,291,0,Yes,-5.1983,-0.00548182,0.994474
6,292,0,No,-0.000686941,-7.20044,0.00074621
6,293,0,Yes,-4.04928,-0.0175283,0.982566
6,294,0,Yes,-4.65942,-0.00945722,0.990529
6,295,0,Yes,-4.62284,-0.00981368,0.990176
6,296,0,No,-0.188781,-1.75973,0.172081
6,297,0,No,-0.00739399,-4.90278,0.00742544
6,298,0,No,-0.0030697,-5.76845,0.0031244
6,299,0,No,-0.133327,-2.0804,0.124873
6,300,0,Yes,-2.10251,-0.130212,0.877858
6,301,0,Yes,-2.23013,-0.11368,0.892492
6,302,0,Yes,-1.56997,-0.233185,0.79196
6,303,0,Yes,-0.584896,-0.814422,0.442869
6,304,0,Yes,-2.6769,-0.0711924,0.931228
6,305,0,Yes,-2.12819,-0.126692,0.880954
6,306,0,Yes,-3.40661,-0.0336545,0.966849
6,307,0,Yes,-1.0441,-0.433788,0.648012
6,308,0,Yes,-0.638844,-0.750445,0.472129
6,309,0,No,-2.79537,-0.0629753,0.938911
6,310,0,No,-0.0595715,-2.84918,0.0578881
6,311,0,No,-0.00596631,-5.11462,0.0060079
6,312,0,Yes,-2.6091,-0.076387,0.926403
6,313,0,No,-0.012273,-4.40165,0.0122563
6,314,0,Yes,-4.4571,-0.0116033,0.988405
6,315,0,No,-0.000197251,-8.26884,0.000256368
6,316,0,No,-0.000583103,-7.35019,0.000642431
6,317,0,Yes,-4.78747,-0.00830898,0.991667
6,318,0,Yes,-5.06281,-0.00628829,0.993673
6,319,0,No,-0.0428096,-3.17089,0.0419636
6,320,0,No,-0.011259,-4.4869,0.0112549
6,321,0,No,-0.000383272,-7.72324,0.000442399
6,322,0,No,-0.000573859,-7.36531,0.000632794
6,323,0,No,-0.000705849,-7.17558,0.000764996
6,324,0,No,-9.82929e-05,-8.75592,0.000157517
6,325,0,No,-0.0101129,-4.59311,0.0101207
6,326,0,No,-0.0251204,-3.69423,0.0248651
6,327,0,Yes,-3.97383,-0.0189203,0.9812
6,328,0,Yes,-4.57994,-0.0102484,0.989745
6,329,0,Yes,-4.66896,-0.00936721,0.990619
6,330,0,No,-0.657521,-0.729968,0.481896
6,331,0,No,-0.140758,-2.02982,0.131352
6,332,0,No,-0.212719,-1.65195,0.191665
6,333,0,Yes,-1.25743,-0.33453,0.715632
6,334,0,Yes,-4.79643,-0.00823361,0.991741
6,335,0,Yes,-3.97405,-0.0189159,0.981204
6,336,0,Yes,-3.68191,-0.025437,0.974827
6,337,0,Yes,-2.80689,-0.0622302,0.939611
6,338,0,Yes,-3.81194,-0.0222926,0.977896
6,339,0,No,-0.000151407,-8.46353,0.000211014
6,340,0,No,-0.000288111,-7.964,0.000347737
6,341,0,No,-2.14937,-0.123863,0.883449
6,342,0,No,-1.08821,-0.410622,0.663199
6,343,0,No,-0.00257896,-5.93887,0.00263484
6,344,0,Yes,-3.78517,-0.0229066,0.977296
6,345,0,Yes,-0.38939,-1.13138,0.32257
6,346,0,Yes,-2.511,-0.0846081,0.918818
6,347,0,No,-0.111037,-2.25234,0.105147
6,348,0,No,-0.00197403,-6.19889,0.00203157
6,349,0,No,-0.144081,-2.00812,0.134233
6,350,0,Yes,-0.535521,-0.880214,0.41467
6,351,0,No,-1.01641,-0.449157,0.638128
6,352,0,No,-0.263093,-1.46366,0.231375
6,353,0,Yes,-1.28248,-0.324747,0.722668
6,354,0,No,-0.197318,-1.71965,0.179119
6,355,0,No,-0.242486,-1.53533,0.215372
6,356,0,Yes,-1.32829,-0.30771,0.735086
6,357,0,Yes,-0.67537,-0.711126,0.491062
6,358,0,No,-0.116996,-2.20301,0.110464
6,359,0,No,-0.270928,-1.43806,0.237373
6,360,0,Yes,-1.02326,-0.445293,0.640599
6,361,0,Yes,-3.01343,-0.0503079,0.95088
6,362,0,Yes,-2.3169,-0.103717,0.901427
6,363,0,No,-0.000174657,-8.36183,0.000233603
6,364,0,No,-0.000176207,-8.35405,0.000235426
6,365,0,Yes,-3.29891,-0.0375612,0.963079
6,366,0,Yes,-2.94645,-0.0538932,0.947477
6,367,0,No,-1.65113,-0.212914,0.808179
6,368,0,Yes,-3.75962,-0.0235078,0.976709
6,369,0,Yes,-2.49034,-0.0864552,0.917123
6,370,0,Yes,-2.87305,-0.0581249,0.943477
6,371,0,No,-0.095719,-2.39317,0.0913347
6,372,0,Yes,-3.60319,-0.027554,0.972765
6,373,0,Yes,-3.8866,-0.020668,0.979486
6,374,0,Yes,-3.26987,-0.0386916,0.961991
6,375,0,Yes,-3.68263,-0.0254177,0.974845
6,376,0,Yes,-2.64886,-0.0732949,0.929272
6,377,0,Yes,-1.28587,-0.323451,0.723605
6,378,0,No,-0.0479331,-3.06056,0.0468585
6,379,0,Yes,-0.972375,-0.475017,0.621838
6,380,0,Yes,-3.47244,-0.0314716,0.968961
6,381,0,Yes,-0.3282,-1.27354,0.279824
6,382,0,No,-1.34808,-0.300671,0.740278
6,383,0,Yes,-0.868167,-0.544145,0.580304
6,384,0,Yes,-4.12335,-0.0162623,0.983811
6,385,0,No,-0.00282567,-5.84949,0.00288118
6,386,0,Yes,-4.57349,-0.010316,0.989679
6,387,0,No,-9.87698e-05,-8.75025,0.000158412
6,388,0,No,-0.000450116,-7.58186,0.000509582
6,389,0,No,-7.89197e-05,-8.8846,0.000138498
6,390,0,Yes,-4.37739,-0.0125775,0.987443
6,391,0,Yes,-3.80559,-0.0224367,0.977755
6,392,0,Yes,-4.37991,-0.0125456,0.987474
6,393,0,No,-0.00237688,-6.01827,0.00243372
6,394,0,Yes,-1.52285,-0.245939,0.781924
6,395,0,No,-0.123211,-2.15432,0.115975
6,396,0,No,-0.0295057,-3.53585,0.0291323
6,397,0,No,-0.0132056,-4.32917,0.0131777
6,398,0,Yes,-3.27017,-0.0386798,0.962002
6,399,0,No,-0.000256333,-8.06052,0.000315744
6,400,0,No,-0.00154979,-6.43282,0.00160782
6,401,0,No,-0.0860193,-2.49516,0.0824782
6,402,0,Yes,-3.34572,-0.035809,0.964767
6,403,0,Yes,-1.72788,-0.195531,0.822349
6,404,0,Yes,-3.19238,-0.0418796,0.958929
6,405,0,Yes,-3.82769,-0.0219395,0.978242
6,406,0,Yes,-4.62935,-0.00974838,0.99024
6,407,0,No,-1.13413,-0.388084,0.678316
6,408,0,Yes,-4.06472,-0.0172562,0.982833
6,409,0,Yes,-4.09027,-0.0168166,0.983266
6,410,0,Yes,-3.77794,-0.0230745,0.977132
6,411,0,Yes,-1.56883,-0.233484,0.791724
6,412,0,Yes,-3.17755,-0.0425205,0.958315
6,413,0,Yes,-2.83534,-0.0604294,0.941305
6,414,0,Yes,-0.208519,-1.66986,0.188262
6,415,0,Yes,-1.79768,-0.181072,0.834327
6,416,0,Yes,-3.08779,-0.0466133,0.9544
6,417,0,Yes,-0.752079,-0.637384,0.528643
6,418,0,No,-0.00544622,-5.20472,0.00549026
6,419,0,No,-0.116702,-2.20537,0.110203
6,420,0,No,-0.0893899,-2.45841,0.0855656
6,421,0,Yes,-0.0365241,-3.32633,0.0359227
6,422,0,No,-0.00653034,-5.02544,0.00656831
6,423,0,No,-0.00734457,-4.90943,0.00737623
6,424,0,No,-0.131524,-2.09313,0.123294
6,425,0,No,-0.102376,-2.32924,0.0973641
6,426,0,No,-0.00454288,-5.38346,0.00459162
6,427,0,No,-0.00250994,-5.96544,0.00256577
6,428,0,Yes,-3.86645,-0.0210945,0.979069
6,429,0,Yes,-2.3679,-0.0982944,0.906328
6,430,0,No,-0.375988,-1.16012,0.31343
6,431,0,No,-0.951571,-0.487882,0.613889
6,432,0,Yes,-0.471156,-0.978756,0.375756
6,433,0,No,-0.00330445,-5.69627,0.00335826
6,434,0,No,-0.0935152,-2.41536,0.0893302
6,435,0,Yes,-1.99482,-0.146159,0.863969
6,436,0,No,-0.345025,-1.23149,0.291839
6,437,0,No,-0.0190106,-3.9691,0.0188893
6,438,0,No,-0.000104969,-8.71174,0.000164632
6,439,0,Yes,-3.05586,-0.0481651,0.95292
6,440,0,No,-0.00029294,-7.95093,0.000352313
6,441,0,No,-0.000301645,-7.92651,0.000361024
6,442,0,No,-0.504351,-0.925934,0.396138
6,443,0,Yes,-3.6065,-0.0274616,0.972855
6,444,0,Yes,-3.87506,-0.0209105,0.979248
6,445,0,Yes,-3.60112,-0.0276119,0.972709
6,446,0,No,-4.47845,-0.0113557,0.98865
6,447,0,Yes,-0.970579,-0.47611,0.621159
6,448,0,No,-0.0725135,-2.65917,0.0700023
6,449,0,No,-0.120135,-2.17808,0.113252
6,450,0,No,-0.064486,-2.77243,0.0625063
6,451,0,Yes,-2.36486,-0.0986103,0.906043
6,452,0,No,-2.60527,-0.0766909,0.926121
6,453,0,Yes,-3.5868,-0.0280167,0.972315
6,454,0,No,-0.0144204,-4.2422,0.0143752
6,455,0,No,-0.00156131,-6.42583,0.00161909
6,456,0,Yes,-4.56692,-0.0103843,0.989611
6,457,0,No,-0.00429873,-5.4378,0.00434879
6,458,0,No,-8.55959e-05,-8.83695,0.000145256
6,459,0,Yes,-3.1179,-0.0451976,0.955752
6,460,0,No,-0.621125,-0.770634,0.462692
6,461,0,Yes,-2.95786,-0.0532643,0.948073
6,462,0,No,-0.114376,-2.22435,0.108131
6,463,0,No,-0.00493766,-5.30142,0.00498423
6,464,0,No,-0.000356022,-7.78764,0.000414808
6,465,0,No,-0.00751817,-4.88629,0.00754894
6,466,0,No,-0.000214659,-8.20344,0.000273695
6,467,0,No,-0.0155901,-4.16505,0.015528
6,468,0,Yes,-2.88326,-0.0575161,0.944051
6,469,0,No,-0.00181267,-6.28125,0.00187096
6,470,0,No,-0.43599,-1.04006,0.353414
6,471,0,No,-0.941114,-0.494516,0.60983
6,472,0,No,-0.000179903,-8.33671,0.000239544
6,473,0,No,-0.000618411,-7.29773,0.000677032
6,474,0,No,-0.00259294,-5.93373,0.00264842
6,475,0,Yes,-3.0601,-0.0479557,0.95312
6,476,0,No,-0.87719,-0.537669,0.584074
6,477,0,Yes,-2.20498,-0.116751,0.889754
6,478,0,Yes,-3.91703,-0.020041,0.980101
6,479,0,No,-0.00239325,-6.01199,0.00244907
6,480,0,No,-0.000499254,-7.49046,0.000558355
6,481,0,No,-0.00126848,-6.62491,0.00132682
6,482,0,No,-0.00208816,-6.14433,0.00214549
6,483,0,No,-0.000354889,-7.78816,0.000414589
6,484,0,Yes,-3.4345,-0.0327115,0.96776
6,485,0,Yes,-3.57629,-0.0283175,0.972022
6,486,0,Yes,-2.55401,-0.0808961,0.922235
6,487,0,Yes,-3.25638,-0.0392281,0.961475
6,488,0,No,-1.11706,-0.396282,0.672778
6,489,0,No,-0.101241,-2.33983,0.0963382
6,490,0,No,-0.020104,-3.91387,0.0199618
6,491,0,Yes,-2.95668,-0.0533292,0.948012
6,492,0,No,-0.00766297,-4.86739,0.00769294
6,493,0,Yes,-3.62758,-0.026879,0.973421
6,494,0,Yes,-3.92355,-0.0199084,0.98023
6,495,0,Yes,-2.0471,-0.138171,0.870898
6,496,0,Yes,-1.62181,-0.220001,0.802471
6,497,0,Yes,-0.330531,-1.26756,0.2815
6,498,0,Yes,-4.90313,-0.00739158,0.992577
6,499,0,Yes,-3.39096,-0.0341946,0.966326
6,500,0,Yes,-3.78434,-0.0229249,0.977278
6,501,0,Yes,-0.112343,-2.24129,0.106315
6,502,0,Yes,-0.27856,-1.41393,0.243172
6,503,0,No,-0.702375,-0.683887,0.504622
6,504,0,Yes,-3.27564,-0.0384632,0.96221
6,505,0,Yes,-2.31579,-0.103838,0.901318
6,506,0,Yes,-1.68741,-0.204491,0.815014
6,507,0,No,-1.6346,-0.216876,0.804982
6,508,0,Yes,-3.55986,-0.0287937,0.971559
6,509,0,Yes,-4.17459,-0.015441,0.984619
6,510,0,No,-0.2133,-1.6495,0.192135
6,511,0,No,-2.16919,-0.121276,0.885737
6,512,0,Yes,-4.0419,-0.01766,0.982437
6,513,0,No,-0.00691949,-4.96837,0.00695407
6,514,0,Yes,-2.10443,-0.129945,0.878093
6,515,0,No,-0.76555,-0.625525,0.534949
6,516,0,Yes,-2.89662,-0.0567299,0.944794
6,517,0,No,-0.773275,-0.618857,0.538528
6,518,0,No,-1.63562,-0.216631,0.805179
6,519,0,Yes,-3.71319,-0.0246415,0.975602
6,520,0,Yes,-4.29351,-0.0136911,0.986344
6,521,0,No,-0.439064,-1.03446,0.355398
6,522,0,Yes,-1.00978,-0.452937,0.635721
6,523,0,No,-0.538714,-0.875724,0.416536
6,524,0,No,-2.58112,-0.0786424,0.924316
6,525,0,No,-0.000607914,-7.31238,0.00066719
6,526,0,Yes,-3.88928,-0.0206117,0.979541
6,527,0,Yes,-2.66154,-0.072337,0.930163
6,528,0,No,-0.205314,-1.6838,0.185656
6,529,0,No,-0.00135669,-6.56037,0.00141528
6,530,0,Yes,-3.59185,-0.0278727,0.972454
6,531,0,No,-0.42691,-1.05689,0.347516
6,532,0,No,-1.7184,-0.197591,0.820657
6,533,0,No,-9.66834e-05,-8.76622,0.000155902
6,534,0,No,-3.37368e-05,-9.28336,9.29523e-05
6,535,0,No,-4.17241e-05,-9.1978,0.000101256
6,536,0,No,-4.08896e-05,-9.2048,0.00010055
6,537,0,No,-0.0276923,-3.59824,0.0273703
6,538,0,No,-0.0243379,-3.7254,0.0241019
6,539,0,Yes,-3.14277,-0.0440596,0.95684
6,540,0,Yes,-0.049394,-3.0313,0.0482502
6,541,0,No,-0.0433271,-3.15915,0.0424591
6,542,0,No,-0.00017883,-8.34266,0.000238124
6,543,0,No,-0.0525396,-2.97118,0.0512396
6,544,0,Yes,-2.81606,-0.0616432,0.940163
6,545,0,No,-0.000109559,-8.68739,0.00016869
6,546,0,No,-0.000187057,-8.31096,0.000245793
6,547,0,Yes,-2.92086,-0.055331,0.946116
6,548,0,Yes,-2.13026,-0.126412,0.8812
6,549,0,Yes,-2.91964,-0.0554002,0.94605
6,550,0,No,-0.000114984,-8.65632,0.000174013
6,551,0,No,-0.00166567,-6.36355,0.00172314
6,552,0,No,-0.709391,-0.677047,0.508085
6,553,0,No,-0.00016798,-8.38883,0.000227381
6,554,0,No,-1.38335,-0.288588,0.749277
6,555,0,Yes,-0.334726,-1.25694,0.284508
6,556,0,Yes,-1.47767,-0.258913,0.771845
6,557,0,No,-0.0174333,-4.05464,0.0173407
6,558,0,No,-0.00517255,-5.25541,0.00521888
6,559,0,Yes,-3.0881,-0.0465985,0.954414
6,560,0,No,-0.00199839,-6.18707,0.00205571
6,561,0,Yes,-2.5915,-0.0777972,0.925097
6,562,0,Yes,-2.86707,-0.0584832,0.943138
6,563,0,Yes,-4.14351,-0.0159344,0.984134
6,564,0,Yes,-5.24612,-0.00522216,0.994732
6,565,0,Yes,-3.29182,-0.0378332,0.962816
6,566,0,No,-0.439079,-1.03443,0.355408
6,567,0,Yes,-0.727241,-0.660064,0.516788
6,568,0,Yes,-0.151369,-1.96234,0.14052
6,569,0,Yes,-0.591214,-0.806531,0.446378
6,570,0,Yes,-0.323788,-1.28498,0.276639
6,571,0,Yes,-1.70375,-0.200822,0.81801
6,572,0,Yes,-3.52396,-0.029865,0.970519
6,573,0,No,-0.444216,-1.02518,0.35871
6,574,0,No,-0.000209413,-8.22216,0.000268619
6,575,0,Yes,-5.19277,-0.00551238,0.994444
6,576,0,Yes,-0.703604,-0.682682,0.50523
6,577,0,No,-0.0248491,-3.70491,0.0246009
6,578,0,Yes,-2.87039,-0.058283,0.943327
6,579,0,No,-0.315721,-1.30639,0.27078
6,580,0,No,-0.0158174,-4.15075,0.0157516
6,581,0,No,-0.00146365,-6.48799,0.00152151
6,582,0,No,-0.0124965,-4.38374,0.0124779
6,583,0,Yes,-2.65821,-0.0725858,0.929931
6,584,0,Yes,-3.69588,-0.0250782,0.975176
6,585,0,Yes,-1.22993,-0.345672,0.707703
6,586,0,No,-0.0161769,-4.12854,0.0161054
6,587,0,No,-0.0295715,-3.53366,0.0291962
6,588,0,No,-0.0125064,-4.38297,0.0124874
6,589,0,No,-0.00694247,-4.96497,0.00697775
6,590,0,Yes,-4.13853,-0.0160146,0.984055
6,591,0,No,-0.0475582,-3.0682,0.0465022
6,592,0,No,-0.0481308,-3.05655,0.0470468
6,593,0,Yes,-0.0218078,-3.83359,0.0216305
6,594,0,No,-3.00256,-0.0508726,0.950343
6,595,0,No,-0.630944,-0.759353,0.467942
6,596,0,Yes,-1.09106,-0.409175,0.664159
6,597,0,Yes,-4.5983,-0.0100601,0.989932
6,598,0,Yes,-0.324825,-1.28228,0.277389
6,599,0,Yes,-1.61793,-0.220958,0.801703
6,600,0,Yes,-0.411499,-1.08648,0.337383
6,601,0,Yes,-0.703255,-0.683023,0.505058
6,602,0,No,-0.287686,-1.38604,0.250048
6,603,0,Yes,-4.11318,-0.016431,0.983645
6,604,0,No,-0.562977,-0.842697,0.430522
6,605,0,No,-0.00280427,-5.85694,0.0028598
6,606,0,No,-0.000968985,-6.88007,0.00102801
6,607,0,No,-0.0127562,-4.36338,0.0127345
6,608,0,Yes,-0.631866,-0.758305,0.468432
6,609,0,No,-0.000334557,-7.84017,0.00039358
6,610,0,No,-0.107098,-2.2865,0.101615
6,611,0,Yes,-1.92553,-0.157519,0.85421
6,612,0,Yes,-1.05546,-0.427669,0.651989
6,613,0,Yes,-2.11359,-0.128679,0.879204
6,614,0,Yes,-4.40382,-0.0122465,0.98777
6,615,0,No,-1.98886,-0.1471,0.863157
6,616,0,Yes,-1.91139,-0.159952,0.852135
6,617,0,Yes,-4.97733,-0.00685641,0.993108
6,618,0,Yes,-1.48732,-0.256077,0.774037
6,619,0,Yes,-3.05846,-0.0480362,0.953043
6,620,0,Yes,-4.29137,-0.0137199,0.986315
6,621,0,No,-0.0816737,-2.54482,0.0784822
6,622,0,Yes,-3.85905,-0.0212533,0.978913
6,623,0,Yes,-0.581783,-0.818353,0.441132
6,624,0,Yes,-2.85358,-0.0593023,0.942366
6,625,0,Yes,-2.06124,-0.136091,0.872712
6,626,0,Yes,-5.24942,-0.00520497,0.99475
6,627,0,No,-5.06056e-05,-9.11542,0.000109951
6,628,0,Yes,-3.55201,-0.0290241,0.971335
6,629,0,Yes,-2.24507,-0.111894,0.894087
6,630,0,Yes,-0.847109,-0.559655,0.571373
6,631,0,Yes,-2.63724,-0.0741846,0.928445
6,632,0,Yes,-1.66121,-0.210538,0.810101
6,633,0,Yes,-0.647073,-0.741325,0.476454
6,634,0,Yes,-1.83411,-0.173993,0.840253
6,635,0,No,-0.00357485,-5.6191,0.00362768
6,636,0,No,-0.40906,-1.09129,0.335765
6,637,0,Yes,-2.35188,-0.0999659,0.904815
6,638,0,Yes,-2.2961,-0.106018,0.899356
6,639,0,Yes,-0.380229,-1.15089,0.316335
6,640,0,No,-0.0003215,-7.87465,0.000380238
6,641,0,No,-0.207754,-1.67317,0.187641
6,642,0,No,-0.296476,-1.36014,0.25661
6,643,0,Yes,-3.54801,-0.0291427,0.97122
6,644,0,Yes,-3.4671,-0.0316439,0.968794
6,645,0,Yes,-2.40787,-0.0942532,0.909999
6,646,0,Yes,-1.49839,-0.25287,0.776524
6,647,0,Yes,-0.453162,-1.00938,0.364423
6,648,0,No,-0.000982827,-6.86667,0.00104188
6,649,0,No,-1.77481,-0.185676,0.830494
6,650,0,No,-0.242137,-1.53661,0.215098
6,651,0,Yes,-3.16913,-0.0428877,0.957962
6,652,0,No,-0.938411,-0.496249,0.608774
6,653,0,No,-0.000184195,-8.3194,0.000243728
6,654,0,Yes,-0.768829,-0.622683,0.536472
6,655,0,Yes,-3.33719,-0.0361224,0.964466
6,656,0,No,-2.05835,-0.136514,0.872343
6,657,0,Yes,-1.06401,-0.423135,0.654952
6,658,0,Yes,-4.83396,-0.00792692,0.992046
6,659,0,Yes,-0.701525,-0.684722,0.504201
6,660,0,Yes,-3.89447,-0.0205032,0.979647
6,661,0,No,-1.19416,-0.360825,0.69706
6,662,0,Yes,-2.28636,-0.107113,0.898371
6,663,0,No,-0.0537943,-2.94822,0.0524298
6,664,0,No,-0.000465024,-7.55412,0.000523914
6,665,0,No,-0.000127204,-8.58566,0.000186753
6,666,0,Yes,-4.37317,-0.0126319,0.98739
6,667,0,Yes,-2.30738,-0.104764,0.900484
6,668,0,Yes,-3.93559,-0.0196669,0.980467
6,669,0,Yes,-3.14602,-0.043914,0.95698
6,670,0,Yes,-1.71149,-0.199107,0.819414
6,671,0,No,-0.00651048,-5.02839,0.00654897
6,672,0,No,-0.0070151,-4.95477,0.0070493
6,673,0,No,-0.000268853,-8.02145,0.000328324
6,674,0,No,-0.000177041,-8.34928,0.000236552
6,675,0,No,-0.000103598,-8.72325,0.000162748
6,676,0,No,-6.84285e-05,-8.96227,0.000128148
6,677,0,Yes,-2.31811,-0.103584,0.901547
6,678,0,No,-0.00503578,-5.2819,0.00508247
6,679,0,No,-2.489,-0.0865756,0.917012
6,680,0,No,-0.00111714,-6.74602,0.00117548
6,681,0,No,-0.00129933,-6.60202,0.00135754
6,682,0,No,-0.0592646,-2.8542,0.0575984
6,683,0,Yes,-1.25327,-0.336189,0.714446
6,684,0,No,-0.835467,-0.568478,0.566353
6,685,0,No,-0.175252,-1.82751,0.160804
6,686,0,No,-0.00406734,-5.49221,0.00411849
6,687,0,No,-0.00102769,-6.82486,0.00108636
6,688,0,No,-0.000162615,-8.4152,0.000221462
6,689,0,Yes,-4.89895,-0.00742239,0.992546
6,690,0,No,-0.163193,-1.89292,0.150623
6,691,0,Yes,-1.80929,-0.178782,0.836239
6,692,0,No,-8.14233e-05,-8.86789,0.000140831
6,693,0,No,-0.00164823,-6.37338,0.00170629
6,694,0,No,-0.00470671,-5.3486,0.00475455
6,695,0,No,-0.000356261,-7.78713,0.000415018
6,696,0,Yes,-1.17685,-0.368442,0.69177
6,697,0,No,-0.0006168,-7.29871,0.000676373
6,698,0,No,-0.000171795,-8.37315,0.000230973
6,699,0,No,-0.00726309,-4.92036,0.00729608
6,700,0,No,-0.00251609,-5.96284,0.00257243
6,701,0,Yes,-2.06156,-0.136045,0.872752
6,702,0,Yes,-1.70584,-0.200357,0.81839
6,703,0,No,-0.165565,-1.87965,0.152635
6,704,0,No,-0.0580955,-2.87353,0.0564956
6,705,0,No,-0.0598335,-2.84493,0.0581348
6,706,0,No,-0.696712,-0.689478,0.501808
6,707,0,No,-0.000449759,-7.58247,0.00050927
6,708,0,No,-0.000212215,-8.21243,0.000271245
6,709,0,Yes,-4.90869,-0.00735021,0.992618
6,710,0,Yes,-0.949736,-0.489039,0.61318
6,711,0,No,-0.00575491,-5.1503,0.0057973
6,712,0,No,-0.0166753,-4.09852,0.0165962
6,713,0,No,-0.317937,-1.30045,0.272394
6,714,0,Yes,-2.78894,-0.0633943,0.938517
6,715,0,Yes,-2.04908,-0.137877,0.871154
6,716,0,Yes,-2.33927,-0.101301,0.903608
6,717,0,No,-0.000141511,-8.51412,0.000200604
6,718,0,No,-0.00052609,-7.44297,0.000585511
6,719,0,No,-0.000305759,-7.91639,0.000364694
6,720,0,No,-0.000620617,-7.29388,0.000679643
6,721,0,No,-0.000685987,-7.20212,0.000744958
6,722,0,No,-0.00150161,-6.46296,0.00156008
6,723,0,No,-0.634704,-0.755093,0.469939
6,724,0,No,-0.00082503,-7.03086,0.000884118
6,725,0,No,-0.199689,-1.70885,0.181063
6,726,0,No,-1.56805,-0.233691,0.79156
6,727,0,Yes,-4.48958,-0.0112294,0.988775
6,728,0,Yes,-4.52041,-0.0108847,0.989116
6,729,0,No,-0.00331408,-5.69328,0.00336834
6,730,0,Yes,-4.71411,-0.00894945,0.991033
6,731,0,Yes,-1.80051,-0.180511,0.834794
6,732,0,Yes,-3.93859,-0.0196071,0.980525
6,733,0,Yes,-4.24222,-0.0144204,0.985625
6,734,0,Yes,-0.716482,-0.670229,0.511561
6,735,0,No,-0.00753444,-4.88415,0.00756507
6,736,0,Yes,-0.779332,-0.613697,0.541314
6,737,0,No,-0.179259,-1.80685,0.16416
6,738,0,Yes,-0.427279,-1.05619,0.347757
6,739,0,No,-0.00101212,-6.83932,0.00107077
6,740,0,No,-1.01333,-0.450909,0.637012
6,741,0,Yes,-1.69523,-0.202724,0.816455
6,742,0,Yes,-3.13756,-0.0442961,0.956614
6,743,0,Yes,-2.81857,-0.0614846,0.940312
6,744,0,No,-0.391976,-1.12597,0.32432
6,745,0,Yes,-1.35214,-0.299252,0.741329
6,746,0,Yes,-1.18311,-0.365666,0.693694
6,747,0,Yes,-1.9437,-0.154451,0.856835
6,748,0,Yes,-0.182651,-1.78976,0.16699
6,749,0,No,-0.000950669,-6.89832,0.00100942
6,750,0,Yes,-3.75918,-0.0235189,0.976698
6,751,0,Yes,-3.55887,-0.028823,0.971531
6,752,0,No,-0.139564,-2.03774,0.130315
6,753,0,No,-0.43816,-1.0361,0.354815
6,754,0,Yes,-3.23772,-0.0399823,0.960749
6,755,0,Yes,-4.30783,-0.0134944,0.986538
6,756,0,Yes,-4.65601,-0.00948972,0.990496
6,757,0,Yes,-4.05651,-0.0174003,0.982692
6,758,0,Yes,-3.15482,-0.0435197,0.957357
6,759,0,No,-0.00083195,-7.02335,0.000890784
6,760,0,No,-1.88527,-0.164556,0.848221
6,761,0,No,-0.00896815,-4.71199,0.00898633
6,762,0,No,-0.280932,-1.40658,0.244965
6,763,0,Yes,-3.49048,-0.0308994,0.969516
6,764,0,Yes,-4.76228,-0.00852357,0.991454
6,765,0,No,-0.001536,-6.44139,0.00159409
6,766,0,Yes,-4.52746,-0.0108074,0.989193
6,767,0,Yes,-2.40506,-0.0945313,0.909745
6,768,0,Yes,-4.00166,-0.0183939,0.981716
6,769,0,Yes,-3.14619,-0.0439067,0.956987
6,770,0,Yes,-0.345888,-1.2294,0.29245
6,771,0,No,-1.03542,-0.438535,0.644942
6,772,0,Yes,-3.78912,-0.0228146,0.977386
6,773,0,No,-0.0147985,-4.21658,0.0147482
6,774,0,Yes,-4.04856,-0.0175415,0.982553
6,775,0,No,-0.00532738,-5.2265,0.00537199
6,776,0,Yes,-1.5327,-0.24321,0.784061
6,777,0,No,-0.179386,-1.80621,0.164266
6,778,0,No,-1.41862,-0.277057,0.757967
6,779,0,Yes,-3.71208,-0.0246697,0.975575
6,780,0,Yes,-2.64929,-0.0732616,0.929303
6,781,0,Yes,-4.14337,-0.0159364,0.984132
6,782,0,No,-1.30453,-0.316411,0.728717
6,783,0,No,-0.0185334,-3.99418,0.0184214
6,784,0,No,-7.53431e-05,-8.91656,0.000134142
6,785,0,No,-0.816731,-0.583065,0.558152
6,786,0,No,-0.000446002,-7.59058,0.000505159
6,787,0,No,-0.00631444,-5.05875,0.00635314
6,788,0,No,-0.0102326,-4.58149,0.0102391
6,789,0,No,-0.00157415,-6.41754,0.00163256
6,790,0,Yes,-3.36309,-0.0351802,0.965374
6,791,0,No,-0.0652161,-2.76154,0.0631907
6,792,0,No,-0.106987,-2.28748,0.101516
6,793,0,No,-0.0202845,-3.90506,0.0201385
6,794,0,No,-0.0107928,-4.52872,0.0107939
6,795,0,No,-0.152007,-1.95845,0.141069
6,796,0,Yes,-1.22405,-0.348111,0.705979
6,797,0,Yes,-0.807842,-0.590158,0.554207
6,798,0,No,-2.25924,-0.110229,0.895577
6,799,0,No,-3.23659,-0.0400284,0.960705
6,800,0,Yes,-2.27062,-0.108911,0.896758
6,801,0,No,-0.000382616,-7.7251,0.000441578
6,802,0,Yes,-4.75364,-0.00859823,0.99138
6,803,0,No,-0.785439,-0.608549,0.544107
6,804,0,No,-0.108514,-2.27407,0.102886
6,805,0,Yes,-0.400338,-1.10877,0.329946
6,806,0,No,-0.00100932,-6.84196,0.00106795
6,807,0,Yes,-3.2979,-0.0376001,0.963041
6,808,0,No,-0.00224078,-6.07578,0.00229772
6,809,0,Yes,-3.82562,-0.021986,0.978196
6,810,0,Yes,-0.121094,-2.1706,0.114102
6,811,0,No,-0.89762,-0.52337,0.592486
6,812,0,No,-0.000648769,-7.25349,0.000707656
6,813,0,No,-0.725286,-0.661896,0.515842
6,814,0,No,-0.39123,-1.12752,0.323815
6,815,0,No,-0.113501,-2.23159,0.107351
6,816,0,Yes,-2.77838,-0.0640911,0.937864
6,817,0,Yes,-3.48509,-0.0310695,0.969351
6,818,0,Yes,-1.32001,-0.31071,0.732883
6,819,0,No,-0.0197144,-3.93321,0.0195796
6,820,0,Yes,-2.35948,-0.0991684,0.905536
6,821,0,Yes,-2.80597,-0.0622889,0.939555
6,822,0,Yes,-4.20513,-0.0149712,0.985082
6,823,0,Yes,-2.93813,-0.0543571,0.947038
6,824,0,Yes,-4.79186,-0.00827274,0.991704
6,825,0,Yes,-0.965629,-0.479141,0.619279
6,826,0,Yes,-0.00360781,-5.60995,0.00366104
6,827,0,No,-0.00215835,-6.1122,0.00221554
6,828,0,Yes,-3.24848,-0.0395459,0.961169
6,829,0,Yes,-3.62299,-0.0270046,0.973299
6,830,0,No,-9.29876e-05,-8.78828,0.000152501
6,831,0,No,-1.2211,-0.349341,0.705111
6,832,0,Yes,-3.31949,-0.0367803,0.963831
6,833,0,Yes,-4.97174,-0.0068959,0.993069
6,834,0,Yes,-1.97031,-0.150073,0.860594
6,835,0,Yes,-3.0646,-0.0477344,0.95333
6,836,0,Yes,-1.73228,-0.194583,0.823129
6,837,0,Yes,-3.00896,-0.0505399,0.95066
6,838,0,Yes,-2.82279,-0.0612164,0.940564
6,839,0,No,-0.000108486,-8.69315,0.000167721
6,840,0,Yes,-0.846614,-0.560026,0.57116
6,841,0,No,-0.950925,-0.488289,0.613639
6,842,0,No,-7.2303e-05,-8.93466,0.000131735
6,843,0,Yes,-4.05482,-0.0174308,0.982662
6,844,0,Yes,-1.53398,-0.242858,0.784337
6,845,0,No,-0.00598873,-5.11102,0.00602959
6,846,0,Yes,-0.162976,-1.89414,0.150438
6,847,0,No,-0.00086476,-6.98669,0.000924045
6,848,0,No,-0.00109255,-6.76663,0.00115151
6,849,0,Yes,-2.64206,-0.0738135,0.92879
6,850,0,No,-0.000131616,-8.56379,0.000190883
6,851,0,Yes,-3.50817,-0.0303482,0.97005
6,852,0,No,-0.189613,-1.75574,0.172769
6,853,0,Yes,-0.602542,-0.792657,0.452614
6,854,0,Yes,-4.90485,-0.00737909,0.99259
6,855,0,No,-0.514436,-0.910754,0.402197
6,856,0,No,-0.0601241,-2.84023,0.0584088
6,857,0,No,-0.143899,-2.00929,0.134076
6,858,0,No,-0.133354,-2.0802,0.124897
6,859,0,Yes,-0.630419,-0.75995,0.467662
6,860,0,No,-0.396328,-1.11696,0.327254
6,861,0,Yes,-3.30608,-0.0372872,0.963343
6,862,0,No,-0.00673753,-4.99467,0.00677357
6,863,0,No,-0.00307944,-5.76536,0.00313409
6,864,0,Yes,-3.72344,-0.0243865,0.975851
6,865,0,No,-0.000499492,-7.48954,0.000558869
6,866,0,No,-0.000932711,-6.91653,0.000991202
6,867,0,No,-0.000405752,-7.67289,0.000465245
6,868,0,Yes,-1.14334,-0.383744,0.681266
6,869,0,Yes,-0.647253,-0.741126,0.476549
6,870,0,No,-0.00174412,-6.31899,0.00180165
6,871,0,No,-0.00593141,-5.12044,0.00597305
6,872,0,Yes,-2.86484,-0.0586181,0.943011
6,873,0,Yes,-3.03705,-0.0491032,0.952027
6,874,0,Yes,-2.55508,-0.0808058,0.922319
6,875,0,No,-0.0907052,-2.44448,0.0867665
6,876,0,Yes,-1.94785,-0.153758,0.857429
6,877,0,No,-0.0164763,-4.11044,0.0163996
6,878,0,Yes,-4.47535,-0.0113914,0.988614
6,879,0,Yes,-1.91228,-0.159798,0.852266
6,880,0,Yes,-4.68919,-0.00917699,0.990806
6,881,0,No,-0.00769811,-4.86284,0.00772804
6,882,0,Yes,-4.20697,-0.0149429,0.985109
6,883,0,Yes,-4.61905,-0.0098513,0.990138
6,884,0,Yes,-1.25867,-0.334038,0.715984
6,885,0,Yes,-2.31611,-0.103803,0.90135
6,886,0,Yes,-4.57453,-0.0103049,0.989689
6,887,0,No,-0.917386,-0.509999,0.600461
6,888,0,Yes,-0.713995,-0.672609,0.510345
6,889,0,Yes,-0.374677,-1.163,0.312529
6,890,0,Yes,-1.18355,-0.365474,0.693827
6,891,0,Yes,-3.93216,-0.0197361,0.9804
6,892,0,Yes,-4.98616,-0.00679586,0.993168
6,893,0,Yes,-4.46322,-0.0115323,0.988476
6,894,0,Yes,-4.04257,-0.0176483,0.982449
6,895,0,Yes,-4.06763,-0.0172063,0.982883
6,896,0,No,-9.03647e-05,-8.80605,0.000149815
6,897,0,No,-0.000260447,-8.04756,0.000319863
6,898,0,Yes,-2.55107,-0.081144,0.922007
6,899,0,No,-0.000261639,-8.04358,0.000321136
6,900,0,No,-0.000262295,-8.04188,0.000321685
6,901,0,Yes,-4.82816,-0.00797373,0.991999
6,902,0,Yes,-1.12052,-0.394603,0.673908
6,903,0,No,-0.06304,-2.79438,0.0611493
6,904,0,Yes,-4.37997,-0.0125455,0.987475
6,905,0,Yes,-4.2486,-0.014327,0.985717
6,906,0,Yes,-4.24694,-0.0143519,0.985693
6,907,0,No,-0.0375186,-3.29999,0.0368812
6,908,0,No,-0.306819,-1.33076,0.26426
6,909,0,No,-0.312948,-1.3139,0.268755
6,910,0,Yes,-1.75748,-0.189251,0.82753
6,911,0,No,-0.000250252,-8.08114,0.000309298
6,912,0,Yes,-0.285475,-1.39271,0.248387
6,913,0,No,-0.116298,-2.20864,0.109843
6,914,0,No,-0.0011089,-6.75247,0.00116792
6,915,0,Yes,-3.73859,-0.0240147,0.976214
6,916,0,No,-0.00884644,-4.72544,0.00886632
6,917,0,Yes,-1.83006,-0.174765,0.839605
6,918,0,Yes,-3.4979,-0.0306668,0.969741
6,919,0,Yes,-4.58467,-0.0102003,0.989793
6,920,0,Yes,-2.41804,-0.0932531,0.910909
6,921,0,No,-0.00362097,-5.60643,0.00367393
6,922,0,No,-0.108861,-2.27105,0.103197
6,923,0,Yes,-3.75038,-0.0237287,0.976493
6,924,0,Yes,-4.09015,-0.0168179,0.983264
6,925,0,Yes,-0.398997,-1.1115,0.329046
6,926,0,Yes,-4.65384,-0.00951078,0.990476
6,927,0,Yes,-2.1245,-0.12719,0.880514
6,928,0,No,-0.000923702,-6.92514,0.000982711
6,929,0,No,-0.000370154,-7.75396,0.000429015
6,930,0,Yes,-2.26153,-0.109962,0.895815
6,931,0,No,-0.069636,-2.69821,0.0673221
6,932,0,No,-0.00818878,-4.80179,0.0082145
6,933,0,Yes,-2.57522,-0.0791268,0.923868
6,934,0,No,-0.00200001,-6.18635,0.0020572
6,935,0,No,-0.00399193,-5.51067,0.00404315
6,936,0,Yes,-3.18546,-0.042177,0.958643
6,937,0,No,-0.00121309,-6.66707,0.00127204
6,938,0,No,-0.011398,-4.47472,0.0113928
6,939,0,No,-0.00112191,-6.74142,0.0011809
6,940,0,Yes,-3.32539,-0.0365597,0.964044
6,941,0,No,-0.0119561,-4.42752,0.0119434
6,942,0,No,-0.0245587,-3.7165,0.0243175
6,943,0,Yes,-5.25204,-0.00519107,0.994763
6,944,0,Yes,-0.283291,-1.39935,0.246744
6,945,0,No,-0.0085505,-4.759,0.00857368
6,946,0,Yes,-2.047,-0.138186,0.870886
6,947,0,Yes,-0.482591,-0.960043,0.382854
6,948,0,Yes,-3.61054,-0.0273488,0.972964
6,949,0,Yes,-4.61592,-0.00988303,0.990108
6,950,0,No,-0.00101099,-6.8406,0.0010694
6,951,0,Yes,-3.41844,-0.0332508,0.967239
6,952,0,Yes,-1.08681,-0.411333,0.662728
6,953,0,Yes,-1.72211,-0.196783,0.821321
6,954,0,Yes,-3.18279,-0.0422919,0.958533
6,955,0,Yes,-0.7412,-0.647185,0.523486
6,956,0,Yes,-4.16639,-0.0155697,0.984493
6,957,0,Yes,-3.60849,-0.0274055,0.972909
6,958,0,Yes,-4.09512,-0.0167333,0.983347
6,959,0,No,-0.013984,-4.27258,0.0139449
6,960,0,No,-0.00129211,-6.60705,0.00135073
6,961,0,Yes,-3.36537,-0.0350992,0.965453
6,962,0,No,-0.00192601,-6.22278,0.0019836
6,963,0,No,-0.0439627,-3.14494,0.0430669
6,964,0,No,-0.70746,-0.678919,0.507135
6,965,0,No,-0.00297631,-5.79877,0.00303111
6,966,0,No,-0.0113849,-4.47596,0.0113787
6,967,0,No,-0.00957944,-4.64675,0.00959216
6,968,0,No,-1.2022,-0.357352,0.699485
6,969,0,Yes,-1.82755,-0.175246,0.839202
6,970,0,Yes,-4.04173,-0.0176627,0.982434
6,971,0,Yes,-3.93001,-0.0197783,0.980358
6,972,0,No,-0.0278073,-3.59417,0.0274818
6,973,0,No,-0.143837,-2.00969,0.134022
6,974,0,Yes,-1.59424,-0.226906,0.796949
6,975,0,No,-0.339856,-1.24415,0.288169
6,976,0,No,-0.520333,-0.902053,0.405712
6,977,0,Yes,-1.00227,-0.457262,0.632978
6,978,0,Yes,-3.31947,-0.0367812,0.96383
6,979,0,Yes,-0.180158,-1.80229,0.164912
6,980,0,Yes,-0.380803,-1.14965,0.316728
6,981,0,Yes,-0.347068,-1.22655,0.293284
6,982,0,Yes,-0.282631,-1.40137,0.246246
6,983,0,Yes,-2.63808,-0.0741198,0.928506
6,984,0,No,-0.440733,-1.03144,0.356473
6,985,0,No,-0.980848,-0.469898,0.625029
6,986,0,Yes,-0.925779,-0.504452,0.603801
6,987,0,Yes,-0.946827,-0.490878,0.612053
6,988,0,Yes,-3.09459,-0.0462893,0.954709
6,989,0,Yes,-1.46497,-0.262697,0.76893
6,990,0,Yes,-0.627724,-0.763026,0.466226
6,991,0,Yes,-0.92944,-0.502058,0.605248
6,992,0,No,-0.582728,-0.817157,0.44166
6,993,0,Yes,-1.71724,-0.197843,0.82045
6,994,0,Yes,-1.1426,-0.384087,0.681032
6,995,0,Yes,-0.675412,-0.711084,0.491083
6,996,0,Yes,-3.02368,-0.0497817,0.951381
6,997,0,Yes,-3.04165,-0.048873,0.952246
6,998,0,Yes,-4.09985,-0.0166546,0.983426
6,999,0,Yes,-4.22448,-0.0146814,0.985368
6,1000,0,Yes,-1.5301,-0.243926,0.7835
6,1001,0,Yes,-1.81986,-0.176724,0.837961
6,1002,0,Yes,-3.98212,-0.0187614,0.981355
6,1003,0,Yes,-4.74814,-0.00864597,0.991333
6,1004,0,Yes,-4.91029,-0.00733808,0.99263
6,1005,0,No,-0.589019,-0.80926,0.445161
6,1006,0,Yes,-0.958222,-0.483722,0.616448
6,1007,0,Yes,-2.43988,-0.0911426,0.912834
6,1008,0,Yes,-1.02753,-0.442905,0.64213
6,1009,0,Yes,-4.32545,-0.013256,0.986773
6,1010,0,Yes,-3.86587,-0.0211074,0.979056
6,1011,0,Yes,-4.18681,-0.015251,0.984806
6,1012,0,Yes,-4.1585,-0.0156949,0.98437
6,1013,0,Yes,-1.67549,-0.207216,0.812795
6,1014,0,Yes,-4.58646,-0.0101813,0.989812
6,1015,0,No,-0.0265378,-3.64016,0.0262467
6,1016,0,Yes,-1.79551,-0.181502,0.833967
6,1017,0,Yes,-2.39089,-0.095949,0.908457
6,1018,0,Yes,-3.13222,-0.0445391,0.956382
6,1019,0,Yes,-4.1082,-0.0165136,0.983564
6,1020,0,No,-0.00116893,-6.70281,0.00122739
6,1021,0,No,-0.0169417,-4.08291,0.0168573
6,1022,0,No,-0.0164113,-4.11431,0.0163362
6,1023,0,Yes,-4.41601,-0.0120959,0.987918
6,1024,0,Yes,-3.18547,-0.0421765,0.958644
6,1025,0,Yes,-0.563367,-0.842182,0.430744
6,1026,0,Yes,-3.49548,-0.0307432,0.969668
6,1027,0,Yes,-1.19212,-0.361715,0.69644
6,1028,0,Yes,-1.76612,-0.187459,0.829015
6,1029,0,Yes,-1.94604,-0.154061,0.857169
6,1030,0,Yes,-2.22682,-0.114077,0.892136
6,1031,0,Yes,-0.198661,-1.71351,0.180221
6,1032,0,No,-0.0125794,-4.37725,0.0125591
6,1033,0,No,-0.0521854,-2.97776,0.0509036
6,1034,0,No,-1.55154,-0.238084,0.788091
6,1035,0,Yes,-2.18552,-0.11919,0.887587
6,1036,0,Yes,-2.98,-0.0520658,0.94921
6,1037,0,Yes,-3.18943,-0.0420064,0.958807
6,1038,0,No,-0.00540079,-5.21283,0.00544592
6,1039,0,No,-0.100251,-2.34916,0.0954439
6,1040,0,No,-0.0960623,-2.38975,0.0916468
6,1041,0,Yes,-3.95247,-0.0193341,0.980794
6,1042,0,Yes,-3.30225,-0.0374331,0.963202
6,1043,0,No,-0.789914,-0.604815,0.546143
6,1044,0,Yes,-2.6868,-0.0704644,0.931906
6,1045,0,Yes,-1.33536,-0.305175,0.736951
6,1046,0,No,-0.0102455,-4.58019,0.0102524
6,1047,0,No,-0.0110977,-4.50118,0.0110952
6,1048,0,No,-0.000165059,-8.39984,0.000224889
6,1049,0,No,-0.000165119,-8.39998,0.000224858
6,1050,0,No,-7.65353e-05,-8.90366,0.000135883
6,1051,0,No,-0.000211738,-8.21154,0.000271485
6,1052,0,No,-8.46422e-05,-8.84536,0.00014404
6,1053,0,No,-0.000245661,-8.09476,0.000305114
6,1054,0,No,-0.0461999,-3.09647,0.0452057
6,1055,0,No,-0.0012113,-6.66868,0.00127
6,1056,0,No,-0.00308303,-5.76433,0.00313731
6,1057,0,No,-0.0020095,-6.1817,0.00206678
6,1058,0,No,-0.000232604,-8.13947,0.000291774
6,1059,0,No,-0.000148844,-8.47677,0.000208237
6,1060,0,No,-0.0031268,-5.75039,0.00318136
6,1061,0,Yes,-2.43074,-0.0920192,0.912033
6,1062,0,Yes,-4.65329,-0.00951583,0.99047
6,1063,0,No,-3.93975,-0.0195847,0.980548
6,1064,0,Yes,-4.85862,-0.00773247,0.992239
6,1065,0,No,-2.05687,-0.136731,0.872154
6,1066,0,No,-0.000133106,-8.55548,0.000192475
6,1067,0,No,-6.52096e-05,-8.99159,0.000124444
6,1068,0,No,-0.0662882,-2.74578,0.0641947
6,1069,0,No,-0.000660638,-7.23611,0.000720063
6,1070,0,No,-0.00014169,-8.51344,0.000200739
6,1071,0,No,-4.70292e-05,-9.14907,0.000106313
6,1072,0,No,-0.116342,-2.20829,0.109882
6,1073,0,No,-4.00551e-05,-9.21951,9.90812e-05
6,1074,0,No,-0.00027565,-8.0006,0.000335241
6,1075,0,No,-0.000123151,-8.6086,0.000182518
6,1076,0,No,-0.264007,-1.46063,0.232077
6,1077,0,No,-0.00205681,-6.15911,0.002114
6,1078,0,No,-0.250026,-1.50833,0.221266
6,1079,0,No,-0.00082843,-7.02706,0.000887486
6,1080,0,No,-0.00198812,-6.19197,0.00204567
6,1081,0,No,-0.00359011,-5.615,0.00364261
6,1082,0,Yes,-0.279017,-1.41251,0.243518
6,1083,0,No,-0.00263687,-5.91724,0.00269246
6,1084,0,Yes,-3.89161,-0.0205635,0.979589
6,1085,0,Yes,-4.59621,-0.0100812,0.989911
6,1086,0,Yes,-5.0133,-0.00661176,0.993352
6,1087,0,Yes,-0.149534,-1.97364,0.138942
6,1088,0,No,-0.200029,-1.70731,0.181342
6,1089,0,Yes,-0.754763,-0.634997,0.529906
6,1090,0,Yes,-1.06845,-0.420807,0.656478
6,1091,0,Yes,-3.82472,-0.0220066,0.978177
6,1092,0,Yes,-2.77676,-0.0641984,0.937764
6,1093,0,No,-0.000521617,-7.45065,0.000581029
6,1094,0,No,-0.00071074,-7.16931,0.000769811
6,1095,0,No,-0.00157343,-6.4182,0.00163149
6,1096,0,No,-0.0256982,-3.6718,0.0254291
6,1097,0,No,-0.00180825,-6.28382,0.00186615
6,1098,0,No,-0.0229929,-3.78142,0.022789
6,1099,0,Yes,-0.12289,-2.15677,0.115691
6,1100,0,No,-0.791194,-0.603754,0.546723
6,1101,0,Yes,-3.73535,-0.024094,0.976137
6,1102,0,Yes,-4.29305,-0.0136978,0.986338
6,1103,0,Yes,-4.03915,-0.0177082,0.982389
6,1104,0,Yes,-0.921338,-0.507377,0.602037
6,1105,0,No,-0.549913,-0.860245,0.423034
6,1106,0,Yes,-0.526334,-0.893326,0.409268
6,1107,0,No,-0.692092,-0.694086,0.499501
6,1108,0,Yes,-3.83886,-0.021692,0.978483
6,1109,0,Yes,-3.87004,-0.0210185,0.979144
6,1110,0,Yes,-4.81126,-0.00811078,0.991863
6,1111,0,Yes,-4.14207,-0.0159576,0.984111
6,1112,0,Yes,-3.60255,-0.0275721,0.972747
6,1113,0,Yes,-2.69776,-0.0696683,0.932648
6,1114,0,Yes,-2.89727,-0.0566916,0.944829
6,1115,0,Yes,-2.23296,-0.113338,0.892796
6,1116,0,No,-0.0330949,-3.42304,0.0326112
6,1117,0,Yes,-2.50093,-0.0855034,0.917996
6,1118,0,Yes,-4.12726,-0.0161982,0.983874
6,1119,0,Yes,-2.66003,-0.0724498,0.930058
6,1120,0,Yes,-2.32338,-0.103011,0.902064
6,1121,0,Yes,-2.74872,-0.0660876,0.935994
6,1122,0,Yes,-4.15242,-0.0157916,0.984275
6,1123,0,Yes,-0.575561,-0.826293,0.437643
6,1124,0,Yes,-4.04306,-0.0176389,0.982457
6,1125,0,Yes,-1.95262,-0.152968,0.858106
6,1126,0,Yes,-3.5695,-0.0285139,0.971832
6,1127,0,No,-1.66716,-0.209145,0.811229
6,1128,0,No,-0.397805,-1.11393,0.328246
6,1129,0,No,-0.592519,-0.804914,0.4471
6,1130,0,No,-1.47691,-0.259137,0.771672
6,1131,0,Yes,-3.16294,-0.04316,0.957701
6,1132,0,Yes,-1.62405,-0.219451,0.802912
6,1133,0,Yes,-3.88011,-0.0208041,0.979353
6,1134,0,Yes,-4.4916,-0.0112061,0.988798
6,1135,0,Yes,-3.51771,-0.0300551,0.970334
6,1136,0,Yes,-3.7281,-0.0242711,0.975963
6,1137,0,Yes,-3.85816,-0.0212716,0.978894
6,1138,0,Yes,-0.269125,-1.44388,0.235997
6,1139,0,No,-0.596785,-0.799665,0.449453
6,1140,0,Yes,-2.90582,-0.0561937,0.945299
6,1141,0,Yes,-3.07969,-0.0470012,0.954029
6,1142,0,Yes,-4.16014,-0.0156682,0.984396
6,1143,0,Yes,-4.94769,-0.00706546,0.992901
6,1144,0,Yes,-3.92659,-0.0198463,0.98029
6,1145,0,No,-0.569338,-0.834346,0.434133
6,1146,0,Yes,-2.54341,-0.0817952,0.921406
6,1147,0,Yes,-3.5532,-0.0289898,0.971369
6,1148,0,Yes,-3.30271,-0.0374156,0.963219
6,1149,0,Yes,-3.46752,-0.0316298,0.968808
6,1150,0,Yes,-0.263431,-1.46253,0.231635
6,1151,0,Yes,-3.24415,-0.0397215,0.961001
6,1152,0,Yes,-2.42281,-0.092788,0.911333
6,1153,0,No,-0.136344,-2.05951,0.127509
6,1154,0,No,-0.00208386,-6.14635,0.00214115
6,1155,0,No,-0.0236568,-3.75339,0.0234368
6,1156,0,No,-0.00636609,-5.05064,0.00640487
6,1157,0,No,-0.0029023,-5.82329,0.00295768
6,1158,0,No,-0.0066843,-5.00256,0.00672034
6,1159,0,No,-0.48596,-0.954637,0.384929
6,1160,0,Yes,-2.20621,-0.116599,0.889889
6,1161,0,Yes,-1.31623,-0.312092,0.731871
6,1162,0,No,-0.0433432,-3.15879,0.0424745
6,1163,0,Yes,-1.59221,-0.227423,0.796537
6,1164,0,No,-0.0154896,-4.17145,0.015429
6,1165,0,No,-0.101796,-2.33464,0.0968393
6,1166,0,Yes,-1.91218,-0.159816,0.852251
6,1167,0,Yes,-1.91933,-0.158581,0.853303
6,1168,0,Yes,-3.07331,-0.0473107,0.953735
6,1169,0,Yes,-0.631694,-0.758499,0.468341
6,1170,0,Yes,-2.36072,-0.0990392,0.905654
6,1171,0,No,-0.152203,-1.95725,0.141237
6,1172,0,Yes,-3.17378,-0.0426845,0.958157
6,1173,0,No,-0.251423,-1.50343,0.222353
6,1174,0,No,-0.485704,-0.955043,0.384773
6,1175,0,Yes,-2.94018,-0.0542422,0.947147
6,1176,0,No,-0.716214,-0.670486,0.51143
6,1177,0,Yes,-3.77451,-0.0231549,0.977053
6,1178,0,Yes,-2.49123,-0.0863739,0.917197
6,1179,0,No,-0.11542,-2.21579,0.109061
6,1180,0,Yes,-4.48269,-0.0113078,0.988698
6,1181,0,Yes,-0.728291,-0.659082,0.517295
6,1182,0,Yes,-3.41028,-0.0335287,0.96697
6,1183,0,No,-0.0106126,-4.54542,0.0106151
6,1184,0,Yes,-3.97308,-0.0189344,0.981186
6,1185,0,No,-2.8,-0.0626752,0.939193
6,1186,0,Yes,-1.98561,-0.147616,0.862711
6,1187,0,No,-0.486666,-0.95351,0.385363
6,1188,0,No,-0.318294,-1.29949,0.272654
6,1189,0,No,-0.00971666,-4.6326,0.00972881
6,1190,0,No,-0.000264799,-8.03412,0.00032419
6,1191,0,No,-0.000255915,-8.06225,0.000315198
6,1192,0,No,-0.000251861,-8.07415,0.000311471
6,1193,0,No,-0.000133583,-8.55228,0.000193093
6,1194,0,No,-0.0114429,-4.47089,0.0114365
6,1195,0,No,-0.0325573,-3.43914,0.0320905
6,1196,0,No,-0.00070895,-7.17167,0.000767996
6,1197,0,No,-0.0018605,-6.25657,0.0019177
6,1198,0,No,-0.000610896,-7.308,0.000670119
6,1199,0,No,-0.00250325,-5.96808,0.002559
6,1200,0,No,-0.000373254,-7.74596,0.00043246
6,1201,0,No,-0.000347675,-7.80607,0.00040723
6,1202,0,Yes,-4.95034,-0.00704649,0.992919
6,1203,0,Yes,-4.85538,-0.00775716,0.992214
6,1204,0,Yes,-5.041,-0.00642896,0.993533
6,1205,0,Yes,-4.4604,-0.0115657,0.988443
6,1206,0,No,-9.85313e-05,-8.75182,0.000158163
6,1207,0,No,-0.000269449,-8.02055,0.000328621
6,1208,0,No,-4.8877e-05,-9.13216,0.000108125
6,1209,0,No,-0.000676682,-7.21438,0.00073588
6,1210,0,No,-0.00015093,-8.46883,0.000209899
6,1211,0,No,-0.000186818,-8.30891,0.000246299
6,1212,0,No,-0.00219759,-6.09482,0.00225438
6,1213,0,No,-0.00382109,-5.55372,0.00387279
6,1214,0,No,-0.287667,-1.3861,0.250033
6,1215,0,No,-0.0124519,-4.3873,0.0124336
6,1216,0,No,-0.00141685,-6.51894,0.00147515
6,1217,0,Yes,-0.8302,-0.572529,0.564064
6,1218,0,No,-0.23639,-1.55786,0.210574
6,1219,0,No,-0.525621,-0.894356,0.408847
6,1220,0,Yes,-0.547881,-0.863023,0.42186
6,1221,0,Yes,-4.39708,-0.0123302,0.987688
6,1222,0,Yes,-4.38895,-0.0124317,0.987587
6,1223,0,Yes,-2.86124,-0.0588357,0.942806
6,1224,0,No,-0.000380827,-7.72884,0.000439928
6,1225,0,No,-0.000376116,-7.74012,0.000434995
6,1226,0,No,-0.000248821,-8.08491,0.000308136
6,1227,0,No,-0.00790259,-4.83695,0.00793072
6,1228,0,No,-0.00196656,-6.20275,0.00202374
6,1229,0,No,-0.00453426,-5.38529,0.00458325
6,1230,0,No,-0.0150944,-4.19697,0.0150402
6,1231,0,No,-0.00505207,-5.27875,0.00509852
6,1232,0,No,-0.065268,-2.76077,0.0632395
6,1233,0,No,-0.00349548,-5.64108,0.00354881
6,1234,0,Yes,-2.3556,-0.0995737,0.905169
6,1235,0,Yes,-2.714,-0.0685057,0.933733
6,1236,0,Yes,-3.75661,-0.0235791,0.976639
6,1237,0,Yes,-2.07153,-0.134599,0.874015
6,1238,0,No,-0.0607469,-2.83025,0.0589944
6,1239,0,No,-0.0407636,-3.21878,0.0400014
6,1240,0,Yes,-3.38078,-0.034551,0.965981
6,1241,0,Yes,-2.15089,-0.123662,0.883626
6,1242,0,Yes,-4.84805,-0.00781542,0.992157
6,1243,0,Yes,-4.56537,-0.0104001,0.989595
6,1244,0,No,-0.00414801,-5.47308,0.00419803
6,1245,0,Yes,-3.21953,-0.0407326,0.960029
6,1246,0,Yes,-4.01871,-0.0180792,0.982025
6,1247,0,No,-0.000608689,-7.31178,0.00066759
6,1248,0,No,-0.00192243,-6.22469,0.00197981
6,1249,0,No,-0.235182,-1.5624,0.20962
6,1250,0,No,-0.000528714,-7.43891,0.000587892
6,1251,0,Yes,-4.80947,-0.00812563,0.991848
6,1252,0,Yes,-3.86271,-0.0211739,0.97899
6,1253,0,No,-0.00090145,-6.94784,0.000960654
6,1254,0,No,-0.000411953,-7.66066,0.000470969
6,1255,0,No,-0.00142348,-6.51455,0.00148163
6,1256,0,Yes,-1.21314,-0.352687,0.702756
6,1257,0,Yes,-0.764115,-0.626774,0.534281
6,1258,0,Yes,-5.34165,-0.00473905,0.995212
6,1259,0,Yes,-4.33512,-0.0131263,0.9869
6,1260,0,No,-0.000238268,-8.11931,0.000297717
6,1261,0,Yes,-3.17172,-0.0427733,0.958071
6,1262,0,No,-0.000327999,-7.85652,0.000387198
6,1263,0,Yes,-5.51243,-0.00398433,0.995964
6,1264,0,No,-0.00127982,-6.61621,0.00133842
6,1265,0,Yes,-1.64259,-0.214951,0.806533
6,1266,0,No,-0.00739441,-4.9027,0.00742608
6,1267,0,Yes,-4.36284,-0.0127645,0.987259
6,1268,0,No,-0.000557161,-7.39069,0.000616931
6,1269,0,Yes,-3.98592,-0.0186895,0.981426
6,1270,0,No,-0.0298825,-3.52337,0.0294982
6,1271,0,No,-0.092578,-2.42496,0.0884765
6,1272,0,No,-0.0130947,-4.33754,0.0130678
6,1273,0,Yes,-4.15446,-0.015758,0.984307
6,1274,0,No,-0.00320638,-5.72588,0.00326028
6,1275,0,Yes,-3.97385,-0.0189202,0.9812
6,1276,0,No,-0.00252619,-5.95901,0.00258232
6,1277,0,No,-0.00344177,-5.65638,0.00349495
6,1278,0,No,-0.137769,-2.04981,0.128752
6,1279,0,No,-8.44037e-05,-8.84762,0.000143715
6,1280,0,No,-0.0791366,-2.5751,0.0761416
6,1281,0,Yes,-4.98811,-0.00678163,0.993182
6,1282,0,No,-4.67853,-0.00927571,0.990708
6,1283,0,No,-0.00134726,-6.56731,0.00140549
6,1284,0,No,-0.000217998,-8.18922,0.000277615
6,1285,0,No,-0.473478,-0.974911,0.377204
6,1286,0,Yes,-5.1277,-0.00588764,0.99407
6,1287,0,Yes,-3.21006,-0.0411295,0.959648
6,1288,0,No,-0.000369498,-7.7533,0.000429297
6,1289,0,No,-0.000118978,-8.63065,0.000178538
6,1290,0,Yes,-5.55563,-0.00381302,0.996135
6,1291,0,No,-4.55986e-05,-9.16253,0.00010489
6,1292,0,No,-0.000194211,-8.27978,0.000253577
6,1293,0,No,-0.000320069,-7.87727,0.000379243
6,1294,0,No,-7.32568e-05,-8.92698,0.000132751
6,1295,0,Yes,-4.13328,-0.0160997,0.983971
6,1296,0,Yes,-4.25155,-0.0142849,0.985759
6,1297,0,No,-0.000105983,-8.70751,0.000165329
6,1298,0,No,-0.000228073,-8.15454,0.000287411
6,1299,0,No,-0.000363774,-7.76857,0.000422794
6,1300,0,Yes,-4.35424,-0.0128749,0.987149
6,1301,0,No,-0.10422,-2.31231,0.099026
6,1302,0,No,-1.63318,-0.217223,0.804703
6,1303,0,No,-0.00173624,-6.32329,0.00179392
6,1304,0,No,-0.00170842,-6.33874,0.00176643
6,1305,0,No,-0.868726,-0.54374,0.580539
6,1306,0,Yes,-4.90269,-0.00739489,0.992574
6,1307,0,No,-0.00494706,-5.29939,0.00499432
6,1308,0,No,-0.0084025,-4.77637,0.00842601
6,1309,0,No,-0.00275598,-5.87392,0.00281167
6,1310,0,Yes,-3.70147,-0.0249359,0.975314
6,1311,0,Yes,-3.30591,-0.0372929,0.963336
6,1312,0,Yes,-4.06614,-0.0172311,0.982858
6,1313,0,Yes,-3.66248,-0.0259424,0.974333
6,1314,0,Yes,-1.13791,-0.386293,0.679531
6,1315,0,No,-0.249181,-1.51131,0.220607
6,1316,0,Yes,-2.52351,-0.0835105,0.919827
6,1317,0,No,-0.169143,-1.86001,0.155661
6,1318,0,No,-0.00114554,-6.72173,0.00120438
6,1319,0,No,-0.134909,-2.06938,0.126257
6,1320,0,Yes,-5.50425,-0.00401766,0.995931
6,1321,0,No,-0.00214001,-6.12085,0.00219646
6,1322,0,Yes,-3.54713,-0.0291687,0.971195
6,1323,0,No,-0.91634,-0.510695,0.600043
6,1324,0,No,-0.133204,-2.08126,0.124766
6,1325,0,Yes,-3.4639,-0.0317475,0.968694
6,1326,0,Yes,-4.00986,-0.0182414,0.981865
6,1327,0,Yes,-2.77961,-0.0640088,0.937941
6,1328,0,Yes,-5.84149,-0.00284869,0.997096
6,1329,0,No,-0.0164392,-4.11263,0.0163638
6,1330,0,No,-0.514293,-0.910966,0.402112
6,1331,0,Yes,-2.6315,-0.0746274,0.928034
6,1332,0,Yes,-0.539845,-0.874141,0.417196
6,1333,0,Yes,-2.97725,-0.0522131,0.94907
6,1334,0,Yes,-2.46323,-0.08894,0.914846
6,1335,0,Yes,-2.38182,-0.0968672,0.907623
6,1336,0,Yes,-2.29596,-0.106034,0.899341
6,1337,0,Yes,-2.83161,-0.0606615,0.941086
6,1338,0,Yes,-2.62906,-0.0748181,0.927858
6,1339,0,Yes,-3.94906,-0.0194,0.980728
6,1340,0,Yes,-4.03649,-0.0177561,0.982342
6,1341,0,Yes,-4.3318,-0.0131703,0.986857
6,1342,0,Yes,-4.28082,-0.0138672,0.986169
6,1343,0,Yes,-5.837,-0.00286207,0.997083
6,1344,0,Yes,-3.4714,-0.0315058,0.968928
6,1345,0,Yes,-1.93098,-0.156592,0.855003
6,1346,0,No,-0.0354079,-3.35675,0.0348461
6,1347,0,Yes,-4.86728,-0.00766513,0.992306
6,1348,0,Yes,-3.08913,-0.0465493,0.954461
6,1349,0,Yes,-2.40244,-0.0947925,0.909508
6,1350,0,No,-4.12246,-0.0162773,0.983796
6,1351,0,Yes,-0.656912,-0.730622,0.481581
6,1352,0,Yes,-0.0915361,-2.43576,0.0875261
6,1353,0,Yes,-5.33598,-0.0047666,0.995185
6,1354,0,No,-0.737111,-0.650922,0.521534
6,1355,0,Yes,-4.36896,-0.0126854,0.987336
6,1356,0,Yes,-3.30457,-0.037345,0.963287
6,1357,0,Yes,-2.98035,-0.0520472,0.949228
6,1358,0,No,-0.309939,-1.32213,0.266552
6,1359,0,Yes,-5.04558,-0.00639842,0.993563
6,1360,0,No,-0.403118,-1.10315,0.331806
6,1361,0,Yes,-1.30567,-0.315989,0.729024
6,1362,0,Yes,-1.03715,-0.437583,0.645557
6,1363,0,No,-1.04171,-0.43509,0.647169
6,1364,0,Yes,-1.72905,-0.195277,0.822558
6,1365,0,Yes,-0.631453,-0.758773,0.468213
6,1366,0,Yes,-2.91575,-0.0556231,0.94584
6,1367,0,Yes,-0.354954,-1.2078,0.298835
6,1368,0,Yes,-3.82254,-0.0220545,0.978129
6,1369,0,Yes,-2.5466,-0.0815229,0.921657
6,1370,0,Yes,-2.12607,-0.126978,0.880702
6,0,1,No,-0.000372956,-7.74752,0.000431786
6,1,1,No,-0.000265455,-8.03427,0.000324143
6,2,1,No,-0.101738,-2.33518,0.096787
6,3,1,Yes,-2.88896,-0.0571794,0.944369
6,4,1,No,-0.014342,-4.24759,0.0142978
6,5,1,Yes,-2.46343,-0.088922,0.914862
6,6,1,No,-0.360869,-1.19406,0.302971
6,7,1,No,-0.106894,-2.2883,0.101433
6,8,1,No,-1.38647,-0.287547,0.750057
6,9,1,No,-0.016307,-4.12063,0.0162333
6,10,1,No,-0.000448208,-7.58563,0.000507667
6,11,1,No,-0.00226498,-6.06532,0.00232189
6,12,1,No,-0.000775936,-7.08751,0.000835421
6,13,1,No,-0.101279,-2.33948,0.0963723
6,14,1,Yes,-0.12362,-2.15121,0.116336
6,15,1,Yes,-1.61592,-0.221457,0.801304
6,16,1,No,-0.00103253,-6.81991,0.00109176
6,17,1,No,-0.000752494,-7.11692,0.000811212
6,18,1,Yes,-2.49931,-0.0856471,0.917863
6,19,1,Yes,-2.70929,-0.0688416,0.93342
6,20,1,Yes,-1.94577,-0.154106,0.857131
6,21,1,Yes,-4.22349,-0.0146959,0.985353
6,22,1,Yes,-3.13034,-0.0446251,0.9563
6,23,1,Yes,-2.24748,-0.111608,0.894342
6,24,1,Yes,-2.77791,-0.0641219,0.937836
6,25,1,Yes,-3.17781,-0.0425087,0.958326
6,26,1,No,-0.0965356,-2.38507,0.0920767
6,27,1,No,-0.00851804,-4.76283,0.00854094
6,28,1,No,-1.06415,-0.42306,0.655001
6,29,1,Yes,-1.21473,-0.352015,0.703228
6,30,1,Yes,-4.57954,-0.0102525,0.989741
6,31,1,Yes,-2.30554,-0.104967,0.900301
6,32,1,No,-0.386204,-1.1381,0.320408
6,33,1,Yes,-0.814265,-0.585022,0.557061
6,34,1,Yes,-0.371453,-1.17013,0.310309
6,35,1,No,-1.08304,-0.413252,0.661457
6,36,1,Yes,-3.37083,-0.0349039,0.965641
6,37,1,Yes,-4.53934,-0.0106773,0.98932
6,38,1,Yes,-1.16072,-0.375717,0.686756
6,39,1,No,-0.00143733,-6.50507,0.00149574
6,40,1,Yes,-2.95333,-0.0535129,0.947838
6,41,1,Yes,-2.41763,-0.0932928,0.910873
6,42,1,No,-0.00010789,-8.69689,0.000167094
6,43,1,Yes,-3.23738,-0.039997,0.960736
6,44,1,Yes,-4.60423,-0.0100005,0.989991
6,45,1,No,-0.306629,-1.33129,0.26412
6,46,1,No,-1.55531,-0.23707,0.788889
6,47,1,Yes,-3.34839,-0.0357109,0.964861
6,48,1,Yes,-3.69581,-0.0250803,0.975174
6,49,1,No,-0.00497935,-5.29307,0.00502599
6,50,1,No,-0.00339105,-5.67096,0.00344437
6,51,1,No,-0.0256209,-3.67479,0.0253533
6,52,1,No,-0.0200471,-3.91668,0.0199058
6,53,1,No,-0.0204516,-3.89697,0.0203022
6,54,1,Yes,-4.37384,-0.0126233,0.987398
6,55,1,Yes,-0.915193,-0.511461,0.599584
6,56,1,Yes,-1.86315,-0.168566,0.844826
6,57,1,Yes,-3.3294,-0.0364099,0.964188
6,58,1,Yes,-4.55261,-0.0105358,0.989461
6,59,1,No,-0.00044624,-7.58995,0.000505478
6,60,1,Yes,-2.21745,-0.115216,0.89112
6,61,1,Yes,-4.70198,-0.00905921,0.990923
6,62,1,Yes,-4.96934,-0.0069127,0.993053
6,63,1,Yes,-0.261171,-1.47007,0.229897
6,64,1,Yes,-3.02387,-0.0497727,0.95139
6,65,1,Yes,-2.81097,-0.0619691,0.939857
6,66,1,Yes,-1.49774,-0.253056,0.776378
6,67,1,Yes,-4.72089,-0.00888769,0.991093
6,68,1,No,-0.333091,-1.26106,0.283337
6,69,1,No,-0.152545,-1.95518,0.141531
6,70,1,Yes,-3.74219,-0.0239279,0.976299
6,71,1,No,-0.00547067,-5.20023,0.00551498
6,72,1,Yes,-1.04268,-0.434562,0.64751
6,73,1,No,-0.000126966,-8.58735,0.000186439
6,74,1,Yes,-2.33012,-0.102282,0.902721
6,75,1,No,-0.405212,-1.09894,0.333204
6,76,1,No,-0.0360823,-3.33825,0.0354968
6,77,1,No,-0.000333663,-7.84045,0.000393467
6,78,1,Yes,-4.69274,-0.00914457,0.990839
6,79,1,Yes,-3.84096,-0.0216462,0.978528
6,80,1,Yes,-0.280026,-1.40938,0.24428
6,81,1,Yes,-0.218212,-1.62911,0.196092
6,82,1,No,-3.73494,-0.0241033,0.976127
6,83,1,Yes,-2.51201,-0.0845199,0.9189
6,84,1,Yes,-2.37342,-0.0977261,0.906844
6,85,1,Yes,-3.71739,-0.0245358,0.975704
6,86,1,Yes,-4.22979,-0.0146025,0.985445
6,87,1,Yes,-4.19307,-0.0151552,0.984901
6,88,1,Yes,-2.51078,-0.0846276,0.9188
6,89,1,Yes,-2.38334,-0.096713,0.907763
6,90,1,Yes,-3.13039,-0.0446221,0.956302
6,91,1,Yes,-2.65078,-0.0731487,0.929408
6,92,1,Yes,-0.511148,-0.915662,0.400228
6,93,1,Yes,-3.31868,-0.0368105,0.963801
6,94,1,Yes,-0.570189,-0.833237,0.434615
6,95,1,Yes,-4.95059,-0.00704481,0.992921
6,96,1,Yes,-3.56729,-0.0285779,0.971769
6,97,1,No,-0.203311,-1.69263,0.184024
6,98,1,Yes,-3.32616,-0.0365309,0.964071
6,99,1,No,-0.0652134,-2.76157,0.0631884
6,100,1,No,-0.342342,-1.23803,0.289937
6,101,1,Yes,-2.04076,-0.139114,0.870078
6,102,1,Yes,-2.50372,-0.0852546,0.918225
6,103,1,Yes,-0.904394,-0.518737,0.595237
6,104,1,No,-0.286749,-1.38886,0.249344
6,105,1,No,-0.751294,-0.638086,0.528272
6,106,1,No,-0.000371764,-7.74965,0.000430867
6,107,1,No,-0.00809991,-4.81269,0.00812547
6,108,1,No,-0.0185002,-3.99598,0.0183883
6,109,1,No,-0.0364027,-3.3296,0.0358053
6,110,1,Yes,-4.04196,-0.0176584,0.982438
6,111,1,No,-0.00264446,-5.91425,0.00270053
6,112,1,No,-0.00967838,-4.63659,0.00969012
6,113,1,No,-0.396837,-1.11591,0.327596
6,114,1,Yes,-3.01604,-0.0501737,0.951008
6,115,1,No,-0.000173345,-8.36873,0.000231997
6,116,1,No,-0.00046079,-7.56134,0.000520145
6,117,1,Yes,-4.68567,-0.00920971,0.990774
6,118,1,No,-0.601693,-0.793684,0.452149
6,119,1,No,-0.000225868,-8.1621,0.000285246
6,120,1,Yes,-4.72421,-0.00885732,0.991123
6,121,1,Yes,-4.70888,-0.00899618,0.990986
6,122,1,No,-0.0127428,-4.36447,0.0127207
6,123,1,Yes,-4.20035,-0.0150434,0.985011
6,124,1,No,-0.00142276,-6.51481,0.00148124
6,125,1,No,-0.244936,-1.52646,0.217292
6,126,1,Yes,-3.08641,-0.0466792,0.954337
6,127,1,Yes,-3.17656,-0.0425631,0.958274
6,128,1,No,-0.155885,-1.93516,0.144393
6,129,1,No,-0.000271119,-8.01612,0.000330078
6,130,1,No,-0.000144969,-8.49724,0.000204018
6,131,1,No,-0.000247151,-8.09006,0.000306552
6,132,1,No,-0.00199971,-6.18654,0.0020568
6,133,1,Yes,-2.52872,-0.083058,0.920243
6,134,1,Yes,-3.65558,-0.0261253,0.974155
6,135,1,No,-0.00121309,-6.66801,0.00127085
6,136,1,Yes,-0.452596,-1.01037,0.364063
6,137,1,Yes,-1.59775,-0.226014,0.79766
6,138,1,Yes,-0.284849,-1.3946,0.247916
6,139,1,Yes,-2.49372,-0.0861495,0.917403
6,140,1,No,-0.318967,-1.2977,0.273143
6,141,1,Yes,-3.01968,-0.0499871,0.951186
6,142,1,No,-0.00558634,-5.17963,0.00562974
6,143,1,No,-3.20754,-0.041236,0.959546
6,144,1,No,-8.08868e-05,-8.87083,0.000140417
6,145,1,Yes,-2.22158,-0.114714,0.891568
6,146,1,Yes,-0.536907,-0.87826,0.415481
6,147,1,Yes,-1.94575,-0.154108,0.857128
6,148,1,Yes,-0.184946,-1.77839,0.1689
6,149,1,Yes,-3.11112,-0.0455125,0.955452
6,150,1,Yes,-3.02934,-0.0494932,0.951655
6,151,1,Yes,-0.420548,-1.06894,0.343352
6,152,1,Yes,-2.31572,-0.103847,0.901311
6,153,1,Yes,-2.09934,-0.130653,0.877471
6,154,1,No,-2.31348,-0.104092,0.90109
6,155,1,Yes,-2.86792,-0.0584331,0.943186
6,156,1,Yes,-2.97449,-0.0523623,0.948929
6,157,1,Yes,-1.27399,-0.328023,0.720304
6,158,1,Yes,-0.380021,-1.15134,0.316193
6,159,1,Yes,-1.66713,-0.209153,0.811224
6,160,1,Yes,-2.58283,-0.0785033,0.924444
6,161,1,No,-1.59199,-0.22748,0.796492
6,162,1,No,-0.571769,-0.831186,0.435507
6,163,1,Yes,-1.00012,-0.458512,0.632187
6,164,1,Yes,-4.44568,-0.011738,0.988272
6,165,1,No,-0.263086,-1.46368,0.231369
6,166,1,Yes,-4.27604,-0.0139351,0.986103
6,167,1,Yes,-1.71985,-0.197275,0.820917
6,168,1,No,-0.137664,-2.05052,0.128661
6,169,1,Yes,-2.11672,-0.128251,0.879581
6,170,1,Yes,-3.8083,-0.0223754,0.977815
6,171,1,Yes,-2.82689,-0.0609586,0.940807
6,172,1,No,-0.0768097,-2.60377,0.0739895
6,173,1,No,-0.0164629,-4.11124,0.0163864
6,174,1,Yes,-4.24096,-0.0144384,0.985607
6,175,1,Yes,-3.88303,-0.0207427,0.979413
6,176,1,No,-0.000779694,-7.08416,0.000838231
6,177,1,No,-0.00307938,-5.76539,0.00313399
6,178,1,Yes,-3.91231,-0.0201363,0.980007
6,179,1,No,-0.020973,-3.8721,0.0208133
6,180,1,No,-0.0261521,-3.65457,0.0258711
6,181,1,No,-0.0840689,-2.51713,0.0806865
6,182,1,Yes,-2.30529,-0.104995,0.900276
6,183,1,No,-0.720029,-0.666855,0.51329
6,184,1,No,-1.23962,-0.341696,0.710522
6,185,1,Yes,-3.68672,-0.0253122,0.974947
6,186,1,Yes,-3.12954,-0.0446612,0.956265
6,187,1,Yes,-0.520465,-0.90186,0.40579
6,188,1,Yes,-2.61372,-0.0760206,0.926743
6,189,1,Yes,-2.26789,-0.109224,0.896476
6,190,1,Yes,-2.11694,-0.12822,0.879607
6,191,1,Yes,-1.55707,-0.236602,0.789259
6,192,1,No,-0.000993387,-6.85699,0.00105202
6,193,1,No,-0.00884114,-4.72609,0.00886055
6,194,1,Yes,-1.86902,-0.167491,0.845735
6,195,1,No,-0.000275769,-8.00226,0.000334685
6,196,1,No,-0.000306534,-7.91116,0.000366606
6,197,1,No,-0.000375341,-7.74155,0.000434371
6,198,1,Yes,-0.22417,-1.60505,0.200868
6,199,1,No,-0.000383987,-7.7206,0.000443569
6,200,1,No,-1.17535,-0.369112,0.691308
6,201,1,No,-0.0137327,-4.29046,0.0136978
6,202,1,Yes,-4.69043,-0.00916532,0.990818
6,203,1,No,-0.000229206,-8.14977,0.000288786
6,204,1,Yes,-0.96794,-0.477723,0.620157
6,205,1,No,-0.000243038,-8.10366,0.000302412
6,206,1,Yes,-3.26296,-0.0389654,0.961727
6,207,1,Yes,-5.25736,-0.00516327,0.994791
6,208,1,Yes,-3.81817,-0.0221523,0.978033
6,209,1,Yes,-4.51033,-0.0109964,0.989006
6,210,1,Yes,-0.492446,-0.944359,0.388906
6,211,1,Yes,-3.17063,-0.042822,0.958025
6,212,1,Yes,-0.172048,-1.8444,0.158111
6,213,1,No,-6.55673e-05,-8.98719,0.000124993
6,214,1,No,-0.000491323,-7.50535,0.000550102
6,215,1,Yes,-3.9599,-0.019188,0.980936
6,216,1,Yes,-5.01334,-0.00661104,0.993352
6,217,1,No,-0.00589723,-5.1263,0.00593814
6,218,1,Yes,-3.11781,-0.0452017,0.955749
6,219,1,Yes,-2.97123,-0.0525376,0.948763
6,220,1,Yes,-4.13712,-0.0160373,0.984032
6,221,1,Yes,-1.23626,-0.343066,0.709549
6,222,1,No,-1.65983,-0.210861,0.80984
6,223,1,Yes,-4.83777,-0.00789592,0.992076
6,224,1,Yes,-2.33439,-0.101823,0.903136
6,225,1,Yes,-0.284817,-1.3947,0.247892
6,226,1,No,-0.0437097,-3.15059,0.0428244
6,227,1,No,-0.589945,-0.808107,0.445675
6,228,1,Yes,-2.46059,-0.0891863,0.91462
6,229,1,Yes,-5.3894,-0.00451558,0.995436
6,230,1,No,-0.000507066,-7.47699,0.000565923
6,231,1,Yes,-2.71109,-0.0687134,0.933539
6,232,1,Yes,-2.56078,-0.080327,0.92276
6,233,1,Yes,-4.31979,-0.013332,0.986698
6,234,1,No,-0.254258,-1.49358,0.224554
6,235,1,Yes,-2.65795,-0.0726058,0.929913
6,236,1,No,-0.000280002,-7.98798,0.000339501
6,237,1,No,-0.000335571,-7.83662,0.00039498
6,238,1,No,-0.00374242,-5.57413,0.00379456
6,239,1,No,-0.143301,-2.01316,0.133558
6,240,1,Yes,-3.81098,-0.0223139,0.977875
6,241,1,No,-9.00071e-05,-8.80866,0.000149424
6,242,1,Yes,-0.289061,-1.38194,0.251077
6,243,1,Yes,-0.331808,-1.26431,0.282417
6,244,1,No,-0.00113349,-6.73211,0.00119195
6,245,1,No,-0.506451,-0.922742,0.397404
6,246,1,Yes,-3.10061,-0.0460051,0.954981
6,247,1,No,-0.427125,-1.05648,0.347657
6,248,1,Yes,-4.3297,-0.0131995,0.986829
6,249,1,No,-0.463097,-0.992289,0.370705
6,250,1,Yes,-2.86323,-0.058716,0.942919
6,251,1,Yes,-1.14634,-0.382342,0.682222
6,252,1,Yes,-3.25726,-0.0391932,0.961509
6,253,1,No,-0.000906998,-6.94248,0.000965812
6,254,1,No,-0.0178857,-4.02933,0.0177852
6,255,1,No,-0.000666602,-7.22893,0.000725257
6,256,1,Yes,-1.36501,-0.2948,0.744637
6,257,1,Yes,-5.11976,-0.00593537,0.994023
6,258,1,Yes,-3.37178,-0.0348701,0.965674
6,259,1,Yes,-3.28096,-0.0382546,0.96241
6,260,1,No,-0.0255165,-3.6788,0.0252516
6,261,1,Yes,-0.464808,-0.989392,0.371781
6,262,1,Yes,-3.08385,-0.046802,0.95422
6,263,1,Yes,-1.49427,-0.254058,0.775601
6,264,1,No,-0.000670181,-7.22406,0.000728794
6,265,1,Yes,-4.41459,-0.0121132,0.987901
6,266,1,No,-0.000213229,-8.20741,0.00027261
6,267,1,Yes,-3.94518,-0.0194772,0.980653
6,268,1,No,-0.000282149,-7.98273,0.000341286
6,269,1,Yes,-2.75278,-0.06581,0.936253
6,270,1,No,-0.0179832,-4.02398,0.0178805
6,271,1,Yes,-2.13895,-0.125246,0.882228
6,272,1,No,-0.979776,-0.470542,0.624627
6,273,1,No,-0.00267111,-5.90461,0.00272668
6,274,1,No,-0.001652,-6.37142,0.00170962
6,275,1,No,-0.0054624,-5.20172,0.00550677
6,276,1,Yes,-1.76527,-0.187633,0.82887
6,277,1,No,-0.403647,-1.10208,0.33216
6,278,1,Yes,-4.34167,-0.0130395,0.986986
6,279,1,No,-0.0127453,-4.36428,0.012723
6,280,1,No,-0.000183182,-8.3244,0.000242512
6,281,1,No,-0.00497965,-5.29304,0.00502615
6,282,1,No,-0.000582268,-7.35194,0.00064131
6,283,1,Yes,-4.20322,-0.0149997,0.985054
6,284,1,Yes,-3.48389,-0.0311076,0.969314
6,285,1,Yes,-3.07029,-0.0474572,0.953595
6,286,1,No,-0.00321451,-5.72343,0.00326828
6,287,1,Yes,-3.62792,-0.0268702,0.97343
6,288,1,No,-0.000129231,-8.57518,0.000188721
6,289,1,No,-1.623,-0.219709,0.802705
6,290,1,Yes,-0.477107,-0.968946,0.379461
6,291,1,Yes,-5.326,-0.00481601,0.995137
6,292,1,No,-0.000544339,-7.41231,0.000603738
6,293,1,Yes,-4.13457,-0.0160795,0.983991
6,294,1,Yes,-4.77683,-0.00839848,0.991578
6,295,1,Yes,-4.65131,-0.00953545,0.990451
6,296,1,No,-0.167925,-1.86665,0.154632
6,297,1,No,-0.00927288,-4.67885,0.0092891
6,298,1,No,-0.00523732,-5.24325,0.00528274
6,299,1,No,-0.122004,-2.16357,0.114908
6,300,1,Yes,-2.33162,-0.10212,0.902868
6,301,1,Yes,-2.29628,-0.105998,0.899374
6,302,1,Yes,-1.84428,-0.172071,0.84187
6,303,1,Yes,-0.600077,-0.795648,0.451263
6,304,1,Yes,-2.77536,-0.0642911,0.937677
6,305,1,Yes,-2.11784,-0.128098,0.879716
6,306,1,Yes,-3.22176,-0.0406404,0.960118
6,307,1,Yes,-0.91371,-0.512452,0.59899
6,308,1,Yes,-0.804241,-0.593063,0.552599
6,309,1,No,-2.7726,-0.064475,0.937504
6,310,1,No,-0.0833276,-2.52561,0.0800045
6,311,1,No,-0.0122735,-4.40155,0.0122576
6,312,1,Yes,-2.16076,-0.12237,0.88477
6,313,1,No,-0.0140643,-4.26693,0.014024
6,314,1,Yes,-4.36928,-0.0126813,0.98734
6,315,1,No,-0.000433122,-7.6169,0.000492038
6,316,1,No,-0.000986705,-6.86355,0.00104514
6,317,1,Yes,-4.69095,-0.00916099,0.990823
6,318,1,Yes,-5.02095,-0.00656064,0.993402
6,319,1,No,-0.0644699,-2.77266,0.0624919
6,320,1,No,-0.0175566,-4.04769,0.0174617
6,321,1,No,-0.000624196,-7.28831,0.000683439
6,322,1,No,-0.000729469,-7.14497,0.000788773
6,323,1,No,-0.00127856,-6.61691,0.00133748
6,324,1,No,-0.000192243,-8.28851,0.000251374
6,325,1,No,-0.0121457,-4.41195,0.0121307
6,326,1,No,-0.0293547,-3.54091,0.0289852
6,327,1,Yes,-3.93302,-0.0197184,0.980417
6,328,1,Yes,-4.60434,-0.00999879,0.989992
6,329,1,Yes,-4.91229,-0.00732319,0.992645
6,330,1,No,-1.01987,-0.447197,0.63938
6,331,1,No,-0.160218,-1.90986,0.148093
6,332,1,No,-0.177042,-1.81821,0.162306
6,333,1,Yes,-1.11578,-0.396903,0.67236
6,334,1,Yes,-4.74561,-0.00866797,0.991311
6,335,1,Yes,-4.06036,-0.017333,0.982758
6,336,1,Yes,-3.68089,-0.0254632,0.974801
6,337,1,Yes,-2.73443,-0.067072,0.935073
6,338,1,Yes,-3.73157,-0.0241862,0.976046
6,339,1,No,-0.000266647,-8.02973,0.000325617
6,340,1,No,-0.000217342,-8.19245,0.000276718
6,341,1,No,-1.94722,-0.153864,0.857338
6,342,1,No,-1.09257,-0.408413,0.664665
6,343,1,No,-0.00345516,-5.65247,0.00350864
6,344,1,Yes,-4.054,-0.0174451,0.982648
6,345,1,Yes,-0.381724,-1.14767,0.317356
6,346,1,Yes,-2.55321,-0.0809633,0.922173
6,347,1,No,-0.12424,-2.14651,0.116884
6,348,1,No,-0.000955323,-6.89366,0.00101413
6,349,1,No,-0.175323,-1.82714,0.160863
6,350,1,Yes,-0.45029,-1.01441,0.362594
6,351,1,No,-0.929135,-0.502257,0.605128
6,352,1,No,-0.21718,-1.63335,0.195263
6,353,1,Yes,-1.29284,-0.3208,0.725525
6,354,1,No,-0.208409,-1.67033,0.188173
6,355,1,No,-0.1738,-1.83512,0.159585
6,356,1,Yes,-1.29331,-0.320623,0.725654
6,357,1,Yes,-0.700161,-0.686066,0.503524
6,358,1,No,-0.121623,-2.16651,0.11457
6,359,1,No,-0.35862,-1.19926,0.301401
6,360,1,Yes,-1.16726,-0.372746,0.6888
6,361,1,Yes,-3.18194,-0.0423299,0.958497
6,362,1,Yes,-2.2331,-0.113321,0.892811
6,363,1,No,-0.000195642,-8.27653,0.000254405
6,364,1,No,-0.000296756,-7.93982,0.000356249
6,365,1,Yes,-3.03638,-0.0491371,0.951994
6,366,1,Yes,-3.12335,-0.0449455,0.955993
6,367,1,No,-1.40515,-0.281397,0.754684
6,368,1,Yes,-3.72053,-0.0244583,0.97578
6,369,1,Yes,-2.57935,-0.0787885,0.924181
6,370,1,Yes,-2.80596,-0.0622901,0.939555
6,371,1,No,-0.0794578,-2.57122,0.0764378
6,372,1,Yes,-3.51284,-0.0302042,0.97019
6,373,1,Yes,-3.94385,-0.0195032,0.980628
6,374,1,Yes,-3.29502,-0.0377102,0.962935
6,375,1,Yes,-3.56187,-0.0287352,0.971616
6,376,1,Yes,-2.60293,-0.0768784,0.925948
6,377,1,Yes,-1.39737,-0.283941,0.752767
6,378,1,No,-0.0367488,-3.32034,0.0361385
6,379,1,Yes,-1.11025,-0.39961,0.670543
6,380,1,Yes,-3.28629,-0.0380477,0.96261
6,381,1,Yes,-0.298379,-1.35465,0.258023
6,382,1,No,-1.52473,-0.245417,0.782332
6,383,1,Yes,-1.09783,-0.405769,0.666425
6,384,1,Yes,-3.89703,-0.0204503,0.979699
6,385,1,No,-0.00465066,-5.36032,0.00469913
6,386,1,Yes,-4.15512,-0.0157482,0.984317
6,387,1,No,-0.000181334,-8.3341,0.000240171
6,388,1,No,-0.000776354,-7.08828,0.000834783
6,389,1,No,-0.000133523,-8.55446,0.000192672
6,390,1,Yes,-4.56037,-0.0104536,0.989542
6,391,1,Yes,-3.89207,-0.0205533,0.979598
6,392,1,Yes,-4.2812,-0.0138628,0.986175
6,393,1,No,-0.00248532,-5.97501,0.00254132
6,394,1,Yes,-1.53663,-0.24213,0.784907
6,395,1,No,-0.113467,-2.23189,0.107319
6,396,1,No,-0.0408526,-3.21665,0.0400866
6,397,1,No,-0.0181368,-4.01555,0.0180319
6,398,1,Yes,-2.98495,-0.0518017,0.949461
6,399,1,No,-0.000368186,-7.7575,0.0004275
6,400,1,No,-0.00162304,-6.38844,0.00168078
6,401,1,No,-0.109334,-2.26694,0.103623
6,402,1,Yes,-3.01433,-0.0502615,0.950924
6,403,1,Yes,-1.79447,-0.181711,0.833794
6,404,1,Yes,-2.8198,-0.0614064,0.940386
6,405,1,Yes,-3.69211,-0.0251741,0.975082
6,406,1,Yes,-4.83376,-0.00792855,0.992044
6,407,1,No,-0.993525,-0.46237,0.629752
6,408,1,Yes,-3.78057,-0.0230138,0.977192
6,409,1,Yes,-4.0795,-0.017001,0.983085
6,410,1,Yes,-4.0891,-0.016836,0.983247
6,411,1,Yes,-1.77827,-0.184971,0.83108
6,412,1,Yes,-3.17243,-0.0427436,0.958101
6,413,1,Yes,-3.00251,-0.0508765,0.950341
6,414,1,Yes,-0.245624,-1.52398,0.21783
6,415,1,Yes,-1.3528,-0.29902,0.741501
6,416,1,Yes,-2.98458,-0.0518212,0.949442
6,417,1,Yes,-0.828715,-0.573679,0.563416
6,418,1,No,-0.0210477,-3.86862,0.0208858
6,419,1,No,-0.119743,-2.18116,0.112904
6,420,1,No,-0.147623,-1.98557,0.137294
6,421,1,Yes,-0.0639317,-2.78078,0.0619863
6,422,1,No,-0.00805256,-4.81841,0.00807912
6,423,1,No,-0.0216007,-3.84301,0.0214278
6,424,1,No,-0.114438,-2.22384,0.108186
6,425,1,No,-0.0933965,-2.41657,0.0892219
6,426,1,No,-0.0041294,-5.47758,0.0041792
6,427,1,No,-0.00184109,-6.26639,0.00189896
6,428,1,Yes,-3.80199,-0.0225189,0.977675
6,429,1,Yes,-2.63185,-0.0746009,0.928059
6,430,1,No,-0.389498,-1.13115,0.322643
6,431,1,No,-1.04976,-0.430726,0.649999
6,432,1,Yes,-0.459409,-0.998582,0.36838
6,433,1,No,-0.0160862,-4.1341,0.0160161
6,434,1,No,-0.118368,-2.19202,0.111684
6,435,1,Yes,-2.14797,-0.124047,0.883286
6,436,1,No,-0.310858,-1.3196,0.267225
6,437,1,No,-0.0202667,-3.90594,0.0201208
6,438,1,No,-0.000133762,-8.55159,0.000193226
6,439,1,Yes,-3.13077,-0.0446049,0.956318
6,440,1,No,-0.000289005,-7.96287,0.000348131
6,441,1,No,-0.000413861,-7.65617,0.000473089
6,442,1,No,-0.455879,-1.00466,0.366147
6,443,1,Yes,-3.57731,-0.0282877,0.972051
6,444,1,Yes,-4.14164,-0.0159642,0.984104
6,445,1,Yes,-3.80464,-0.022459,0.977734
6,446,1,No,-4.59929,-0.0100501,0.989942
6,447,1,Yes,-1.21361,-0.35249,0.702894
6,448,1,No,-0.0717494,-2.66938,0.0692914
6,449,1,No,-0.113561,-2.23111,0.107403
6,450,1,No,-0.0761165,-2.61249,0.0733469
6,451,1,Yes,-2.60545,-0.0766771,0.926134
6,452,1,No,-2.7154,-0.0684065,0.933825
6,453,1,Yes,-3.37921,-0.0346075,0.965928
6,454,1,No,-0.0179304,-4.02689,0.0178286
6,455,1,No,-0.000679247,-7.21119,0.000738232
6,456,1,Yes,-4.56519,-0.0104025,0.989593
6,457,1,No,-0.00448043,-5.39711,0.00452939
6,458,1,No,-9.108e-05,-8.80215,0.000150401
6,459,1,Yes,-3.33169,-0.0363251,0.964269
6,460,1,No,-0.641549,-0.747428,0.473555
6,461,1,Yes,-2.86642,-0.0585226,0.943101
6,462,1,No,-0.077953,-2.58958,0.075047
6,463,1,No,-0.00349883,-5.64021,0.00355192
6,464,1,No,-0.000480052,-7.52535,0.000539206
6,465,1,No,-0.00437775,-5.4198,0.00442775
6,466,1,No,-0.000144075,-8.50044,0.000203367
6,467,1,No,-0.0250075,-3.69865,0.0247553
6,468,1,Yes,-3.19973,-0.0415664,0.959229
6,469,1,No,-0.00728326,-4.91761,0.00731614
6,470,1,No,-0.409216,-1.09098,0.335868
6,471,1,No,-0.188891,-1.7592,0.172172
6,472,1,No,-0.000191707,-8.29102,0.000250743
6,473,1,No,-0.000769971,-7.09546,0.00082881
6,474,1,No,-0.00561428,-5.17472,0.00565747
6,475,1,Yes,-3.12992,-0.0446444,0.956281
6,476,1,No,-0.971096,-0.475795,0.621354
6,477,1,Yes,-2.17068,-0.121085,0.885906
6,478,1,Yes,-4.04545,-0.0175965,0.982499
6,479,1,No,-0.00193407,-6.219,0.00199112
6,480,1,No,-0.000392097,-7.70334,0.000451288
6,481,1,No,-0.00199983,-6.18623,0.00205744
6,482,1,No,-0.00203035,-6.17171,0.00208755
6,483,1,No,-0.000479634,-7.52548,0.000539139
6,484,1,Yes,-3.25188,-0.0394084,0.961301
6,485,1,Yes,-3.54503,-0.0292322,0.971134
6,486,1,Yes,-2.54931,-0.0812934,0.921869
6,487,1,Yes,-3.13786,-0.0442826,0.956627
6,488,1,No,-1.3772,-0.290654,0.747731
6,489,1,No,-0.11148,-2.24858,0.105543
6,490,1,No,-0.0185137,-3.99524,0.0184019
6,491,1,Yes,-3.31702,-0.0368728,0.963741
6,492,1,No,-0.00411623,-5.48061,0.00416656
6,493,1,Yes,-3.65271,-0.0262016,0.974081
6,494,1,Yes,-3.95306,-0.0193223,0.980805
6,495,1,Yes,-2.40907,-0.0941345,0.910107
6,496,1,Yes,-1.60158,-0.225043,0.798435
6,497,1,Yes,-0.383282,-1.14433,0.318419
6,498,1,Yes,-4.62433,-0.00979845,0.99019
6,499,1,Yes,-3.22334,-0.0405744,0.960181
6,500,1,Yes,-3.46395,-0.0317449,0.968696
6,501,1,Yes,-0.111701,-2.24671,0.105741
6,502,1,Yes,-0.295151,-1.36399,0.255624
6,503,1,No,-0.607336,-0.78689,0.455232
6,504,1,Yes,-3.34469,-0.0358466,0.964731
6,505,1,Yes,-2.34496,-0.100696,0.904155
6,506,1,Yes,-2.08495,-0.132679,0.875695
6,507,1,No,-1.71097,-0.199222,0.81932
6,508,1,Yes,-3.45334,-0.0320904,0.968362
6,509,1,Yes,-4.02935,-0.0178854,0.982215
6,510,1,No,-0.128247,-2.11675,0.120416
6,511,1,No,-2.35923,-0.0991949,0.905513
6,512,1,Yes,-3.89212,-0.0205532,0.979599
6,513,1,No,-0.00347221,-5.64776,0.00352519
6,514,1,Yes,-1.70745,-0.199999,0.818683
6,515,1,No,-0.669222,-0.717538,0.487923
6,516,1,Yes,-2.37791,-0.0972664,0.907261
6,517,1,No,-1.05569,-0.427546,0.652069
6,518,1,No,-1.41509,-0.278186,0.757111
6,519,1,Yes,-3.60761,-0.0274304,0.972885
6,520,1,Yes,-4.2322,-0.0145667,0.98548
6,521,1,No,-0.476224,-0.970394,0.378912
6,522,1,Yes,-1.32525,-0.308806,0.73428
6,523,1,No,-0.466035,-0.987321,0.372552
6,524,1,No,-2.65571,-0.072775,0.929755
6,525,1,No,-0.000676861,-7.21412,0.000736075
6,526,1,Yes,-4.15197,-0.0157983,0.984268
6,527,1,Yes,-2.22691,-0.114069,0.892145
6,528,1,No,-0.223946,-1.60594,0.200689
6,529,1,No,-0.00177021,-6.30472,0.00182755
6,530,1,Yes,-3.38112,-0.0345396,0.965993
6,531,1,No,-0.40895,-1.0915,0.335691
6,532,1,No,-1.62347,-0.219593,0.802798
6,533,1,No,-0.000123568,-8.6071,0.000182793
6,534,1,No,-6.16331e-05,-9.0225,0.000120657
6,535,1,No,-4.69696e-05,-9.146,0.000106639
6,536,1,No,-5.18574e-05,-9.09936,0.000111731
6,537,1,No,-0.0176751,-4.04104,0.0175781
6,538,1,No,-0.0221624,-3.81774,0.0219761
6,539,1,Yes,-2.96669,-0.0527829,0.94853
6,540,1,Yes,-0.0555359,-2.91727,0.0540781
6,541,1,No,-0.0675943,-2.72693,0.0654158
6,542,1,No,-0.000190157,-8.29534,0.000249663
6,543,1,No,-0.102222,-2.33068,0.097224
6,544,1,Yes,-2.67916,-0.0710252,0.931383
6,545,1,No,-0.000113553,-8.66485,0.000172535
6,546,1,No,-0.000206134,-8.23413,0.000265423
6,547,1,Yes,-2.69733,-0.0696989,0.932619
6,548,1,Yes,-2.43103,-0.0919918,0.912059
6,549,1,Yes,-3.69307,-0.0251503,0.975106
6,550,1,No,-0.000125416,-8.59442,0.000185126
6,551,1,No,-0.00175391,-6.31306,0.00181238
6,552,1,No,-0.836666,-0.567561,0.566873
6,553,1,No,-0.000309515,-7.90538,0.000368731
6,554,1,No,-1.25849,-0.334109,0.715934
6,555,1,Yes,-0.348593,-1.22289,0.294361
6,556,1,Yes,-1.56229,-0.235212,0.790357
6,557,1,No,-0.0312618,-3.47901,0.0308362
6,558,1,No,-0.0092203,-4.68454,0.00923647
6,559,1,Yes,-2.93686,-0.0544277,0.946971
6,560,1,No,-0.00254669,-5.95127,0.00260238
6,561,1,Yes,-2.53932,-0.0821439,0.921085
6,562,1,Yes,-2.83276,-0.0605908,0.941153
6,563,1,Yes,-4.26766,-0.0140539,0.985986
6,564,1,Yes,-5.46268,-0.00419183,0.995758
6,565,1,Yes,-3.17103,-0.042804,0.958042
6,566,1,No,-0.216771,-1.63504,0.194933
6,567,1,Yes,-0.651759,-0.7362,0.478902
6,568,1,Yes,-0.2148,-1.64322,0.193345
6,569,1,Yes,-0.64111,-0.747918,0.473323
6,570,1,Yes,-0.355279,-1.20704,0.299064
6,571,1,Yes,-2.09565,-0.13117,0.877017
6,572,1,Yes,-3.41939,-0.0332189,0.96727
6,573,1,No,-0.446916,-1.02037,0.36044
6,574,1,No,-0.000139961,-8.52255,0.000198919
6,575,1,Yes,-5.01241,-0.0066168,0.993345
6,576,1,Yes,-0.674085,-0.71246,0.490408
6,577,1,No,-0.021825,-3.83284,0.0216468
6,578,1,Yes,-3.16927,-0.0428812,0.957968
6,579,1,No,-0.262753,-1.46479,0.231113
6,580,1,No,-0.0163725,-4.11667,0.0162977
6,581,1,No,-0.00205083,-6.1622,0.00210748
6,582,1,No,-0.0164186,-4.11389,0.0163431
6,583,1,Yes,-2.77217,-0.0645039,0.937478
6,584,1,Yes,-3.87505,-0.0209114,0.979248
6,585,1,Yes,-1.33084,-0.306793,0.73576
6,586,1,No,-0.0155808,-4.16562,0.0155192
6,587,1,No,-0.0424726,-3.17863,0.0416403
6,588,1,No,-0.0248297,-3.70566,0.0245825
6,589,1,No,-0.00558239,-5.18034,0.00562573
6,590,1,Yes,-4.17313,-0.0154641,0.984597
6,591,1,No,-0.0299089,-3.52247,0.0295245
6,592,1,No,-0.038137,-3.28401,0.0374755
6,593,1,Yes,-0.0182729,-4.00816,0.0181657
6,594,1,No,-3.30867,-0.0371885,0.963437
6,595,1,No,-0.528978,-0.889522,0.410828
6,596,1,Yes,-1.13949,-0.385549,0.680037
6,597,1,Yes,-4.60262,-0.0100162,0.989975
6,598,1,Yes,-0.338521,-1.24745,0.287218
6,599,1,Yes,-1.39582,-0.28445,0.752384
6,600,1,Yes,-0.360946,-1.19389,0.303024
6,601,1,Yes,-0.606268,-0.788168,0.45465
6,602,1,No,-0.239062,-1.54791,0.21268
6,603,1,Yes,-4.28285,-0.0138388,0.986198
6,604,1,No,-0.670468,-0.716232,0.488561
6,605,1,No,-0.00147272,-6.48179,0.00153098
6,606,1,No,-0.000857482,-6.99473,0.000916642
6,607,1,No,-0.0120879,-4.41664,0.0120741
6,608,1,Yes,-0.864388,-0.546885,0.578716
6,609,1,No,-0.000293119,-7.95151,0.000352109
6,610,1,No,-0.100675,-2.34515,0.0958271
6,611,1,Yes,-2.05887,-0.136438,0.872409
6,612,1,Yes,-0.963648,-0.480361,0.618524
6,613,1,Yes,-1.80447,-0.17973,0.835447
6,614,1,Yes,-4.57214,-0.0103295,0.989665
6,615,1,No,-2.04262,-0.138837,0.870319
6,616,1,Yes,-2.09794,-0.130849,0.877299
6,617,1,Yes,-5.26642,-0.00511534,0.994838
6,618,1,Yes,-1.67677,-0.206923,0.813034
6,619,1,Yes,-2.965,-0.0528749,0.948442
6,620,1,Yes,-4.52808,-0.0107999,0.989199
6,621,1,No,-0.079362,-2.57238,0.0763494
6,622,1,Yes,-3.59405,-0.0278107,0.972515
6,623,1,Yes,-0.498189,-0.935401,0.392406
6,624,1,Yes,-3.09423,-0.0463063,0.954693
6,625,1,Yes,-1.97181,-0.14983,0.860804
6,626,1,Yes,-5.43259,-0.0043219,0.995628
6,627,1,No,-7.85024e-05,-8.88859,0.000137946
6,628,1,Yes,-3.38421,-0.0344308,0.966098
6,629,1,Yes,-2.30748,-0.104753,0.900494
6,630,1,Yes,-0.726731,-0.660541,0.516542
6,631,1,Yes,-2.65832,-0.0725773,0.929938
6,632,1,Yes,-1.51127,-0.249193,0.779384
6,633,1,Yes,-0.647336,-0.741036,0.476592
6,634,1,Yes,-1.79461,-0.181681,0.833818
6,635,1,No,-0.00693845,-4.96554,0.00697379
6,636,1,No,-0.371012,-1.17111,0.310005
6,637,1,Yes,-2.42797,-0.0922872,0.91179
6,638,1,Yes,-2.16024,-0.122436,0.88471
6,639,1,Yes,-0.26563,-1.45527,0.233323
6,640,1,No,-0.00028507,-7.97328,0.000344527
6,641,1,No,-0.257322,-1.48307,0.226927
6,642,1,No,-0.254355,-1.49325,0.224629
6,643,1,Yes,-3.57916,-0.0282343,0.972102
6,644,1,Yes,-3.40178,-0.03382,0.966688
6,645,1,Yes,-2.53551,-0.0824706,0.920783
6,646,1,Yes,-1.64794,-0.213671,0.807566
6,647,1,Yes,-0.527188,-0.892093,0.409773
6,648,1,No,-0.000967732,-6.882,0.00102603
6,649,1,No,-1.79921,-0.180767,0.83458
6,650,1,No,-0.217731,-1.63109,0.195706
6,651,1,Yes,-3.12378,-0.0449255,0.956012
6,652,1,No,-0.918925,-0.508975,0.601076
6,653,1,No,-0.000173703,-8.36513,0.000232833
6,654,1,Yes,-0.615814,-0.776838,0.459831
6,655,1,Yes,-3.49864,-0.0306443,0.969763
6,656,1,No,-2.59116,-0.0778256,0.925071
6,657,1,Yes,-0.971451,-0.475578,0.621489
6,658,1,Yes,-4.62155,-0.00982644,0.990163
6,659,1,Yes,-0.701026,-0.685214,0.503953
6,660,1,Yes,-4.18508,-0.0152779,0.98478
6,661,1,No,-1.41259,-0.278992,0.756501
6,662,1,Yes,-2.44487,-0.0906669,0.913268
6,663,1,No,-0.0544086,-2.93719,0.0530116
6,664,1,No,-0.000529966,-7.43606,0.000589571
6,665,1,No,-9.61469e-05,-8.76809,0.000155611
6,666,1,Yes,-3.9981,-0.0184604,0.981651
6,667,1,Yes,-2.37243,-0.0978281,0.906752
6,668,1,Yes,-4.0074,-0.018287,0.981821
6,669,1,Yes,-3.19859,-0.0416146,0.959183
6,670,1,Yes,-1.58126,-0.230239,0.794297
6,671,1,No,-0.00374182,-5.57425,0.0037941
6,672,1,No,-0.00859853,-4.75356,0.0086204
6,673,1,No,-0.000225689,-8.16351,0.000284844
6,674,1,No,-0.000235228,-8.13057,0.000294384
6,675,1,No,-0.000103837,-8.72188,0.000162971
6,676,1,No,-6.70575e-05,-8.97861,0.00012607
6,677,1,Yes,-2.12107,-0.127655,0.880104
6,678,1,No,-0.00456587,-5.37838,0.00461501
6,679,1,No,-2.56316,-0.0801273,0.922944
6,680,1,No,-0.00114864,-6.71954,0.00120702
6,681,1,No,-0.00103348,-6.81963,0.00109206
6,682,1,No,-0.0795667,-2.56991,0.0765379
6,683,1,Yes,-1.49341,-0.254306,0.775408
6,684,1,No,-0.83847,-0.566185,0.567654
6,685,1,No,-0.247088,-1.51874,0.218974
6,686,1,No,-0.00483703,-5.32157,0.00488477
6,687,1,No,-0.000723862,-7.15187,0.000783347
6,688,1,No,-0.000124462,-8.60379,0.000183399
6,689,1,Yes,-5.01697,-0.00658698,0.993376
6,690,1,No,-0.103963,-2.31465,0.0987945
6,691,1,Yes,-1.4981,-0.252953,0.776458
6,692,1,No,-9.39413e-05,-8.78309,0.000153294
6,693,1,No,-0.00178723,-6.29534,0.00184477
6,694,1,No,-0.00669726,-5.00049,0.00673425
6,695,1,No,-0.000522989,-7.44877,0.000582121
6,696,1,Yes,-1.18714,-0.363893,0.694924
6,697,1,No,-0.00102722,-6.82529,0.0010859
6,698,1,No,-0.000191349,-8.29147,0.000250632
6,699,1,No,-0.0049878,-5.29139,0.00503447
6,700,1,No,-0.00329542,-5.699,0.00334911
6,701,1,Yes,-2.33433,-0.101829,0.903131
6,702,1,Yes,-1.96143,-0.15152,0.85935
6,703,1,No,-0.244113,-1.52943,0.216647
6,704,1,No,-0.0985688,-2.36525,0.09392
6,705,1,No,-0.0468024,-3.08383,0.0457809
6,706,1,No,-0.787568,-0.60677,0.545077
6,707,1,No,-0.00045763,-7.56764,0.000516881
6,708,1,No,-0.000280777,-7.98674,0.000339919
6,709,1,Yes,-5.14217,-0.00580251,0.994155
6,710,1,Yes,-1.08741,-0.411024,0.662932
6,711,1,No,-0.0076136,-4.87389,0.00764312
6,712,1,No,-0.0129143,-4.35126,0.0128897
6,713,1,No,-0.220766,-1.61871,0.198143
6,714,1,Yes,-2.58152,-0.0786111,0.924345
6,715,1,Yes,-2.16764,-0.121477,0.88556
6,716,1,Yes,-2.61868,-0.0756294,0.927105
6,717,1,No,-0.000233678,-8.13452,0.000293223
6,718,1,No,-0.000777606,-7.08609,0.000836611
6,719,1,No,-0.000256333,-8.06067,0.000315698
6,720,1,No,-0.000661831,-7.23538,0.00072059
6,721,1,No,-0.00144025,-6.50318,0.00149857
6,722,1,No,-0.00119525,-6.68172,0.00125354
6,723,1,No,-0.690948,-0.695234,0.498928
6,724,1,No,-0.000929907,-6.91903,0.000988731
6,725,1,No,-0.319186,-1.29712,0.273303
6,726,1,No,-1.53821,-0.241697,0.785248
6,727,1,Yes,-4.40162,-0.0122735,0.987743
6,728,1,Yes,-4.39284,-0.0123828,0.987635
6,729,1,No,-0.00390816,-5.53171,0.00395897
6,730,1,Yes,-4.65988,-0.00945265,0.990533
6,731,1,Yes,-1.93068,-0.156642,0.854959
6,732,1,Yes,-3.69072,-0.0252101,0.975048
6,733,1,Yes,-4.35633,-0.0128491,0.987175
6,734,1,Yes,-0.806197,-0.591484,0.553473
6,735,1,No,-0.0107461,-4.53308,0.0107469
6,736,1,Yes,-0.912907,-0.51299,0.598668
6,737,1,No,-0.20442,-1.68773,0.184928
6,738,1,Yes,-0.430056,-1.051,0.349566
6,739,1,No,-0.001878,-6.24746,0.00193525
6,740,1,No,-1.09424,-0.40757,0.665226
6,741,1,Yes,-1.65879,-0.211103,0.809643
6,742,1,Yes,-3.08008,-0.046983,0.954047
6,743,1,Yes,-2.60379,-0.0768092,0.926012
6,744,1,No,-0.265731,-1.45494,0.2334
6,745,1,Yes,-1.63917,-0.215773,0.80587
6,746,1,Yes,-1.32891,-0.307486,0.73525
6,747,1,Yes,-2.07872,-0.133567,0.874917
6,748,1,Yes,-0.224944,-1.60197,0.201486
6,749,1,No,-0.0010885,-6.77024,0.00114735
6,750,1,Yes,-3.98353,-0.0187345,0.981381
6,751,1,Yes,-3.42168,-0.033142,0.967345
6,752,1,No,-0.113844,-2.22875,0.107656
6,753,1,No,-0.525912,-0.893937,0.409018
6,754,1,Yes,-3.07862,-0.0470529,0.95398
6,755,1,Yes,-4.3682,-0.0126948,0.987327
6,756,1,Yes,-4.43133,-0.0119096,0.988102
6,757,1,Yes,-4.18386,-0.0152963,0.984761
6,758,1,Yes,-3.6383,-0.0265881,0.973704
6,759,1,No,-0.0004172,-7.65032,0.000475864
6,760,1,No,-1.8135,-0.17796,0.836927
6,761,1,No,-0.00568818,-5.16185,0.00573073
6,762,1,No,-0.6045,-0.790294,0.453685
6,763,1,Yes,-3.52854,-0.0297259,0.970654
6,764,1,Yes,-4.82713,-0.00798244,0.991991
6,765,1,No,-0.00237783,-6.01805,0.00243428
6,766,1,Yes,-4.5472,-0.0105938,0.989404
6,767,1,Yes,-2.33173,-0.10211,0.902878
6,768,1,Yes,-3.82639,-0.0219681,0.978213
6,769,1,Yes,-2.62245,-0.0753327,0.92738
6,770,1,Yes,-0.399321,-1.11083,0.329265
6,771,1,No,-1.1434,-0.383716,0.681285
6,772,1,Yes,-3.47403,-0.0314215,0.96901
6,773,1,No,-0.0140319,-4.26915,0.0139929
6,774,1,Yes,-4.23928,-0.014463,0.985583
6,775,1,No,-0.00970823,-4.6335,0.00972009
6,776,1,Yes,-1.92053,-0.158376,0.853479
6,777,1,No,-0.208806,-1.66862,0.188495
6,778,1,No,-1.36456,-0.294954,0.744522
6,779,1,Yes,-3.83614,-0.0217528,0.978425
6,780,1,Yes,-2.90418,-0.0562887,0.94521
6,781,1,Yes,-4.43246,-0.0118966,0.988116
6,782,1,No,-1.80089,-0.180435,0.834858
6,783,1,No,-0.0284079,-3.57313,0.0280662
6,784,1,No,-0.000119693,-8.63082,0.000178508
6,785,1,No,-0.905223,-0.518174,0.595572
6,786,1,No,-0.000559725,-7.38751,0.000618899
6,787,1,No,-0.00806698,-4.81667,0.0080932
6,788,1,No,-0.020274,-3.90561,0.0201274
6,789,1,No,-0.00500715,-5.28771,0.00505305
6,790,1,Yes,-3.35462,-0.0354857,0.96508
6,791,1,No,-0.0973931,-2.37666,0.0928543
6,792,1,No,-0.111175,-2.25116,0.105271
6,793,1,No,-0.0184703,-3.99758,0.018359
6,794,1,No,-0.0151971,-4.19032,0.0151405
6,795,1,No,-0.181224,-1.79691,0.165801
6,796,1,Yes,-1.08664,-0.411417,0.662672
6,797,1,Yes,-0.876732,-0.537995,0.583884
6,798,1,No,-2.32901,-0.102402,0.902613
6,799,1,No,-2.97157,-0.052519,0.94878
6,800,1,Yes,-1.84096,-0.172696,0.841344
6,801,1,No,-0.000376593,-7.73819,0.000435836
6,802,1,Yes,-4.76609,-0.00848966,0.991487
6,803,1,No,-1.04798,-0.431682,0.649377
6,804,1,No,-0.120652,-2.17405,0.11371
6,805,1,Yes,-0.422285,-1.06563,0.344491
6,806,1,No,-0.00150209,-6.46321,0.00155969
6,807,1,Yes,-3.15327,-0.0435898,0.95729
6,808,1,No,-0.00113587,-6.72979,0.00119471
6,809,1,Yes,-3.72679,-0.0243036,0.975931
6,810,1,Yes,-0.13013,-2.10309,0.122072
6,811,1,No,-0.967297,-0.478117,0.619913
6,812,1,No,-0.00113844,-6.7279,0.00119697
6,813,1,No,-0.679153,-0.707222,0.492983
6,814,1,No,-0.200847,-1.70363,0.182011
6,815,1,No,-0.100463,-2.34716,0.0956347
6,816,1,Yes,-2.69575,-0.0698147,0.932512
6,817,1,Yes,-3.17484,-0.0426379,0.958202
6,818,1,Yes,-1.15663,-0.377586,0.685474
6,819,1,No,-0.0585836,-2.86539,0.0569573
6,820,1,Yes,-1.98643,-0.147486,0.862823
6,821,1,Yes,-2.91356,-0.0557485,0.945721
6,822,1,Yes,-4.18864,-0.0152234,0.984834
6,823,1,Yes,-3.048,-0.0485552,0.952549
6,824,1,Yes,-4.85953,-0.00772508,0.992246
6,825,1,Yes,-1.25494,-0.335521,0.714924
6,826,1,Yes,-0.0164477,-4.11216,0.0163714
6,827,1,No,-0.0029029,-5.82306,0.00295837
6,828,1,Yes,-3.1863,-0.0421407,0.958678
6,829,1,Yes,-3.48584,-0.0310458,0.969374
6,830,1,No,-0.000105029,-8.71323,0.000164387
6,831,1,No,-1.398,-0.283731,0.752925
6,832,1,Yes,-3.54141,-0.0293405,0.971029
6,833,1,Yes,-4.70838,-0.00900063,0.990981
6,834,1,Yes,-1.91573,-0.159201,0.852774
6,835,1,Yes,-3.75288,-0.0236689,0.976551
6,836,1,Yes,-2.08353,-0.132882,0.875517
6,837,1,Yes,-3.12093,-0.0450567,0.955887
6,838,1,Yes,-2.81155,-0.0619312,0.939892
6,839,1,No,-0.00014628,-8.49221,0.000205048
6,840,1,Yes,-0.818432,-0.58172,0.558903
6,841,1,No,-0.907802,-0.516426,0.596614
6,842,1,No,-0.000121124,-8.61956,0.000180529
6,843,1,Yes,-3.79766,-0.0226173,0.977578
6,844,1,Yes,-1.38974,-0.286457,0.750875
6,845,1,No,-0.00674995,-4.99292,0.00678545
6,846,1,Yes,-0.184033,-1.7829,0.16814
6,847,1,No,-0.00145243,-6.4952,0.00151058
6,848,1,No,-0.0023519,-6.02874,0.00240838
6,849,1,Yes,-2.60303,-0.0768699,0.925956
6,850,1,No,-0.00032293,-7.8695,0.000382201
6,851,1,Yes,-3.50178,-0.0305464,0.969858
6,852,1,No,-0.145544,-1.99873,0.135499
6,853,1,Yes,-0.603185,-0.791881,0.452965
6,854,1,Yes,-4.55224,-0.0105399,0.989457
6,855,1,No,-0.488398,-0.950753,0.386427
6,856,1,No,-0.0599358,-2.84328,0.0582307
6,857,1,No,-0.165185,-1.88175,0.152314
6,858,1,No,-0.158256,-1.92122,0.146419
6,859,1,Yes,-0.643763,-0.744975,0.474719
6,860,1,No,-0.431415,-1.04848,0.350449
6,861,1,Yes,-3.34867,-0.0357017,0.964871
6,862,1,No,-0.0361579,-3.33621,0.0355694
6,863,1,No,-0.00251448,-5.9637,0.00257023
6,864,1,Yes,-4.004,-0.0183509,0.981758
6,865,1,No,-0.000842986,-7.01107,0.000901792
6,866,1,No,-0.000927879,-6.92071,0.000987066
6,867,1,No,-0.000653958,-7.24573,0.000713174
6,868,1,Yes,-0.945882,-0.491477,0.611686
6,869,1,Yes,-0.561667,-0.844433,0.429776
6,870,1,No,-0.00133777,-6.57399,0.00139613
6,871,1,No,-0.00408631,-5.48759,0.00413755
6,872,1,Yes,-3.05326,-0.0482935,0.952798
6,873,1,Yes,-3.01961,-0.0499902,0.951183
6,874,1,Yes,-2.65347,-0.0729445,0.929598
6,875,1,No,-0.0971352,-2.37918,0.0926207
6,876,1,Yes,-2.13908,-0.125228,0.882243
6,877,1,No,-0.0397691,-3.24299,0.0390448
6,878,1,Yes,-4.4664,-0.0114952,0.988512
6,879,1,Yes,-1.97538,-0.149254,0.861299
6,880,1,Yes,-4.63259,-0.0097169,0.990271
6,881,1,No,-0.0109773,-4.51197,0.0109762
6,882,1,Yes,-4.42665,-0.0119666,0.988046
6,883,1,Yes,-4.61662,-0.00987598,0.990114
6,884,1,Yes,-1.3694,-0.293297,0.745756
6,885,1,Yes,-2.37329,-0.097739,0.906832
6,886,1,Yes,-4.55407,-0.0105197,0.989476
6,887,1,No,-0.98374,-0.468167,0.626112
6,888,1,Yes,-0.741264,-0.647128,0.523517
6,889,1,Yes,-0.341031,-1.24125,0.289005
6,890,1,Yes,-1.11252,-0.398494,0.671291
6,891,1,Yes,-3.81749,-0.0221674,0.978018
6,892,1,Yes,-4.96512,-0.00694223,0.993023
6,893,1,Yes,-4.40134,-0.0122771,0.98774
6,894,1,Yes,-3.90522,-0.0202818,0.979865
6,895,1,Yes,-3.76465,-0.0233888,0.976826
6,896,1,No,-0.000163926,-8.40689,0.00022331
6,897,1,No,-0.000267541,-8.02605,0.000326818
6,898,1,Yes,-2.74767,-0.0661585,0.935927
6,899,1,No,-0.000358407,-7.78091,0.000417608
6,900,1,No,-0.000203869,-8.24398,0.00026282
6,901,1,Yes,-4.57187,-0.0103321,0.989662
6,902,1,Yes,-1.02414,-0.444797,0.640917
6,903,1,No,-0.0871614,-2.48254,0.0835255
6,904,1,Yes,-4.39258,-0.0123864,0.987632
6,905,1,Yes,-4.17969,-0.0153612,0.984698
6,906,1,Yes,-4.13663,-0.0160449,0.984024
6,907,1,No,-0.0849909,-2.50667,0.0815341
6,908,1,No,-0.443299,-1.02682,0.358122
6,909,1,No,-0.774511,-0.617799,0.539098
6,910,1,Yes,-1.61517,-0.221642,0.801155
6,911,1,No,-0.000298306,-7.93517,0.00035791
6,912,1,Yes,-0.338882,-1.24656,0.287476
6,913,1,No,-0.15509,-1.93988,0.143713
6,914,1,No,-0.0024579,-5.98566,0.0025144
6,915,1,Yes,-3.63724,-0.0266166,0.973677
6,916,1,No,-0.0103733,-4.56794,0.0103787
6,917,1,Yes,-2.08847,-0.132181,0.876131
6,918,1,Yes,-3.3157,-0.0369228,0.963693
6,919,1,Yes,-4.47341,-0.0114137,0.988592
6,920,1,Yes,-2.44546,-0.0906123,0.913318
6,921,1,No,-0.0071839,-4.93125,0.00721706
6,922,1,No,-0.15759,-1.92512,0.14585
6,923,1,Yes,-3.82342,-0.0220342,0.978148
6,924,1,Yes,-4.02796,-0.0179118,0.98219
6,925,1,Yes,-0.391069,-1.12786,0.323706
6,926,1,Yes,-4.64454,-0.00960104,0.990387
6,927,1,Yes,-2.33177,-0.102105,0.902882
6,928,1,No,-0.000743009,-7.12818,0.000802129
6,929,1,No,-0.000429067,-7.62417,0.000488474
6,930,1,Yes,-2.53211,-0.0827643,0.920513
6,931,1,No,-0.0533612,-2.95609,0.0520189
6,932,1,No,-0.0145965,-4.23015,0.0145493
6,933,1,Yes,-2.44262,-0.0908802,0.913073
6,934,1,No,-0.00119835,-6.6791,0.00125684
6,935,1,No,-0.0044481,-5.40416,0.00449758
6,936,1,Yes,-3.37883,-0.034621,0.965915
6,937,1,No,-0.00286285,-5.83674,0.00291816
6,938,1,No,-0.0108864,-4.52018,0.0108864
6,939,1,No,-0.00243364,-5.99534,0.00249018
6,940,1,Yes,-3.22405,-0.0405456,0.960209
6,941,1,No,-0.019093,-3.96483,0.0189702
6,942,1,No,-0.0313659,-3.47576,0.0309366
6,943,1,Yes,-5.42408,-0.00435956,0.995591
6,944,1,Yes,-0.276134,-1.42152,0.241333
6,945,1,No,-0.0249784,-3.6998,0.024727
6,946,1,Yes,-2.35517,-0.0996189,0.905129
6,947,1,Yes,-0.416476,-1.07678,0.340672
6,948,1,Yes,-3.40361,-0.0337573,0.966749
6,949,1,Yes,-4.56616,-0.0103921,0.989603
6,950,1,No,-0.00161994,-6.39013,0.00167795
6,951,1,Yes,-3.27428,-0.0385174,0.962158
6,952,1,Yes,-0.981954,-0.469236,0.625443
6,953,1,Yes,-1.48491,-0.256785,0.77349
6,954,1,Yes,-3.92531,-0.0198727,0.980265
6,955,1,Yes,-0.967174,-0.478193,0.619867
6,956,1,Yes,-3.98863,-0.0186387,0.981476
6,957,1,Yes,-3.37087,-0.0349022,0.965642
6,958,1,Yes,-3.93079,-0.0197633,0.980373
6,959,1,No,-0.0265421,-3.64002,0.0262503
6,960,1,No,-0.00088039,-6.96989,0.0009397
6,961,1,Yes,-3.49934,-0.0306226,0.969784
6,962,1,No,-0.00351031,-5.63702,0.00356325
6,963,1,No,-0.0718073,-2.66859,0.0693456
6,964,1,No,-0.616832,-0.775644,0.46038
6,965,1,No,-0.00238357,-6.01553,0.00244041
6,966,1,No,-0.0281581,-3.58183,0.027823
6,967,1,No,-0.064099,-2.77825,0.0621438
6,968,1,No,-1.43127,-0.273053,0.761008
6,969,1,Yes,-1.50579,-0.250752,0.77817
6,970,1,Yes,-3.89885,-0.0204127,0.979736
6,971,1,Yes,-4.02776,-0.0179142,0.982187
6,972,1,No,-0.0392891,-3.25484,0.0385848
6,973,1,No,-0.188278,-1.76215,0.171665
6,974,1,Yes,-1.53252,-0.24326,0.784022
6,975,1,No,-0.359876,-1.19635,0.302278
6,976,1,No,-0.494952,-0.940434,0.390436
6,977,1,Yes,-0.882641,-0.533805,0.586335
6,978,1,Yes,-3.28956,-0.0379214,0.962732
6,979,1,Yes,-0.172809,-1.84036,0.158751
6,980,1,Yes,-0.362592,-1.19011,0.30417
6,981,1,Yes,-0.311206,-1.31865,0.26748
6,982,1,Yes,-0.249188,-1.51129,0.220612
6,983,1,Yes,-2.91578,-0.055621,0.945841
6,984,1,No,-0.413287,-1.08298,0.338566
6,985,1,No,-0.905118,-0.518246,0.595529
6,986,1,Yes,-0.890609,-0.528221,0.589618
6,987,1,Yes,-0.932457,-0.500095,0.606437
6,988,1,Yes,-3.41327,-0.0334267,0.967069
6,989,1,Yes,-1.55586,-0.236924,0.789005
6,990,1,Yes,-0.6968,-0.68939,0.501852
6,991,1,Yes,-0.678267,-0.708133,0.492534
6,992,1,No,-0.523675,-0.897178,0.407695
6,993,1,Yes,-1.69105,-0.203667,0.815686
6,994,1,Yes,-1.38353,-0.288528,0.749322
6,995,1,Yes,-0.845413,-0.560929,0.570645
6,996,1,Yes,-3.03367,-0.0492734,0.951864
6,997,1,Yes,-2.64143,-0.0738625,0.928745
6,998,1,Yes,-4.13306,-0.0161035,0.983967
6,999,1,Yes,-4.0558,-0.0174125,0.982679
6,1000,1,Yes,-1.60846,-0.223315,0.799815
6,1001,1,Yes,-1.92433,-0.157723,0.854036
6,1002,1,Yes,-3.72185,-0.0244256,0.975812
6,1003,1,Yes,-4.56,-0.0104573,0.989539
6,1004,1,Yes,-4.67497,-0.00930988,0.990675
6,1005,1,No,-0.664733,-0.722272,0.485619
6,1006,1,Yes,-1.00248,-0.457144,0.633052
6,1007,1,Yes,-2.58979,-0.077937,0.924968
6,1008,1,Yes,-1.1404,-0.385123,0.680327
6,1009,1,Yes,-4.2754,-0.0139437,0.986094
6,1010,1,Yes,-3.78616,-0.0228835,0.977319
6,1011,1,Yes,-4.23008,-0.0145984,0.98545
6,1012,1,Yes,-4.3013,-0.013584,0.98645
6,1013,1,Yes,-2.53878,-0.0821902,0.921042
6,1014,1,Yes,-4.55606,-0.0104987,0.989497
6,1015,1,No,-0.0165759,-4.10448,0.0164977
6,1016,1,Yes,-1.7926,-0.182082,0.833484
6,1017,1,Yes,-2.22229,-0.114628,0.891645
6,1018,1,Yes,-3.18171,-0.0423395,0.958488
6,1019,1,Yes,-4.02739,-0.0179209,0.98218
6,1020,1,No,-0.00108927,-6.76984,0.00114781
6,1021,1,No,-0.0243042,-3.72678,0.0240688
6,1022,1,No,-0.0146582,-4.22603,0.0146094
6,1023,1,Yes,-4.3252,-0.0132591,0.98677
6,1024,1,Yes,-2.97016,-0.0525947,0.948708
6,1025,1,Yes,-0.562828,-0.842894,0.430438
6,1026,1,Yes,-3.64465,-0.0264173,0.973871
6,1027,1,Yes,-1.12165,-0.394056,0.674276
6,1028,1,Yes,-1.763,-0.188102,0.828481
6,1029,1,Yes,-1.56809,-0.233678,0.79157
6,1030,1,Yes,-2.25869,-0.110292,0.895519
6,1031,1,Yes,-0.203002,-1.694,0.183772
6,1032,1,No,-0.0153745,-4.17882,0.0153156
6,1033,1,No,-0.140658,-2.03047,0.131265
6,1034,1,No,-1.75417,-0.189939,0.82696
6,1035,1,Yes,-1.85453,-0.170158,0.843482
6,1036,1,Yes,-3.19664,-0.0416976,0.959103
6,1037,1,Yes,-3.12546,-0.0448487,0.956086
6,1038,1,No,-0.00844097,-4.77188,0.00846395
6,1039,1,No,-0.139292,-2.03957,0.130077
6,1040,1,No,-0.0476046,-3.06725,0.046546
6,1041,1,Yes,-3.56793,-0.0285593,0.971787
6,1042,1,Yes,-3.37718,-0.0346782,0.965859
6,1043,1,No,-0.663021,-0.724087,0.484738
6,1044,1,Yes,-2.47356,-0.0879841,0.915721
6,1045,1,Yes,-1.28411,-0.324123,0.723119
6,1046,1,No,-0.0112741,-4.48557,0.0112698
6,1047,1,No,-0.0143596,-4.24631,0.0143161
6,1048,1,No,-0.000184613,-8.32091,0.00024336
6,1049,1,No,-0.000157846,-8.43609,0.000216883
6,1050,1,No,-7.53431e-05,-8.91435,0.000134438
6,1051,1,No,-0.000285428,-7.97221,0.000344897
6,1052,1,No,-0.000108069,-8.69646,0.000167166
6,1053,1,No,-0.000192243,-8.28754,0.000251619
6,1054,1,No,-0.0554955,-2.91797,0.0540401
6,1055,1,No,-0.00152824,-6.44601,0.00158674
6,1056,1,No,-0.00160901,-6.39659,0.00166714
6,1057,1,No,-0.00103199,-6.82089,0.00109068
6,1058,1,No,-0.000153792,-8.45327,0.000213188
6,1059,1,No,-0.000128516,-8.5819,0.000187458
6,1060,1,No,-0.00214353,-6.11874,0.00220109
6,1061,1,Yes,-2.43858,-0.0912657,0.912721
6,1062,1,Yes,-4.78131,-0.00836055,0.991615
6,1063,1,No,-3.82109,-0.0220868,0.978097
6,1064,1,Yes,-4.84577,-0.00783309,0.992139
6,1065,1,No,-1.99951,-0.145422,0.864606
6,1066,1,No,-0.000117666,-8.63934,0.000176993
6,1067,1,No,-7.16474e-05,-8.9427,0.00013068
6,1068,1,No,-0.03782,-3.29216,0.0371714
6,1069,1,No,-0.000671374,-7.22124,0.00073085
6,1070,1,No,-0.000141929,-8.51257,0.000200915
6,1071,1,No,-4.56582e-05,-9.15821,0.000105345
6,1072,1,No,-0.176699,-1.81999,0.162018
6,1073,1,No,-5.48974e-05,-9.07406,0.000114594
6,1074,1,No,-0.000301645,-7.92698,0.000360853
6,1075,1,No,-0.000128754,-8.57856,0.000188084
6,1076,1,No,-0.341698,-1.23962,0.289479
6,1077,1,No,-0.00702242,-4.95369,0.00705691
6,1078,1,No,-0.225433,-1.60004,0.201877
6,1079,1,No,-0.00100365,-6.84695,0.00106263
6,1080,1,No,-0.00134851,-6.56641,0.00140676
6,1081,1,No,-0.00371938,-5.58027,0.00377133
6,1082,1,Yes,-0.338287,-1.24803,0.287052
6,1083,1,No,-0.00349548,-5.64122,0.00354834
6,1084,1,Yes,-3.97351,-0.0189263,0.981194
6,1085,1,Yes,-4.68268,-0.00923762,0.990746
6,1086,1,Yes,-4.95195,-0.00703473,0.992931
6,1087,1,Yes,-0.166002,-1.87722,0.153005
6,1088,1,No,-0.168557,-1.8632,0.155167
6,1089,1,Yes,-0.687296,-0.698915,0.497095
6,1090,1,Yes,-0.96553,-0.479203,0.619241
6,1091,1,Yes,-3.84866,-0.0214776,0.978693
6,1092,1,Yes,-2.75582,-0.0656036,0.936447
6,1093,1,No,-0.000580599,-7.3551,0.000639287
6,1094,1,No,-0.000562468,-7.38228,0.000622142
6,1095,1,No,-0.00149266,-6.46885,0.00155092
6,1096,1,No,-0.0300364,-3.5183,0.0296479
6,1097,1,No,-0.00125612,-6.63415,0.00131461
6,1098,1,No,-0.0204614,-3.89648,0.020312
6,1099,1,Yes,-0.16651,-1.87442,0.153436
6,1100,1,No,-0.780224,-0.61294,0.541724
6,1101,1,Yes,-3.86973,-0.0210242,0.979137
6,1102,1,Yes,-4.47394,-0.0114075,0.988598
6,1103,1,Yes,-3.74316,-0.0239028,0.976322
6,1104,1,Yes,-0.730625,-0.65691,0.51842
6,1105,1,No,-0.546177,-0.865363,0.420874
6,1106,1,Yes,-0.655478,-0.732168,0.480837
6,1107,1,No,-0.699706,-0.686514,0.503298
6,1108,1,Yes,-3.9567,-0.0192512,0.980875
6,1109,1,Yes,-4.16934,-0.015523,0.984538
6,1110,1,Yes,-4.83718,-0.00790121,0.992071
6,1111,1,Yes,-3.92818,-0.0198155,0.980322
6,1112,1,Yes,-3.36163,-0.0352329,0.965323
6,1113,1,Yes,-2.71272,-0.0685969,0.933648
6,1114,1,Yes,-2.76834,-0.0647598,0.937238
6,1115,1,Yes,-1.91353,-0.159583,0.852449
6,1116,1,No,-0.0365048,-3.32684,0.0359044
6,1117,1,Yes,-2.37816,-0.0972406,0.907284
6,1118,1,Yes,-4.11822,-0.0163476,0.983727
6,1119,1,Yes,-2.21041,-0.116081,0.890351
6,1120,1,Yes,-2.1155,-0.128417,0.879434
6,1121,1,Yes,-2.81632,-0.0616274,0.940178
6,1122,1,Yes,-4.27999,-0.0138798,0.986158
6,1123,1,Yes,-0.608826,-0.785111,0.456042
6,1124,1,Yes,-3.76076,-0.0234807,0.976735
6,1125,1,Yes,-2.21125,-0.115977,0.890443
6,1126,1,Yes,-3.60157,-0.0275993,0.972721
6,1127,1,No,-1.6818,-0.205771,0.813971
6,1128,1,No,-0.410463,-1.08852,0.336696
6,1129,1,No,-0.567906,-0.836214,0.433323
6,1130,1,No,-1.68708,-0.204567,0.814952
6,1131,1,Yes,-3.85605,-0.0213177,0.97885
6,1132,1,Yes,-1.55263,-0.23779,0.788321
6,1133,1,Yes,-3.98955,-0.0186216,0.981493
6,1134,1,Yes,-4.46025,-0.0115668,0.988441
6,1135,1,Yes,-3.86248,-0.0211783,0.978985
6,1136,1,Yes,-3.6291,-0.0268372,0.973462
6,1137,1,Yes,-3.9263,-0.019853,0.980285
6,1138,1,Yes,-0.268004,-1.44751,0.23514
6,1139,1,No,-0.594655,-0.802281,0.448279
6,1140,1,Yes,-3.30347,-0.0373857,0.963247
6,1141,1,Yes,-2.96786,-0.0527198,0.94859
6,1142,1,Yes,-4.06677,-0.0172208,0.982868
6,1143,1,Yes,-5.05249,-0.00635499,0.993607
6,1144,1,Yes,-4.1293,-0.016165,0.983907
6,1145,1,No,-0.442738,-1.02783,0.357763
6,1146,1,Yes,-2.65065,-0.0731589,0.929399
6,1147,1,Yes,-3.44817,-0.0322595,0.968198
6,1148,1,Yes,-3.2279,-0.0403863,0.960362
6,1149,1,Yes,-3.50038,-0.0305902,0.969816
6,1150,1,Yes,-0.35626,-1.20474,0.299751
6,1151,1,Yes,-3.20291,-0.041432,0.959358
6,1152,1,Yes,-2.56288,-0.0801519,0.922922
6,1153,1,No,-0.123144,-2.15483,0.115916
6,1154,1,No,-0.0018934,-6.23951,0.0019507
6,1155,1,No,-0.0345128,-3.3819,0.0339809
6,1156,1,No,-0.00495803,-5.29733,0.00500465
6,1157,1,No,-0.00241673,-6.00234,0.00247282
6,1158,1,No,-0.0106323,-4.54365,0.0106339
6,1159,1,No,-0.498368,-0.935122,0.392515
6,1160,1,Yes,-1.99721,-0.145782,0.864295
6,1161,1,Yes,-1.15038,-0.380469,0.683501
6,1162,1,No,-0.0241822,-3.73171,0.0239505
6,1163,1,Yes,-1.62917,-0.218198,0.803919
6,1164,1,No,-0.010912,-4.5179,0.0109113
6,1165,1,No,-0.131927,-2.09026,0.123647
6,1166,1,Yes,-2.19046,-0.118566,0.888141
6,1167,1,Yes,-1.95243,-0.152999,0.858079
6,1168,1,Yes,-3.01986,-0.0499772,0.951195
6,1169,1,Yes,-0.474095,-0.973891,0.377589
6,1170,1,Yes,-2.07359,-0.134303,0.874274
6,1171,1,No,-0.466626,-0.986325,0.372923
6,1172,1,Yes,-3.2265,-0.0404443,0.960306
6,1173,1,No,-0.282204,-1.40267,0.245925
6,1174,1,No,-0.74506,-0.643684,0.525322
6,1175,1,Yes,-2.88485,-0.0574225,0.94414
6,1176,1,No,-0.832106,-0.571059,0.564894
6,1177,1,Yes,-3.59454,-0.0277967,0.972528
6,1178,1,Yes,-2.4872,-0.0867388,0.916863
6,1179,1,No,-0.115104,-2.21837,0.10878
6,1180,1,Yes,-4.39536,-0.0123515,0.987666
6,1181,1,Yes,-0.663741,-0.723323,0.485109
6,1182,1,Yes,-3.13906,-0.0442273,0.956679
6,1183,1,No,-0.0267877,-3.63093,0.0264901
6,1184,1,Yes,-4.15975,-0.0156741,0.984389
6,1185,1,No,-2.65626,-0.0727333,0.929794
6,1186,1,Yes,-2.27285,-0.108653,0.896988
6,1187,1,No,-0.491862,-0.945275,0.38855
6,1188,1,No,-0.360956,-1.19386,0.303031
6,1189,1,No,-0.0190782,-3.96558,0.0189559
6,1190,1,No,-0.000229743,-8.14928,0.000288925
6,1191,1,No,-0.00021293,-8.21011,0.000271875
6,1192,1,No,-0.000224854,-8.1659,0.000284165
6,1193,1,No,-0.000140736,-8.51609,0.000200208
6,1194,1,No,-0.0181707,-4.01372,0.018065
6,1195,1,No,-0.0423289,-3.18195,0.0415021
6,1196,1,No,-0.000348927,-7.80447,0.000407884
6,1197,1,No,-0.000974653,-6.87488,0.00103336
6,1198,1,No,-0.000354114,-7.79162,0.000413159
6,1199,1,No,-0.00112221,-6.7413,0.00118104
6,1200,1,No,-0.000218952,-8.18771,0.000278034
6,1201,1,No,-0.000310052,-7.90286,0.000369663
6,1202,1,Yes,-5.06183,-0.00629429,0.993666
6,1203,1,Yes,-5.16651,-0.00566109,0.994296
6,1204,1,Yes,-5.1867,-0.00554702,0.99441
6,1205,1,Yes,-4.63588,-0.00968566,0.990303
6,1206,1,No,-9.83525e-05,-8.75686,0.000157369
6,1207,1,No,-0.000366517,-7.76152,0.000425785
6,1208,1,No,-4.5837e-05,-9.16234,0.000104911
6,1209,1,No,-0.000880271,-6.97038,0.00093924
6,1210,1,No,-0.000115699,-8.65182,0.000174799
6,1211,1,No,-0.000205419,-8.2365,0.000264795
6,1212,1,No,-0.0020353,-6.1694,0.00209236
6,1213,1,No,-0.00446804,-5.39972,0.00451756
6,1214,1,No,-0.239428,-1.54655,0.212968
6,1215,1,No,-0.00696636,-4.96156,0.00700157
6,1216,1,No,-0.00191711,-6.22724,0.00197477
6,1217,1,Yes,-1.04283,-0.434475,0.647566
6,1218,1,No,-0.188483,-1.76117,0.171834
6,1219,1,No,-0.372317,-1.16821,0.310905
6,1220,1,Yes,-0.515351,-0.909395,0.402744
6,1221,1,Yes,-4.38335,-0.0125017,0.987517
6,1222,1,Yes,-4.34773,-0.0129603,0.987065
6,1223,1,Yes,-2.8301,-0.0607567,0.940997
6,1224,1,No,-0.000597715,-7.32854,0.00065649
6,1225,1,No,-0.000564019,-7.38042,0.000623303
6,1226,1,No,-0.000217521,-8.19173,0.000276917
6,1227,1,No,-0.0074831,-4.89088,0.00751437
6,1228,1,No,-0.00148699,-6.47245,0.00154535
6,1229,1,No,-0.00452468,-5.38733,0.00457391
6,1230,1,No,-0.0144813,-4.23798,0.0144359
6,1231,1,No,-0.00436979,-5.42163,0.00441968
6,1232,1,No,-0.0546206,-2.93341,0.053212
6,1233,1,No,-0.00403095,-5.50109,0.00408208
6,1234,1,Yes,-2.0629,-0.135849,0.872923
6,1235,1,Yes,-3.51869,-0.030025,0.970363
6,1236,1,Yes,-4.0798,-0.0169949,0.98309
6,1237,1,Yes,-1.89435,-0.162939,0.849593
6,1238,1,No,-0.0738981,-2.64095,0.0712889
6,1239,1,No,-0.028367,-3.57455,0.0280264
6,1240,1,Yes,-3.70983,-0.0247252,0.97552
6,1241,1,Yes,-2.10714,-0.129568,0.878423
6,1242,1,Yes,-5.01024,-0.0066321,0.993331
6,1243,1,Yes,-4.20388,-0.0149895,0.985063
6,1244,1,No,-0.00160226,-6.40098,0.00165984
6,1245,1,Yes,-3.64385,-0.0264387,0.97385
6,1246,1,Yes,-4.3775,-0.0125758,0.987444
6,1247,1,No,-0.000862553,-6.98958,0.000921382
6,1248,1,No,-0.000677696,-7.21263,0.000737175
6,1249,1,No,-0.149552,-1.97353,0.138958
6,1250,1,No,-0.000781186,-7.08221,0.000839864
6,1251,1,Yes,-4.95545,-0.00701024,0.992955
6,1252,1,Yes,-4.0741,-0.0170928,0.982993
6,1253,1,No,-0.000807432,-7.05047,0.000866947
6,1254,1,No,-0.000459777,-7.56353,0.00051901
6,1255,1,No,-0.00117932,-6.69434,0.00123782
6,1256,1,Yes,-1.18618,-0.364312,0.694634
6,1257,1,Yes,-0.772848,-0.619224,0.538331
6,1258,1,Yes,-4.92897,-0.00719993,0.992766
6,1259,1,Yes,-4.67255,-0.00933184,0.990652
6,1260,1,No,-0.000167265,-8.39102,0.000226882
6,1261,1,Yes,-2.96829,-0.0526954,0.948612
6,1262,1,No,-0.000168695,-8.38837,0.000227484
6,1263,1,Yes,-4.80954,-0.00812442,0.991849
6,1264,1,No,-0.00207287,-6.15159,0.00212996
6,1265,1,Yes,-1.98094,-0.148361,0.862069
6,1266,1,No,-0.00603353,-5.10367,0.00607403
6,1267,1,Yes,-4.48888,-0.0112366,0.988767
6,1268,1,No,-0.000736567,-7.13632,0.000795629
6,1269,1,Yes,-4.09381,-0.016756,0.983325
6,1270,1,No,-0.0253106,-3.68678,0.0250511
6,1271,1,No,-0.107522,-2.28275,0.101997
6,1272,1,No,-0.0204529,-3.8969,0.0203035
6,1273,1,Yes,-3.85591,-0.0213204,0.978847
6,1274,1,No,-0.00238775,-6.01395,0.00244426
6,1275,1,Yes,-4.09338,-0.0167633,0.983318
6,1276,1,No,-0.00110168,-6.75885,0.00116049
6,1277,1,No,-0.00333483,-5.68739,0.00338821
6,1278,1,No,-0.150779,-1.96596,0.140013
6,1279,1,No,-7.82043e-05,-8.89546,0.000137002
6,1280,1,No,-0.0809611,-2.55323,0.0778253
6,1281,1,Yes,-4.23332,-0.01455,0.985497
6,1282,1,No,-4.33723,-0.0130983,0.986928
6,1283,1,No,-0.00126114,-6.63035,0.00131962
6,1284,1,No,-0.000190992,-8.29485,0.000249786
6,1285,1,No,-0.454245,-1.0075,0.36511
6,1286,1,Yes,-4.556,-0.0104994,0.989497
6,1287,1,Yes,-3.18956,-0.0420005,0.958813
6,1288,1,No,-0.00030868,-7.90716,0.000368076
6,1289,1,No,-7.45086e-05,-8.92095,0.000133553
6,1290,1,Yes,-4.36457,-0.0127413,0.987281
6,1291,1,No,-3.95783e-05,-9.22358,9.86787e-05
6,1292,1,No,-0.000117607,-8.64089,0.000176719
6,1293,1,No,-0.000128099,-8.58264,0.000187318
6,1294,1,No,-4.10684e-05,-9.20462,0.000100568
6,1295,1,Yes,-4.30343,-0.0135537,0.986479
6,1296,1,Yes,-4.2258,-0.0146612,0.985387
6,1297,1,No,-0.000102287,-8.72867,0.000161868
6,1298,1,No,-0.000145744,-8.49167,0.000205159
6,1299,1,No,-0.000416843,-7.64983,0.000476096
6,1300,1,Yes,-3.77274,-0.0231962,0.977013
6,1301,1,No,-0.117794,-2.19661,0.111173
6,1302,1,No,-1.65616,-0.211722,0.809141
6,1303,1,No,-0.00131849,-6.58783,0.00137694
6,1304,1,No,-0.00227185,-6.06254,0.00232835
6,1305,1,No,-0.987026,-0.46621,0.627338
6,1306,1,Yes,-4.67363,-0.00932269,0.990662
6,1307,1,No,-0.00343638,-5.65783,0.00348987
6,1308,1,No,-0.00843244,-4.77287,0.00845556
6,1309,1,No,-0.00184993,-6.26184,0.00190762
6,1310,1,Yes,-3.54631,-0.0291935,0.971171
6,1311,1,Yes,-3.52003,-0.0299841,0.970403
6,1312,1,Yes,-2.61509,-0.0759112,0.926843
6,1313,1,Yes,-4.11227,-0.0164452,0.98363
6,1314,1,Yes,-0.537419,-0.877539,0.415781
6,1315,1,No,-0.225609,-1.59934,0.202017
6,1316,1,Yes,-2.61224,-0.0761375,0.926634
6,1317,1,No,-0.113269,-2.23354,0.107142
6,1318,1,No,-0.000953712,-6.89533,0.00101244
6,1319,1,No,-0.13423,-2.07409,0.125663
6,1320,1,Yes,-4.86038,-0.00771739,0.992253
6,1321,1,No,-0.0013118,-6.59296,0.0013699
6,1322,1,Yes,-3.53718,-0.0294664,0.970906
6,1323,1,No,-0.727193,-0.660108,0.516765
6,1324,1,No,-0.359394,-1.19746,0.301942
6,1325,1,Yes,-3.67084,-0.0257233,0.974547
6,1326,1,Yes,-2.62211,-0.0753593,0.927355
6,1327,1,Yes,-2.96747,-0.0527396,0.94857
6,1328,1,Yes,-5.40915,-0.00442559,0.995525
6,1329,1,No,-0.0227617,-3.79141,0.0225624
6,1330,1,No,-0.802221,-0.594702,0.551695
6,1331,1,Yes,-2.76116,-0.0652416,0.936785
6,1332,1,Yes,-0.520167,-0.902295,0.405614
6,1333,1,Yes,-3.27074,-0.0386568,0.962024
6,1334,1,Yes,-2.04944,-0.137823,0.871201
6,1335,1,Yes,-2.45252,-0.0899435,0.913929
6,1336,1,Yes,-2.3297,-0.102327,0.902681
6,1337,1,Yes,-3.21397,-0.0409649,0.959806
6,1338,1,Yes,-2.71811,-0.068215,0.934005
6,1339,1,Yes,-3.22913,-0.0403347,0.960411
6,1340,1,Yes,-4.48726,-0.0112545,0.988749
6,1341,1,Yes,-3.15288,-0.0436064,0.957274
6,1342,1,Yes,-3.37024,-0.0349246,0.965621
6,1343,1,Yes,-6.08978,-0.00220852,0.997734
6,1344,1,Yes,-3.4123,-0.0334596,0.967037
6,1345,1,Yes,-1.95516,-0.152548,0.858467
6,1346,1,No,-0.0349044,-3.37081,0.0343597
6,1347,1,Yes,-5.10806,-0.00600684,0.993953
6,1348,1,Yes,-2.98955,-0.0515578,0.949693
6,1349,1,Yes,-1.99606,-0.145964,0.864138
6,1350,1,No,-4.23135,-0.0145788,0.985468
6,1351,1,Yes,-0.589539,-0.808611,0.44545
6,1352,1,Yes,-0.130429,-2.10095,0.122333
6,1353,1,Yes,-3.75881,-0.0235269,0.97669
6,1354,1,No,-0.7198,-0.667072,0.513179
6,1355,1,Yes,-4.39642,-0.0123384,0.987679
6,1356,1,Yes,-3.10636,-0.0457349,0.955239
6,1357,1,Yes,-2.8437,-0.0599102,0.941794
6,1358,1,No,-0.27539,-1.42386,0.240769
6,1359,1,Yes,-4.28941,-0.0137474,0.986288
6,1360,1,No,-0.506863,-0.922116,0.397653
6,1361,1,Yes,-0.764506,-0.626433,0.534463
6,1362,1,Yes,-0.704383,-0.68192,0.505615
6,1363,1,No,-0.861351,-0.549104,0.577434
6,1364,1,Yes,-0.78074,-0.612505,0.54196
6,1365,1,Yes,-0.727819,-0.659524,0.517067
6,1366,1,Yes,-2.63753,-0.0741617,0.928467
6,1367,1,Yes,-0.260846,-1.47116,0.229645
6,1368,1,Yes,-3.88836,-0.0206312,0.979522
6,1369,1,Yes,-2.47033,-0.0882821,0.915448
6,1370,1,Yes,-2.42469,-0.0926051,0.9115
6,0,2,No,-0.00146025,-6.49001,0.00151845
6,1,2,No,-0.000326985,-7.85918,0.000386168
6,2,2,No,-0.0457716,-3.10557,0.0447965
6,3,2,Yes,-2.80437,-0.0623925,0.939459
6,4,2,No,-0.00738408,-4.90414,0.00741542
6,5,2,Yes,-2.48042,-0.0873566,0.916297
6,6,2,No,-0.452029,-1.01136,0.363701
6,7,2,No,-0.0666483,-2.74054,0.0645319
6,8,2,No,-1.1991,-0.358687,0.698552
6,9,2,No,-0.00468959,-5.35225,0.00473722
6,10,2,No,-0.000636303,-7.2708,0.000695512
6,11,2,No,-0.0033023,-5.69698,0.00335587
6,12,2,No,-0.00115413,-6.71486,0.00121268
6,13,2,No,-0.0798879,-2.56604,0.0768346
6,14,2,Yes,-0.111793,-2.24592,0.105824
6,15,2,Yes,-1.52601,-0.24506,0.782612
6,16,2,No,-0.00179768,-6.28975,0.00185511
6,17,2,No,-0.00111171,-6.75052,0.0011702
6,18,2,Yes,-2.59089,-0.0778467,0.925051
6,19,2,Yes,-2.69686,-0.0697336,0.932587
6,20,2,Yes,-1.82809,-0.17514,0.839289
6,21,2,Yes,-4.15249,-0.0157891,0.984276
6,22,2,Yes,-3.1265,-0.044801,0.956132
6,23,2,Yes,-2.64964,-0.0732341,0.929328
6,24,2,Yes,-2.74694,-0.0662081,0.93588
6,25,2,Yes,-3.04242,-0.0488333,0.952283
6,26,2,No,-0.0819523,-2.54156,0.0787387
6,27,2,No,-0.0114585,-4.46952,0.0114521
6,28,2,No,-0.973527,-0.474317,0.622274
6,29,2,Yes,-1.10945,-0.400004,0.670278
6,30,2,Yes,-4.36505,-0.0127355,0.987287
6,31,2,Yes,-2.21245,-0.11583,0.890574
6,32,2,No,-0.371752,-1.16946,0.310515
6,33,2,Yes,-0.854168,-0.554392,0.574388
6,34,2,Yes,-0.408003,-1.09338,0.335062
6,35,2,No,-0.955372,-0.485499,0.615354
6,36,2,Yes,-3.41786,-0.0332709,0.96722
6,37,2,Yes,-4.52687,-0.0108139,0.989186
6,38,2,Yes,-1.31906,-0.311059,0.732628
6,39,2,No,-0.00372172,-5.57953,0.00377413
6,40,2,Yes,-2.95934,-0.0531838,0.94815
6,41,2,Yes,-2.23527,-0.113062,0.893043
6,42,2,No,-0.00010634,-8.70775,0.00016529
6,43,2,Yes,-3.20448,-0.0413654,0.959422
6,44,2,Yes,-4.41139,-0.0121525,0.987862
6,45,2,No,-0.320197,-1.29443,0.274037
6,46,2,No,-1.82386,-0.175952,0.838608
6,47,2,Yes,-3.18308,-0.0422796,0.958544
6,48,2,Yes,-3.71107,-0.0246944,0.97555
6,49,2,No,-0.00336007,-5.67984,0.00341391
6,50,2,No,-0.00236319,-6.02389,0.00242009
6,51,2,No,-0.0142135,-4.25645,0.0141717
6,52,2,No,-0.0097896,-4.62521,0.00980104
6,53,2,No,-0.0161016,-4.13315,0.0160313
6,54,2,Yes,-4.2344,-0.0145345,0.985512
6,55,2,Yes,-0.997319,-0.460146,0.631155
6,56,2,Yes,-1.76253,-0.188201,0.8284
6,57,2,Yes,-3.24065,-0.0398633,0.960864
6,58,2,Yes,-4.46746,-0.0114829,0.988524
6,59,2,No,-0.000347019,-7.80908,0.000406008
6,60,2,Yes,-2.28145,-0.10767,0.89787
6,61,2,Yes,-4.68709,-0.00919684,0.990787
6,62,2,Yes,-4.54522,-0.0106152,0.989383
6,63,2,Yes,-0.275263,-1.42426,0.240672
6,64,2,Yes,-3.08531,-0.0467324,0.954287
6,65,2,Yes,-2.76707,-0.064845,0.937158
6,66,2,Yes,-1.81306,-0.178045,0.836856
6,67,2,Yes,-4.31277,-0.0134265,0.986604
6,68,2,No,-0.30275,-1.34218,0.26126
6,69,2,No,-0.163819,-1.88939,0.151155
6,70,2,Yes,-3.7999,-0.0225673,0.977628
6,71,2,No,-0.00908273,-4.69936,0.00910057
6,72,2,Yes,-0.892232,-0.527093,0.590284
6,73,2,No,-0.00011099,-8.67704,0.000170445
6,74,2,Yes,-2.23751,-0.112794,0.893283
6,75,2,No,-0.549497,-0.860812,0.422794
6,76,2,No,-0.0286383,-3.5652,0.0282897
6,77,2,No,-0.000238089,-8.12003,0.000297502
6,78,2,Yes,-4.71217,-0.00896701,0.991015
6,79,2,Yes,-3.58236,-0.0281429,0.972192
6,80,2,Yes,-0.257166,-1.48361,0.226805
6,81,2,Yes,-0.20752,-1.67418,0.187451
6,82,2,No,-3.80295,-0.0224974,0.977696
6,83,2,Yes,-2.08839,-0.132193,0.87612
6,84,2,Yes,-2.55527,-0.0807893,0.922333
6,85,2,Yes,-3.10338,-0.0458738,0.955106
6,86,2,Yes,-4.02196,-0.0180198,0.982083
6,87,2,Yes,-4.2071,-0.0149411,0.985111
6,88,2,Yes,-2.45336,-0.0898645,0.914001
6,89,2,Yes,-2.78448,-0.063688,0.938242
6,90,2,Yes,-2.93209,-0.0546954,0.946718
6,91,2,Yes,-2.83056,-0.0607278,0.941024
6,92,2,Yes,-0.528662,-0.889976,0.410641
6,93,2,Yes,-3.1093,-0.0455966,0.955371
6,94,2,Yes,-0.712912,-0.673651,0.509814
6,95,2,Yes,-4.74491,-0.00867459,0.991305
6,96,2,Yes,-3.44432,-0.0323856,0.968075
6,97,2,No,-0.199188,-1.71112,0.180652
6,98,2,Yes,-3.26603,-0.0388431,0.961845
6,99,2,No,-0.0310799,-3.48476,0.0306592
6,100,2,No,-0.267687,-1.44854,0.234899
6,101,2,Yes,-1.96808,-0.150434,0.860284
6,102,2,Yes,-2.08611,-0.132515,0.875838
6,103,2,Yes,-1.25915,-0.333847,0.716122
6,104,2,No,-0.343536,-1.23512,0.290784
6,105,2,No,-0.627147,-0.763688,0.465918
6,106,2,No,-0.000219369,-8.18558,0.000278627
6,107,2,No,-0.0123117,-4.3985,0.012295
6,108,2,No,-0.0128732,-4.35442,0.0128492
6,109,2,No,-0.0246608,-3.71244,0.0244165
6,110,2,Yes,-3.94277,-0.0195252,0.980607
6,111,2,No,-0.00161856,-6.39095,0.00167657
6,112,2,No,-0.00511192,-5.2671,0.00515824
6,113,2,No,-0.358149,-1.20034,0.301073
6,114,2,Yes,-3.03746,-0.0490827,0.952046
6,115,2,No,-0.000125237,-8.59717,0.000184617
6,116,2,No,-0.000172988,-8.36503,0.000232855
6,117,2,Yes,-4.58148,-0.0102324,0.989761
6,118,2,No,-0.453461,-1.00886,0.364613
6,119,2,No,-0.000172272,-8.3714,0.000231378
6,120,2,Yes,-4.4468,-0.011725,0.988285
6,121,2,Yes,-4.6239,-0.00980315,0.990186
6,122,2,No,-0.0173324,-4.06035,0.017242
6,123,2,Yes,-3.99265,-0.0185631,0.98155
6,124,2,No,-0.000818468,-7.03853,0.000877365
6,125,2,No,-0.190321,-1.75236,0.173355
6,126,2,Yes,-3.05385,-0.0482642,0.952826
6,127,2,Yes,-3.31529,-0.0369386,0.963679
6,128,2,No,-0.153669,-1.94838,0.142496
6,129,2,No,-0.000150036,-8.47125,0.000209391
6,130,2,No,-0.000148605,-8.47769,0.000208046
6,131,2,No,-0.000149023,-8.47733,0.000208121
6,132,2,No,-0.00177481,-6.30192,0.00183267
6,133,2,Yes,-2.94936,-0.0537324,0.94763
6,134,2,Yes,-3.55057,-0.0290674,0.971293
6,135,2,No,-0.000794607,-7.06597,0.000853614
6,136,2,Yes,-0.373003,-1.16669,0.311378
6,137,2,Yes,-1.73645,-0.193689,0.823865
6,138,2,Yes,-0.291068,-1.37597,0.252579
6,139,2,Yes,-2.29679,-0.105941,0.899425
6,140,2,No,-0.298537,-1.35419,0.258141
6,141,2,Yes,-2.91336,-0.0557598,0.94571
6,142,2,No,-0.00419458,-5.46212,0.00424428
6,143,2,No,-3.40905,-0.0335711,0.966929
6,144,2,No,-6.93822e-05,-8.95852,0.000128629
6,145,2,Yes,-1.80558,-0.17951,0.83563
6,146,2,Yes,-0.984884,-0.467485,0.626539
6,147,2,Yes,-2.11229,-0.128858,0.879047
6,148,2,Yes,-0.178588,-1.81028,0.163599
6,149,2,Yes,-3.21443,-0.0409467,0.959824
6,150,2,Yes,-2.7325,-0.0672057,0.934947
6,151,2,Yes,-0.411424,-1.08663,0.337333
6,152,2,Yes,-2.55213,-0.0810543,0.922089
6,153,2,Yes,-2.32024,-0.103353,0.901755
6,154,2,No,-2.09385,-0.131423,0.876796
6,155,2,Yes,-2.9541,-0.0534709,0.947878
6,156,2,Yes,-2.91485,-0.0556754,0.945791
6,157,2,Yes,-1.53514,-0.242539,0.784587
6,158,2,Yes,-0.847103,-0.559659,0.57137
6,159,2,Yes,-1.68236,-0.205644,0.814075
6,160,2,Yes,-2.76562,-0.0649417,0.937067
6,161,2,No,-2.15004,-0.123775,0.883527
6,162,2,No,-0.470534,-0.979789,0.375368
6,163,2,Yes,-1.07996,-0.414836,0.66041
6,164,2,Yes,-4.41395,-0.0121214,0.987893
6,165,2,No,-0.199142,-1.71133,0.180615
6,166,2,Yes,-4.05194,-0.0174809,0.982612
6,167,2,Yes,-1.68146,-0.205848,0.813909
6,168,2,No,-0.126144,-2.13224,0.118564
6,169,2,Yes,-1.97632,-0.149103,0.86143
6,170,2,Yes,-3.90657,-0.0202543,0.979892
6,171,2,Yes,-2.7104,-0.0687631,0.933494
6,172,2,No,-0.0683417,-2.71632,0.066114
6,173,2,No,-0.0147601,-4.21914,0.0147105
6,174,2,Yes,-4.34699,-0.0129709,0.987055
6,175,2,Yes,-3.78816,-0.0228373,0.977364
6,176,2,No,-0.000690937,-7.19559,0.000749844
6,177,2,No,-0.00214198,-6.11958,0.00219924
6,178,2,Yes,-3.97754,-0.0188489,0.981269
6,179,2,No,-0.0185073,-3.99559,0.0183955
6,180,2,No,-0.0243804,-3.72366,0.024144
6,181,2,No,-0.0410948,-3.21089,0.0403182
6,182,2,Yes,-2.26694,-0.109334,0.896378
6,183,2,No,-0.755506,-0.634339,0.530255
6,184,2,No,-1.173,-0.370162,0.690582
6,185,2,Yes,-3.61659,-0.0271814,0.973127
6,186,2,Yes,-2.96459,-0.0528968,0.948421
6,187,2,Yes,-0.426772,-1.05715,0.347426
6,188,2,Yes,-2.48939,-0.0865417,0.917044
6,189,2,Yes,-2.25185,-0.111095,0.894801
6,190,2,Yes,-1.7274,-0.195635,0.822264
6,191,2,Yes,-1.47209,-0.260568,0.770569
6,192,2,No,-0.00289238,-5.82676,0.00294742
6,193,2,No,-0.00470935,-5.348,0.00475736
6,194,2,Yes,-1.99477,-0.146167,0.863963
6,195,2,No,-0.000314345,-7.89271,0.000373435
6,196,2,No,-0.000232783,-8.13917,0.000291861
6,197,2,No,-0.000284355,-7.97619,0.000343524
6,198,2,Yes,-0.225736,-1.59884,0.202118
6,199,2,No,-0.00134923,-6.56597,0.00140737
6,200,2,No,-1.01121,-0.45212,0.636241
6,201,2,No,-0.0114223,-4.47266,0.0114162
6,202,2,Yes,-4.55164,-0.0105464,0.989451
6,203,2,No,-0.000214659,-8.20484,0.000273311
6,204,2,Yes,-0.86399,-0.547176,0.578548
6,205,2,No,-0.000159813,-8.42608,0.000219065
6,206,2,Yes,-3.16613,-0.0430209,0.957836
6,207,2,Yes,-4.96332,-0.0069552,0.993011
6,208,2,Yes,-3.84792,-0.0214943,0.978677
6,209,2,Yes,-4.49005,-0.0112229,0.988781
6,210,2,Yes,-0.525674,-0.894279,0.408878
6,211,2,Yes,-3.128,-0.0447321,0.956197
6,212,2,Yes,-0.19054,-1.75131,0.173536
6,213,2,No,-5.79374e-05,-9.05332,0.000116995
6,214,2,No,-0.000731378,-7.14269,0.000790575
6,215,2,Yes,-3.72097,-0.0244475,0.975791
6,216,2,Yes,-4.86282,-0.00769937,0.992272
6,217,2,No,-0.00551346,-5.19268,0.00555679
6,218,2,Yes,-3.02925,-0.0494989,0.951651
6,219,2,Yes,-2.7414,-0.0665903,0.935524
6,220,2,Yes,-3.77858,-0.0230598,0.977146
6,221,2,Yes,-1.14313,-0.38384,0.6812
6,222,2,No,-1.68187,-0.205755,0.813985
6,223,2,Yes,-4.66342,-0.0094189,0.990566
6,224,2,Yes,-2.26467,-0.109598,0.896142
6,225,2,Yes,-0.281102,-1.40606,0.245093
6,226,2,No,-0.0175047,-4.05062,0.0174106
6,227,2,No,-0.581007,-0.819337,0.440698
6,228,2,Yes,-2.48816,-0.0866515,0.916942
6,229,2,Yes,-5.13331,-0.00585508,0.994103
6,230,2,No,-0.000244469,-8.09857,0.000303956
6,231,2,Yes,-2.48542,-0.0869004,0.916715
6,232,2,Yes,-2.69371,-0.0699618,0.932375
6,233,2,Yes,-4.32382,-0.0132781,0.986752
6,234,2,No,-0.310158,-1.32153,0.266712
6,235,2,Yes,-2.68867,-0.0703279,0.932033
6,236,2,No,-0.000163628,-8.40945,0.00022274
6,237,2,No,-0.000173465,-8.36522,0.000232811
6,238,2,No,-0.0047648,-5.33643,0.00481273
6,239,2,No,-0.12671,-2.12804,0.119063
6,240,2,Yes,-3.70554,-0.0248331,0.975415
6,241,2,No,-7.73102e-05,-8.89846,0.000136591
6,242,2,Yes,-0.310169,-1.3215,0.26672
6,243,2,Yes,-0.338715,-1.24697,0.287357
6,244,2,No,-0.00270147,-5.89353,0.00275705
6,245,2,No,-0.594328,-0.802682,0.448099
6,246,2,Yes,-3.19948,-0.0415773,0.959219
6,247,2,No,-0.403635,-1.1021,0.332152
6,248,2,Yes,-4.18246,-0.0153179,0.98474
6,249,2,No,-0.551713,-0.857796,0.424071
6,250,2,Yes,-2.69855,-0.0696125,0.932701
6,251,2,Yes,-1.2572,-0.33462,0.715568
6,252,2,Yes,-3.05299,-0.0483069,0.952785
6,253,2,No,-0.00137829,-6.5451,0.00143705
6,254,2,No,-0.0167393,-4.09478,0.0166584
6,255,2,No,-0.000462699,-7.55756,0.000522115
6,256,2,Yes,-1.47593,-0.259429,0.771446
6,257,2,Yes,-4.82197,-0.00802426,0.99195
6,258,2,Yes,-3.63247,-0.0267461,0.973551
6,259,2,Yes,-3.15181,-0.0436548,0.957228
6,260,2,No,-0.00684405,-4.97917,0.00687939
6,261,2,Yes,-0.460207,-0.997213,0.368884
6,262,2,Yes,-2.84422,-0.0598782,0.941824
6,263,2,Yes,-2.06093,-0.136138,0.872672
6,264,2,No,-0.000559606,-7.3872,0.000619092
6,265,2,Yes,-4.23174,-0.014574,0.985474
6,266,2,No,-0.00038035,-7.72979,0.000439512
6,267,2,Yes,-3.74463,-0.0238679,0.976357
6,268,2,No,-0.000222529,-8.1754,0.000281477
6,269,2,Yes,-3.10599,-0.0457518,0.955222
6,270,2,No,-0.0166268,-4.10145,0.0165476
6,271,2,Yes,-2.19294,-0.118254,0.888418
6,272,2,No,-0.635363,-0.754352,0.470288
6,273,2,No,-0.00174394,-6.31921,0.00180126
6,274,2,No,-0.00119042,-6.68514,0.00124927
6,275,2,No,-0.00378537,-5.56286,0.00383755
6,276,2,Yes,-1.72717,-0.195684,0.822224
6,277,2,No,-0.256391,-1.48625,0.226206
6,278,2,Yes,-4.26701,-0.0140628,0.985977
6,279,2,No,-0.0073292,-4.91147,0.00736122
6,280,2,No,-0.000143836,-8.50421,0.000202601
6,281,2,No,-0.00345911,-5.65146,0.00351218
6,282,2,No,-0.000489712,-7.50735,0.000549004
6,283,2,Yes,-3.87045,-0.021009,0.979152
6,284,2,Yes,-3.32212,-0.0366822,0.963926
6,285,2,Yes,-3.07487,-0.0472352,0.953807
6,286,2,No,-0.00197277,-6.19953,0.00203026
6,287,2,Yes,-3.58968,-0.0279349,0.972394
6,288,2,No,-8.11252e-05,-8.87275,0.000140149
6,289,2,No,-1.42885,-0.273814,0.760429
6,290,2,Yes,-0.440511,-1.03184,0.356331
6,291,2,Yes,-4.99589,-0.00672919,0.993235
6,292,2,No,-0.00103241,-6.82022,0.00109142
6,293,2,Yes,-4.12814,-0.0161839,0.983888
6,294,2,Yes,-4.30764,-0.0134963,0.986535
6,295,2,Yes,-4.55715,-0.0104873,0.989509
6,296,2,No,-0.206606,-1.67815,0.186708
6,297,2,No,-0.00872966,-4.73854,0.00875089
6,298,2,No,-0.00282525,-5.84971,0.00288056
6,299,2,No,-0.13068,-2.09915,0.122553
6,300,2,Yes,-2.12798,-0.126719,0.88093
6,301,2,Yes,-2.24701,-0.111666,0.894291
6,302,2,Yes,-1.91582,-0.159187,0.852787
6,303,2,Yes,-0.502557,-0.928676,0.395053
6,304,2,Yes,-3.04931,-0.04849,0.952611
6,305,2,Yes,-2.18898,-0.118752,0.887976
6,306,2,Yes,-3.4752,-0.0313839,0.969046
6,307,2,Yes,-1.04218,-0.434832,0.647335
6,308,2,Yes,-0.853464,-0.554914,0.574088
6,309,2,No,-2.82167,-0.0612874,0.940497
6,310,2,No,-0.0388644,-3.2655,0.0381755
6,311,2,No,-0.00485788,-5.31745,0.00490495
6,312,2,Yes,-2.16192,-0.12222,0.884903
6,313,2,No,-0.00793834,-4.8326,0.00796534
6,314,2,Yes,-4.37264,-0.0126379,0.987383
6,315,2,No,-0.000202259,-8.24896,0.000261515
6,316,2,No,-0.00060517,-7.31645,0.000664481
6,317,2,Yes,-4.59363,-0.0101079,0.989885
6,318,2,Yes,-4.86106,-0.00771343,0.992258
6,319,2,No,-0.035705,-3.34859,0.0351318
6,320,2,No,-0.00846093,-4.76947,0.00848437
6,321,2,No,-0.000278333,-7.99389,0.0003375
6,322,2,No,-0.000297948,-7.93683,0.000357315
6,323,2,No,-0.000430677,-7.62074,0.000490148
6,324,2,No,-9.46567e-05,-8.78082,0.000153642
6,325,2,No,-0.006273,-5.06522,0.00631216
6,326,2,No,-0.0179384,-4.02646,0.0178362
6,327,2,Yes,-4.21794,-0.0147789,0.985272
6,328,2,Yes,-4.10189,-0.0166197,0.98346
6,329,2,Yes,-4.62527,-0.00978979,0.9902
6,330,2,No,-1.00804,-0.453934,0.635087
6,331,2,No,-0.13388,-2.07653,0.125357
6,332,2,No,-0.201584,-1.70033,0.182613
6,333,2,Yes,-1.2559,-0.335139,0.715197
6,334,2,Yes,-4.79107,-0.00827929,0.991697
6,335,2,Yes,-4.23142,-0.0145791,0.985469
6,336,2,Yes,-3.97629,-0.0188732,0.981246
6,337,2,Yes,-2.93732,-0.0544026,0.946996
6,338,2,Yes,-3.99604,-0.0185001,0.981613
6,339,2,No,-0.000172213,-8.37302,0.000231004
6,340,2,No,-0.000295087,-7.94618,0.000353991
6,341,2,No,-1.91036,-0.160132,0.851982
6,342,2,No,-0.813811,-0.585384,0.55686
6,343,2,No,-0.00263519,-5.91775,0.00269109
6,344,2,Yes,-4.01113,-0.0182183,0.981888
6,345,2,Yes,-0.385368,-1.13988,0.319839
6,346,2,Yes,-2.46296,-0.0889668,0.914823
6,347,2,No,-0.116412,-2.20773,0.109944
6,348,2,No,-0.00327892,-5.7038,0.00333306
6,349,2,No,-0.204994,-1.68521,0.185395
6,350,2,Yes,-0.325735,-1.27991,0.278046
6,351,2,No,-1.0328,-0.439978,0.644012
6,352,2,No,-0.289935,-1.37933,0.251732
6,353,2,Yes,-1.29299,-0.320742,0.725567
6,354,2,No,-0.238459,-1.55014,0.212205
6,355,2,No,-0.193629,-1.73673,0.176085
6,356,2,Yes,-1.12853,-0.390747,0.676511
6,357,2,Yes,-0.801717,-0.595113,0.551468
6,358,2,No,-0.103186,-2.32176,0.0980946
6,359,2,No,-0.322872,-1.28738,0.275976
6,360,2,Yes,-1.17699,-0.368382,0.691812
6,361,2,Yes,-2.88642,-0.0573294,0.944228
6,362,2,Yes,-2.33421,-0.101842,0.903119
6,363,2,No,-0.000190813,-8.29305,0.000250234
6,364,2,No,-0.000166549,-8.39473,0.000226042
6,365,2,Yes,-2.97185,-0.0525039,0.948794
6,366,2,Yes,-3.22195,-0.0406331,0.960125
6,367,2,No,-1.45433,-0.265919,0.766456
6,368,2,Yes,-3.55167,-0.0290342,0.971325
6,369,2,Yes,-2.47685,-0.0876824,0.915998
6,370,2,Yes,-3.01407,-0.0502758,0.950911
6,371,2,No,-0.0665922,-2.74136,0.0644788
6,372,2,Yes,-3.43272,-0.0327709,0.967703
6,373,2,Yes,-3.81751,-0.0221673,0.978019
6,374,2,Yes,-3.21961,-0.0407299,0.960032
6,375,2,Yes,-3.38466,-0.0344153,0.966113
6,376,2,Yes,-2.47562,-0.0877956,0.915894
6,377,2,Yes,-1.23625,-0.343074,0.709544
6,378,2,No,-0.0482022,-3.0551,0.0471151
6,379,2,Yes,-0.977609,-0.471847,0.623812
6,380,2,Yes,-3.63151,-0.0267722,0.973525
6,381,2,Yes,-0.330134,-1.26858,0.281214
6,382,2,No,-1.40537,-0.281326,0.754737
6,383,2,Yes,-0.846965,-0.559764,0.571311
6,384,2,Yes,-3.84386,-0.0215826,0.97859
6,385,2,No,-0.00395208,-5.52043,0.0040039
6,386,2,Yes,-4.06747,-0.0172092,0.98288
6,387,2,No,-0.000118501,-8.63487,0.000177786
6,388,2,No,-0.000472478,-7.53949,0.000531635
6,389,2,No,-0.000101333,-8.73728,0.00016048
6,390,2,Yes,-4.38174,-0.012522,0.987497
6,391,2,Yes,-3.73837,-0.0240203,0.976208
6,392,2,Yes,-4.04615,-0.0175839,0.982511
6,393,2,No,-0.00358873,-5.61526,0.00364163
6,394,2,Yes,-1.8685,-0.167587,0.845654
6,395,2,No,-0.0941089,-2.40933,0.0898702
6,396,2,No,-0.0359108,-3.34294,0.0353307
6,397,2,No,-0.013949,-4.27504,0.0139107
6,398,2,Yes,-3.26539,-0.0388685,0.96182
6,399,2,No,-0.000244886,-8.09919,0.000303767
6,400,2,No,-0.000735613,-7.13709,0.000795013
6,401,2,No,-0.0926302,-2.42443,0.0885236
6,402,2,Yes,-3.06804,-0.0475664,0.953491
6,403,2,Yes,-1.74578,-0.191706,0.825501
6,404,2,Yes,-3.0028,-0.0508612,0.950355
6,405,2,Yes,-3.65809,-0.0260591,0.97422
6,406,2,Yes,-4.43979,-0.0118091,0.988202
6,407,2,No,-1.13174,-0.389219,0.677546
6,408,2,Yes,-3.93851,-0.0196094,0.980524
6,409,2,Yes,-4.00974,-0.0182443,0.981863
6,410,2,Yes,-4.17909,-0.0153706,0.984688
6,411,2,Yes,-1.7176,-0.197765,0.820515
6,412,2,Yes,-3.20098,-0.0415135,0.95928
6,413,2,Yes,-2.85786,-0.0590413,0.942612
6,414,2,Yes,-0.227821,-1.59066,0.20378
6,415,2,Yes,-1.78322,-0.183967,0.831914
6,416,2,Yes,-3.19276,-0.0418632,0.958944
6,417,2,Yes,-0.744929,-0.643804,0.52526
6,418,2,No,-0.00772382,-4.85958,0.00775328
6,419,2,No,-0.147443,-1.9867,0.137139
6,420,2,No,-0.158549,-1.91952,0.146668
6,421,2,Yes,-0.0618956,-2.81211,0.0600747
6,422,2,No,-0.00528783,-5.23376,0.00533313
6,423,2,No,-0.00897537,-4.7111,0.00899431
6,424,2,No,-0.123317,-2.15351,0.116069
6,425,2,No,-0.077958,-2.58952,0.0750518
6,426,2,No,-0.00315215,-5.74255,0.00320639
6,427,2,No,-0.0011721,-6.70048,0.00123025
6,428,2,Yes,-3.83162,-0.0218535,0.978327
6,429,2,Yes,-2.4224,-0.092828,0.911297
6,430,2,No,-0.436888,-1.03842,0.353994
6,431,2,No,-1.18314,-0.365654,0.693702
6,432,2,Yes,-0.419985,-1.07002,0.342982
6,433,2,No,-0.00515991,-5.25793,0.00520576
6,434,2,No,-0.100131,-2.3503,0.0953347
6,435,2,Yes,-1.96719,-0.150579,0.860159
6,436,2,No,-0.334086,-1.25855,0.28405
6,437,2,No,-0.0135054,-4.30702,0.0134729
6,438,2,No,-0.000110632,-8.68255,0.000169508
6,439,2,Yes,-3.12217,-0.045,0.955941
6,440,2,No,-0.000239162,-8.11809,0.00029808
6,441,2,No,-0.000187891,-8.30567,0.000247098
6,442,2,No,-0.471899,-0.977521,0.37622
6,443,2,Yes,-3.5986,-0.0276829,0.97264
6,444,2,Yes,-3.59383,-0.027817,0.972509
6,445,2,Yes,-3.66503,-0.0258761,0.974398
6,446,2,No,-4.53927,-0.0106796,0.989319
6,447,2,Yes,-1.06683,-0.421656,0.655921
6,448,2,No,-0.079145,-2.575,0.0761493
6,449,2,No,-0.114649,-2.22211,0.108374
6,450,2,No,-0.0599961,-2.8423,0.0582882
6,451,2,Yes,-2.44944,-0.0902342,0.913664
6,452,2,No,-2.60809,-0.0764658,0.926329
6,453,2,Yes,-3.78568,-0.0228945,0.977308
6,454,2,No,-0.0111357,-4.49787,0.011132
6,455,2,No,-0.00238064,-6.01713,0.0024365
6,456,2,Yes,-4.3505,-0.0129244,0.9871
6,457,2,No,-0.00309594,-5.76038,0.00314972
6,458,2,No,-0.000131258,-8.56561,0.000190537
6,459,2,Yes,-3.2153,-0.0409094,0.959859
6,460,2,No,-0.596694,-0.799775,0.449403
6,461,2,Yes,-2.82576,-0.0610298,0.94074
6,462,2,No,-0.0971572,-2.37897,0.0926404
6,463,2,No,-0.00267876,-5.90186,0.0027342
6,464,2,No,-0.00055555,-7.39361,0.000615132
6,465,2,No,-0.00518508,-5.25304,0.00523127
6,466,2,No,-0.00016023,-8.42386,0.000219553
6,467,2,No,-0.0198412,-3.92687,0.019704
6,468,2,Yes,-2.90203,-0.0564141,0.945092
6,469,2,No,-0.00289818,-5.82495,0.00295279
6,470,2,No,-0.417066,-1.07564,0.341061
6,471,2,No,-0.295434,-1.36316,0.255835
6,472,2,No,-0.000102287,-8.7302,0.00016162
6,473,2,No,-0.000607675,-7.31288,0.000666852
6,474,2,No,-0.00339882,-5.66867,0.00345225
6,475,2,Yes,-2.97536,-0.0523148,0.948974
6,476,2,No,-0.937684,-0.496717,0.608489
6,477,2,Yes,-2.30083,-0.10549,0.899831
6,478,2,Yes,-3.92891,-0.0198007,0.980336
6,479,2,No,-0.0013614,-6.5575,0.00141935
6,480,2,No,-0.000743308,-7.12773,0.000802493
6,481,2,No,-0.00194237,-6.21479,0.00199952
6,482,2,No,-0.00170495,-6.34101,0.00176242
6,483,2,No,-0.000403784,-7.67653,0.000463553
6,484,2,Yes,-3.20658,-0.0412764,0.959508
6,485,2,Yes,-3.51223,-0.0302231,0.970171
6,486,2,Yes,-2.41897,-0.093163,0.910992
6,487,2,Yes,-3.51098,-0.0302617,0.970134
6,488,2,No,-1.42919,-0.273705,0.760512
6,489,2,No,-0.104282,-2.31175,0.0990815
6,490,2,No,-0.014938,-4.20728,0.0148859
6,491,2,Yes,-3.03344,-0.0492861,0.951853
6,492,2,No,-0.00935073,-4.67061,0.00936599
6,493,2,Yes,-3.56589,-0.0286185,0.97173
6,494,2,Yes,-3.71656,-0.0245579,0.975684
6,495,2,Yes,-2.3015,-0.105415,0.899898
6,496,2,Yes,-1.33943,-0.303725,0.73802
6,497,2,Yes,-0.357533,-1.20178,0.300641
6,498,2,Yes,-4.55414,-0.0105198,0.989477
6,499,2,Yes,-3.36267,-0.0351952,0.965359
6,500,2,Yes,-3.36678,-0.0350483,0.965501
6,501,2,Yes,-0.112608,-2.23906,0.106552
6,502,2,Yes,-0.281741,-1.40409,0.245575
6,503,2,No,-0.712449,-0.674095,0.509587
6,504,2,Yes,-3.09852,-0.046104,0.954887
6,505,2,Yes,-2.66133,-0.0723515,0.930149
6,506,2,Yes,-1.83942,-0.172986,0.8411
6,507,2,No,-1.66976,-0.208543,0.811718
6,508,2,Yes,-3.35543,-0.0354564,0.965108
6,509,2,Yes,-4.14002,-0.0159907,0.984079
6,510,2,No,-0.174198,-1.83303,0.159919
6,511,2,No,-2.43156,-0.0919397,0.912106
6,512,2,Yes,-3.79587,-0.0226595,0.977538
6,513,2,No,-0.00628445,-5.06332,0.00632414
6,514,2,Yes,-2.10181,-0.130309,0.877772
6,515,2,No,-0.778666,-0.61426,0.541009
6,516,2,Yes,-2.33115,-0.102173,0.902821
6,517,2,No,-0.952508,-0.487294,0.61425
6,518,2,No,-1.49884,-0.25274,0.776624
6,519,2,Yes,-3.63012,-0.0268103,0.973488
6,520,2,Yes,-4.23078,-0.0145875,0.98546
6,521,2,No,-0.402144,-1.10511,0.331154
6,522,2,Yes,-1.1808,-0.366688,0.692985
6,523,2,No,-0.532002,-0.885202,0.412607
6,524,2,No,-2.86289,-0.0587356,0.9429
6,525,2,No,-0.000735553,-7.13714,0.000794974
6,526,2,Yes,-4.17444,-0.0154427,0.984617
6,527,2,Yes,-2.26424,-0.109648,0.896097
6,528,2,No,-0.370336,-1.17261,0.309538
6,529,2,No,-0.000981335,-6.86813,0.00104035
6,530,2,Yes,-3.53142,-0.0296391,0.970739
6,531,2,No,-0.377383,-1.15707,0.314387
6,532,2,No,-1.63259,-0.217367,0.804588
6,533,2,No,-0.000122912,-8.61114,0.000182056
6,534,2,No,-5.32284e-05,-9.0919,0.000112567
6,535,2,No,-4.95923e-05,-9.12751,0.000108629
6,536,2,No,-5.51358e-05,-9.07522,0.000114461
6,537,2,No,-0.0104478,-4.56084,0.0104527
6,538,2,No,-0.0147109,-4.22247,0.0146616
6,539,2,Yes,-3.29285,-0.0377935,0.962855
6,540,2,Yes,-0.0838556,-2.51956,0.0804903
6,541,2,No,-0.0573549,-2.88597,0.0557973
6,542,2,No,-0.000160945,-8.4199,0.000220423
6,543,2,No,-0.056954,-2.89279,0.0554182
6,544,2,Yes,-2.61061,-0.0762661,0.926515
6,545,2,No,-0.000108963,-8.69011,0.000168232
6,546,2,No,-0.000199457,-8.26038,0.000258544
6,547,2,Yes,-2.8308,-0.0607132,0.941038
6,548,2,Yes,-2.34426,-0.10077,0.904088
6,549,2,Yes,-2.96392,-0.0529333,0.948387
6,550,2,No,-0.000102048,-8.7338,0.00016104
6,551,2,No,-0.00155033,-6.43239,0.00160851
6,552,2,No,-0.853273,-0.555055,0.574007
6,553,2,No,-0.000131735,-8.56199,0.000191227
6,554,2,No,-1.20294,-0.357036,0.699707
6,555,2,Yes,-0.372593,-1.1676,0.311095
6,556,2,Yes,-1.52401,-0.245618,0.782175
6,557,2,No,-0.0145459,-4.23363,0.0144988
6,558,2,No,-0.00396069,-5.51846,0.00401178
6,559,2,Yes,-2.9101,-0.0559477,0.945533
6,560,2,No,-0.00182849,-6.27312,0.00188621
6,561,2,Yes,-2.46569,-0.0887131,0.915054
6,562,2,Yes,-2.81699,-0.061585,0.940218
6,563,2,Yes,-4.23619,-0.0145084,0.985538
6,564,2,Yes,-5.03689,-0.00645643,0.993506
6,565,2,Yes,-3.58781,-0.0279886,0.972343
6,566,2,No,-0.327086,-1.27641,0.279021
6,567,2,Yes,-0.708399,-0.678008,0.507597
6,568,2,Yes,-0.187381,-1.76649,0.170921
6,569,2,Yes,-0.71641,-0.670298,0.511526
6,570,2,Yes,-0.623629,-0.767736,0.464036
6,571,2,Yes,-1.77314,-0.186017,0.830211
6,572,2,Yes,-3.82843,-0.0219235,0.978257
6,573,2,No,-0.494823,-0.940635,0.390357
6,574,2,No,-0.000144731,-8.49556,0.000204361
6,575,2,Yes,-4.86566,-0.00767715,0.992294
6,576,2,Yes,-0.720517,-0.666392,0.513528
6,577,2,No,-0.022828,-3.78852,0.0226278
6,578,2,Yes,-2.90545,-0.0562153,0.945279
6,579,2,No,-0.311241,-1.31856,0.267506
6,580,2,No,-0.0131988,-4.32971,0.0131706
6,581,2,No,-0.0017898,-6.29381,0.00184759
6,582,2,No,-0.0117696,-4.443,0.0117599
6,583,2,Yes,-2.6198,-0.0755412,0.927187
6,584,2,Yes,-3.91162,-0.0201504,0.979993
6,585,2,Yes,-1.25502,-0.335488,0.714947
6,586,2,No,-0.0135791,-4.30161,0.0135459
6,587,2,No,-0.0351684,-3.3634,0.0346153
6,588,2,No,-0.0112454,-4.48807,0.0112417
6,589,2,No,-0.00802318,-4.82199,0.00805029
6,590,2,Yes,-4.24159,-0.0144295,0.985616
6,591,2,No,-0.0273927,-3.60894,0.0270789
6,592,2,No,-0.0350947,-3.3655,0.0345427
6,593,2,Yes,-0.0237157,-3.75093,0.0234944
6,594,2,No,-3.1324,-0.0445309,0.95639
6,595,2,No,-0.546384,-0.865078,0.420994
6,596,2,Yes,-1.30716,-0.315435,0.729428
6,597,2,Yes,-4.6371,-0.00967332,0.990315
6,598,2,Yes,-0.347134,-1.2264,0.293331
6,599,2,Yes,-1.50712,-0.25037,0.778467
6,600,2,Yes,-0.407729,-1.09392,0.33488
6,601,2,Yes,-0.666087,-0.720839,0.486316
6,602,2,No,-0.232191,-1.57376,0.207253
6,603,2,Yes,-3.98162,-0.0187716,0.981346
6,604,2,No,-0.773306,-0.618832,0.538542
6,605,2,No,-0.00276076,-5.87233,0.00281613
6,606,2,No,-0.000507722,-7.47533,0.000566865
6,607,2,No,-0.00787562,-4.84032,0.00790405
6,608,2,Yes,-0.574775,-0.827301,0.437202
6,609,2,No,-0.00029926,-7.93499,0.000357975
6,610,2,No,-0.107911,-2.27934,0.102346
6,611,2,Yes,-1.73542,-0.193909,0.823685
6,612,2,Yes,-1.03852,-0.436828,0.646044
6,613,2,Yes,-1.81983,-0.176731,0.837956
6,614,2,Yes,-4.41397,-0.0121212,0.987894
6,615,2,No,-1.94753,-0.153813,0.857382
6,616,2,Yes,-1.93394,-0.156092,0.855431
6,617,2,Yes,-4.89616,-0.00744377,0.992525
6,618,2,Yes,-1.69805,-0.202093,0.816971
6,619,2,Yes,-3.09578,-0.0462338,0.954763
6,620,2,Yes,-4.3376,-0.0130943,0.986933
6,621,2,No,-0.0702697,-2.68947,0.067913
6,622,2,Yes,-3.5648,-0.0286496,0.971699
6,623,2,Yes,-0.496565,-0.937919,0.391419
6,624,2,Yes,-2.96032,-0.0531301,0.948201
6,625,2,Yes,-2.02148,-0.142024,0.867549
6,626,2,Yes,-5.08273,-0.006163,0.993797
6,627,2,No,-6.05602e-05,-9.02928,0.000119842
6,628,2,Yes,-3.08972,-0.046521,0.954488
6,629,2,Yes,-2.14485,-0.124461,0.882921
6,630,2,Yes,-0.760278,-0.63013,0.532491
6,631,2,Yes,-2.65696,-0.0726804,0.929843
6,632,2,Yes,-1.62908,-0.21822,0.803901
6,633,2,Yes,-0.605732,-0.788813,0.454357
6,634,2,Yes,-1.98543,-0.147644,0.862686
6,635,2,No,-0.00341312,-5.66445,0.00346685
6,636,2,No,-0.39403,-1.1217,0.325706
6,637,2,Yes,-2.35512,-0.0996255,0.905124
6,638,2,Yes,-2.60275,-0.0768921,0.925935
6,639,2,Yes,-0.458289,-1.0005,0.367673
6,640,2,No,-0.000502236,-7.48499,0.000561417
6,641,2,No,-0.190594,-1.75105,0.173581
6,642,2,No,-0.291016,-1.37612,0.252541
6,643,2,Yes,-3.4228,-0.0331033,0.967381
6,644,2,Yes,-3.32245,-0.0366701,0.963938
6,645,2,Yes,-2.39838,-0.0951972,0.90914
6,646,2,Yes,-1.50751,-0.250261,0.778552
6,647,2,Yes,-0.538122,-0.876552,0.416191
6,648,2,No,-0.000570341,-7.37099,0.000629208
6,649,2,No,-1.76864,-0.186938,0.829446
6,650,2,No,-0.222632,-1.61119,0.199638
6,651,2,Yes,-3.14236,-0.0440796,0.956822
6,652,2,No,-0.814259,-0.585026,0.557059
6,653,2,No,-0.000141154,-8.51615,0.000200196
6,654,2,Yes,-0.786813,-0.607401,0.544733
6,655,2,Yes,-3.53149,-0.0296371,0.97074
6,656,2,No,-2.45738,-0.0894876,0.914346
6,657,2,Yes,-0.989983,-0.464458,0.628439
6,658,2,Yes,-4.61352,-0.00990711,0.990084
6,659,2,Yes,-0.660847,-0.726404,0.483617
6,660,2,Yes,-3.69196,-0.0251781,0.975078
6,661,2,No,-1.22079,-0.349469,0.705021
6,662,2,Yes,-2.52066,-0.0837598,0.919598
6,663,2,No,-0.0320453,-3.45469,0.0315953
6,664,2,No,-0.000672447,-7.22023,0.000731589
6,665,2,No,-0.000137398,-8.53548,0.000196365
6,666,2,Yes,-4.15833,-0.0156971,0.984367
6,667,2,Yes,-2.45663,-0.0895583,0.914281
6,668,2,Yes,-3.93244,-0.0197297,0.980405
6,669,2,Yes,-2.92959,-0.0548363,0.946584
6,670,2,Yes,-1.51245,-0.248859,0.779644
6,671,2,No,-0.00697567,-4.96026,0.00701071
6,672,2,No,-0.00640586,-5.04449,0.00644439
6,673,2,No,-0.000395018,-7.69675,0.000454272
6,674,2,No,-0.000154984,-8.45076,0.000213727
6,675,2,No,-9.27491e-05,-8.79181,0.000151964
6,676,2,No,-8.49998e-05,-8.84272,0.00014442
6,677,2,Yes,-2.69058,-0.0701891,0.932163
6,678,2,No,-0.00466437,-5.35743,0.0047127
6,679,2,No,-2.27148,-0.108812,0.896846
6,680,2,No,-0.00103265,-6.82031,0.00109132
6,681,2,No,-0.000897452,-6.9519,0.000956755
6,682,2,No,-0.0393534,-3.25325,0.038646
6,683,2,Yes,-1.39177,-0.285787,0.751379
6,684,2,No,-0.897582,-0.523397,0.59247
6,685,2,No,-0.23419,-1.56615,0.208835
6,686,2,No,-0.00329016,-5.70048,0.00334417
6,687,2,No,-0.0017403,-6.32112,0.00179782
6,688,2,No,-0.000150215,-8.47128,0.000209384
6,689,2,Yes,-4.81927,-0.00804625,0.991928
6,690,2,No,-0.138864,-2.04243,0.129705
6,691,2,Yes,-1.61606,-0.221421,0.801332
6,692,2,No,-8.44633e-05,-8.84459,0.000144151
6,693,2,No,-0.00177744,-6.30027,0.0018357
6,694,2,No,-0.00381744,-5.55453,0.00386967
6,695,2,No,-0.000489474,-7.50818,0.000548546
6,696,2,Yes,-1.11675,-0.396431,0.672677
6,697,2,No,-0.000428113,-7.62615,0.000487505
6,698,2,No,-0.000132212,-8.56008,0.000191592
6,699,2,No,-0.00621344,-5.07459,0.00625329
6,700,2,No,-0.00211271,-6.13325,0.00216939
6,701,2,Yes,-2.14483,-0.124463,0.882919
6,702,2,Yes,-1.64897,-0.213428,0.807763
6,703,2,No,-0.15261,-1.95479,0.141586
6,704,2,No,-0.0450236,-3.12166,0.0440815
6,705,2,No,-0.0420969,-3.18732,0.0412801
6,706,2,No,-0.699034,-0.687177,0.502964
6,707,2,No,-0.000667199,-7.22752,0.000726278
6,708,2,No,-0.000173941,-8.36323,0.000233276
6,709,2,Yes,-4.93095,-0.00718654,0.992781
6,710,2,Yes,-0.98503,-0.467398,0.626594
6,711,2,No,-0.00431879,-5.4333,0.00436838
6,712,2,No,-0.0136302,-4.29788,0.0135965
6,713,2,No,-0.150018,-1.97065,0.139358
6,714,2,Yes,-2.55096,-0.081153,0.921998
6,715,2,Yes,-1.96967,-0.150176,0.860506
6,716,2,Yes,-2.30649,-0.104862,0.900396
6,717,2,No,-0.000142465,-8.51007,0.000201418
6,718,2,No,-0.000661473,-7.23569,0.00072037
6,719,2,No,-0.000500685,-7.48791,0.00055978
6,720,2,No,-0.000945299,-6.90319,0.00100452
6,721,2,No,-0.000492694,-7.50197,0.000551964
6,722,2,No,-0.00235369,-6.02805,0.00241004
6,723,2,No,-0.650822,-0.737221,0.478414
6,724,2,No,-0.000465263,-7.55256,0.000524731
6,725,2,No,-0.270683,-1.43885,0.237187
6,726,2,No,-1.46091,-0.263921,0.767989
6,727,2,Yes,-4.31356,-0.0134167,0.986615
6,728,2,Yes,-4.38861,-0.0124363,0.987583
6,729,2,No,-0.00304435,-5.77666,0.00309886
6,730,2,Yes,-4.59748,-0.0100684,0.989923
6,731,2,Yes,-2.15247,-0.123455,0.88381
6,732,2,Yes,-3.6786,-0.0255225,0.974743
6,733,2,Yes,-4.11784,-0.0163533,0.983721
6,734,2,Yes,-0.663784,-0.723278,0.485131
6,735,2,No,-0.0124089,-4.39077,0.0123905
6,736,2,Yes,-0.735704,-0.652216,0.52086
6,737,2,No,-0.187157,-1.76758,0.170736
6,738,2,Yes,-0.482741,-0.959801,0.382947
6,739,2,No,-0.000451667,-7.57946,0.000510805
6,740,2,No,-1.01067,-0.452427,0.636045
6,741,2,Yes,-1.61556,-0.221545,0.801233
6,742,2,Yes,-3.33294,-0.0362795,0.964314
6,743,2,Yes,-2.73683,-0.0669057,0.935228
6,744,2,No,-0.344206,-1.23348,0.291259
6,745,2,Yes,-1.57155,-0.23277,0.79229
6,746,2,Yes,-1.1755,-0.369045,0.691354
6,747,2,Yes,-2.11404,-0.128618,0.879258
6,748,2,Yes,-0.191356,-1.74743,0.17421
6,749,2,No,-0.00157743,-6.4157,0.00163558
6,750,2,Yes,-3.69256,-0.0251627,0.975093
6,751,2,Yes,-3.42586,-0.0330005,0.967481
6,752,2,No,-0.122631,-2.15876,0.115462
6,753,2,No,-0.51234,-0.913877,0.400943
6,754,2,Yes,-2.99149,-0.0514554,0.94979
6,755,2,Yes,-4.15529,-0.0157458,0.98432
6,756,2,Yes,-4.47889,-0.0113514,0.988655
6,757,2,Yes,-4.23451,-0.0145335,0.985514
6,758,2,Yes,-3.21766,-0.040811,0.959954
6,759,2,No,-0.000425012,-7.63317,0.000484093
6,760,2,No,-2.06303,-0.13583,0.87294
6,761,2,No,-0.00506765,-5.27576,0.00511375
6,762,2,No,-0.465147,-0.988817,0.371994
6,763,2,Yes,-3.4095,-0.0335554,0.966944
6,764,2,Yes,-4.79977,-0.00820681,0.991769
6,765,2,No,-0.00155295,-6.43079,0.00161108
6,766,2,Yes,-4.65873,-0.00946487,0.990522
6,767,2,Yes,-2.42886,-0.0922019,0.911868
6,768,2,Yes,-3.83502,-0.0217776,0.9784
6,769,2,Yes,-2.94357,-0.0540535,0.947326
6,770,2,Yes,-0.304635,-1.33687,0.262651
6,771,2,No,-1.10895,-0.40025,0.670113
6,772,2,Yes,-3.40847,-0.0335906,0.96691
6,773,2,No,-0.0107352,-4.534,0.010737
6,774,2,Yes,-3.73539,-0.0240926,0.976137
6,775,2,No,-0.00633412,-5.05562,0.00637305
6,776,2,Yes,-1.60307,-0.224669,0.798733
6,777,2,No,-0.180395,-1.80109,0.165109
6,778,2,No,-1.45868,-0.264596,0.767471
6,779,2,Yes,-3.74162,-0.0239415,0.976286
6,780,2,Yes,-2.6901,-0.0702249,0.93213
6,781,2,Yes,-4.15825,-0.0156985,0.984366
6,782,2,No,-1.65774,-0.211352,0.809442
6,783,2,No,-0.0208418,-3.8783,0.0206848
6,784,2,No,-0.0001309,-8.56821,0.000190042
6,785,2,No,-0.818979,-0.581289,0.559144
6,786,2,No,-0.000781007,-7.08194,0.000840096
6,787,2,No,-0.00623527,-5.07119,0.00627456
6,788,2,No,-0.00871126,-4.74068,0.00873216
6,789,2,No,-0.00254777,-5.95059,0.00260416
6,790,2,Yes,-3.53805,-0.0294405,0.970932
6,791,2,No,-0.080109,-2.56338,0.077039
6,792,2,No,-0.109736,-2.26347,0.103982
6,793,2,No,-0.0205859,-3.89051,0.0204337
6,794,2,No,-0.00939645,-4.66582,0.00941094
6,795,2,No,-0.159277,-1.91529,0.14729
6,796,2,Yes,-1.03542,-0.438535,0.644943
6,797,2,Yes,-0.773728,-0.618469,0.538737
6,798,2,No,-2.36478,-0.098618,0.906035
6,799,2,No,-3.03734,-0.049088,0.95204
6,800,2,Yes,-2.146,-0.124308,0.883056
6,801,2,No,-0.000293536,-7.94965,0.000352765
6,802,2,Yes,-4.50258,-0.0110824,0.98892
6,803,2,No,-0.894587,-0.525462,0.591247
6,804,2,No,-0.134647,-2.0712,0.126027
6,805,2,Yes,-0.385456,-1.13969,0.319899
6,806,2,No,-0.00191192,-6.22984,0.00196965
6,807,2,Yes,-3.12317,-0.0449538,0.955985
6,808,2,No,-0.00325601,-5.71093,0.00330939
6,809,2,Yes,-3.97635,-0.0188717,0.981247
6,810,2,Yes,-0.105615,-2.2997,0.100283
6,811,2,No,-1.01263,-0.451303,0.636761
6,812,2,No,-0.000619723,-7.29529,0.00067869
6,813,2,No,-0.640998,-0.748042,0.473264
6,814,2,No,-0.182089,-1.79257,0.166522
6,815,2,No,-0.102137,-2.33146,0.0971478
6,816,2,Yes,-2.77754,-0.0641467,0.937812
6,817,2,Yes,-3.22325,-0.0405793,0.960177
6,818,2,Yes,-1.26888,-0.330016,0.71887
6,819,2,No,-0.0330382,-3.42474,0.0325559
6,820,2,Yes,-1.95356,-0.152811,0.85824
6,821,2,Yes,-3.1258,-0.0448327,0.956101
6,822,2,Yes,-3.95087,-0.0193644,0.980763
6,823,2,Yes,-3.06781,-0.0475779,0.95348
6,824,2,Yes,-4.92048,-0.00726285,0.992705
6,825,2,Yes,-1.0251,-0.444262,0.64126
6,826,2,Yes,-0.00605937,-5.09946,0.0060997
6,827,2,No,-0.00215918,-6.11181,0.00221641
6,828,2,Yes,-3.50569,-0.0304255,0.969976
6,829,2,Yes,-3.97258,-0.0189443,0.981176
6,830,2,No,-0.000121005,-8.62065,0.000180332
6,831,2,No,-1.68735,-0.204506,0.815002
6,832,2,Yes,-3.4003,-0.0338714,0.966639
6,833,2,Yes,-4.55625,-0.0104974,0.989499
6,834,2,Yes,-1.8226,-0.176196,0.838404
6,835,2,Yes,-2.82407,-0.0611356,0.94064
6,836,2,Yes,-2.28417,-0.107362,0.898148
6,837,2,Yes,-3.00101,-0.050954,0.950266
6,838,2,Yes,-3.06252,-0.0478372,0.953233
6,839,2,No,-0.000149857,-8.4732,0.000208983
6,840,2,Yes,-1.04811,-0.431616,0.64942
6,841,2,No,-1.04704,-0.432196,0.649044
6,842,2,No,-8.84572e-05,-8.81794,0.000148044
6,843,2,Yes,-3.81857,-0.0221429,0.978042
6,844,2,Yes,-1.62548,-0.219099,0.803195
6,845,2,No,-0.0034298,-5.65984,0.00348286
6,846,2,Yes,-0.202014,-1.6984,0.182965
6,847,2,No,-0.00124365,-6.64354,0.00130234
6,848,2,No,-0.00168662,-6.3511,0.00174472
6,849,2,Yes,-2.46123,-0.0891282,0.914675
6,850,2,No,-0.000251325,-8.07893,0.000309983
6,851,2,Yes,-3.50867,-0.0303332,0.970065
6,852,2,No,-0.161569,-1.90212,0.149243
6,853,2,Yes,-0.507487,-0.921173,0.398029
6,854,2,Yes,-4.52344,-0.0108513,0.989149
6,855,2,No,-0.51184,-0.914626,0.400643
6,856,2,No,-0.0446327,-3.13015,0.0437085
6,857,2,No,-0.149287,-1.97517,0.138729
6,858,2,No,-0.125526,-2.13684,0.11802
6,859,2,Yes,-0.68159,-0.704721,0.494218
6,860,2,No,-0.488064,-0.951284,0.386222
6,861,2,Yes,-3.45827,-0.0319297,0.968517
6,862,2,No,-0.0136389,-4.29726,0.013605
6,863,2,No,-0.00468755,-5.35257,0.00473569
6,864,2,Yes,-3.89437,-0.0205064,0.979645
6,865,2,No,-0.00047057,-7.54319,0.000529674
6,866,2,No,-0.00044952,-7.5838,0.000508595
6,867,2,No,-0.000286024,-7.96908,0.000345978
6,868,2,Yes,-0.899761,-0.5219,0.593357
6,869,2,Yes,-0.648597,-0.739652,0.477252
6,870,2,No,-0.00350014,-5.63975,0.00355356
6,871,2,No,-0.00840923,-4.7756,0.00843249
6,872,2,Yes,-2.8129,-0.0618452,0.939973
6,873,2,Yes,-2.85649,-0.0591251,0.942533
6,874,2,Yes,-2.61022,-0.0762974,0.926486
6,875,2,No,-0.0853927,-2.50216,0.0819027
6,876,2,Yes,-2.01045,-0.14372,0.86608
6,877,2,No,-0.0152204,-4.18881,0.0151634
6,878,2,Yes,-4.3284,-0.0132164,0.986812
6,879,2,Yes,-2.28239,-0.107564,0.897966
6,880,2,Yes,-4.25333,-0.0142591,0.985784
6,881,2,No,-0.00895306,-4.71353,0.00897247
6,882,2,Yes,-3.98233,-0.0187578,0.981359
6,883,2,Yes,-4.51614,-0.0109312,0.98907
6,884,2,Yes,-1.41009,-0.279798,0.755892
6,885,2,Yes,-2.31122,-0.104341,0.900865
6,886,2,Yes,-4.57147,-0.0103365,0.989658
6,887,2,No,-1.05912,-0.425724,0.653258
6,888,2,Yes,-0.80871,-0.589461,0.554594
6,889,2,Yes,-0.321718,-1.29042,0.27514
6,890,2,Yes,-1.39451,-0.28488,0.75206
6,891,2,Yes,-3.68325,-0.0254017,0.97486
6,892,2,Yes,-4.57876,-0.010261,0.989733
6,893,2,Yes,-4.02326,-0.0179962,0.982107
6,894,2,Yes,-4.00002,-0.0184242,0.981686
6,895,2,Yes,-3.9561,-0.0192624,0.980864
6,896,2,No,-0.000138769,-8.52558,0.000198317
6,897,2,No,-0.000374387,-7.74399,0.000433312
6,898,2,Yes,-2.83108,-0.0606956,0.941054
6,899,2,No,-0.000216508,-8.1966,0.000275574
6,900,2,No,-0.000277796,-7.99589,0.000336824
6,901,2,Yes,-4.56973,-0.0103553,0.98964
6,902,2,Yes,-1.31682,-0.311874,0.732031
6,903,2,No,-0.0522793,-2.97602,0.0509923
6,904,2,Yes,-4.43572,-0.0118578,0.988154
6,905,2,Yes,-4.17366,-0.0154561,0.984605
6,906,2,Yes,-4.21261,-0.0148584,0.985193
6,907,2,No,-0.0533577,-2.95616,0.0520152
6,908,2,No,-0.630072,-0.760344,0.467478
6,909,2,No,-0.516222,-0.908105,0.403264
6,910,2,Yes,-1.47188,-0.260631,0.77052
6,911,2,No,-0.00025836,-8.05348,0.000317974
6,912,2,Yes,-0.256056,-1.48739,0.225947
6,913,2,No,-0.13108,-2.09629,0.122905
6,914,2,No,-0.00141846,-6.51786,0.00147674
6,915,2,Yes,-3.98422,-0.0187221,0.981394
6,916,2,No,-0.00852657,-4.76185,0.00854929
6,917,2,Yes,-1.70825,-0.199822,0.818829
6,918,2,Yes,-3.26297,-0.0389645,0.961728
6,919,2,Yes,-4.40443,-0.0122392,0.987778
6,920,2,Yes,-2.2465,-0.111727,0.894237
6,921,2,No,-0.00446241,-5.40112,0.00451126
6,922,2,No,-0.122788,-2.15755,0.115601
6,923,2,Yes,-3.65955,-0.0260203,0.974257
6,924,2,Yes,-3.89894,-0.0204117,0.979738
6,925,2,Yes,-0.369832,-1.17374,0.30919
6,926,2,Yes,-4.5547,-0.0105141,0.989483
6,927,2,Yes,-2.33985,-0.101239,0.903664
6,928,2,No,-0.000517383,-7.4582,0.000576658
6,929,2,No,-0.000229027,-8.15147,0.000288295
6,930,2,Yes,-2.20045,-0.117314,0.889253
6,931,2,No,-0.0539601,-2.94524,0.0525863
6,932,2,No,-0.00916712,-4.69021,0.00918419
6,933,2,Yes,-2.55601,-0.0807272,0.92239
6,934,2,No,-0.00383713,-5.54974,0.00388823
6,935,2,No,-0.00398266,-5.51283,0.00403443
6,936,2,Yes,-3.01538,-0.0502079,0.950976
6,937,2,No,-0.000832248,-7.02264,0.000891412
6,938,2,No,-0.0139664,-4.27381,0.0139278
6,939,2,No,-0.00116977,-6.7023,0.00122802
6,940,2,Yes,-3.12179,-0.0450175,0.955924
6,941,2,No,-0.0162546,-4.12378,0.0161823
6,942,2,No,-0.0176721,-4.04122,0.017575
6,943,2,Yes,-5.01598,-0.00659418,0.993369
6,944,2,Yes,-0.248962,-1.51209,0.220436
6,945,2,No,-0.014227,-4.25555,0.0141844
6,946,2,Yes,-2.0865,-0.13246,0.875887
6,947,2,Yes,-0.520755,-0.901434,0.405963
6,948,2,Yes,-3.45165,-0.0321453,0.968309
6,949,2,Yes,-4.47243,-0.0114245,0.988581
6,950,2,No,-0.00177708,-6.30071,0.00183489
6,951,2,Yes,-3.74296,-0.0239089,0.976317
6,952,2,Yes,-1.03119,-0.440869,0.643439
6,953,2,Yes,-1.51077,-0.249335,0.779273
6,954,2,Yes,-3.35517,-0.0354655,0.965099
6,955,2,Yes,-0.75826,-0.631905,0.531547
6,956,2,Yes,-3.96313,-0.0191264,0.980998
6,957,2,Yes,-3.46647,-0.0316645,0.968775
6,958,2,Yes,-3.9633,-0.0191228,0.981001
6,959,2,No,-0.0130556,-4.34047,0.0130296
6,960,2,No,-0.00202605,-6.17378,0.00208322
6,961,2,Yes,-3.23219,-0.04021,0.960531
6,962,2,No,-0.00267302,-5.90385,0.00272877
6,963,2,No,-0.0511567,-2.99714,0.0499268
6,964,2,No,-0.643088,-0.745721,0.474364
6,965,2,No,-0.00153134,-6.44422,0.00158959
6,966,2,No,-0.0122759,-4.40139,0.0122595
6,967,2,No,-0.0208869,-3.87618,0.0207287
6,968,2,No,-1.37145,-0.292601,0.746276
6,969,2,Yes,-1.56773,-0.233774,0.791494
6,970,2,Yes,-3.91551,-0.0200716,0.980071
6,971,2,Yes,-3.30353,-0.0373842,0.963249
6,972,2,No,-0.0282758,-3.57772,0.0279376
6,973,2,No,-0.109035,-2.26953,0.103354
6,974,2,Yes,-1.54894,-0.238784,0.787539
6,975,2,No,-0.336163,-1.25333,0.285535
6,976,2,No,-0.527099,-0.892223,0.40972
6,977,2,Yes,-1.00614,-0.455026,0.634395
6,978,2,Yes,-3.3626,-0.035198,0.965357
6,979,2,Yes,-0.158077,-1.92226,0.146267
6,980,2,Yes,-0.373965,-1.16457,0.312039
6,981,2,Yes,-0.344682,-1.23233,0.291596
6,982,2,Yes,-0.279478,-1.41108,0.243866
6,983,2,Yes,-2.81433,-0.0617535,0.940059
6,984,2,No,-0.389617,-1.1309,0.322724
6,985,2,No,-0.976251,-0.472666,0.623302
6,986,2,Yes,-0.819564,-0.580827,0.559402
6,987,2,Yes,-0.939982,-0.495241,0.609388
6,988,2,Yes,-3.37174,-0.0348718,0.965672
6,989,2,Yes,-1.53078,-0.243739,0.783646
6,990,2,Yes,-0.662356,-0.724796,0.484395
6,991,2,Yes,-0.677429,-0.708998,0.492108
6,992,2,No,-0.514076,-0.911289,0.401982
6,993,2,Yes,-1.58299,-0.229792,0.794652
6,994,2,Yes,-1.54377,-0.240182,0.786438
6,995,2,Yes,-0.98781,-0.465746,0.62763
6,996,2,Yes,-3.17436,-0.0426581,0.958182
6,997,2,Yes,-2.81328,-0.0618211,0.939996
6,998,2,Yes,-3.91593,-0.0200622,0.980079
6,999,2,Yes,-3.95917,-0.019203,0.980922
6,1000,2,Yes,-1.64948,-0.213307,0.807861
6,1001,2,Yes,-1.73812,-0.193334,0.824159
6,1002,2,Yes,-3.84809,-0.0214904,0.978681
6,1003,2,Yes,-4.37423,-0.0126177,0.987403
6,1004,2,Yes,-4.52913,-0.0107887,0.98921
6,1005,2,No,-0.703748,-0.682542,0.505301
6,1006,2,Yes,-1.0522,-0.429415,0.650851
6,1007,2,Yes,-2.69846,-0.0696181,0.932695
6,1008,2,Yes,-1.27045,-0.329402,0.719312
6,1009,2,Yes,-4.15181,-0.0158015,0.984265
6,1010,2,Yes,-3.85804,-0.0212755,0.978892
6,1011,2,Yes,-4.08906,-0.0168367,0.983246
6,1012,2,Yes,-4.00968,-0.0182462,0.981862
6,1013,2,Yes,-2.1601,-0.122455,0.884693
6,1014,2,Yes,-4.56575,-0.0103971,0.989599
6,1015,2,No,-0.01229,-4.40024,0.0122737
6,1016,2,Yes,-1.76827,-0.187015,0.829382
6,1017,2,Yes,-2.23683,-0.112876,0.893209
6,1018,2,Yes,-3.05602,-0.0481568,0.952928
6,1019,2,Yes,-3.82532,-0.0219921,0.97819
6,1020,2,No,-0.000690102,-7.19643,0.000749215
6,1021,2,No,-0.0156224,-4.16303,0.0155594
6,1022,2,No,-0.00902722,-4.70543,0.00904545
6,1023,2,Yes,-4.18779,-0.0152363,0.984821
6,1024,2,Yes,-2.98105,-0.0520098,0.949263
6,1025,2,Yes,-0.862324,-0.548391,0.577845
6,1026,2,Yes,-3.40426,-0.0337357,0.96677
6,1027,2,Yes,-1.47097,-0.260903,0.77031
6,1028,2,Yes,-1.74976,-0.190868,0.826194
6,1029,2,Yes,-1.88179,-0.16518,0.847691
6,1030,2,Yes,-2.27749,-0.108123,0.897465
6,1031,2,Yes,-0.143678,-2.01072,0.133885
6,1032,2,No,-0.010735,-4.53402,0.0107368
6,1033,2,No,-0.0940419,-2.41,0.0898096
6,1034,2,No,-1.709,-0.199657,0.818964
6,1035,2,Yes,-2.06243,-0.135919,0.872863
6,1036,2,Yes,-2.94806,-0.0538038,0.947562
6,1037,2,Yes,-3.04253,-0.0488281,0.952289
6,1038,2,No,-0.00437698,-5.42005,0.00442668
6,1039,2,No,-0.0597949,-2.84556,0.0580985
6,1040,2,No,-0.0635102,-2.78717,0.0615915
6,1041,2,Yes,-3.57148,-0.0284566,0.971888
6,1042,2,Yes,-3.26453,-0.0389019,0.961788
6,1043,2,No,-0.785067,-0.608862,0.543938
6,1044,2,Yes,-2.43746,-0.0913737,0.912622
6,1045,2,Yes,-1.25653,-0.334887,0.715377
6,1046,2,No,-0.00779392,-4.85061,0.00782311
6,1047,2,No,-0.0068273,-4.98153,0.00686316
6,1048,2,No,-0.000128814,-8.57902,0.000187998
6,1049,2,No,-0.000163926,-8.40813,0.000223034
6,1050,2,No,-8.2377e-05,-8.86092,0.000141817
6,1051,2,No,-0.000133166,-8.5531,0.000192935
6,1052,2,No,-8.75034e-05,-8.82848,0.000146493
6,1053,2,No,-0.000204405,-8.24033,0.000263783
6,1054,2,No,-0.0488896,-3.04129,0.0477706
6,1055,2,No,-0.00168656,-6.35142,0.00174416
6,1056,2,No,-0.00470366,-5.34917,0.00475179
6,1057,2,No,-0.00247146,-5.98055,0.00252729
6,1058,2,No,-0.000221635,-8.17743,0.000280907
6,1059,2,No,-0.000117547,-8.6386,0.000177124
6,1060,2,No,-0.00267314,-5.90385,0.00272876
6,1061,2,Yes,-2.67581,-0.0712729,0.931153
6,1062,2,Yes,-4.54671,-0.0105991,0.989399
6,1063,2,No,-4.13979,-0.0159945,0.984075
6,1064,2,Yes,-4.93564,-0.00715293,0.992815
6,1065,2,No,-2.28423,-0.107356,0.898153
6,1066,2,No,-0.000154388,-8.45211,0.000213438
6,1067,2,No,-7.63565e-05,-8.90821,0.000135265
6,1068,2,No,-0.0456135,-3.10894,0.0446457
6,1069,2,No,-0.000734659,-7.13912,0.000793404
6,1070,2,No,-0.000159097,-8.42885,0.00021846
6,1071,2,No,-5.54339e-05,-9.07097,0.000114948
6,1072,2,No,-0.0916156,-2.43493,0.0875986
6,1073,2,No,-4.76849e-05,-9.14332,0.000106925
6,1074,2,No,-0.000262176,-8.042,0.000321647
6,1075,2,No,-0.000146042,-8.4879,0.000205934
6,1076,2,No,-0.406649,-1.09607,0.334161
6,1077,2,No,-0.00282191,-5.85091,0.00287712
6,1078,2,No,-0.248001,-1.51549,0.219687
6,1079,2,No,-0.00100765,-6.84279,0.00106706
6,1080,2,No,-0.0014572,-6.49222,0.0015151
6,1081,2,No,-0.00265217,-5.91146,0.00270808
6,1082,2,Yes,-0.294828,-1.36493,0.255384
6,1083,2,No,-0.00274104,-5.8794,0.0027963
6,1084,2,Yes,-4.01092,-0.0182229,0.981884
6,1085,2,Yes,-4.5302,-0.0107776,0.989222
6,1086,2,Yes,-4.91103,-0.00733274,0.992636
6,1087,2,Yes,-0.178818,-1.80911,0.163791
6,1088,2,No,-0.185696,-1.77471,0.169523
6,1089,2,Yes,-0.727794,-0.659547,0.517055
6,1090,2,Yes,-0.984634,-0.467634,0.626446
6,1091,2,Yes,-3.89179,-0.0205606,0.979592
6,1092,2,Yes,-2.75408,-0.065722,0.936336
6,1093,2,No,-0.000608033,-7.31297,0.000666791
6,1094,2,No,-0.000913381,-6.93575,0.000972335
6,1095,2,No,-0.00123846,-6.64765,0.00129699
6,1096,2,No,-0.0244509,-3.72083,0.0242125
6,1097,2,No,-0.00201703,-6.17805,0.00207434
6,1098,2,No,-0.0186953,-3.98557,0.0185807
6,1099,2,Yes,-0.140003,-2.03482,0.130696
6,1100,2,No,-0.815417,-0.584106,0.557571
6,1101,2,Yes,-3.92609,-0.019857,0.980281
6,1102,2,Yes,-4.19046,-0.0151949,0.984861
6,1103,2,Yes,-4.47795,-0.0113611,0.988644
6,1104,2,Yes,-1.01897,-0.447708,0.639054
6,1105,2,No,-0.519651,-0.903051,0.405307
6,1106,2,Yes,-0.57873,-0.822235,0.439423
6,1107,2,No,-0.584952,-0.814352,0.4429
6,1108,2,Yes,-3.64248,-0.0264753,0.973814
6,1109,2,Yes,-3.66296,-0.0259302,0.974345
6,1110,2,Yes,-4.46042,-0.0115649,0.988443
6,1111,2,Yes,-3.95158,-0.0193506,0.980777
6,1112,2,Yes,-3.36859,-0.0349841,0.965564
6,1113,2,Yes,-2.57048,-0.0795189,0.923506
6,1114,2,Yes,-3.22787,-0.0403875,0.960361
6,1115,2,Yes,-2.05515,-0.136983,0.871934
6,1116,2,No,-0.036697,-3.32169,0.0360895
6,1117,2,Yes,-2.45627,-0.0895912,0.914251
6,1118,2,Yes,-3.85728,-0.0212909,0.978876
6,1119,2,Yes,-2.38253,-0.0967949,0.907689
6,1120,2,Yes,-2.04015,-0.139204,0.869999
6,1121,2,Yes,-2.58829,-0.0780579,0.924856
6,1122,2,Yes,-3.81533,-0.0222162,0.977971
6,1123,2,Yes,-0.476554,-0.969852,0.379117
6,1124,2,Yes,-3.72033,-0.0244639,0.975776
6,1125,2,Yes,-2.15984,-0.122489,0.884663
6,1126,2,Yes,-3.62757,-0.0268795,0.973421
6,1127,2,No,-1.77146,-0.18636,0.829926
6,1128,2,No,-0.331951,-1.26395,0.28252
6,1129,2,No,-0.67268,-0.713922,0.489691
6,1130,2,No,-1.67305,-0.207781,0.812337
6,1131,2,Yes,-3.21837,-0.040781,0.959982
6,1132,2,Yes,-1.74675,-0.191502,0.82567
6,1133,2,Yes,-3.69465,-0.0251104,0.975145
6,1134,2,Yes,-4.39807,-0.0123176,0.9877
6,1135,2,Yes,-3.73778,-0.024034,0.976195
6,1136,2,Yes,-3.57435,-0.028373,0.971968
6,1137,2,Yes,-3.92646,-0.0198499,0.980288
6,1138,2,Yes,-0.279222,-1.41187,0.243673
6,1139,2,No,-0.531227,-0.886307,0.412151
6,1140,2,Yes,-2.95468,-0.0534394,0.947908
6,1141,2,Yes,-3.03301,-0.0493076,0.951832
6,1142,2,Yes,-4.05744,-0.0173844,0.982708
6,1143,2,Yes,-4.8121,-0.00810447,0.99187
6,1144,2,Yes,-4.10767,-0.0165231,0.983555
6,1145,2,No,-0.501365,-0.930503,0.394332
6,1146,2,Yes,-2.6115,-0.0761956,0.92658
6,1147,2,Yes,-3.22744,-0.0404051,0.960343
6,1148,2,Yes,-3.19205,-0.0418938,0.958915
6,1149,2,Yes,-3.33192,-0.0363169,0.964278
6,1150,2,Yes,-0.321489,-1.29102,0.274975
6,1151,2,Yes,-2.90728,-0.0561101,0.945379
6,1152,2,Yes,-2.4808,-0.0873218,0.916328
6,1153,2,No,-0.0915418,-2.4357,0.0875311
6,1154,2,No,-0.00199792,-6.18707,0.00205573
6,1155,2,No,-0.021378,-3.85328,0.0212089
6,1156,2,No,-0.00409128,-5.48669,0.00414128
6,1157,2,No,-0.00167803,-6.35616,0.00173593
6,1158,2,No,-0.0102246,-4.58226,0.0102312
6,1159,2,No,-0.818964,-0.581301,0.559138
6,1160,2,Yes,-2.0489,-0.137904,0.87113
6,1161,2,Yes,-1.44939,-0.267429,0.7653
6,1162,2,No,-0.0367786,-3.31952,0.036168
6,1163,2,Yes,-1.77657,-0.185316,0.830793
6,1164,2,No,-0.0102852,-4.57635,0.0102917
6,1165,2,No,-0.0858997,-2.4965,0.0823677
6,1166,2,Yes,-1.99482,-0.146158,0.86397
6,1167,2,Yes,-2.02075,-0.142134,0.867453
6,1168,2,Yes,-3.03384,-0.0492656,0.951872
6,1169,2,Yes,-0.621727,-0.769936,0.463015
6,1170,2,Yes,-2.05169,-0.137492,0.871491
6,1171,2,No,-0.270856,-1.43829,0.237319
6,1172,2,Yes,-3.00667,-0.0506586,0.950547
6,1173,2,No,-0.225192,-1.60099,0.201684
6,1174,2,No,-0.609586,-0.784204,0.456456
6,1175,2,Yes,-2.91018,-0.0559434,0.945537
6,1176,2,No,-0.68831,-0.69789,0.497605
6,1177,2,Yes,-3.55826,-0.0288405,0.971514
6,1178,2,Yes,-2.35358,-0.099787,0.904977
6,1179,2,No,-0.11013,-2.26008,0.104336
6,1180,2,Yes,-4.24851,-0.0143289,0.985715
6,1181,2,Yes,-0.828415,-0.573911,0.563285
6,1182,2,Yes,-3.05913,-0.0480037,0.953074
6,1183,2,No,-0.0126125,-4.37462,0.0125922
6,1184,2,Yes,-3.73936,-0.0239952,0.976232
6,1185,2,No,-2.51711,-0.0840702,0.919312
6,1186,2,Yes,-2.09709,-0.130968,0.877194
6,1187,2,No,-0.454372,-1.00728,0.365191
6,1188,2,No,-0.333524,-1.25996,0.283648
6,1189,2,No,-0.0101825,-4.58631,0.0101897
6,1190,2,No,-0.000203153,-8.24492,0.000262573
6,1191,2,No,-0.000148427,-8.4811,0.000207337
6,1192,2,No,-0.000167145,-8.3913,0.000226818
6,1193,2,No,-0.000113553,-8.66163,0.000173091
6,1194,2,No,-0.0162425,-4.12453,0.0161701
6,1195,2,No,-0.0290617,-3.55076,0.0287012
6,1196,2,No,-0.000975727,-6.87391,0.00103436
6,1197,2,No,-0.00224927,-6.07232,0.00230569
6,1198,2,No,-0.00102626,-6.82626,0.00108485
6,1199,2,No,-0.00329417,-5.69943,0.00334769
6,1200,2,No,-0.000196595,-8.27107,0.000255795
6,1201,2,No,-0.000360315,-7.77614,0.000419604
6,1202,2,Yes,-4.66325,-0.00942106,0.990565
6,1203,2,Yes,-4.73892,-0.00872726,0.991252
6,1204,2,Yes,-4.94312,-0.0070986,0.992868
6,1205,2,Yes,-4.50434,-0.0110633,0.98894
6,1206,2,No,-0.000108308,-8.69352,0.000167659
6,1207,2,No,-0.000497942,-7.49273,0.000557085
6,1208,2,No,-6.43751e-05,-8.99691,0.000123785
6,1209,2,No,-0.000751838,-7.11747,0.000810767
6,1210,2,No,-0.000159396,-8.4303,0.000218144
6,1211,2,No,-0.000209234,-8.2219,0.000268688
6,1212,2,No,-0.0017003,-6.34343,0.00175816
6,1213,2,No,-0.00325715,-5.71031,0.00331146
6,1214,2,No,-0.698959,-0.687252,0.502927
6,1215,2,No,-0.012645,-4.3721,0.012624
6,1216,2,No,-0.00158913,-6.40868,0.0016471
6,1217,2,Yes,-0.888292,-0.529836,0.588667
6,1218,2,No,-0.257262,-1.48327,0.226881
6,1219,2,No,-0.54981,-0.860385,0.422975
6,1220,2,Yes,-0.493179,-0.943207,0.389354
6,1221,2,Yes,-4.26413,-0.0141039,0.985937
6,1222,2,Yes,-4.29369,-0.0136889,0.986346
6,1223,2,Yes,-2.7934,-0.0631034,0.938791
6,1224,2,No,-0.000506768,-7.47706,0.000565885
6,1225,2,No,-0.000587517,-7.34372,0.000646604
6,1226,2,No,-0.000321082,-7.87394,0.000380511
6,1227,2,No,-0.006582,-5.01767,0.00661956
6,1228,2,No,-0.00195277,-6.20962,0.00200987
6,1229,2,No,-0.00310031,-5.75885,0.00315456
6,1230,2,No,-0.0160483,-4.13642,0.015979
6,1231,2,No,-0.00508604,-5.27219,0.00513207
6,1232,2,No,-0.055548,-2.91705,0.0540898
6,1233,2,No,-0.00277367,-5.86766,0.00282933
6,1234,2,Yes,-2.85855,-0.0589987,0.942652
6,1235,2,Yes,-2.80255,-0.0625093,0.939349
6,1236,2,Yes,-3.61518,-0.0272201,0.973089
6,1237,2,Yes,-2.33135,-0.102149,0.902841
6,1238,2,No,-0.0643415,-2.7746,0.0623705
6,1239,2,No,-0.0183101,-4.00616,0.0182021
6,1240,2,Yes,-3.21769,-0.0408109,0.959955
6,1241,2,Yes,-2.24657,-0.111717,0.894245
6,1242,2,Yes,-4.75428,-0.00859258,0.991386
6,1243,2,Yes,-4.59813,-0.0100612,0.98993
6,1244,2,No,-0.00415933,-5.47024,0.00420997
6,1245,2,Yes,-3.52099,-0.0299552,0.970432
6,1246,2,Yes,-4.04367,-0.0176284,0.982468
6,1247,2,No,-0.00079926,-7.06026,0.000858507
6,1248,2,No,-0.00231964,-6.04209,0.00237646
6,1249,2,No,-0.215823,-1.63897,0.194169
6,1250,2,No,-0.000788403,-7.07356,0.00084716
6,1251,2,Yes,-4.63172,-0.00972586,0.990263
6,1252,2,Yes,-3.78781,-0.0228444,0.977356
6,1253,2,No,-0.00108862,-6.77023,0.00114736
6,1254,2,No,-0.00046252,-7.55836,0.000521698
6,1255,2,No,-0.00131025,-6.59376,0.0013688
6,1256,2,Yes,-1.27102,-0.329182,0.71947
6,1257,2,Yes,-0.817274,-0.582635,0.558392
6,1258,2,Yes,-5.27764,-0.00505747,0.994896
6,1259,2,Yes,-4.08233,-0.0169511,0.983133
6,1260,2,No,-0.000209652,-8.22175,0.000268728
6,1261,2,Yes,-3.55243,-0.029012,0.971347
6,1262,2,No,-0.000186997,-8.30945,0.000246164
6,1263,2,Yes,-5.37448,-0.00458407,0.995367
6,1264,2,No,-0.00149087,-6.46994,0.00154923
6,1265,2,Yes,-1.99712,-0.145797,0.864282
6,1266,2,No,-0.00350541,-5.63828,0.00355877
6,1267,2,Yes,-4.27886,-0.0138956,0.986142
6,1268,2,No,-0.000920004,-6.92868,0.000979231
6,1269,2,Yes,-3.99186,-0.0185775,0.981536
6,1270,2,No,-0.0212906,-3.85729,0.021124
6,1271,2,No,-0.101164,-2.34055,0.0962691
6,1272,2,No,-0.0103459,-4.57052,0.0103519
6,1273,2,Yes,-4.41613,-0.0120938,0.98792
6,1274,2,No,-0.00324423,-5.71427,0.00329837
6,1275,2,Yes,-3.95948,-0.0191972,0.980928
6,1276,2,No,-0.00168949,-6.34969,0.00174719
6,1277,2,No,-0.00369468,-5.5867,0.00374715
6,1278,2,No,-0.0841259,-2.51647,0.0807391
6,1279,2,No,-9.25703e-05,-8.7939,0.000151647
6,1280,2,No,-0.0765773,-2.6067,0.0737734
6,1281,2,Yes,-5.08511,-0.00614729,0.993812
6,1282,2,No,-4.96641,-0.00693239,0.993032
6,1283,2,No,-0.00134499,-6.56897,0.00140315
6,1284,2,No,-0.00023177,-8.14342,0.000290623
6,1285,2,No,-0.700473,-0.685758,0.503679
6,1286,2,Yes,-5.38156,-0.00455126,0.9954
6,1287,2,Yes,-3.29919,-0.0375499,0.963089
6,1288,2,No,-0.000229743,-8.14755,0.000289426
6,1289,2,No,-0.000179843,-8.34021,0.000238709
6,1290,2,Yes,-5.40229,-0.00445624,0.995494
6,1291,2,No,-5.84143e-05,-9.04637,0.000117811
6,1292,2,No,-0.000128516,-8.57842,0.000188111
6,1293,2,No,-0.000183003,-8.32388,0.000242638
6,1294,2,No,-7.42701e-05,-8.92269,0.000133321
6,1295,2,Yes,-4.14496,-0.0159111,0.984157
6,1296,2,Yes,-4.00418,-0.018347,0.981762
6,1297,2,No,-0.000119097,-8.63036,0.000178589
6,1298,2,No,-0.000185805,-8.31318,0.000245249
6,1299,2,No,-0.000381841,-7.72577,0.000441281
6,1300,2,Yes,-4.59293,-0.0101142,0.989878
6,1301,2,No,-0.0893583,-2.45876,0.0855362
6,1302,2,No,-1.58035,-0.230475,0.794109
6,1303,2,No,-0.00124795,-6.63996,0.001307
6,1304,2,No,-0.00176639,-6.30654,0.00182422
6,1305,2,No,-0.907941,-0.516333,0.59667
6,1306,2,Yes,-4.48868,-0.0112393,0.988765
6,1307,2,No,-0.00282484,-5.8497,0.00288058
6,1308,2,No,-0.00448013,-5.39709,0.00452946
6,1309,2,No,-0.00182007,-6.27738,0.00187821
6,1310,2,Yes,-3.3125,-0.0370433,0.963577
6,1311,2,Yes,-3.47696,-0.0313272,0.969101
6,1312,2,Yes,-4.04997,-0.0175155,0.982578
6,1313,2,Yes,-4.06483,-0.0172542,0.982835
6,1314,2,Yes,-0.775264,-0.617154,0.539445
6,1315,2,No,-0.233796,-1.56764,0.208524
6,1316,2,Yes,-2.34103,-0.101113,0.903777
6,1317,2,No,-0.0502953,-3.01368,0.0491075
6,1318,2,No,-0.000564556,-7.37948,0.000623889
6,1319,2,No,-0.290924,-1.3764,0.252472
6,1320,2,Yes,-5.72236,-0.0032172,0.996728
6,1321,2,No,-0.00105896,-6.79648,0.00111763
6,1322,2,Yes,-3.3593,-0.0353163,0.965243
6,1323,2,No,-0.915459,-0.511282,0.599691
6,1324,2,No,-0.214437,-1.64473,0.193053
6,1325,2,Yes,-3.32772,-0.0364724,0.964127
6,1326,2,Yes,-3.95111,-0.0193597,0.980768
6,1327,2,Yes,-2.80878,-0.0621087,0.939725
6,1328,2,Yes,-5.90546,-0.00266812,0.997276
6,1329,2,No,-0.014422,-4.24204,0.0143773
6,1330,2,No,-0.712949,-0.673615,0.509832
6,1331,2,Yes,-3.01486,-0.0502335,0.95095
6,1332,2,Yes,-0.555954,-0.852063,0.426509
6,1333,2,Yes,-3.16983,-0.0428566,0.957992
6,1334,2,Yes,-2.39034,-0.0960032,0.908407
6,1335,2,Yes,-2.39684,-0.0953505,0.909
6,1336,2,Yes,-2.26714,-0.109311,0.896398
6,1337,2,Yes,-3.26654,-0.0388225,0.961864
6,1338,2,Yes,-2.77208,-0.0645091,0.937472
6,1339,2,Yes,-4.32317,-0.0132858,0.986743
6,1340,2,Yes,-4.46565,-0.011503,0.988504
6,1341,2,Yes,-4.52641,-0.0108179,0.989181
6,1342,2,Yes,-4.41888,-0.0120602,0.987953
6,1343,2,Yes,-5.62123,-0.00356666,0.99638
6,1344,2,Yes,-3.26397,-0.0389249,0.961766
6,1345,2,Yes,-2.2253,-0.114263,0.891972
6,1346,2,No,-0.0374446,-3.30193,0.0368098
6,1347,2,Yes,-4.81645,-0.00806896,0.991905
6,1348,2,Yes,-2.88686,-0.0573027,0.944252
6,1349,2,Yes,-2.16475,-0.121852,0.885228
6,1350,2,No,-4.19513,-0.0151237,0.984932
6,1351,2,Yes,-0.721417,-0.66554,0.513965
6,1352,2,Yes,-0.0974888,-2.37572,0.0929418
6,1353,2,Yes,-4.94595,-0.00707741,0.992888
6,1354,2,No,-0.629181,-0.76136,0.467003
6,1355,2,Yes,-4.36225,-0.0127723,0.987251
6,1356,2,Yes,-3.07452,-0.0472524,0.953791
6,1357,2,Yes,-2.59547,-0.0774778,0.925393
6,1358,2,No,-0.300415,-1.34881,0.259533
6,1359,2,Yes,-4.39382,-0.0123698,0.987647
6,1360,2,No,-0.342781,-1.23696,0.290248
6,1361,2,Yes,-1.07941,-0.415115,0.660226
6,1362,2,Yes,-0.907041,-0.516942,0.596307
6,1363,2,No,-1.12446,-0.392704,0.67519
6,1364,2,Yes,-1.38903,-0.286692,0.750699
6,1365,2,Yes,-0.958887,-0.48331,0.616703
6,1366,2,Yes,-3.08423,-0.0467838,0.954237
6,1367,2,Yes,-0.273462,-1.42997,0.239303
6,1368,2,Yes,-3.61933,-0.0271058,0.973201
6,1369,2,Yes,-2.59342,-0.0776427,0.92524
6,1370,2,Yes,-2.13859,-0.125295,0.882185
6,0,3,No,-0.000305103,-7.91758,0.000364262
6,1,3,No,-0.000117666,-8.64273,0.000176394
6,2,3,No,-0.0277059,-3.59776,0.0273833
6,3,3,Yes,-2.71849,-0.0681888,0.934029
6,4,3,No,-0.0086435,-4.74839,0.00866516
6,5,3,Yes,-2.23959,-0.112545,0.893505
6,6,3,No,-0.33495,-1.25637,0.284668
6,7,3,No,-0.0309699,-3.48822,0.0305533
6,8,3,No,-1.30636,-0.315733,0.729211
6,9,3,No,-0.0110797,-4.50284,0.0110769
6,10,3,No,-0.0014738,-6.48093,0.00153229
6,11,3,No,-0.00371819,-5.58036,0.00377099
6,12,3,No,-0.000767585,-7.0985,0.000826292
6,13,3,No,-0.0680211,-2.72086,0.0658141
6,14,3,Yes,-0.108293,-2.276,0.102688
6,15,3,Yes,-1.11179,-0.398851,0.671051
6,16,3,No,-0.00280152,-5.85798,0.00285684
6,17,3,No,-0.00119239,-6.6839,0.00125081
6,18,3,Yes,-2.87659,-0.0579123,0.943677
6,19,3,Yes,-2.72749,-0.0675553,0.934621
6,20,3,Yes,-1.92329,-0.157902,0.853883
6,21,3,Yes,-4.40783,-0.012197,0.987819
6,22,3,Yes,-3.06238,-0.0478433,0.953227
6,23,3,Yes,-2.8478,-0.0596573,0.942032
6,24,3,Yes,-2.71167,-0.0686716,0.933578
6,25,3,Yes,-3.0181,-0.0500683,0.951109
6,26,3,No,-0.124105,-2.14753,0.116766
6,27,3,No,-0.0189922,-3.97005,0.0188715
6,28,3,No,-1.00568,-0.455292,0.634225
6,29,3,Yes,-0.874728,-0.539425,0.583049
6,30,3,Yes,-4.30065,-0.0135922,0.986441
6,31,3,Yes,-2.8742,-0.0580545,0.943542
6,32,3,No,-0.503909,-0.926608,0.395871
6,33,3,Yes,-1.18109,-0.366558,0.693075
6,34,3,Yes,-0.675321,-0.711177,0.491037
6,35,3,No,-1.02167,-0.446184,0.640028
6,36,3,Yes,-3.34478,-0.0358428,0.964734
6,37,3,Yes,-4.59021,-0.0101424,0.98985
6,38,3,Yes,-1.91217,-0.159818,0.852249
6,39,3,No,-0.00135549,-6.56145,0.00141375
6,40,3,Yes,-3.35411,-0.0355037,0.965062
6,41,3,Yes,-2.49863,-0.0857087,0.917807
6,42,3,No,-0.000108308,-8.69497,0.000167415
6,43,3,Yes,-3.89852,-0.0204198,0.979729
6,44,3,Yes,-4.58994,-0.0101456,0.989847
6,45,3,No,-0.376397,-1.15923,0.31371
6,46,3,No,-1.2835,-0.324355,0.72295
6,47,3,Yes,-3.8693,-0.0210337,0.979128
6,48,3,Yes,-3.88881,-0.0206213,0.979532
6,49,3,No,-0.00532397,-5.22703,0.00536912
6,50,3,No,-0.00782275,-4.84699,0.00785149
6,51,3,No,-0.05277,-2.96693,0.0514582
6,52,3,No,-0.00891355,-4.718,0.00893253
6,53,3,No,-0.00535423,-5.22159,0.00539844
6,54,3,Yes,-4.47778,-0.0113635,0.988642
6,55,3,Yes,-1.16351,-0.374445,0.68763
6,56,3,Yes,-1.74941,-0.19094,0.826134
6,57,3,Yes,-3.33018,-0.0363812,0.964215
6,58,3,Yes,-4.62659,-0.0097766,0.990213
6,59,3,No,-0.00033408,-7.84035,0.000393506
6,60,3,Yes,-2.15633,-0.122947,0.884258
6,61,3,Yes,-4.86793,-0.00765889,0.992311
6,62,3,Yes,-4.43945,-0.0118128,0.988198
6,63,3,Yes,-0.260033,-1.47389,0.229019
6,64,3,Yes,-2.56811,-0.0797162,0.923324
6,65,3,Yes,-2.90148,-0.0564463,0.945061
6,66,3,Yes,-1.7548,-0.189808,0.827069
6,67,3,Yes,-4.41622,-0.012093,0.987921
6,68,3,No,-0.32738,-1.27565,0.279232
6,69,3,No,-0.0316082,-3.46818,0.0311718
6,70,3,Yes,-3.68448,-0.0253699,0.974891
6,71,3,No,-0.00161379,-6.39398,0.00167149
6,72,3,Yes,-1.18138,-0.366433,0.693162
6,73,3,No,-4.84598e-05,-9.13555,0.00010776
6,74,3,Yes,-2.38051,-0.0970005,0.907502
6,75,3,No,-0.713954,-0.67265,0.510325
6,76,3,No,-0.0331361,-3.42183,0.0326508
6,77,3,No,-0.000132152,-8.56362,0.000190915
6,78,3,Yes,-4.67223,-0.00933545,0.990649
6,79,3,Yes,-3.90779,-0.0202286,0.979916
6,80,3,Yes,-0.23002,-1.58211,0.205529
6,81,3,Yes,-0.284249,-1.39643,0.247465
6,82,3,No,-3.61098,-0.0273361,0.972976
6,83,3,Yes,-2.10005,-0.130555,0.877557
6,84,3,Yes,-2.43142,-0.0919541,0.912094
6,85,3,Yes,-3.52896,-0.029713,0.970666
6,86,3,Yes,-4.12908,-0.0161684,0.983903
6,87,3,Yes,-4.34085,-0.0130506,0.986975
6,88,3,Yes,-2.85438,-0.0592532,0.942412
6,89,3,Yes,-2.62749,-0.0749405,0.927744
6,90,3,Yes,-2.72119,-0.0679971,0.934208
6,91,3,Yes,-3.11994,-0.045103,0.955843
6,92,3,Yes,-0.493137,-0.943274,0.389328
6,93,3,Yes,-3.00225,-0.0508886,0.950328
6,94,3,Yes,-0.511281,-0.915462,0.400308
6,95,3,Yes,-4.61225,-0.00991981,0.990071
6,96,3,Yes,-3.83198,-0.0218439,0.978335
6,97,3,No,-0.149972,-1.97093,0.139319
6,98,3,Yes,-3.52034,-0.0299758,0.970412
6,99,3,No,-0.024818,-3.70616,0.0245702
6,100,3,No,-0.293811,-1.3679,0.254627
6,101,3,Yes,-1.91431,-0.159448,0.852565
6,102,3,Yes,-2.39263,-0.0957736,0.908616
6,103,3,Yes,-1.27136,-0.32905,0.719565
6,104,3,No,-0.221762,-1.61468,0.198942
6,105,3,No,-0.838937,-0.565829,0.567856
6,106,3,No,-0.00017412,-8.36442,0.000232998
6,107,3,No,-0.0103888,-4.56647,0.010394
6,108,3,No,-0.0110981,-4.50111,0.011096
6,109,3,No,-0.0259475,-3.66231,0.0256716
6,110,3,Yes,-3.71051,-0.0247091,0.975536
6,111,3,No,-0.00123583,-6.64968,0.00129436
6,112,3,No,-0.0104481,-4.56085,0.0104526
6,113,3,No,-0.477507,-0.968292,0.379709
6,114,3,Yes,-2.95222,-0.0535737,0.94778
6,115,3,No,-0.000124283,-8.60646,0.00018291
6,116,3,No,-0.000144015,-8.50101,0.000203251
6,117,3,Yes,-4.85216,-0.0077825,0.992189
6,118,3,No,-0.488397,-0.950752,0.386427
6,119,3,No,-9.17954e-05,-8.79632,0.000151279
6,120,3,Yes,-4.70114,-0.00906595,0.990916
6,121,3,Yes,-4.61187,-0.00992342,0.990067
6,122,3,No,-0.00827184,-4.79182,0.00829681
6,123,3,Yes,-4.12416,-0.0162492,0.983824
6,124,3,No,-0.000765497,-7.10035,0.000824769
6,125,3,No,-0.262612,-1.46526,0.231005
6,126,3,Yes,-2.79977,-0.0626901,0.93918
6,127,3,Yes,-3.38764,-0.0343109,0.966214
6,128,3,No,-0.167844,-1.86708,0.154565
6,129,3,No,-0.000152659,-8.46016,0.000211726
6,130,3,No,-0.000133643,-8.55369,0.00019282
6,131,3,No,-0.000123508,-8.60481,0.000183211
6,132,3,No,-0.000755357,-7.11243,0.00081486
6,133,3,Yes,-2.41556,-0.0934962,0.910688
6,134,3,Yes,-3.83653,-0.021743,0.978433
6,135,3,No,-0.000762813,-7.10384,0.000821894
6,136,3,Yes,-0.429789,-1.0515,0.349392
6,137,3,Yes,-1.63584,-0.216578,0.805222
6,138,3,Yes,-0.280336,-1.40842,0.244514
6,139,3,Yes,-3.02555,-0.0496864,0.951472
6,140,3,No,-0.291305,-1.37527,0.252756
6,141,3,Yes,-3.56984,-0.0285032,0.971841
6,142,3,No,-0.0018067,-6.28492,0.0018641
6,143,3,No,-3.3406,-0.0359968,0.964586
6,144,3,No,-9.77521e-06,-9.58211,6.8947e-05
6,145,3,Yes,-2.53048,-0.0829056,0.920384
6,146,3,Yes,-1.9078,-0.160576,0.851603
6,147,3,Yes,-1.99152,-0.146679,0.86352
6,148,3,Yes,-0.354447,-1.209,0.298479
6,149,3,Yes,-3.57629,-0.0283173,0.972022
6,150,3,Yes,-2.91828,-0.0554779,0.945976
6,151,3,Yes,-0.592162,-0.805357,0.446902
6,152,3,Yes,-2.43127,-0.0919686,0.91208
6,153,3,Yes,-2.2583,-0.110339,0.895478
6,154,3,No,-2.80171,-0.062564,0.939297
6,155,3,Yes,-3.48983,-0.0309205,0.969496
6,156,3,Yes,-4.01361,-0.0181727,0.981933
6,157,3,Yes,-1.77256,-0.186137,0.830112
6,158,3,Yes,-1.92835,-0.15704,0.85462
6,159,3,Yes,-1.77608,-0.185415,0.83071
6,160,3,Yes,-3.43975,-0.0325371,0.967929
6,161,3,No,-2.63138,-0.0746388,0.928025
6,162,3,No,-0.412283,-1.08494,0.337902
6,163,3,Yes,-1.3513,-0.299547,0.741111
6,164,3,Yes,-4.21432,-0.0148319,0.985219
6,165,3,No,-0.548372,-0.862349,0.422144
6,166,3,Yes,-4.4585,-0.0115876,0.988421
6,167,3,Yes,-1.91266,-0.159732,0.852322
6,168,3,No,-0.127657,-2.12107,0.119897
6,169,3,Yes,-1.98726,-0.147353,0.862938
6,170,3,Yes,-3.75832,-0.0235382,0.976679
6,171,3,Yes,-2.85667,-0.0591145,0.942543
6,172,3,No,-0.130389,-2.10123,0.122298
6,173,3,No,-0.00490873,-5.30709,0.00495602
6,174,3,Yes,-4.24122,-0.0144336,0.985611
6,175,3,Yes,-4.27988,-0.0138809,0.986156
6,176,3,No,-0.00127444,-6.62059,0.00133257
6,177,3,No,-0.0057889,-5.14446,0.00583125
6,178,3,Yes,-3.87288,-0.0209572,0.979203
6,179,3,No,-0.00859691,-4.75367,0.00861945
6,180,3,No,-0.00882383,-4.72797,0.00884387
6,181,3,No,-0.0710398,-2.67896,0.0686301
6,182,3,Yes,-3.00074,-0.0509685,0.950253
6,183,3,No,-0.737346,-0.650707,0.521646
6,184,3,No,-1.14964,-0.380809,0.683268
6,185,3,Yes,-3.9703,-0.0189883,0.981133
6,186,3,Yes,-2.8715,-0.0582167,0.943389
6,187,3,Yes,-0.411403,-1.08667,0.337319
6,188,3,Yes,-2.13419,-0.125884,0.881666
6,189,3,Yes,-2.61814,-0.0756717,0.927066
6,190,3,Yes,-2.01799,-0.142558,0.867086
6,191,3,Yes,-1.51103,-0.249261,0.779331
6,192,3,No,-0.000670956,-7.22248,0.000729947
6,193,3,No,-0.00501823,-5.2853,0.00506522
6,194,3,Yes,-2.50603,-0.085049,0.918413
6,195,3,No,-0.000135192,-8.54744,0.000194029
6,196,3,No,-0.000202199,-8.24996,0.000261254
6,197,3,No,-0.000387863,-7.71213,0.000447339
6,198,3,Yes,-0.230034,-1.58206,0.20554
6,199,3,No,-0.000522035,-7.4496,0.000581641
6,200,3,No,-0.951067,-0.4882,0.613694
6,201,3,No,-0.00660216,-5.01465,0.00663956
6,202,3,Yes,-4.4769,-0.0113733,0.988632
6,203,3,No,-0.000549229,-7.4048,0.000608288
6,204,3,Yes,-0.967501,-0.477992,0.619991
6,205,3,No,-7.9635e-05,-8.87877,0.000139307
6,206,3,Yes,-3.58976,-0.0279318,0.972396
6,207,3,Yes,-4.99609,-0.00672739,0.993236
6,208,3,Yes,-3.75032,-0.0237303,0.976491
6,209,3,Yes,-4.547,-0.0105958,0.989402
6,210,3,Yes,-0.263174,-1.46339,0.231437
6,211,3,Yes,-2.82916,-0.0608156,0.940941
6,212,3,Yes,-0.143384,-2.01262,0.13363
6,213,3,No,-1.69875e-05,-9.48574,7.59227e-05
6,214,3,No,-0.0011681,-6.70331,0.00122677
6,215,3,Yes,-3.97618,-0.0188746,0.981244
6,216,3,Yes,-4.82122,-0.00802954,0.991944
6,217,3,No,-0.00810177,-4.81237,0.00812807
6,218,3,Yes,-3.17988,-0.0424188,0.958412
6,219,3,Yes,-3.54779,-0.0291498,0.971213
6,220,3,Yes,-3.94626,-0.0194556,0.980674
6,221,3,Yes,-1.22878,-0.346148,0.707366
6,222,3,No,-1.20209,-0.357398,0.699453
6,223,3,Yes,-4.71277,-0.00896058,0.991021
6,224,3,Yes,-2.8941,-0.0568774,0.944654
6,225,3,Yes,-0.553507,-0.855363,0.425104
6,226,3,No,-0.0456054,-3.10912,0.0446375
6,227,3,No,-0.502463,-0.928818,0.394997
6,228,3,Yes,-2.225,-0.114299,0.891938
6,229,3,Yes,-4.53998,-0.0106705,0.989327
6,230,3,No,-0.000215434,-8.19904,0.000274901
6,231,3,Yes,-2.55093,-0.0811551,0.921996
6,232,3,Yes,-2.51873,-0.0839286,0.919443
6,233,3,Yes,-3.98982,-0.0186158,0.981498
6,234,3,No,-0.200803,-1.70383,0.181975
6,235,3,Yes,-2.6909,-0.0701657,0.932184
6,236,3,No,-0.000169053,-8.38486,0.000228284
6,237,3,No,-0.0002803,-7.98672,0.000339926
6,238,3,No,-0.00428497,-5.44095,0.00433511
6,239,3,No,-0.0979348,-2.37139,0.0933456
6,240,3,Yes,-4.168,-0.0155435,0.984518
6,241,3,No,-1.77623e-05,-9.4732,7.68804e-05
6,242,3,Yes,-0.292895,-1.37059,0.253943
6,243,3,Yes,-0.310789,-1.31979,0.267175
6,244,3,No,-0.0029099,-5.82093,0.00296466
6,245,3,No,-0.637692,-0.751734,0.47152
6,246,3,Yes,-3.63978,-0.0265477,0.973744
6,247,3,No,-0.394404,-1.12093,0.325959
6,248,3,Yes,-4.28041,-0.0138733,0.986164
6,249,3,No,-0.53034,-0.887573,0.41163
6,250,3,Yes,-2.9427,-0.0541017,0.94728
6,251,3,Yes,-1.38975,-0.286455,0.750877
6,252,3,Yes,-3.41714,-0.0332955,0.967196
6,253,3,No,-0.00199403,-6.18912,0.00205151
6,254,3,No,-0.0309423,-3.4891,0.0305265
6,255,3,No,-0.000318578,-7.88188,0.000377501
6,256,3,Yes,-1.53692,-0.242051,0.78497
6,257,3,Yes,-4.91342,-0.00731503,0.992653
6,258,3,Yes,-3.60063,-0.0276252,0.972695
6,259,3,Yes,-3.76248,-0.0234396,0.976775
6,260,3,No,-0.0161166,-4.13226,0.0160456
6,261,3,Yes,-0.695008,-0.691173,0.500959
6,262,3,Yes,-3.00573,-0.0507077,0.9505
6,263,3,Yes,-1.50585,-0.250733,0.778184
6,264,3,No,-0.000285487,-7.97228,0.00034487
6,265,3,Yes,-4.44217,-0.01178,0.98823
6,266,3,No,-0.000691713,-7.1939,0.000751108
6,267,3,Yes,-3.68179,-0.0254396,0.974824
6,268,3,No,-0.000197669,-8.26447,0.00025749
6,269,3,Yes,-2.25123,-0.111167,0.894736
6,270,3,No,-0.0254885,-3.6799,0.025224
6,271,3,Yes,-2.60147,-0.076995,0.92584
6,272,3,No,-1.21037,-0.353865,0.701929
6,273,3,No,-0.0025394,-5.95392,0.00259549
6,274,3,No,-0.00475654,-5.33816,0.00480443
6,275,3,No,-0.00138772,-6.53871,0.00144627
6,276,3,Yes,-1.55781,-0.236403,0.789416
6,277,3,No,-0.103171,-2.3219,0.0980813
6,278,3,Yes,-4.31402,-0.0134102,0.986621
6,279,3,No,-0.0169083,-4.08486,0.0168245
6,280,3,No,-0.000117786,-8.64036,0.000176812
6,281,3,No,-0.00497773,-5.29342,0.00502423
6,282,3,No,-0.000559844,-7.38713,0.000619134
6,283,3,Yes,-4.07447,-0.0170869,0.983
6,284,3,Yes,-4.03678,-0.0177515,0.982347
6,285,3,Yes,-3.63912,-0.0265659,0.973726
6,286,3,No,-0.00167397,-6.35863,0.00173163
6,287,3,Yes,-3.3776,-0.0346645,0.965873
6,288,3,No,-7.58796e-05,-8.90777,0.000135326
6,289,3,No,-1.52569,-0.245148,0.782543
6,290,3,Yes,-0.440379,-1.03208,0.356246
6,291,3,Yes,-4.77104,-0.00844734,0.991529
6,292,3,No,-0.000633798,-7.27364,0.000693544
6,293,3,Yes,-4.12254,-0.0162761,0.983798
6,294,3,Yes,-4.43076,-0.0119169,0.988095
6,295,3,Yes,-4.73655,-0.00874764,0.991232
6,296,3,No,-0.113401,-2.23244,0.10726
6,297,3,No,-0.00304118,-5.77762,0.0030959
6,298,3,No,-0.00222507,-6.08269,0.0022819
6,299,3,No,-0.110939,-2.25317,0.10506
6,300,3,Yes,-1.73618,-0.193746,0.823819
6,301,3,Yes,-2.40168,-0.0948678,0.90944
6,302,3,Yes,-2.09937,-0.130649,0.877473
6,303,3,Yes,-0.811111,-0.587537,0.555662
6,304,3,Yes,-2.72407,-0.0677947,0.934397
6,305,3,Yes,-2.26396,-0.10968,0.896068
6,306,3,Yes,-3.03014,-0.0494525,0.951694
6,307,3,Yes,-1.03423,-0.439191,0.64452
6,308,3,Yes,-1.12382,-0.39301,0.674982
6,309,3,No,-3.55527,-0.0289292,0.971428
6,310,3,No,-0.0148028,-4.21628,0.0147525
6,311,3,No,-0.0034313,-5.65936,0.00348455
6,312,3,Yes,-2.42521,-0.0925552,0.911546
6,313,3,No,-0.00499475,-5.29008,0.00504108
6,314,3,Yes,-4.69453,-0.00912742,0.990855
6,315,3,No,-0.000239282,-8.11651,0.000298551
6,316,3,No,-0.000446717,-7.589,0.000505955
6,317,3,Yes,-4.3929,-0.0123824,0.987636
6,318,3,Yes,-4.83194,-0.00794297,0.992029
6,319,3,No,-0.0236067,-3.75546,0.0233883
6,320,3,No,-0.00521408,-5.24745,0.0052606
6,321,3,No,-0.000265037,-8.03359,0.000324362
6,322,3,No,-0.000174418,-8.36089,0.000233823
6,323,3,No,-0.000309575,-7.90426,0.000369144
6,324,3,No,-0.000108129,-8.69349,0.000167664
6,325,3,No,-0.0023099,-6.04619,0.00236671
6,326,3,No,-0.0103791,-4.56744,0.0103839
6,327,3,Yes,-3.97262,-0.0189428,0.981177
6,328,3,Yes,-3.91056,-0.0201722,0.979972
6,329,3,Yes,-4.55429,-0.0105177,0.989479
6,330,3,No,-0.660486,-0.72679,0.48343
6,331,3,No,-0.0529117,-2.96431,0.0515928
6,332,3,No,-0.196391,-1.7239,0.178358
6,333,3,Yes,-1.23183,-0.344885,0.70826
6,334,3,Yes,-4.4228,-0.0120129,0.988
6,335,3,Yes,-4.03901,-0.0177112,0.982386
6,336,3,Yes,-3.78448,-0.0229218,0.977281
6,337,3,Yes,-2.57205,-0.0793896,0.923626
6,338,3,Yes,-3.7201,-0.0244693,0.97577
6,339,3,No,-7.95158e-05,-8.88614,0.000138284
6,340,3,No,-0.000116176,-8.64711,0.000175623
6,341,3,No,-1.90718,-0.160685,0.85151
6,342,3,No,-1.21718,-0.350985,0.703953
6,343,3,No,-0.00107155,-6.7849,0.00113065
6,344,3,Yes,-3.68008,-0.0254835,0.97478
6,345,3,Yes,-0.281739,-1.4041,0.245574
6,346,3,Yes,-2.16563,-0.121737,0.885329
6,347,3,No,-0.111478,-2.24859,0.105542
6,348,3,No,-0.000631114,-7.27887,0.000689924
6,349,3,No,-0.166266,-1.87576,0.153229
6,350,3,Yes,-0.465763,-0.987778,0.372381
6,351,3,No,-0.825074,-0.576509,0.561823
6,352,3,No,-0.201966,-1.69862,0.182926
6,353,3,Yes,-0.975368,-0.473201,0.622968
6,354,3,No,-0.101249,-2.33976,0.0963451
6,355,3,No,-0.158222,-1.92142,0.146391
6,356,3,Yes,-1.7481,-0.191215,0.825906
6,357,3,Yes,-0.75563,-0.634229,0.530313
6,358,3,No,-0.194554,-1.73241,0.176847
6,359,3,No,-0.298395,-1.3546,0.258035
6,360,3,Yes,-1.30696,-0.315509,0.729375
6,361,3,Yes,-3.13471,-0.0444255,0.95649
6,362,3,Yes,-1.86959,-0.167386,0.845823
6,363,3,No,-0.000204644,-8.23943,0.000264019
6,364,3,No,-0.000246674,-8.09277,0.000305723
6,365,3,Yes,-3.58485,-0.0280719,0.972261
6,366,3,Yes,-3.03967,-0.0489708,0.952152
6,367,3,No,-1.4213,-0.276203,0.758614
6,368,3,Yes,-4.04085,-0.0176785,0.982418
6,369,3,Yes,-2.37917,-0.0971376,0.907378
6,370,3,Yes,-2.63029,-0.074722,0.927947
6,371,3,No,-0.0739822,-2.63986,0.0713669
6,372,3,Yes,-3.57211,-0.0284377,0.971905
6,373,3,Yes,-4.11329,-0.0164292,0.983647
6,374,3,Yes,-3.6763,-0.0255816,0.974685
6,375,3,Yes,-3.83664,-0.0217411,0.978435
6,376,3,Yes,-2.4462,-0.0905408,0.913383
6,377,3,Yes,-1.2232,-0.348464,0.70573
6,378,3,No,-0.0538215,-2.94774,0.0524551
6,379,3,Yes,-1.32602,-0.308529,0.734484
6,380,3,Yes,-3.37513,-0.0347509,0.965788
6,381,3,Yes,-0.248019,-1.51543,0.2197
6,382,3,No,-1.70697,-0.200105,0.818596
6,383,3,Yes,-1.33574,-0.305039,0.737051
6,384,3,Yes,-4.06353,-0.0172774,0.982813
6,385,3,No,-0.00285664,-5.83884,0.00291204
6,386,3,Yes,-4.64768,-0.00957029,0.990417
6,387,3,No,-5.14997e-05,-9.1085,0.000110714
6,388,3,No,-0.000171557,-8.37284,0.000231045
6,389,3,No,-5.01884e-05,-9.11914,0.000109543
6,390,3,Yes,-4.41851,-0.0120652,0.987949
6,391,3,Yes,-4.14624,-0.0158896,0.984177
6,392,3,Yes,-4.54504,-0.0106167,0.989381
6,393,3,No,-0.00632854,-5.05646,0.00636768
6,394,3,Yes,-1.78147,-0.18432,0.83162
6,395,3,No,-0.166474,-1.87461,0.153405
6,396,3,No,-0.0529178,-2.9642,0.0515985
6,397,3,No,-0.0205191,-3.89371,0.0203685
6,398,3,Yes,-3.22868,-0.0403544,0.960393
6,399,3,No,-0.000486254,-7.51421,0.000545249
6,400,3,No,-0.000403009,-7.67835,0.000462712
6,401,3,No,-0.118236,-2.19308,0.111566
6,402,3,Yes,-2.60894,-0.0763979,0.926392
6,403,3,Yes,-1.62072,-0.22027,0.802255
6,404,3,Yes,-2.62183,-0.0753823,0.927334
6,405,3,Yes,-3.86058,-0.0212204,0.978945
6,406,3,Yes,-4.90988,-0.0073406,0.992627
6,407,3,No,-1.55409,-0.237398,0.788631
6,408,3,Yes,-4.21994,-0.0147486,0.985301
6,409,3,Yes,-4.31941,-0.0133372,0.986693
6,410,3,Yes,-3.91579,-0.0200655,0.980076
6,411,3,Yes,-1.29411,-0.320321,0.725874
6,412,3,Yes,-2.75713,-0.0655147,0.93653
6,413,3,Yes,-2.67368,-0.0714301,0.931006
6,414,3,Yes,-0.249085,-1.51166,0.220532
6,415,3,Yes,-1.26093,-0.333142,0.716626
6,416,3,Yes,-3.31672,-0.0368846,0.963731
6,417,3,Yes,-0.9752,-0.473303,0.622905
6,418,3,No,-0.0123012,-4.39939,0.0122841
6,419,3,No,-0.030402,-3.50641,0.0300026
6,420,3,No,-0.161121,-1.90468,0.148861
6,421,3,Yes,-0.0380121,-3.28721,0.0373557
6,422,3,No,-0.00702344,-4.95359,0.00705762
6,423,3,No,-0.0121992,-4.40761,0.0121836
6,424,3,No,-0.123892,-2.14915,0.116577
6,425,3,No,-0.0205432,-3.89255,0.020392
6,426,3,No,-0.00341449,-5.66428,0.00346742
6,427,3,No,-0.0012723,-6.62166,0.00133114
6,428,3,Yes,-3.94255,-0.0195295,0.980603
6,429,3,Yes,-2.62842,-0.0748673,0.927812
6,430,3,No,-0.338191,-1.24828,0.286982
6,431,3,No,-1.04026,-0.435878,0.646659
6,432,3,Yes,-0.477806,-0.967803,0.379894
6,433,3,No,-0.0103606,-4.56919,0.0103657
6,434,3,No,-0.0417799,-3.19471,0.040976
6,435,3,Yes,-2.17234,-0.120871,0.886096
6,436,3,No,-0.296099,-1.36123,0.25633
6,437,3,No,-0.0112097,-4.49124,0.0112061
6,438,3,No,-0.000130781,-8.56715,0.000190242
6,439,3,Yes,-3.65498,-0.0261414,0.974139
6,440,3,No,-0.000336107,-7.8362,0.000395146
6,441,3,No,-0.000224854,-8.16562,0.000284243
6,442,3,No,-0.389308,-1.13155,0.322515
6,443,3,Yes,-3.15071,-0.0437041,0.957181
6,444,3,Yes,-3.8187,-0.0221405,0.978045
6,445,3,Yes,-3.68648,-0.0253183,0.974941
6,446,3,No,-4.5506,-0.0105572,0.98944
6,447,3,Yes,-1.30978,-0.314466,0.730136
6,448,3,No,-0.029086,-3.54993,0.0287249
6,449,3,No,-0.121332,-2.16876,0.114312
6,450,3,No,-0.0388949,-3.26472,0.0382054
6,451,3,Yes,-2.54199,-0.0819156,0.921295
6,452,3,No,-2.59016,-0.0779068,0.924996
6,453,3,Yes,-3.6436,-0.0264445,0.973844
6,454,3,No,-0.00486794,-5.31539,0.00491506
6,455,3,No,-0.000394243,-7.69912,0.0004532
6,456,3,Yes,-4.85765,-0.00773937,0.992232
6,457,3,No,-0.00165217,-6.37114,0.00171011
6,458,3,No,-5.43609e-05,-9.08352,0.000113514
6,459,3,Yes,-3.12461,-0.0448877,0.956049
6,460,3,No,-1.14877,-0.381213,0.682992
6,461,3,Yes,-2.76392,-0.0650562,0.936959
6,462,3,No,-0.100103,-2.35056,0.0953099
6,463,3,No,-0.00585365,-5.13344,0.00589588
6,464,3,No,-0.000848713,-7.00475,0.000907503
6,465,3,No,-0.00263836,-5.91643,0.00269465
6,466,3,No,-0.000156892,-8.43956,0.000216134
6,467,3,No,-0.0269491,-3.625,0.0266475
6,468,3,Yes,-3.14114,-0.0441343,0.956769
6,469,3,No,-0.00520401,-5.24949,0.0052499
6,470,3,No,-0.366409,-1.18143,0.306821
6,471,3,No,-0.13181,-2.0911,0.123544
6,472,3,No,-0.00019743,-8.26806,0.000256567
6,473,3,No,-0.000898646,-6.95078,0.000957834
6,474,3,No,-0.0065217,-5.02682,0.00655925
6,475,3,Yes,-3.13375,-0.0444699,0.956448
6,476,3,No,-1.1942,-0.36081,0.69707
6,477,3,Yes,-2.12375,-0.127293,0.880424
6,478,3,Yes,-4.50038,-0.0111067,0.988896
6,479,3,No,-0.00208553,-6.14566,0.00214263
6,480,3,No,-0.00176896,-6.30539,0.00182632
6,481,3,No,-0.00113647,-6.72963,0.00119491
6,482,3,No,-0.00156143,-6.4258,0.00161914
6,483,3,No,-0.000482318,-7.52015,0.00054202
6,484,3,Yes,-3.38425,-0.0344295,0.966099
6,485,3,Yes,-3.85642,-0.0213091,0.978858
6,486,3,Yes,-3.18185,-0.0423331,0.958494
6,487,3,Yes,-3.69461,-0.0251101,0.975144
6,488,3,No,-1.16956,-0.37171,0.689514
6,489,3,No,-0.0672149,-2.73238,0.0650607
6,490,3,No,-0.0057332,-5.15394,0.00577625
6,491,3,Yes,-3.0974,-0.0461564,0.954836
6,492,3,No,-0.0104951,-4.55639,0.0104993
6,493,3,Yes,-3.87533,-0.0209051,0.979254
6,494,3,Yes,-3.91535,-0.0200743,0.980068
6,495,3,Yes,-2.02487,-0.141509,0.867997
6,496,3,Yes,-1.4303,-0.273357,0.760777
6,497,3,Yes,-0.363153,-1.18882,0.304561
6,498,3,Yes,-4.46306,-0.011534,0.988474
6,499,3,Yes,-3.24408,-0.0397232,0.960998
6,500,3,Yes,-3.52807,-0.0297396,0.97064
6,501,3,Yes,-0.0901822,-2.44999,0.0862891
6,502,3,Yes,-0.246958,-1.51921,0.218873
6,503,3,No,-0.86013,-0.549996,0.576918
6,504,3,Yes,-3.05687,-0.0481145,0.952968
6,505,3,Yes,-2.73131,-0.0672884,0.93487
6,506,3,Yes,-1.77328,-0.185986,0.830236
6,507,3,No,-1.09529,-0.407042,0.665577
6,508,3,Yes,-3.87672,-0.0208755,0.979283
6,509,3,Yes,-4.10362,-0.0165902,0.983488
6,510,3,No,-0.160637,-1.90745,0.148449
6,511,3,No,-2.13142,-0.126255,0.881338
6,512,3,Yes,-4.21601,-0.0148077,0.985244
6,513,3,No,-0.00510252,-5.26899,0.00514853
6,514,3,Yes,-2.26735,-0.109288,0.89642
6,515,3,No,-0.428511,-1.05389,0.34856
6,516,3,Yes,-2.58763,-0.0781123,0.924806
6,517,3,No,-0.970051,-0.476432,0.620959
6,518,3,No,-1.25012,-0.337449,0.713547
6,519,3,Yes,-3.63621,-0.0266443,0.97365
6,520,3,Yes,-4.22021,-0.0147447,0.985305
6,521,3,No,-0.408297,-1.0928,0.335258
6,522,3,Yes,-1.87851,-0.165769,0.847192
6,523,3,No,-0.800808,-0.595852,0.55106
6,524,3,No,-2.8092,-0.0620816,0.93975
6,525,3,No,-0.000781842,-7.08065,0.000841177
6,526,3,Yes,-4.24529,-0.0143747,0.985669
6,527,3,Yes,-2.42864,-0.0922234,0.911849
6,528,3,No,-0.27373,-1.42911,0.239508
6,529,3,No,-0.000817454,-7.03931,0.000876677
6,530,3,Yes,-3.53502,-0.0295304,0.970844
6,531,3,No,-0.409986,-1.08946,0.33638
6,532,3,No,-1.95316,-0.152879,0.858183
6,533,3,No,-0.000120766,-8.62105,0.00018026
6,534,3,No,-1.31131e-05,-9.53125,7.25447e-05
6,535,3,No,-3.29619e-05,-9.2954,9.184e-05
6,536,3,No,-7.14089e-05,-8.94269,0.000130681
6,537,3,No,-0.0216391,-3.84127,0.021465
6,538,3,No,-0.0108854,-4.52029,0.0108853
6,539,3,Yes,-3.29861,-0.0375721,0.963068
6,540,3,Yes,-0.0904211,-2.44747,0.0865073
6,541,3,No,-0.0466752,-3.08648,0.0456596
6,542,3,No,-0.000100677,-8.7361,0.000160669
6,543,3,No,-0.0784776,-2.58314,0.0755321
6,544,3,Yes,-2.97357,-0.0524105,0.948883
6,545,3,No,-6.09178e-05,-9.02966,0.000119796
6,546,3,No,-0.000477786,-7.53044,0.000536469
6,547,3,Yes,-3.26584,-0.0388503,0.961837
6,548,3,Yes,-2.62486,-0.0751453,0.927554
6,549,3,Yes,-3.96627,-0.0190646,0.981057
6,550,3,No,-0.00011713,-8.64037,0.00017681
6,551,3,No,-0.00103849,-6.81468,0.00109747
6,552,3,No,-0.849544,-0.557831,0.572415
6,553,3,No,-0.000127681,-8.58466,0.000186941
6,554,3,No,-1.67124,-0.208199,0.811997
6,555,3,Yes,-0.302704,-1.34231,0.261226
6,556,3,Yes,-1.45705,-0.26509,0.767092
6,557,3,No,-0.00738852,-4.9035,0.00742012
6,558,3,No,-0.0069696,-4.96111,0.00700469
6,559,3,Yes,-2.99444,-0.0512993,0.949938
6,560,3,No,-0.000985512,-6.86406,0.0010446
6,561,3,Yes,-2.47802,-0.0875762,0.916095
6,562,3,Yes,-3.03838,-0.0490366,0.95209
6,563,3,Yes,-4.44259,-0.0117747,0.988235
6,564,3,Yes,-4.94833,-0.0070609,0.992905
6,565,3,Yes,-3.26617,-0.0388375,0.96185
6,566,3,No,-1.40059,-0.282884,0.753563
6,567,3,Yes,-2.02233,-0.141897,0.867661
6,568,3,Yes,-0.71942,-0.667433,0.512994
6,569,3,Yes,-1.07807,-0.415809,0.659768
6,570,3,Yes,-1.31683,-0.311872,0.732032
6,571,3,Yes,-2.69659,-0.0697537,0.932569
6,572,3,Yes,-3.20467,-0.0413559,0.95943
6,573,3,No,-0.290344,-1.37812,0.252038
6,574,3,No,-7.87408e-05,-8.88983,0.000137775
6,575,3,Yes,-4.97546,-0.00686955,0.993095
6,576,3,Yes,-0.859074,-0.550772,0.576471
6,577,3,No,-0.072128,-2.6643,0.0696439
6,578,3,Yes,-2.92143,-0.055298,0.946146
6,579,3,No,-0.142455,-2.01867,0.132825
6,580,3,No,-0.0040027,-5.50806,0.00405372
6,581,3,No,-0.00204677,-6.16406,0.00210357
6,582,3,No,-0.00632428,-5.05708,0.00636372
6,583,3,Yes,-2.64855,-0.0733174,0.929251
6,584,3,Yes,-4.28804,-0.0137672,0.986269
6,585,3,Yes,-1.19771,-0.359286,0.698134
6,586,3,No,-0.0219635,-3.82661,0.0217821
6,587,3,No,-0.0229166,-3.7847,0.0227143
6,588,3,No,-0.0101034,-4.59402,0.0101115
6,589,3,No,-0.00316297,-5.73923,0.00321704
6,590,3,Yes,-4.14089,-0.0159761,0.984092
6,591,3,No,-0.0110591,-4.50463,0.0110571
6,592,3,No,-0.0195429,-3.94185,0.0194112
6,593,3,Yes,-0.0377718,-3.29341,0.0371247
6,594,3,No,-2.89278,-0.0569537,0.944581
6,595,3,No,-0.43317,-1.04524,0.351588
6,596,3,Yes,-1.14527,-0.38284,0.681882
6,597,3,Yes,-4.59323,-0.0101121,0.98988
6,598,3,Yes,-0.340924,-1.24152,0.288929
6,599,3,Yes,-1.90375,-0.161285,0.851
6,600,3,Yes,-0.433847,-1.04399,0.352026
6,601,3,Yes,-0.509734,-0.917782,0.39938
6,602,3,No,-0.319773,-1.29556,0.273729
6,603,3,Yes,-4.01412,-0.0181635,0.981942
6,604,3,No,-0.917373,-0.510007,0.600456
6,605,3,No,-0.00175356,-6.31371,0.00181119
6,606,3,No,-0.000439025,-7.604,0.000498423
6,607,3,No,-0.0176877,-4.04031,0.0175909
6,608,3,Yes,-0.807277,-0.590612,0.553955
6,609,3,No,-0.000351312,-7.79845,0.000410345
6,610,3,No,-0.10562,-2.29967,0.100286
6,611,3,Yes,-1.98219,-0.148162,0.86224
6,612,3,Yes,-0.75497,-0.634815,0.530003
6,613,3,Yes,-2.06022,-0.13624,0.872582
6,614,3,Yes,-4.62674,-0.00977486,0.990214
6,615,3,No,-1.75277,-0.190235,0.826716
6,616,3,Yes,-1.47785,-0.258861,0.771885
6,617,3,Yes,-4.59142,-0.0101306,0.989862
6,618,3,Yes,-1.82398,-0.17593,0.838628
6,619,3,Yes,-3.62782,-0.0268725,0.973427
6,620,3,Yes,-4.28486,-0.0138112,0.986225
6,621,3,No,-0.11391,-2.22821,0.107714
6,622,3,Yes,-3.6572,-0.0260831,0.974197
6,623,3,Yes,-0.388719,-1.13279,0.322114
6,624,3,Yes,-3.1035,-0.0458686,0.955111
6,625,3,Yes,-2.08775,-0.132283,0.876042
6,626,3,Yes,-4.88847,-0.00750093,0.992467
6,627,3,No,-0.00012172,-8.61511,0.000181334
6,628,3,Yes,-3.4226,-0.03311,0.967375
6,629,3,Yes,-1.77855,-0.184915,0.831126
6,630,3,Yes,-0.720161,-0.666729,0.513355
6,631,3,Yes,-2.6224,-0.0753379,0.927376
6,632,3,Yes,-1.47264,-0.260405,0.770694
6,633,3,Yes,-0.659136,-0.728235,0.482732
6,634,3,Yes,-2.11258,-0.128818,0.879082
6,635,3,No,-0.00295025,-5.80745,0.00300489
6,636,3,No,-0.352364,-1.21391,0.297017
6,637,3,Yes,-2.43721,-0.0913978,0.912601
6,638,3,Yes,-2.71038,-0.0687627,0.933493
6,639,3,Yes,-0.218118,-1.62949,0.196017
6,640,3,No,-0.00123768,-6.6482,0.00129628
6,641,3,No,-0.212891,-1.65122,0.191804
6,642,3,No,-0.269683,-1.44207,0.236423
6,643,3,Yes,-3.90342,-0.0203189,0.979828
6,644,3,Yes,-3.82735,-0.0219464,0.978234
6,645,3,Yes,-2.36167,-0.0989404,0.905743
6,646,3,Yes,-1.69034,-0.203829,0.815554
6,647,3,Yes,-0.597892,-0.798309,0.450063
6,648,3,No,-0.00109422,-6.7656,0.00115269
6,649,3,No,-1.57241,-0.232543,0.792468
6,650,3,No,-0.251876,-1.50185,0.222705
6,651,3,Yes,-3.08647,-0.0466758,0.95434
6,652,3,No,-0.809625,-0.588726,0.555001
6,653,3,No,-0.000187534,-8.30484,0.000247303
6,654,3,Yes,-0.911334,-0.514046,0.598036
6,655,3,Yes,-4.07865,-0.0170156,0.983071
6,656,3,No,-2.2469,-0.111678,0.89428
6,657,3,Yes,-0.997983,-0.459758,0.631399
6,658,3,Yes,-4.43209,-0.0119012,0.988111
6,659,3,Yes,-0.577987,-0.823183,0.439006
6,660,3,Yes,-4.29156,-0.0137179,0.986317
6,661,3,No,-1.1746,-0.369446,0.691077
6,662,3,Yes,-2.48557,-0.0868855,0.916727
6,663,3,No,-0.0993145,-2.35808,0.0945961
6,664,3,No,-0.000745097,-7.1258,0.000804041
6,665,3,No,-2.39017e-05,-9.39486,8.31451e-05
6,666,3,Yes,-4.38166,-0.0125238,0.987496
6,667,3,Yes,-2.88743,-0.0572693,0.944284
6,668,3,Yes,-4.19231,-0.0151663,0.98489
6,669,3,Yes,-3.31284,-0.0370307,0.963589
6,670,3,Yes,-1.22363,-0.348284,0.705857
6,671,3,No,-0.00759678,-4.87594,0.00762745
6,672,3,No,-0.00526363,-5.23835,0.00530869
6,673,3,No,-0.000723266,-7.1527,0.000782697
6,674,3,No,-0.000111646,-8.67177,0.000171345
6,675,3,No,-5.51954e-05,-9.07353,0.000114655
6,676,3,No,-3.82073e-05,-9.23453,9.76039e-05
6,677,3,Yes,-1.62845,-0.218374,0.803777
6,678,3,No,-0.0041704,-5.46758,0.00422116
6,679,3,No,-2.92674,-0.0549972,0.946432
6,680,3,No,-0.00136779,-6.5524,0.0014266
6,681,3,No,-0.000476056,-7.53271,0.000535255
6,682,3,No,-0.0275548,-3.60314,0.0272364
6,683,3,Yes,-1.24377,-0.34001,0.711721
6,684,3,No,-0.851217,-0.556584,0.57313
6,685,3,No,-0.152809,-1.95358,0.141757
6,686,3,No,-0.00468833,-5.35235,0.00473671
6,687,3,No,-0.00108384,-6.77467,0.00114228
6,688,3,No,-0.000111705,-8.67366,0.000171022
6,689,3,Yes,-4.69876,-0.0090876,0.990894
6,690,3,No,-0.137742,-2.04999,0.128728
6,691,3,Yes,-1.51306,-0.248687,0.779778
6,692,3,No,-7.25415e-05,-8.93518,0.000131667
6,693,3,No,-0.00139536,-6.53345,0.0014539
6,694,3,No,-0.00240191,-6.00831,0.0024581
6,695,3,No,-0.000865118,-6.98689,0.000923863
6,696,3,Yes,-1.39517,-0.284663,0.752224
6,697,3,No,-0.000295504,-7.94428,0.000354665
6,698,3,No,-4.87578e-05,-9.13163,0.000108183
6,699,3,No,-0.00152424,-6.44884,0.00158227
6,700,3,No,-0.00161952,-6.39042,0.00167745
6,701,3,Yes,-2.25662,-0.110534,0.895303
6,702,3,Yes,-1.79377,-0.181849,0.833678
6,703,3,No,-0.0954177,-2.39617,0.0910606
6,704,3,No,-0.0208516,-3.87785,0.0206941
6,705,3,No,-0.0141354,-4.26187,0.014095
6,706,3,No,-0.740741,-0.647603,0.523268
6,707,3,No,-0.00102053,-6.8312,0.0010795
6,708,3,No,-0.00017269,-8.36795,0.000232177
6,709,3,Yes,-4.61214,-0.00992017,0.99007
6,710,3,Yes,-1.15268,-0.379405,0.684228
6,711,3,No,-0.00394699,-5.52186,0.00399816
6,712,3,No,-0.00860238,-4.75309,0.00862452
6,713,3,No,-0.371928,-1.16907,0.310637
6,714,3,Yes,-2.6963,-0.0697738,0.93255
6,715,3,Yes,-2.34296,-0.100907,0.903963
6,716,3,Yes,-2.70123,-0.0694182,0.932881
6,717,3,No,-9.73391e-05,-8.76262,0.000156465
6,718,3,No,-0.000230637,-8.14628,0.000289795
6,719,3,No,-0.000609464,-7.31022,0.000668631
6,720,3,No,-0.000935575,-6.91346,0.000994251
6,721,3,No,-0.000458584,-7.56526,0.00051811
6,722,3,No,-0.002236,-6.0782,0.00229217
6,723,3,No,-0.61837,-0.773844,0.461209
6,724,3,No,-0.00028662,-7.9696,0.000345796
6,725,3,No,-0.145723,-1.99759,0.135654
6,726,3,No,-0.99694,-0.460367,0.631015
6,727,3,Yes,-4.6745,-0.00931439,0.99067
6,728,3,Yes,-4.47424,-0.0114042,0.988602
6,729,3,No,-0.00773,-4.85884,0.00775899
6,730,3,Yes,-4.62891,-0.00975391,0.990235
6,731,3,Yes,-2.22357,-0.114472,0.891784
6,732,3,Yes,-3.941,-0.0195589,0.980572
6,733,3,Yes,-4.17956,-0.0153634,0.984696
6,734,3,Yes,-0.54832,-0.862421,0.422114
6,735,3,No,-0.00260627,-5.92854,0.0026622
6,736,3,Yes,-0.72459,-0.662549,0.515505
6,737,3,No,-0.203656,-1.69111,0.184305
6,738,3,Yes,-0.453832,-1.00822,0.364848
6,739,3,No,-0.000510107,-7.47105,0.000569297
6,740,3,No,-0.66373,-0.723336,0.485103
6,741,3,Yes,-1.34548,-0.301588,0.739599
6,742,3,Yes,-3.38019,-0.0345727,0.965961
6,743,3,Yes,-3.00948,-0.0505132,0.950685
6,744,3,No,-0.208717,-1.669,0.188423
6,745,3,Yes,-2.34534,-0.100655,0.904191
6,746,3,Yes,-1.05707,-0.426813,0.652547
6,747,3,Yes,-2.25361,-0.110887,0.894987
6,748,3,Yes,-0.209639,-1.66504,0.189171
6,749,3,No,-0.000574873,-7.36299,0.000634261
6,750,3,Yes,-3.968,-0.0190316,0.98109
6,751,3,Yes,-3.71311,-0.0246431,0.9756
6,752,3,No,-0.0633474,-2.78966,0.0614383
6,753,3,No,-0.380933,-1.14937,0.316817
6,754,3,Yes,-3.36495,-0.0351137,0.965438
6,755,3,Yes,-4.18346,-0.0153033,0.984755
6,756,3,Yes,-4.43588,-0.0118548,0.988156
6,757,3,Yes,-3.93126,-0.0197534,0.980382
6,758,3,Yes,-3.32156,-0.0367028,0.963906
6,759,3,No,-0.000146936,-8.48692,0.000206135
6,760,3,No,-2.41329,-0.0937187,0.910485
6,761,3,No,-0.00762699,-4.87196,0.00765787
6,762,3,No,-0.203261,-1.69285,0.183983
6,763,3,Yes,-4.10821,-0.0165141,0.983564
6,764,3,Yes,-4.69516,-0.00912105,0.990861
6,765,3,No,-0.000920004,-6.92937,0.000978564
6,766,3,Yes,-4.56671,-0.0103863,0.989609
6,767,3,Yes,-2.32281,-0.103073,0.902008
6,768,3,Yes,-3.93478,-0.0196826,0.980451
6,769,3,Yes,-2.6328,-0.0745269,0.928128
6,770,3,Yes,-0.460998,-0.995862,0.369383
6,771,3,No,-0.60535,-0.789272,0.454149
6,772,3,Yes,-3.83808,-0.0217094,0.978466
6,773,3,No,-0.00480283,-5.32848,0.00485114
6,774,3,Yes,-4.22856,-0.0146207,0.985427
6,775,3,No,-0.0128708,-4.35457,0.0128472
6,776,3,Yes,-1.78664,-0.183279,0.832487
6,777,3,No,-0.203563,-1.69152,0.184229
6,778,3,No,-1.49489,-0.253879,0.77574
6,779,3,Yes,-3.6873,-0.0252969,0.974962
6,780,3,Yes,-2.83643,-0.0603613,0.941369
6,781,3,Yes,-4.54746,-0.0105909,0.989407
6,782,3,No,-1.45358,-0.266147,0.766281
6,783,3,No,-0.00597206,-5.11368,0.00601355
6,784,3,No,-7.582e-05,-8.90942,0.000135102
6,785,3,No,-0.998694,-0.459343,0.631661
6,786,3,No,-0.0013512,-6.56423,0.00140983
6,787,3,No,-0.00138934,-6.53781,0.00144758
6,788,3,No,-0.0115806,-4.45907,0.0115725
6,789,3,No,-0.00567572,-5.16403,0.00571825
6,790,3,Yes,-3.31041,-0.0371223,0.963501
6,791,3,No,-0.0562701,-2.90451,0.0547723
6,792,3,No,-0.176562,-1.8207,0.161903
6,793,3,No,-0.029041,-3.55146,0.028681
6,794,3,No,-0.00615148,-5.08449,0.00619167
6,795,3,No,-0.17199,-1.8447,0.158063
6,796,3,Yes,-1.28543,-0.323616,0.723485
6,797,3,Yes,-0.890938,-0.527993,0.589753
6,798,3,No,-2.0717,-0.134576,0.874036
6,799,3,No,-2.88569,-0.057371,0.944187
6,800,3,Yes,-2.16673,-0.121595,0.885455
6,801,3,No,-0.000256869,-8.05785,0.000316587
6,802,3,Yes,-4.59921,-0.0100512,0.989941
6,803,3,No,-0.883922,-0.532902,0.586865
6,804,3,No,-0.0874252,-2.47966,0.0837667
6,805,3,Yes,-0.295528,-1.36289,0.255905
6,806,3,No,-0.00251538,-5.96317,0.00257159
6,807,3,Yes,-3.32622,-0.0365287,0.964074
6,808,3,No,-0.000615071,-7.30213,0.000674063
6,809,3,Yes,-3.77134,-0.0232292,0.97698
6,810,3,Yes,-0.133663,-2.07804,0.125167
6,811,3,No,-0.806323,-0.591383,0.553529
6,812,3,No,-0.000394899,-7.69635,0.000454456
6,813,3,No,-0.521294,-0.900647,0.406283
6,814,3,No,-0.0307139,-3.49639,0.0303047
6,815,3,No,-0.0545954,-2.93386,0.0531883
6,816,3,Yes,-2.7094,-0.0688334,0.933427
6,817,3,Yes,-3.09597,-0.0462247,0.954771
6,818,3,Yes,-1.19343,-0.361144,0.696838
6,819,3,No,-0.0444409,-3.13436,0.0435248
6,820,3,Yes,-1.97414,-0.149454,0.861127
6,821,3,Yes,-3.48044,-0.031216,0.969208
6,822,3,Yes,-4.04272,-0.0176454,0.982451
6,823,3,Yes,-3.23337,-0.0401602,0.960578
6,824,3,Yes,-4.75308,-0.00860256,0.991375
6,825,3,Yes,-0.912643,-0.513167,0.598562
6,826,3,Yes,-0.00773193,-4.85853,0.00776141
6,827,3,No,-0.00089435,-6.95518,0.000953625
6,828,3,Yes,-3.20177,-0.0414791,0.959312
6,829,3,Yes,-3.57362,-0.0283943,0.971948
6,830,3,No,-6.13351e-05,-9.0238,0.0001205
6,831,3,No,-1.63309,-0.217243,0.804687
6,832,3,Yes,-3.52832,-0.0297328,0.970647
6,833,3,Yes,-4.49034,-0.0112202,0.988784
6,834,3,Yes,-2.0213,-0.142051,0.867525
6,835,3,Yes,-3.62862,-0.0268508,0.973449
6,836,3,Yes,-2.23074,-0.113605,0.892558
6,837,3,Yes,-2.96172,-0.0530542,0.948273
6,838,3,Yes,-3.09739,-0.0461567,0.954835
6,839,3,No,-0.000157488,-8.43777,0.00021652
6,840,3,Yes,-0.838358,-0.566271,0.567605
6,841,3,No,-1.36564,-0.294585,0.744797
6,842,3,No,-3.45713e-05,-9.2728,9.39392e-05
6,843,3,Yes,-3.85162,-0.0214126,0.978756
6,844,3,Yes,-1.74042,-0.192841,0.824565
6,845,3,No,-0.00562219,-5.17336,0.00566518
6,846,3,Yes,-0.141299,-2.02625,0.131821
6,847,3,No,-0.000547082,-7.40744,0.000606688
6,848,3,No,-0.000748676,-7.12154,0.000807475
6,849,3,Yes,-2.93183,-0.0547098,0.946704
6,850,3,No,-0.000176326,-8.35283,0.000235716
6,851,3,Yes,-3.71133,-0.0246881,0.975556
6,852,3,No,-0.138934,-2.04197,0.129765
6,853,3,Yes,-0.552323,-0.856966,0.424423
6,854,3,Yes,-4.30306,-0.0135594,0.986474
6,855,3,No,-0.611459,-0.781978,0.457473
6,856,3,No,-0.0152285,-4.18826,0.0151717
6,857,3,No,-0.101181,-2.34039,0.0962846
6,858,3,No,-0.0810429,-2.55226,0.0779009
6,859,3,Yes,-0.669898,-0.71683,0.488269
6,860,3,No,-0.481231,-0.962238,0.382014
6,861,3,Yes,-3.05483,-0.0482152,0.952872
6,862,3,No,-0.0423001,-3.18261,0.0414749
6,863,3,No,-0.00204014,-6.16707,0.00209725
6,864,3,Yes,-3.7347,-0.0241092,0.976121
6,865,3,No,-0.000333365,-7.84326,0.000392364
6,866,3,No,-0.000366159,-7.76317,0.000425082
6,867,3,No,-0.000345826,-7.81057,0.000405403
6,868,3,Yes,-0.899559,-0.522039,0.593275
6,869,3,Yes,-0.665474,-0.721486,0.486001
6,870,3,No,-0.0023804,-6.01717,0.00243642
6,871,3,No,-0.00531402,-5.22887,0.00535927
6,872,3,Yes,-3.11997,-0.0451008,0.955844
6,873,3,Yes,-2.57512,-0.0791363,0.923859
6,874,3,Yes,-2.19424,-0.118091,0.888563
6,875,3,No,-0.127104,-2.12513,0.119411
6,876,3,Yes,-1.79462,-0.181679,0.83382
6,877,3,No,-0.00799085,-4.82602,0.00801789
6,878,3,Yes,-4.37351,-0.0126272,0.987394
6,879,3,Yes,-2.03538,-0.13992,0.869376
6,880,3,Yes,-4.3939,-0.0123691,0.987648
6,881,3,No,-0.0147075,-4.22267,0.0146586
6,882,3,Yes,-4.3316,-0.0131733,0.986854
6,883,3,Yes,-4.52547,-0.0108286,0.989171
6,884,3,Yes,-1.09359,-0.407897,0.665008
6,885,3,Yes,-2.19516,-0.117975,0.888666
6,886,3,Yes,-4.43688,-0.0118435,0.988168
6,887,3,No,-1.04375,-0.433976,0.647889
6,888,3,Yes,-0.689788,-0.6964,0.498347
6,889,3,Yes,-0.264399,-1.45933,0.232378
6,890,3,Yes,-1.64135,-0.215251,0.806292
6,891,3,Yes,-3.92507,-0.019878,0.98026
6,892,3,Yes,-4.31212,-0.0134349,0.986596
6,893,3,Yes,-4.32075,-0.013319,0.986711
6,894,3,Yes,-4.36506,-0.0127352,0.987287
6,895,3,Yes,-4.06903,-0.017182,0.982907
6,896,3,No,-0.000150453,-8.46929,0.000209801
6,897,3,No,-0.000156415,-8.44261,0.000215473
6,898,3,Yes,-2.67505,-0.0713294,0.9311
6,899,3,No,-0.000258241,-8.05574,0.000317258
6,900,3,No,-0.000265395,-8.03265,0.000324667
6,901,3,Yes,-4.53788,-0.0106938,0.989305
6,902,3,Yes,-1.05915,-0.425707,0.65327
6,903,3,No,-0.0228437,-3.78787,0.0226425
6,904,3,Yes,-4.06539,-0.0172452,0.982845
6,905,3,Yes,-4.19052,-0.0151947,0.984862
6,906,3,Yes,-4.01169,-0.0182077,0.981898
6,907,3,No,-0.0583421,-2.86941,0.056729
6,908,3,No,-0.233898,-1.56726,0.208604
6,909,3,No,-0.225301,-1.60056,0.201771
6,910,3,Yes,-1.43719,-0.271198,0.762421
6,911,3,No,-0.000249655,-8.08179,0.000309099
6,912,3,Yes,-0.733646,-0.654112,0.519873
6,913,3,No,-0.270273,-1.44017,0.236874
6,914,3,No,-0.00094518,-6.90337,0.00100433
6,915,3,Yes,-3.62858,-0.0268516,0.973448
6,916,3,No,-0.00497504,-5.29383,0.00502219
6,917,3,Yes,-1.89461,-0.162894,0.849631
6,918,3,Yes,-3.33999,-0.0360186,0.964565
6,919,3,Yes,-4.26759,-0.0140544,0.985985
6,920,3,Yes,-2.1713,-0.121005,0.885977
6,921,3,No,-0.0041783,-5.46572,0.00422906
6,922,3,No,-0.122465,-2.16002,0.115316
6,923,3,Yes,-3.68777,-0.0252854,0.974974
6,924,3,Yes,-4.61049,-0.00993696,0.990054
6,925,3,Yes,-0.295363,-1.36337,0.255782
6,926,3,Yes,-4.4934,-0.0111857,0.988818
6,927,3,Yes,-3.04993,-0.0484581,0.95264
6,928,3,No,-0.00106475,-6.79075,0.00112405
6,929,3,No,-0.000117607,-8.63863,0.000177119
6,930,3,Yes,-2.24935,-0.111389,0.894538
6,931,3,No,-0.0117458,-4.44505,0.0117358
6,932,3,No,-0.00668718,-5.00197,0.00672426
6,933,3,Yes,-2.09456,-0.131323,0.876882
6,934,3,No,-0.000876214,-6.97485,0.000935052
6,935,3,No,-0.00192756,-6.22214,0.00198487
6,936,3,Yes,-3.24385,-0.0397331,0.960989
6,937,3,No,-0.00112669,-6.73742,0.00118563
6,938,3,No,-0.00767859,-4.86544,0.00770797
6,939,3,No,-0.00130011,-6.60118,0.00135868
6,940,3,Yes,-3.3531,-0.0355407,0.965026
6,941,3,No,-0.00594136,-5.11882,0.00598271
6,942,3,No,-0.0180588,-4.0198,0.0179555
6,943,3,Yes,-4.80999,-0.008121,0.991853
6,944,3,Yes,-0.29468,-1.36536,0.255274
6,945,3,No,-0.0366155,-3.32388,0.0360105
6,946,3,Yes,-1.98476,-0.147751,0.862595
6,947,3,Yes,-0.404532,-1.1003,0.332751
6,948,3,Yes,-3.65729,-0.0260797,0.974199
6,949,3,Yes,-4.34124,-0.0130459,0.98698
6,950,3,No,-0.00306916,-5.76877,0.00312342
6,951,3,Yes,-3.27409,-0.0385246,0.962151
6,952,3,Yes,-1.21135,-0.353446,0.702222
6,953,3,Yes,-1.55209,-0.237936,0.788207
6,954,3,Yes,-3.86905,-0.021039,0.979123
6,955,3,Yes,-0.951342,-0.488027,0.6138
6,956,3,Yes,-3.95803,-0.019225,0.9809
6,957,3,Yes,-3.48097,-0.0312003,0.969224
6,958,3,Yes,-4.3311,-0.0131807,0.986848
6,959,3,No,-0.0100433,-4.59998,0.0100515
6,960,3,No,-0.00236935,-6.02153,0.0024258
6,961,3,Yes,-3.25234,-0.0393905,0.961319
6,962,3,No,-0.00176472,-6.30745,0.00182258
6,963,3,No,-0.0447004,-3.12867,0.0437734
6,964,3,No,-0.533397,-0.88322,0.413425
6,965,3,No,-0.00169379,-6.34727,0.00175143
6,966,3,No,-0.0199486,-3.92155,0.0198091
6,967,3,No,-0.0268056,-3.63028,0.0265073
6,968,3,No,-1.56613,-0.234197,0.79116
6,969,3,Yes,-0.920205,-0.508127,0.601586
6,970,3,Yes,-3.75079,-0.0237187,0.976502
6,971,3,Yes,-3.39979,-0.0338887,0.966622
6,972,3,No,-0.0164532,-4.11183,0.0163768
6,973,3,No,-0.0905311,-2.4463,0.086608
6,974,3,Yes,-1.84552,-0.171839,0.842066
6,975,3,No,-0.347939,-1.22446,0.293899
6,976,3,No,-0.342981,-1.23647,0.29039
6,977,3,Yes,-0.895894,-0.524559,0.591782
6,978,3,Yes,-3.33129,-0.0363404,0.964255
6,979,3,Yes,-0.23983,-1.54507,0.213285
6,980,3,Yes,-0.411258,-1.08695,0.337223
6,981,3,Yes,-0.338859,-1.24662,0.287459
6,982,3,Yes,-0.298653,-1.35386,0.258227
6,983,3,Yes,-2.7317,-0.0672622,0.934895
6,984,3,No,-0.353343,-1.21159,0.297705
6,985,3,No,-0.796405,-0.599454,0.549079
6,986,3,Yes,-0.797935,-0.598199,0.549769
6,987,3,Yes,-0.805297,-0.592209,0.553071
6,988,3,Yes,-3.40397,-0.0337455,0.966761
6,989,3,Yes,-1.49272,-0.254508,0.775252
6,990,3,Yes,-0.49446,-0.941202,0.390136
6,991,3,Yes,-0.867173,-0.544863,0.579887
6,992,3,No,-0.398504,-1.1125,0.328716
6,993,3,Yes,-1.77831,-0.184962,0.831087
6,994,3,Yes,-1.78257,-0.184099,0.831805
6,995,3,Yes,-1.1812,-0.366512,0.693107
6,996,3,Yes,-3.29326,-0.0377779,0.96287
6,997,3,Yes,-2.36858,-0.0982246,0.906392
6,998,3,Yes,-4.11801,-0.016351,0.983724
6,999,3,Yes,-4.25839,-0.0141859,0.985856
6,1000,3,Yes,-1.7881,-0.182984,0.832733
6,1001,3,Yes,-2.39368,-0.0956674,0.908713
6,1002,3,Yes,-4.0662,-0.0172306,0.982859
6,1003,3,Yes,-4.48124,-0.0113237,0.988681
6,1004,3,Yes,-4.68617,-0.0092049,0.990779
6,1005,3,No,-0.323955,-1.28455,0.27676
6,1006,3,Yes,-0.765644,-0.625443,0.534993
6,1007,3,Yes,-2.75028,-0.0659803,0.936094
6,1008,3,Yes,-0.977428,-0.471957,0.623744
6,1009,3,Yes,-4.62851,-0.00975728,0.990231
6,1010,3,Yes,-4.07227,-0.0171253,0.982962
6,1011,3,Yes,-4.43597,-0.0118541,0.988157
6,1012,3,Yes,-4.03453,-0.0177926,0.982307
6,1013,3,Yes,-2.35693,-0.0994354,0.905295
6,1014,3,Yes,-4.52957,-0.0107836,0.989215
6,1015,3,No,-0.0299554,-3.52097,0.0295688
6,1016,3,Yes,-1.71729,-0.197833,0.820458
6,1017,3,Yes,-2.91246,-0.0558116,0.945661
6,1018,3,Yes,-2.94266,-0.0541039,0.947278
6,1019,3,Yes,-4.18086,-0.0153431,0.984716
6,1020,3,No,-0.00121357,-6.66679,0.0012724
6,1021,3,No,-0.0055113,-5.19298,0.00555509
6,1022,3,No,-0.00475109,-5.33933,0.00479882
6,1023,3,Yes,-4.60035,-0.0100392,0.989952
6,1024,3,Yes,-2.62457,-0.0751667,0.927534
6,1025,3,Yes,-0.503127,-0.927802,0.395399
6,1026,3,Yes,-3.65413,-0.0261641,0.974118
6,1027,3,Yes,-1.47898,-0.258526,0.772143
6,1028,3,Yes,-1.82554,-0.17563,0.838879
6,1029,3,Yes,-1.99498,-0.146132,0.863992
6,1030,3,Yes,-2.00522,-0.144531,0.865377
6,1031,3,Yes,-0.191844,-1.74513,0.174613
6,1032,3,No,-0.0078752,-4.8404,0.00790339
6,1033,3,No,-0.053333,-2.9566,0.0519922
6,1034,3,No,-1.57859,-0.230931,0.793747
6,1035,3,Yes,-2.05681,-0.136739,0.872147
6,1036,3,Yes,-3.07436,-0.0472591,0.953784
6,1037,3,Yes,-3.49961,-0.0306133,0.969792
6,1038,3,No,-0.00376479,-5.56821,0.00381708
6,1039,3,No,-0.0331186,-3.42235,0.0326336
6,1040,3,No,-0.0908587,-2.44285,0.0869077
6,1041,3,Yes,-3.92482,-0.0198827,0.980255
6,1042,3,Yes,-3.83133,-0.0218587,0.97832
6,1043,3,No,-0.765317,-0.625727,0.534841
6,1044,3,Yes,-2.98066,-0.0520299,0.949244
6,1045,3,Yes,-1.7671,-0.187257,0.829182
6,1046,3,No,-0.00720299,-4.92857,0.00723644
6,1047,3,No,-0.0086043,-4.75291,0.00862604
6,1048,3,No,-0.000163867,-8.40659,0.000223378
6,1049,3,No,-8.98878e-05,-8.81008,0.000149213
6,1050,3,No,-7.92177e-05,-8.88421,0.000138552
6,1051,3,No,-0.000160528,-8.42144,0.000220085
6,1052,3,No,-6.31829e-05,-9.007,0.000122541
6,1053,3,No,-0.000212096,-8.21092,0.000271654
6,1054,3,No,-0.0254749,-3.68039,0.0252116
6,1055,3,No,-0.00104828,-6.80611,0.00110692
6,1056,3,No,-0.00164937,-6.37307,0.00170681
6,1057,3,No,-0.000867564,-6.9839,0.000926626
6,1058,3,No,-0.000324123,-7.86686,0.000383213
6,1059,3,No,-8.18405e-05,-8.86716,0.000140934
6,1060,3,No,-0.00478223,-5.33278,0.00483032
6,1061,3,Yes,-2.71898,-0.0681533,0.934062
6,1062,3,Yes,-4.59211,-0.0101233,0.989869
6,1063,3,No,-4.05125,-0.0174941,0.9826
6,1064,3,Yes,-4.63258,-0.00971768,0.990271
6,1065,3,No,-1.95039,-0.153337,0.85779
6,1066,3,No,-0.000307667,-7.91137,0.000366529
6,1067,3,No,-0.000216388,-8.19675,0.000275531
6,1068,3,No,-0.0279452,-3.5893,0.0276161
6,1069,3,No,-0.000810475,-7.04742,0.000869601
6,1070,3,No,-9.41798e-05,-8.78048,0.000153695
6,1071,3,No,-6.25868e-05,-9.01144,0.000121999
6,1072,3,No,-0.0259151,-3.66353,0.0256402
6,1073,3,No,-3.98763e-05,-9.21722,9.93085e-05
6,1074,3,No,-0.000194807,-8.27579,0.00025459
6,1075,3,No,-0.000133344,-8.55578,0.000192418
6,1076,3,No,-0.641178,-0.747842,0.473359
6,1077,3,No,-0.00436027,-5.42383,0.00440996
6,1078,3,No,-0.250908,-1.50523,0.221952
6,1079,3,No,-0.00101027,-6.84123,0.00106873
6,1080,3,No,-0.00396225,-5.51801,0.00401358
6,1081,3,No,-0.00343226,-5.65912,0.00348539
6,1082,3,Yes,-0.269802,-1.44169,0.236515
6,1083,3,No,-0.00371837,-5.58041,0.0037708
6,1084,3,Yes,-4.00068,-0.0184123,0.981698
6,1085,3,Yes,-4.65692,-0.00948069,0.990505
6,1086,3,Yes,-4.8825,-0.00754694,0.992422
6,1087,3,Yes,-0.100179,-2.34985,0.095378
6,1088,3,No,-0.190357,-1.75218,0.173385
6,1089,3,Yes,-0.842872,-0.562845,0.569553
6,1090,3,Yes,-1.20026,-0.358186,0.698902
6,1091,3,Yes,-3.85995,-0.0212334,0.978932
6,1092,3,Yes,-2.84637,-0.0597449,0.941949
6,1093,3,No,-0.00106463,-6.79123,0.00112352
6,1094,3,No,-0.00203614,-6.16879,0.00209365
6,1095,3,No,-0.00104494,-6.8085,0.00110429
6,1096,3,No,-0.0145554,-4.23295,0.0145086
6,1097,3,No,-0.000913322,-6.93589,0.000972204
6,1098,3,No,-0.00627318,-5.0651,0.00631292
6,1099,3,Yes,-0.17287,-1.84004,0.158802
6,1100,3,No,-0.988318,-0.465443,0.62782
6,1101,3,Yes,-3.84817,-0.0214882,0.978683
6,1102,3,Yes,-4.15777,-0.0157055,0.984359
6,1103,3,Yes,-3.71895,-0.0244975,0.975742
6,1104,3,Yes,-0.780847,-0.612413,0.542009
6,1105,3,No,-0.36,-1.19606,0.302365
6,1106,3,Yes,-0.605221,-0.789426,0.454079
6,1107,3,No,-0.548603,-0.862035,0.422277
6,1108,3,Yes,-4.03282,-0.0178228,0.982277
6,1109,3,Yes,-4.20963,-0.0149033,0.985149
6,1110,3,Yes,-4.86809,-0.00765841,0.992312
6,1111,3,Yes,-3.58472,-0.0280764,0.972257
6,1112,3,Yes,-3.13428,-0.0444454,0.956471
6,1113,3,Yes,-2.77897,-0.0640514,0.937901
6,1114,3,Yes,-3.28843,-0.0379651,0.96269
6,1115,3,Yes,-1.78119,-0.184379,0.831572
6,1116,3,No,-0.0998344,-2.35311,0.0950669
6,1117,3,Yes,-2.42436,-0.0926378,0.91147
6,1118,3,Yes,-4.3419,-0.0130372,0.986989
6,1119,3,Yes,-2.18075,-0.119795,0.887049
6,1120,3,Yes,-1.84809,-0.171357,0.842471
6,1121,3,Yes,-2.68129,-0.0708694,0.931529
6,1122,3,Yes,-4.18634,-0.0152592,0.984799
6,1123,3,Yes,-0.484903,-0.956328,0.384279
6,1124,3,Yes,-4.31529,-0.0133926,0.986638
6,1125,3,Yes,-2.16911,-0.121287,0.885728
6,1126,3,Yes,-3.72097,-0.0244479,0.975791
6,1127,3,No,-1.96334,-0.151206,0.85962
6,1128,3,No,-0.357902,-1.20092,0.300899
6,1129,3,No,-0.591776,-0.805834,0.446689
6,1130,3,No,-1.29657,-0.319391,0.726549
6,1131,3,Yes,-3.26665,-0.0388186,0.961868
6,1132,3,Yes,-2.20476,-0.116779,0.889729
6,1133,3,Yes,-4.20124,-0.0150302,0.985024
6,1134,3,Yes,-4.65609,-0.009489,0.990497
6,1135,3,Yes,-3.84677,-0.021519,0.978653
6,1136,3,Yes,-4.12858,-0.0161767,0.983895
6,1137,3,Yes,-3.97653,-0.0188683,0.981251
6,1138,3,Yes,-0.325524,-1.28046,0.277894
6,1139,3,No,-0.551061,-0.858681,0.423696
6,1140,3,Yes,-3.81779,-0.0221601,0.978025
6,1141,3,Yes,-3.02124,-0.0499064,0.951262
6,1142,3,Yes,-4.17844,-0.01538,0.984679
6,1143,3,Yes,-4.82301,-0.00801548,0.991958
6,1144,3,Yes,-4.18143,-0.0153348,0.984724
6,1145,3,No,-0.46048,-0.996747,0.369056
6,1146,3,Yes,-2.64845,-0.0733259,0.929243
6,1147,3,Yes,-3.80008,-0.0225625,0.977632
6,1148,3,Yes,-3.25516,-0.0392767,0.961427
6,1149,3,Yes,-3.34467,-0.0358475,0.96473
6,1150,3,Yes,-0.261723,-1.46822,0.230322
6,1151,3,Yes,-3.21146,-0.0410701,0.959705
6,1152,3,Yes,-2.19165,-0.118415,0.888275
6,1153,3,No,-0.0794659,-2.57112,0.0764452
6,1154,3,No,-0.000616621,-7.29955,0.000675804
6,1155,3,No,-0.00803591,-4.82052,0.00806208
6,1156,3,No,-0.00442529,-5.40919,0.004475
6,1157,3,No,-0.00210393,-6.13703,0.00216121
6,1158,3,No,-0.00264756,-5.91328,0.00270315
6,1159,3,No,-0.46768,-0.984557,0.373583
6,1160,3,Yes,-1.31204,-0.313632,0.730745
6,1161,3,Yes,-1.2001,-0.358256,0.698853
6,1162,3,No,-0.0516239,-2.98829,0.0503704
6,1163,3,Yes,-2.009,-0.143945,0.865885
6,1164,3,No,-0.0184427,-3.99903,0.0183323
6,1165,3,No,-0.100412,-2.34764,0.095589
6,1166,3,Yes,-2.19481,-0.118018,0.888627
6,1167,3,Yes,-1.7437,-0.192145,0.825138
6,1168,3,Yes,-3.10358,-0.045865,0.955115
6,1169,3,Yes,-0.533322,-0.883325,0.413382
6,1170,3,Yes,-2.18531,-0.119216,0.887564
6,1171,3,No,-0.0761209,-2.61244,0.0733512
6,1172,3,Yes,-3.18258,-0.0423015,0.958524
6,1173,3,No,-0.265444,-1.45589,0.233179
6,1174,3,No,-0.456325,-1.00389,0.36643
6,1175,3,Yes,-2.56339,-0.080109,0.922962
6,1176,3,No,-0.662964,-0.724149,0.484709
6,1177,3,Yes,-3.87137,-0.0209891,0.979171
6,1178,3,Yes,-2.89381,-0.0568942,0.944638
6,1179,3,No,-0.102512,-2.32798,0.0974865
6,1180,3,Yes,-4.41284,-0.0121348,0.98788
6,1181,3,Yes,-0.668855,-0.717923,0.487735
6,1182,3,Yes,-3.55378,-0.028972,0.971385
6,1183,3,No,-0.00763997,-4.87039,0.00766992
6,1184,3,Yes,-4.11461,-0.016406,0.983669
6,1185,3,No,-2.64096,-0.073898,0.928712
6,1186,3,Yes,-1.88528,-0.164553,0.848223
6,1187,3,No,-0.39099,-1.12802,0.323653
6,1188,3,No,-0.204617,-1.68686,0.185089
6,1189,3,No,-0.00672331,-4.99676,0.00675938
6,1190,3,No,-0.000254902,-8.06496,0.000314345
6,1191,3,No,-0.000212334,-8.20911,0.000272147
6,1192,3,No,-0.000107175,-8.69995,0.000166583
6,1193,3,No,-6.59249e-05,-8.98454,0.000125326
6,1194,3,No,-0.00750832,-4.8876,0.00753905
6,1195,3,No,-0.0173314,-4.0604,0.0172412
6,1196,3,No,-0.000245244,-8.0974,0.000304312
6,1197,3,No,-0.00045763,-7.56761,0.000516898
6,1198,3,No,-0.000715989,-7.16299,0.000774689
6,1199,3,No,-0.00232358,-6.0406,0.00237999
6,1200,3,No,-0.000159157,-8.42964,0.000218288
6,1201,3,No,-0.000449043,-7.58466,0.000508156
6,1202,3,Yes,-4.56429,-0.0104119,0.989583
6,1203,3,Yes,-4.65508,-0.00949898,0.990487
6,1204,3,Yes,-4.95965,-0.00697981,0.992985
6,1205,3,Yes,-4.6248,-0.00979346,0.990195
6,1206,3,No,-0.000120528,-8.62264,0.000179974
6,1207,3,No,-0.000465859,-7.55129,0.000525402
6,1208,3,No,-3.5525e-05,-9.25797,9.53434e-05
6,1209,3,No,-0.000561872,-7.3838,0.000621196
6,1210,3,No,-0.000163926,-8.40769,0.000223132
6,1211,3,No,-0.000151705,-8.46468,0.000210771
6,1212,3,No,-0.00470031,-5.34983,0.00474866
6,1213,3,No,-0.00395585,-5.51963,0.00400707
6,1214,3,No,-0.551057,-0.858685,0.423694
6,1215,3,No,-0.0234188,-3.76335,0.0232046
6,1216,3,No,-0.0018651,-6.25427,0.00192211
6,1217,3,Yes,-0.880518,-0.535306,0.585456
6,1218,3,No,-0.159174,-1.91588,0.147203
6,1219,3,No,-0.405594,-1.09818,0.333459
6,1220,3,Yes,-0.395087,-1.11952,0.326418
6,1221,3,Yes,-4.40617,-0.0122169,0.987799
6,1222,3,Yes,-4.06779,-0.017203,0.982886
6,1223,3,Yes,-2.81586,-0.0616565,0.94015
6,1224,3,No,-0.000919646,-6.92939,0.000978538
6,1225,3,No,-0.00103175,-6.82099,0.00109057
6,1226,3,No,-0.000769673,-7.09524,0.000828991
6,1227,3,No,-0.00648649,-5.03209,0.00652479
6,1228,3,No,-0.00145547,-6.49305,0.00151384
6,1229,3,No,-0.00236923,-6.02163,0.00242557
6,1230,3,No,-0.00795763,-4.83013,0.00798498
6,1231,3,No,-0.00237532,-6.01894,0.0024321
6,1232,3,No,-0.0333804,-3.41464,0.0328864
6,1233,3,No,-0.00223104,-6.08007,0.00228787
6,1234,3,Yes,-2.02775,-0.141071,0.868376
6,1235,3,Yes,-3.31091,-0.0371031,0.963519
6,1236,3,Yes,-3.85279,-0.0213882,0.978781
6,1237,3,Yes,-2.29007,-0.106694,0.898747
6,1238,3,No,-0.0600385,-2.84161,0.0583281
6,1239,3,No,-0.0352684,-3.36063,0.0347113
6,1240,3,Yes,-3.30501,-0.0373276,0.963303
6,1241,3,Yes,-2.09795,-0.130848,0.877299
6,1242,3,Yes,-4.73791,-0.00873561,0.991244
6,1243,3,Yes,-4.6828,-0.00923576,0.990748
6,1244,3,No,-0.00106093,-6.79484,0.00111947
6,1245,3,Yes,-2.97788,-0.0521789,0.949103
6,1246,3,Yes,-3.9879,-0.0186523,0.981463
6,1247,3,No,-0.000790193,-7.07068,0.000849605
6,1248,3,No,-0.000432346,-7.61759,0.000491695
6,1249,3,No,-0.160819,-1.90641,0.148605
6,1250,3,No,-0.00114226,-6.72444,0.00120112
6,1251,3,Yes,-4.55274,-0.0105341,0.989462
6,1252,3,Yes,-3.64332,-0.0264524,0.973836
6,1253,3,No,-0.00170018,-6.34334,0.00175832
6,1254,3,No,-0.000738953,-7.13314,0.000798158
6,1255,3,No,-0.00050975,-7.47232,0.000568572
6,1256,3,Yes,-1.73774,-0.193414,0.824093
6,1257,3,Yes,-1.10208,-0.403646,0.667841
6,1258,3,Yes,-4.88231,-0.00754802,0.992421
6,1259,3,Yes,-3.82236,-0.0220579,0.978125
6,1260,3,No,-0.000207267,-8.23078,0.000266313
6,1261,3,Yes,-3.17647,-0.0425663,0.95827
6,1262,3,No,-0.000242024,-8.10819,0.000301047
6,1263,3,Yes,-5.19349,-0.00550783,0.994448
6,1264,3,No,-0.00124061,-6.64578,0.00129941
6,1265,3,Yes,-1.69778,-0.202154,0.816921
6,1266,3,No,-0.00329907,-5.69772,0.00335341
6,1267,3,Yes,-4.52659,-0.0108163,0.989183
6,1268,3,No,-0.000424594,-7.6327,0.000484324
6,1269,3,Yes,-4.17334,-0.0154603,0.9846
6,1270,3,No,-0.0273419,-3.61077,0.0270293
6,1271,3,No,-0.0592111,-2.85507,0.0575484
6,1272,3,No,-0.00516632,-5.25675,0.00521192
6,1273,3,Yes,-4.08002,-0.0169907,0.983094
6,1274,3,No,-0.00102179,-6.83028,0.0010805
6,1275,3,Yes,-3.98861,-0.0186384,0.981476
6,1276,3,No,-0.00088737,-6.96283,0.00094636
6,1277,3,No,-0.00316644,-5.73808,0.00322074
6,1278,3,No,-0.0898223,-2.4538,0.0859609
6,1279,3,No,-7.76083e-05,-8.89501,0.000137063
6,1280,3,No,-0.0464498,-3.09121,0.0454442
6,1281,3,Yes,-4.91491,-0.00730326,0.992664
6,1282,3,No,-4.2193,-0.0147573,0.985292
6,1283,3,No,-0.000632009,-7.27673,0.000691405
6,1284,3,No,-0.000196238,-8.27091,0.000255836
6,1285,3,No,-0.359971,-1.19613,0.302344
6,1286,3,Yes,-5.12856,-0.00588236,0.994075
6,1287,3,Yes,-3.11527,-0.0453185,0.955636
6,1288,3,No,-0.000125714,-8.59353,0.00018529
6,1289,3,No,-0.000113315,-8.66638,0.000172272
6,1290,3,Yes,-5.07742,-0.00619521,0.993764
6,1291,3,No,-1.93121e-05,-9.45261,7.84801e-05
6,1292,3,No,-0.000150752,-8.46904,0.000209853
6,1293,3,No,-0.00012023,-8.62519,0.000179515
6,1294,3,No,-4.93539e-05,-9.12765,0.000108615
6,1295,3,Yes,-4.33763,-0.0130935,0.986933
6,1296,3,Yes,-4.32363,-0.0132802,0.986749
6,1297,3,No,-7.22434e-05,-8.93168,0.000132128
6,1298,3,No,-0.000162615,-8.41189,0.000222196
6,1299,3,No,-0.000344157,-7.81515,0.000403549
6,1300,3,Yes,-3.8045,-0.0224608,0.977731
6,1301,3,No,-0.11641,-2.20774,0.109942
6,1302,3,No,-1.37594,-0.291078,0.747413
6,1303,3,No,-0.00104374,-6.81016,0.00110246
6,1304,3,No,-0.00251179,-5.96453,0.00256809
6,1305,3,No,-1.1496,-0.380827,0.683256
6,1306,3,Yes,-4.08229,-0.0169526,0.983132
6,1307,3,No,-0.00480697,-5.3277,0.00485495
6,1308,3,No,-0.00522408,-5.24578,0.0052694
6,1309,3,No,-0.00373859,-5.57509,0.00379093
6,1310,3,Yes,-3.70112,-0.0249443,0.975306
6,1311,3,Yes,-3.15637,-0.0434512,0.957422
6,1312,3,Yes,-4.43203,-0.0119012,0.98811
6,1313,3,Yes,-3.41828,-0.0332561,0.967233
6,1314,3,Yes,-1.83431,-0.173952,0.840287
6,1315,3,No,-0.237835,-1.55246,0.211714
6,1316,3,Yes,-2.5373,-0.0823178,0.920925
6,1317,3,No,-0.140776,-2.0297,0.131367
6,1318,3,No,-0.000598431,-7.3267,0.000657699
6,1319,3,No,-0.455661,-1.00504,0.366009
6,1320,3,Yes,-4.85096,-0.00779133,0.99218
6,1321,3,No,-0.000944464,-6.90431,0.00100339
6,1322,3,Yes,-3.66328,-0.0259219,0.974353
6,1323,3,No,-0.792835,-0.602394,0.547467
6,1324,3,No,-0.0299178,-3.5222,0.0295325
6,1325,3,Yes,-3.14768,-0.0438389,0.957051
6,1326,3,Yes,-4.30674,-0.0135084,0.986523
6,1327,3,Yes,-2.9109,-0.0559021,0.945576
6,1328,3,Yes,-5.19763,-0.00548463,0.994471
6,1329,3,No,-0.00979917,-4.62428,0.00981018
6,1330,3,No,-0.24297,-1.53357,0.215751
6,1331,3,Yes,-2.52917,-0.0830178,0.92028
6,1332,3,Yes,-0.441207,-1.03058,0.356778
6,1333,3,Yes,-3.23011,-0.0402945,0.960449
6,1334,3,Yes,-2.55621,-0.0807094,0.922407
6,1335,3,Yes,-2.41287,-0.0937605,0.910447
6,1336,3,Yes,-2.38119,-0.0969312,0.907565
6,1337,3,Yes,-3.28148,-0.0382343,0.96243
6,1338,3,Yes,-2.29399,-0.106255,0.899143
6,1339,3,Yes,-4.11762,-0.0163565,0.983718
6,1340,3,Yes,-3.77056,-0.0232475,0.976962
6,1341,3,Yes,-3.18841,-0.0420493,0.958765
6,1342,3,Yes,-3.57755,-0.0282803,0.972058
6,1343,3,Yes,-4.86908,-0.00764982,0.99232
6,1344,3,Yes,-3.33042,-0.0363723,0.964224
6,1345,3,Yes,-2.08095,-0.133249,0.875196
6,1346,3,No,-0.0634845,-2.78756,0.0615674
6,1347,3,Yes,-4.71433,-0.00894614,0.991035
6,1348,3,Yes,-3.3872,-0.0343263,0.966199
6,1349,3,Yes,-1.70061,-0.20152,0.817439
6,1350,3,No,-4.08314,-0.0169379,0.983147
6,1351,3,Yes,-0.617717,-0.774605,0.460858
6,1352,3,Yes,-0.303311,-1.34059,0.261675
6,1353,3,Yes,-4.90481,-0.00737813,0.99259
6,1354,3,No,-0.709272,-0.677162,0.508027
6,1355,3,Yes,-4.55046,-0.0105582,0.989438
6,1356,3,Yes,-3.49175,-0.030859,0.969554
6,1357,3,Yes,-3.26342,-0.0389467,0.961745
6,1358,3,No,-0.288101,-1.3848,0.250358
6,1359,3,Yes,-4.74698,-0.00865523,0.991323
6,1360,3,No,-0.346781,-1.22725,0.293082
6,1361,3,Yes,-1.16015,-0.375976,0.686579
6,1362,3,Yes,-1.01591,-0.449438,0.637949
6,1363,3,No,-1.49573,-0.253638,0.775928
6,1364,3,Yes,-2.10523,-0.129834,0.878189
6,1365,3,Yes,-2.02774,-0.141072,0.868375
6,1366,3,Yes,-3.37218,-0.0348557,0.965687
6,1367,3,Yes,-0.531712,-0.885615,0.412436
6,1368,3,Yes,-4.16507,-0.0155901,0.984472
6,1369,3,Yes,-2.02977,-0.140765,0.868642
6,1370,3,Yes,-2.72493,-0.0677341,0.934453
6,0,4,No,-0.00024274,-8.10458,0.000302134
6,1,4,No,-0.000120528,-8.62761,0.000179081
6,2,4,No,-0.0156422,-4.16178,0.0155789
6,3,4,Yes,-2.62311,-0.0752814,0.927428
6,4,4,No,-0.00710142,-4.94275,0.00713454
6,5,4,Yes,-2.71278,-0.0685929,0.933652
6,6,4,No,-0.328901,-1.27174,0.280328
6,7,4,No,-0.0497833,-3.02364,0.0486212
6,8,4,No,-1.27212,-0.328751,0.71978
6,9,4,No,-0.0342873,-3.38831,0.0337637
6,10,4,No,-0.0012162,-6.66504,0.00127464
6,11,4,No,-0.00483973,-5.32103,0.00488745
6,12,4,No,-0.000648232,-7.25335,0.000707759
6,13,4,No,-0.032915,-3.42842,0.0324363
6,14,4,Yes,-0.0772736,-2.598,0.0744182
6,15,4,Yes,-1.65573,-0.211826,0.809058
6,16,4,No,-0.00322629,-5.7196,0.00328081
6,17,4,No,-0.0010098,-6.84114,0.00106882
6,18,4,Yes,-2.6899,-0.0702388,0.932116
6,19,4,Yes,-2.79655,-0.0628988,0.938983
6,20,4,Yes,-1.64899,-0.213424,0.807766
6,21,4,Yes,-4.28306,-0.0138367,0.9862
6,22,4,Yes,-2.81346,-0.0618095,0.940006
6,23,4,Yes,-2.87781,-0.0578393,0.943746
6,24,4,Yes,-2.4951,-0.0860254,0.917517
6,25,4,Yes,-2.99389,-0.0513284,0.949911
6,26,4,No,-0.134683,-2.07095,0.126059
6,27,4,No,-0.0190068,-3.96929,0.0188858
6,28,4,No,-1.00477,-0.455818,0.633892
6,29,4,Yes,-0.949966,-0.488893,0.613269
6,30,4,Yes,-4.28701,-0.0137814,0.986255
6,31,4,Yes,-2.45148,-0.0900414,0.91384
6,32,4,No,-0.492065,-0.944958,0.388673
6,33,4,Yes,-0.993092,-0.462624,0.629592
6,34,4,Yes,-0.527256,-0.891996,0.409813
6,35,4,No,-1.15865,-0.376663,0.686107
6,36,4,Yes,-2.97213,-0.0524886,0.948809
6,37,4,Yes,-4.75195,-0.00861278,0.991366
6,38,4,Yes,-1.91121,-0.159985,0.852107
6,39,4,No,-0.000875976,-6.97485,0.000935052
6,40,4,Yes,-2.8209,-0.0613356,0.940451
6,41,4,Yes,-2.23659,-0.112904,0.893184
6,42,4,No,-2.88491e-05,-9.33736,8.80667e-05
6,43,4,Yes,-3.56429,-0.0286648,0.971685
6,44,4,Yes,-4.7072,-0.0090111,0.99097
6,45,4,No,-0.320101,-1.29469,0.273967
6,46,4,No,-1.55016,-0.238453,0.787799
6,47,4,Yes,-3.12983,-0.0446474,0.956278
6,48,4,Yes,-3.82084,-0.022092,0.978092
6,49,4,No,-0.0140329,-4.26914,0.013993
6,50,4,No,-0.0142771,-4.25204,0.0142344
6,51,4,No,-0.0295073,-3.53579,0.0291341
6,52,4,No,-0.00526896,-5.23726,0.00531448
6,53,4,No,-0.00758766,-4.87721,0.00761775
6,54,4,Yes,-4.47689,-0.0113739,0.988632
6,55,4,Yes,-0.953748,-0.486516,0.614728
6,56,4,Yes,-1.37093,-0.292778,0.746145
6,57,4,Yes,-3.75843,-0.0235359,0.976681
6,58,4,Yes,-4.62284,-0.00981368,0.990176
6,59,4,No,-0.000153136,-8.45605,0.000212599
6,60,4,Yes,-2.07423,-0.13421,0.874355
6,61,4,Yes,-5.01233,-0.00661842,0.993345
6,62,4,Yes,-4.76123,-0.0085327,0.991445
6,63,4,Yes,-0.274525,-1.42659,0.240112
6,64,4,Yes,-2.59379,-0.0776121,0.925268
6,65,4,Yes,-2.85792,-0.0590379,0.942615
6,66,4,Yes,-1.46426,-0.262913,0.768764
6,67,4,Yes,-4.61037,-0.00993787,0.990052
6,68,4,No,-0.337584,-1.24978,0.28655
6,69,4,No,-0.0570708,-2.89079,0.0555289
6,70,4,Yes,-3.77358,-0.0231779,0.977032
6,71,4,No,-0.00152113,-6.45073,0.00157928
6,72,4,Yes,-1.10293,-0.403227,0.668121
6,73,4,No,-2.02658e-05,-9.43574,7.98149e-05
6,74,4,Yes,-2.43905,-0.0912229,0.912761
6,75,4,No,-0.784606,-0.609249,0.543727
6,76,4,No,-0.0646809,-2.76951,0.0626889
6,77,4,No,-0.000131973,-8.56166,0.00019129
6,78,4,Yes,-4.59693,-0.0100737,0.989918
6,79,4,Yes,-3.87525,-0.0209068,0.979252
6,80,4,Yes,-0.217175,-1.63337,0.195259
6,81,4,Yes,-0.223686,-1.60698,0.200481
6,82,4,No,-3.55742,-0.0288655,0.971489
6,83,4,Yes,-2.31201,-0.104253,0.900944
6,84,4,Yes,-2.26639,-0.109399,0.896321
6,85,4,Yes,-3.29178,-0.0378344,0.962815
6,86,4,Yes,-4.24148,-0.0144308,0.985615
6,87,4,Yes,-4.71924,-0.008902,0.991079
6,88,4,Yes,-2.17501,-0.120528,0.8864
6,89,4,Yes,-2.7785,-0.064083,0.937872
6,90,4,Yes,-2.77491,-0.0643212,0.937648
6,91,4,Yes,-2.57837,-0.0788686,0.924107
6,92,4,Yes,-0.565723,-0.839077,0.432084
6,93,4,Yes,-2.77676,-0.0641981,0.937764
6,94,4,Yes,-0.547789,-0.863147,0.421807
6,95,4,Yes,-5.00578,-0.00666282,0.993301
6,96,4,Yes,-3.63787,-0.0265997,0.973693
6,97,4,No,-0.179051,-1.80791,0.163986
6,98,4,Yes,-3.32082,-0.0367308,0.963879
6,99,4,No,-0.0146169,-4.22881,0.0145688
6,100,4,No,-0.150284,-1.96901,0.139587
6,101,4,Yes,-1.91929,-0.158589,0.853297
6,102,4,Yes,-2.15634,-0.122947,0.884258
6,103,4,Yes,-1.1596,-0.376226,0.686407
6,104,4,No,-0.226548,-1.59564,0.202766
6,105,4,No,-0.779826,-0.613277,0.541541
6,106,4,No,-8.28539e-05,-8.85695,0.00014238
6,107,4,No,-0.027494,-3.6053,0.0271776
6,108,4,No,-0.0119601,-4.42716,0.0119477
6,109,4,No,-0.0281309,-3.58277,0.0277969
6,110,4,Yes,-3.6293,-0.0268322,0.973467
6,111,4,No,-0.00212968,-6.12522,0.00218687
6,112,4,No,-0.0174876,-4.05162,0.0173932
6,113,4,No,-0.384441,-1.14185,0.319209
6,114,4,Yes,-2.94117,-0.0541864,0.947199
6,115,4,No,-4.13069e-05,-9.20603,0.000100426
6,116,4,No,-5.03672e-05,-9.11738,0.000109735
6,117,4,Yes,-4.92132,-0.00725637,0.992711
6,118,4,No,-0.354377,-1.20916,0.298431
6,119,4,No,-0.000121005,-8.62033,0.000180391
6,120,4,Yes,-4.80531,-0.00816066,0.991814
6,121,4,Yes,-4.85552,-0.00775625,0.992215
6,122,4,No,-0.0216075,-3.84272,0.021434
6,123,4,Yes,-3.65517,-0.026137,0.974144
6,124,4,No,-0.0012893,-6.609,0.0013481
6,125,4,No,-0.241469,-1.53905,0.214573
6,126,4,Yes,-3.10319,-0.0458834,0.955097
6,127,4,Yes,-3.64906,-0.0262995,0.973986
6,128,4,No,-0.164661,-1.88468,0.151869
6,129,4,No,-3.26639e-05,-9.29566,9.18169e-05
6,130,4,No,-0.000109977,-8.68094,0.000169782
6,131,4,No,-6.46731e-05,-8.99151,0.000124454
6,132,4,No,-0.000863687,-6.98837,0.000922495
6,133,4,Yes,-1.61662,-0.221283,0.801443
6,134,4,Yes,-4.05426,-0.0174399,0.982653
6,135,4,No,-0.00138217,-6.54264,0.0014406
6,136,4,Yes,-0.473827,-0.974333,0.377422
6,137,4,Yes,-1.45046,-0.267102,0.76555
6,138,4,Yes,-0.257629,-1.48203,0.227163
6,139,4,Yes,-2.84018,-0.060128,0.941589
6,140,4,No,-0.404894,-1.09958,0.332991
6,141,4,Yes,-3.39054,-0.034209,0.966312
6,142,4,No,-0.00251108,-5.96486,0.00256725
6,143,4,No,-3.48438,-0.0310922,0.969329
6,144,4,No,-7.27179e-06,-9.61888,6.64581e-05
6,145,4,Yes,-1.92604,-0.157431,0.854285
6,146,4,Yes,-2.1629,-0.122092,0.885015
6,147,4,Yes,-1.87991,-0.165518,0.847405
6,148,4,Yes,-0.355723,-1.206,0.299374
6,149,4,Yes,-3.88295,-0.0207444,0.979411
6,150,4,Yes,-2.55452,-0.0808517,0.922275
6,151,4,Yes,-0.548914,-0.86161,0.422457
6,152,4,Yes,-1.71714,-0.197867,0.820431
6,153,4,Yes,-2.18659,-0.119053,0.887708
6,154,4,No,-2.37914,-0.0971403,0.907375
6,155,4,Yes,-3.76599,-0.0233565,0.976857
6,156,4,Yes,-3.65069,-0.0262557,0.974028
6,157,4,Yes,-1.50253,-0.25168,0.777448
6,158,4,Yes,-2.14875,-0.123944,0.883377
6,159,4,Yes,-1.54364,-0.240217,0.786411
6,160,4,Yes,-3.32384,-0.036617,0.963988
6,161,4,No,-3.15028,-0.043724,0.957162
6,162,4,No,-0.523897,-0.896856,0.407826
6,163,4,Yes,-1.06114,-0.424653,0.653959
6,164,4,Yes,-4.30531,-0.0135284,0.986504
6,165,4,No,-0.372822,-1.16709,0.311253
6,166,4,Yes,-4.20603,-0.0149576,0.985095
6,167,4,Yes,-1.66301,-0.210114,0.810444
6,168,4,No,-0.145644,-1.9981,0.135585
6,169,4,Yes,-2.06852,-0.135035,0.873634
6,170,4,Yes,-3.84499,-0.0215585,0.978615
6,171,4,Yes,-2.81122,-0.0619526,0.939872
6,172,4,No,-0.121332,-2.16876,0.114313
6,173,4,No,-0.0181253,-4.0162,0.0180203
6,174,4,Yes,-4.63365,-0.00970721,0.990281
6,175,4,Yes,-4.19766,-0.0150845,0.98497
6,176,4,No,-0.00118457,-6.68991,0.00124332
6,177,4,No,-0.0195561,-3.94116,0.0194245
6,178,4,Yes,-3.82672,-0.0219612,0.97822
6,179,4,No,-0.00862162,-4.75091,0.00864329
6,180,4,No,-0.0133543,-4.31809,0.0133246
6,181,4,No,-0.0409768,-3.21369,0.0402057
6,182,4,Yes,-2.99546,-0.0512451,0.94999
6,183,4,No,-0.823674,-0.577603,0.561209
6,184,4,No,-1.20138,-0.357703,0.699239
6,185,4,Yes,-4.22622,-0.0146556,0.985393
6,186,4,Yes,-2.64726,-0.0734158,0.929159
6,187,4,Yes,-0.483897,-0.95794,0.38366
6,188,4,Yes,-2.21026,-0.116099,0.890334
6,189,4,Yes,-2.39377,-0.095659,0.90872
6,190,4,Yes,-1.94846,-0.153659,0.857514
6,191,4,Yes,-1.46689,-0.262124,0.769371
6,192,4,No,-0.000528714,-7.43994,0.000587287
6,193,4,No,-0.0149998,-4.20326,0.0149458
6,194,4,Yes,-2.73238,-0.0672147,0.93494
6,195,4,No,-0.000175372,-8.35948,0.000234152
6,196,4,No,-0.000138054,-8.52804,0.000197832
6,197,4,No,-0.000168457,-8.3852,0.000228207
6,198,4,Yes,-0.173837,-1.83493,0.159616
6,199,4,No,-0.000338969,-7.82808,0.000398365
6,200,4,No,-1.03965,-0.436214,0.646441
6,201,4,No,-0.00875323,-4.7359,0.00877404
6,202,4,Yes,-4.86162,-0.00770874,0.992262
6,203,4,No,-0.00031357,-7.89461,0.000372727
6,204,4,Yes,-0.87897,-0.536403,0.584814
6,205,4,No,-5.51954e-05,-9.07271,0.000114749
6,206,4,Yes,-3.3214,-0.0367094,0.9639
6,207,4,Yes,-5.17003,-0.00564101,0.994316
6,208,4,Yes,-3.8826,-0.0207522,0.979404
6,209,4,Yes,-4.58388,-0.0102077,0.989785
6,210,4,Yes,-0.33814,-1.2484,0.286947
6,211,4,Yes,-2.72466,-0.0677537,0.934436
6,212,4,Yes,-0.10311,-2.32247,0.0980254
6,213,4,No,-1.08481e-05,-9.56833,6.99042e-05
6,214,4,No,-0.000714438,-7.16435,0.000773632
6,215,4,Yes,-4.30213,-0.0135719,0.986461
6,216,4,Yes,-5.07491,-0.0062117,0.993749
6,217,4,No,-0.00589088,-5.1272,0.00593279
6,218,4,Yes,-3.3261,-0.0365338,0.964069
6,219,4,Yes,-3.35659,-0.0354144,0.965148
6,220,4,Yes,-3.72075,-0.0244529,0.975786
6,221,4,Yes,-1.49329,-0.254341,0.775381
6,222,4,No,-1.63193,-0.217524,0.804461
6,223,4,Yes,-4.89366,-0.00746238,0.992506
6,224,4,Yes,-2.66308,-0.0722204,0.930271
6,225,4,Yes,-0.363868,-1.1872,0.305058
6,226,4,No,-0.0353705,-3.35783,0.0348088
6,227,4,No,-0.593773,-0.803366,0.447793
6,228,4,Yes,-2.3343,-0.101832,0.903128
6,229,4,Yes,-5.09586,-0.00608084,0.993878
6,230,4,No,-0.000123389,-8.60567,0.000183053
6,231,4,Yes,-2.29408,-0.106244,0.899152
6,232,4,Yes,-2.69725,-0.0697051,0.932614
6,233,4,Yes,-4.15144,-0.0158073,0.984259
6,234,4,No,-0.239553,-1.54609,0.213067
6,235,4,Yes,-3.10852,-0.0456332,0.955336
6,236,4,No,-9.01859e-05,-8.80717,0.000149647
6,237,4,No,-9.56104e-05,-8.77049,0.000155238
6,238,4,No,-0.00625848,-5.06743,0.00629824
6,239,4,No,-0.0767587,-2.60442,0.0739415
6,240,4,Yes,-3.81379,-0.0222514,0.977937
6,241,4,No,-1.07289e-05,-9.57021,6.97724e-05
6,242,4,Yes,-0.265083,-1.45707,0.232903
6,243,4,Yes,-0.311141,-1.31883,0.267432
6,244,4,No,-0.00137334,-6.54862,0.001432
6,245,4,No,-0.676614,-0.709838,0.491695
6,246,4,Yes,-3.27236,-0.0385925,0.962085
6,247,4,No,-0.291473,-1.37477,0.252882
6,248,4,Yes,-4.28001,-0.0138801,0.986158
6,249,4,No,-0.460795,-0.996209,0.369255
6,250,4,Yes,-3.05857,-0.0480312,0.953048
6,251,4,Yes,-1.46584,-0.262438,0.769129
6,252,4,Yes,-3.53323,-0.0295852,0.970791
6,253,4,No,-0.00253151,-5.95699,0.00258752
6,254,4,No,-0.0401455,-3.23373,0.0394078
6,255,4,No,-0.000231889,-8.14219,0.000290981
6,256,4,Yes,-1.44738,-0.268046,0.764827
6,257,4,Yes,-5.10841,-0.00600474,0.993955
6,258,4,Yes,-4.01645,-0.0181211,0.981984
6,259,4,Yes,-3.17031,-0.0428354,0.958012
6,260,4,No,-0.0485579,-3.04793,0.0474543
6,261,4,Yes,-0.651652,-0.736316,0.478847
6,262,4,Yes,-3.15399,-0.0435568,0.957321
6,263,4,Yes,-1.18159,-0.366337,0.693228
6,264,4,No,-0.000245482,-8.09485,0.000305088
6,265,4,Yes,-4.1467,-0.0158822,0.984184
6,266,4,No,-0.000352922,-7.79359,0.000412346
6,267,4,Yes,-4.0262,-0.0179428,0.982159
6,268,4,No,-0.000231412,-8.14203,0.000291029
6,269,4,Yes,-2.55487,-0.0808227,0.922303
6,270,4,No,-0.0455332,-3.11067,0.0445686
6,271,4,Yes,-2.21752,-0.11521,0.891127
6,272,4,No,-1.03131,-0.440802,0.643483
6,273,4,No,-0.0122907,-4.40019,0.0122743
6,274,4,No,-0.0194577,-3.94616,0.0193275
6,275,4,No,-0.00351043,-5.6369,0.00356368
6,276,4,Yes,-1.80513,-0.179599,0.835556
6,277,4,No,-0.204331,-1.68812,0.184856
6,278,4,Yes,-4.61179,-0.00992366,0.990067
6,279,4,No,-0.0406408,-3.22175,0.0398828
6,280,4,No,-3.00412e-05,-9.32815,8.88814e-05
6,281,4,No,-0.0083216,-4.78588,0.00834629
6,282,4,No,-0.000677338,-7.2137,0.000736387
6,283,4,Yes,-3.82973,-0.021894,0.978286
6,284,4,Yes,-3.75775,-0.0235521,0.976665
6,285,4,Yes,-3.53715,-0.0294667,0.970906
6,286,4,No,-0.00183518,-6.26932,0.0018934
6,287,4,Yes,-3.43991,-0.0325327,0.967934
6,288,4,No,-1.00732e-05,-9.57056,6.97484e-05
6,289,4,No,-1.48212,-0.257602,0.772857
6,290,4,Yes,-0.365978,-1.1824,0.306523
6,291,4,Yes,-4.99758,-0.00671712,0.993246
6,292,4,No,-0.000577974,-7.35806,0.000637394
6,293,4,Yes,-4.11354,-0.0164249,0.983651
6,294,4,Yes,-4.57874,-0.0102609,0.989733
6,295,4,Yes,-4.82872,-0.00796916,0.992004
6,296,4,No,-0.0565448,-2.89978,0.0550319
6,297,4,No,-0.0049763,-5.29365,0.00502307
6,298,4,No,-0.00166059,-6.36626,0.00171848
6,299,4,No,-0.0971063,-2.37947,0.0925942
6,300,4,Yes,-2.22081,-0.114808,0.891485
6,301,4,Yes,-2.31743,-0.10366,0.901479
6,302,4,Yes,-1.46339,-0.263173,0.768563
6,303,4,Yes,-0.783522,-0.61016,0.543232
6,304,4,Yes,-2.15337,-0.123336,0.883915
6,305,4,Yes,-2.62855,-0.0748572,0.927822
6,306,4,Yes,-3.4815,-0.0311834,0.96924
6,307,4,Yes,-1.00345,-0.456579,0.63341
6,308,4,Yes,-0.971158,-0.475758,0.621378
6,309,4,No,-3.39515,-0.0340493,0.966467
6,310,4,No,-0.00668682,-5.00204,0.00672379
6,311,4,No,-0.00280923,-5.8554,0.00286422
6,312,4,Yes,-2.07897,-0.133532,0.874949
6,313,4,No,-0.00971274,-4.63306,0.00972443
6,314,4,Yes,-4.47777,-0.0113638,0.988642
6,315,4,No,-5.44205e-05,-9.08057,0.000113849
6,316,4,No,-0.000435268,-7.61288,0.000494019
6,317,4,Yes,-4.37518,-0.0126059,0.987415
6,318,4,Yes,-4.90665,-0.00736462,0.992603
6,319,4,No,-0.0291724,-3.54703,0.0288084
6,320,4,No,-0.00970173,-4.63417,0.0097136
6,321,4,No,-8.70266e-05,-8.82812,0.000146544
6,322,4,No,-5.6626e-05,-9.06073,0.000116131
6,323,4,No,-0.000157607,-8.43509,0.0002171
6,324,4,No,-4.14857e-05,-9.2021,0.000100821
6,325,4,No,-0.00323317,-5.71764,0.00328725
6,326,4,No,-0.0239953,-3.73938,0.0237674
6,327,4,Yes,-4.59536,-0.0100901,0.989902
6,328,4,Yes,-4.29754,-0.0136359,0.986399
6,329,4,Yes,-4.81715,-0.00806355,0.991911
6,330,4,No,-0.847883,-0.559075,0.571704
6,331,4,No,-0.0756755,-2.61808,0.0729385
6,332,4,No,-0.207859,-1.67271,0.187726
6,333,4,Yes,-1.11118,-0.399154,0.670848
6,334,4,Yes,-4.73842,-0.00873122,0.991248
6,335,4,Yes,-4.12537,-0.0162295,0.983844
6,336,4,Yes,-3.92989,-0.0197812,0.980355
6,337,4,Yes,-2.74842,-0.0661078,0.935975
6,338,4,Yes,-3.93606,-0.019658,0.980476
6,339,4,No,-2.0087e-05,-9.44696,7.89248e-05
6,340,4,No,-7.73102e-05,-8.89728,0.000136752
6,341,4,No,-2.35637,-0.0994943,0.905242
6,342,4,No,-1.15587,-0.377937,0.685233
6,343,4,No,-0.00104792,-6.80651,0.00110648
6,344,4,Yes,-3.46311,-0.0317729,0.96867
6,345,4,Yes,-0.335644,-1.25463,0.285164
6,346,4,Yes,-2.12938,-0.12653,0.881095
6,347,4,No,-0.0863392,-2.49162,0.082771
6,348,4,No,-0.000583402,-7.35068,0.000642115
6,349,4,No,-0.142506,-2.01834,0.132868
6,350,4,Yes,-0.305462,-1.33455,0.263261
6,351,4,No,-0.514713,-0.910341,0.402363
6,352,4,No,-0.171776,-1.84585,0.157881
6,353,4,Yes,-0.744262,-0.644407,0.524943
6,354,4,No,-0.0607886,-2.82959,0.0590333
6,355,4,No,-0.164092,-1.88786,0.151387
6,356,4,Yes,-1.15702,-0.377408,0.685596
6,357,4,Yes,-0.893931,-0.525917,0.590979
6,358,4,No,-0.15401,-1.94634,0.142787
6,359,4,No,-0.350276,-1.21886,0.295548
6,360,4,Yes,-1.12123,-0.394257,0.674141
6,361,4,Yes,-3.21516,-0.0409154,0.959854
6,362,4,Yes,-2.1363,-0.125599,0.881916
6,363,4,No,-0.000125953,-8.59408,0.000185189
6,364,4,No,-0.000116713,-8.64471,0.000176046
6,365,4,Yes,-3.49774,-0.0306724,0.969736
6,366,4,Yes,-3.16612,-0.0430196,0.957836
6,367,4,No,-1.3825,-0.288871,0.749065
6,368,4,Yes,-3.4713,-0.0315083,0.968925
6,369,4,Yes,-2.6892,-0.0702904,0.932068
6,370,4,Yes,-2.87262,-0.0581499,0.943453
6,371,4,No,-0.122003,-2.16357,0.114907
6,372,4,Yes,-3.51125,-0.0302535,0.970142
6,373,4,Yes,-3.69594,-0.0250762,0.975177
6,374,4,Yes,-3.33748,-0.0361113,0.964476
6,375,4,Yes,-4.07263,-0.0171191,0.982968
6,376,4,Yes,-2.11414,-0.128605,0.87927
6,377,4,Yes,-1.19119,-0.362119,0.696159
6,378,4,No,-0.170392,-1.85326,0.156716
6,379,4,Yes,-1.25813,-0.334252,0.715831
6,380,4,Yes,-2.40693,-0.094346,0.909914
6,381,4,Yes,-0.281584,-1.40457,0.245457
6,382,4,No,-1.50716,-0.250358,0.778476
6,383,4,Yes,-1.32677,-0.308259,0.734682
6,384,4,Yes,-3.82033,-0.0221039,0.978081
6,385,4,No,-0.00449528,-5.3938,0.00454438
6,386,4,Yes,-4.51152,-0.0109824,0.989019
6,387,4,No,-5.4659e-05,-9.0813,0.000113767
6,388,4,No,-0.000172988,-8.36639,0.00023254
6,389,4,No,-5.09037e-05,-9.11257,0.000110264
6,390,4,Yes,-4.3331,-0.0131534,0.986874
6,391,4,Yes,-3.7228,-0.0244026,0.975835
6,392,4,Yes,-4.59699,-0.0100735,0.989919
6,393,4,No,-0.00741512,-4.89987,0.00744709
6,394,4,Yes,-1.59495,-0.226724,0.797094
6,395,4,No,-0.114251,-2.22539,0.108019
6,396,4,No,-0.0485737,-3.04761,0.0474692
6,397,4,No,-0.0178503,-4.03126,0.0177509
6,398,4,Yes,-3.13436,-0.0444421,0.956475
6,399,4,No,-0.000359182,-7.77818,0.000418749
6,400,4,No,-0.000683541,-7.20493,0.000742872
6,401,4,No,-0.137578,-2.0511,0.128585
6,402,4,Yes,-2.47728,-0.0876436,0.916033
6,403,4,Yes,-1.86554,-0.168127,0.845197
6,404,4,Yes,-3.24317,-0.0397611,0.960962
6,405,4,Yes,-4.06738,-0.0172102,0.982879
6,406,4,Yes,-4.9755,-0.00686901,0.993095
6,407,4,No,-1.55187,-0.237994,0.788161
6,408,4,Yes,-4.10515,-0.0165642,0.983514
6,409,4,Yes,-4.21613,-0.0148054,0.985245
6,410,4,Yes,-3.65641,-0.0261037,0.974176
6,411,4,Yes,-1.3932,-0.285314,0.751734
6,412,4,Yes,-3.06503,-0.0477137,0.95335
6,413,4,Yes,-2.46654,-0.0886335,0.915127
6,414,4,Yes,-0.242542,-1.53513,0.215415
6,415,4,Yes,-1.48354,-0.257183,0.77318
6,416,4,Yes,-3.58564,-0.028049,0.972283
6,417,4,Yes,-0.917127,-0.510171,0.600358
6,418,4,No,-0.0265444,-3.63992,0.0262528
6,419,4,No,-0.108362,-2.27539,0.10275
6,420,4,No,-0.461473,-0.995051,0.369683
6,421,4,Yes,-0.0629492,-2.79577,0.0610643
6,422,4,No,-0.0158209,-4.15056,0.0157547
6,423,4,No,-0.0278183,-3.59378,0.0274925
6,424,4,No,-0.137785,-2.0497,0.128766
6,425,4,No,-0.0262679,-3.65021,0.0259841
6,426,4,No,-0.00663102,-5.01037,0.00666801
6,427,4,No,-0.00213911,-6.12104,0.00219604
6,428,4,Yes,-4.03844,-0.0177222,0.982376
6,429,4,Yes,-2.58697,-0.0781647,0.924757
6,430,4,No,-0.426233,-1.05816,0.347074
6,431,4,No,-0.931242,-0.500885,0.605959
6,432,4,Yes,-0.526646,-0.892876,0.409452
6,433,4,No,-0.0226439,-3.79652,0.0224475
6,434,4,No,-0.0766371,-2.60594,0.073829
6,435,4,Yes,-2.07084,-0.134699,0.873927
6,436,4,No,-0.304396,-1.33754,0.262474
6,437,4,No,-0.013818,-4.28436,0.0137816
6,438,4,No,-0.000206253,-8.23274,0.00026579
6,439,4,Yes,-3.18939,-0.0420078,0.958805
6,440,4,No,-0.000180738,-8.33264,0.000240522
6,441,4,No,-0.00012166,-8.61616,0.000181144
6,442,4,No,-0.444777,-1.02418,0.35907
6,443,4,Yes,-3.45217,-0.0321281,0.968325
6,444,4,Yes,-3.89212,-0.0205523,0.979599
6,445,4,Yes,-3.5625,-0.0287164,0.971634
6,446,4,No,-4.66109,-0.0094411,0.990544
6,447,4,Yes,-1.2374,-0.3426,0.70988
6,448,4,No,-0.0528453,-2.96554,0.0515296
6,449,4,No,-0.101833,-2.3343,0.096873
6,450,4,No,-0.0400621,-3.23577,0.0393275
6,451,4,Yes,-2.49657,-0.0858925,0.917638
6,452,4,No,-2.81925,-0.0614407,0.940353
6,453,4,Yes,-3.69426,-0.0251192,0.975136
6,454,4,No,-0.0235457,-3.75805,0.0233278
6,455,4,No,-0.000373433,-7.74448,0.000433101
6,456,4,Yes,-4.82383,-0.00800924,0.991965
6,457,4,No,-0.00287546,-5.83251,0.00293054
6,458,4,No,-7.37337e-05,-8.92905,0.000132476
6,459,4,Yes,-3.21839,-0.0407811,0.959983
6,460,4,No,-1.11671,-0.39645,0.672665
6,461,4,Yes,-2.37558,-0.0975043,0.907045
6,462,4,No,-0.096343,-2.38698,0.0919016
6,463,4,No,-0.0121483,-4.41171,0.0121337
6,464,4,No,-0.000612327,-7.30655,0.00067109
6,465,4,No,-0.00184133,-6.26627,0.00189919
6,466,4,No,-8.76227e-05,-8.82597,0.000146861
6,467,4,No,-0.0225017,-3.80273,0.0223085
6,468,4,Yes,-3.24827,-0.039555,0.961161
6,469,4,No,-0.014121,-4.26294,0.0140801
6,470,4,No,-0.466637,-0.98631,0.372929
6,471,4,No,-0.626862,-0.764014,0.465766
6,472,4,No,-3.72536e-05,-9.24524,9.65648e-05
6,473,4,No,-0.00124061,-6.6455,0.00129978
6,474,4,No,-0.0195088,-3.94358,0.0193775
6,475,4,Yes,-3.18876,-0.0420355,0.958779
6,476,4,No,-0.953333,-0.486776,0.614568
6,477,4,Yes,-2.23559,-0.113024,0.893077
6,478,4,Yes,-4.29293,-0.013699,0.986336
6,479,4,No,-0.00494545,-5.29978,0.00499241
6,480,4,No,-0.00139513,-6.53392,0.00145321
6,481,4,No,-0.00185023,-6.26154,0.00190818
6,482,4,No,-0.00637995,-5.04849,0.00641866
6,483,4,No,-0.000610359,-7.30833,0.000669897
6,484,4,Yes,-3.32839,-0.0364482,0.964151
6,485,4,Yes,-3.71433,-0.0246137,0.97563
6,486,4,Yes,-2.75259,-0.0658227,0.936241
6,487,4,Yes,-3.5977,-0.0277079,0.972615
6,488,4,No,-0.952642,-0.487209,0.614302
6,489,4,No,-0.068125,-2.71939,0.0659114
6,490,4,No,-0.00901904,-4.70636,0.0090371
6,491,4,Yes,-3.08925,-0.0465433,0.954467
6,492,4,No,-0.0218112,-3.83346,0.0216334
6,493,4,Yes,-3.62337,-0.0269946,0.973309
6,494,4,Yes,-4.02802,-0.0179094,0.982192
6,495,4,Yes,-2.11877,-0.12797,0.879828
6,496,4,Yes,-1.3625,-0.295664,0.743994
6,497,4,Yes,-0.452714,-1.01017,0.364137
6,498,4,Yes,-4.86872,-0.00765372,0.992317
6,499,4,Yes,-3.20812,-0.0412108,0.95957
6,500,4,Yes,-3.45881,-0.0319112,0.968535
6,501,4,Yes,-0.0683468,-2.71624,0.0661187
6,502,4,Yes,-0.249914,-1.50873,0.221178
6,503,4,No,-0.684847,-0.701397,0.495863
6,504,4,Yes,-3.37479,-0.0347636,0.965777
6,505,4,Yes,-2.61605,-0.0758357,0.926914
6,506,4,Yes,-1.75837,-0.189064,0.827685
6,507,4,No,-1.16204,-0.375113,0.687171
6,508,4,Yes,-3.82599,-0.0219768,0.978204
6,509,4,Yes,-4.2492,-0.0143193,0.985725
6,510,4,No,-0.18434,-1.78138,0.168396
6,511,4,No,-2.06444,-0.135626,0.873118
6,512,4,Yes,-4.14561,-0.0159003,0.984167
6,513,4,No,-0.00554289,-5.18735,0.00558648
6,514,4,Yes,-2.55722,-0.0806254,0.922485
6,515,4,No,-0.657204,-0.730308,0.481732
6,516,4,Yes,-2.21735,-0.115229,0.891109
6,517,4,No,-1.11977,-0.394967,0.673663
6,518,4,No,-1.59563,-0.226552,0.797231
6,519,4,Yes,-3.60181,-0.0275927,0.972727
6,520,4,Yes,-4.48452,-0.0112864,0.988718
6,521,4,No,-0.401133,-1.10716,0.330478
6,522,4,Yes,-1.10244,-0.403468,0.667961
6,523,4,No,-0.614579,-0.77829,0.459164
6,524,4,No,-2.68577,-0.0705395,0.931836
6,525,4,No,-0.00103635,-6.81635,0.00109564
6,526,4,Yes,-4.34573,-0.0129856,0.987039
6,527,4,Yes,-2.17508,-0.120519,0.886408
6,528,4,No,-0.322007,-1.28965,0.27535
6,529,4,No,-0.00125547,-6.63476,0.00131381
6,530,4,Yes,-3.50027,-0.0305931,0.969812
6,531,4,No,-0.399772,-1.10992,0.329566
6,532,4,No,-1.93593,-0.155755,0.855718
6,533,4,No,-0.000137458,-8.5333,0.000196794
6,534,4,No,-1.31131e-05,-9.53423,7.23284e-05
6,535,4,No,-2.70013e-05,-9.35885,8.61944e-05
6,536,4,No,-3.80285e-05,-9.23704,9.73595e-05
6,537,4,No,-0.0116274,-4.45507,0.0116188
6,538,4,No,-0.0190673,-3.96617,0.0189447
6,539,4,Yes,-2.0791,-0.133512,0.874965
6,540,4,Yes,-0.241903,-1.53746,0.214914
6,541,4,No,-0.101399,-2.33835,0.0964809
6,542,4,No,-8.47018e-05,-8.84297,0.000144385
6,543,4,No,-0.0930496,-2.42012,0.0889058
6,544,4,Yes,-2.61015,-0.0763034,0.92648
6,545,4,No,-1.8716e-05,-9.4593,7.79569e-05
6,546,4,No,-0.000265634,-8.03121,0.000325135
6,547,4,Yes,-3.149,-0.0437805,0.957107
6,548,4,Yes,-2.72493,-0.0677358,0.934453
6,549,4,Yes,-3.73452,-0.0241132,0.976117
6,550,4,No,-1.91333e-05,-9.45055,7.86418e-05
6,551,4,No,-0.00137334,-6.54856,0.00143209
6,552,4,No,-0.858333,-0.551317,0.576157
6,553,4,No,-6.87861e-05,-8.964,0.000127926
6,554,4,No,-1.52006,-0.246721,0.781313
6,555,4,Yes,-0.319995,-1.29497,0.27389
6,556,4,Yes,-1.60665,-0.223769,0.799453
6,557,4,No,-0.00397643,-5.51459,0.00402735
6,558,4,No,-0.00774352,-4.85713,0.0077723
6,559,4,Yes,-3.01094,-0.0504367,0.950757
6,560,4,No,-0.000946731,-6.90179,0.00100593
6,561,4,Yes,-2.17972,-0.119926,0.886934
6,562,4,Yes,-2.91812,-0.055487,0.945968
6,563,4,Yes,-4.75746,-0.00856553,0.991413
6,564,4,Yes,-5.15082,-0.00575179,0.994206
6,565,4,Yes,-3.727,-0.0242986,0.975937
6,566,4,No,-1.72426,-0.196315,0.821706
6,567,4,Yes,-2.34676,-0.100506,0.904327
6,568,4,Yes,-0.549951,-0.860192,0.423056
6,569,4,Yes,-0.910948,-0.514306,0.597881
6,570,4,Yes,-1.62082,-0.220244,0.802276
6,571,4,Yes,-2.09368,-0.131447,0.876774
6,572,4,Yes,-3.0284,-0.0495408,0.95161
6,573,4,No,-0.336908,-1.25147,0.286067
6,574,4,No,-6.10966e-05,-9.02416,0.000120457
6,575,4,Yes,-5.02154,-0.0065565,0.993406
6,576,4,Yes,-1.00222,-0.457295,0.632956
6,577,4,No,-0.05063,-3.00721,0.0494265
6,578,4,Yes,-3.07094,-0.0474249,0.953625
6,579,4,No,-0.146595,-1.99206,0.136406
6,580,4,No,-0.00662166,-5.01172,0.00665902
6,581,4,No,-0.00205836,-6.15829,0.00211574
6,582,4,No,-0.00958504,-4.64613,0.00959806
6,583,4,Yes,-2.86323,-0.0587152,0.942919
6,584,4,Yes,-3.96309,-0.0191267,0.980997
6,585,4,Yes,-1.22104,-0.349366,0.705094
6,586,4,No,-0.0222016,-3.81597,0.0220149
6,587,4,No,-0.0547642,-2.93085,0.0533483
6,588,4,No,-0.00645979,-5.03625,0.00649767
6,589,4,No,-0.0127964,-4.36029,0.0127739
6,590,4,Yes,-4.1386,-0.0160139,0.984056
6,591,4,No,-0.0147215,-4.22171,0.0146727
6,592,4,No,-0.0943762,-2.40663,0.0901134
6,593,4,Yes,-0.0950159,-2.40019,0.0906953
6,594,4,No,-2.66952,-0.0717389,0.930719
6,595,4,No,-0.459829,-0.997861,0.368645
6,596,4,Yes,-1.01946,-0.447432,0.63923
6,597,4,Yes,-4.61483,-0.00989356,0.990097
6,598,4,Yes,-0.378095,-1.15552,0.314875
6,599,4,Yes,-2.18739,-0.118954,0.887797
6,600,4,Yes,-0.512324,-0.9139,0.400934
6,601,4,Yes,-0.377527,-1.15676,0.314486
6,602,4,No,-0.266448,-1.45259,0.23395
6,603,4,Yes,-4.02714,-0.0179263,0.982176
6,604,4,No,-0.747909,-0.641118,0.526672
6,605,4,No,-0.0013232,-6.58476,0.00138117
6,606,4,No,-0.000667377,-7.22752,0.000726275
6,607,4,No,-0.0136951,-4.29317,0.0136608
6,608,4,Yes,-0.542655,-0.870228,0.418831
6,609,4,No,-0.000179784,-8.33848,0.00023912
6,610,4,No,-0.082774,-2.532,0.079495
6,611,4,Yes,-2.00999,-0.143791,0.866017
6,612,4,Yes,-0.587135,-0.811613,0.444115
6,613,4,Yes,-1.76578,-0.187529,0.828957
6,614,4,Yes,-4.54599,-0.0106069,0.989391
6,615,4,No,-1.97106,-0.149951,0.860699
6,616,4,Yes,-1.87692,-0.166058,0.846948
6,617,4,Yes,-4.84416,-0.00784582,0.992126
6,618,4,Yes,-1.82535,-0.175667,0.838848
6,619,4,Yes,-3.28647,-0.0380404,0.962617
6,620,4,Yes,-4.11175,-0.0164547,0.983622
6,621,4,No,-0.10968,-2.26395,0.103932
6,622,4,Yes,-3.83673,-0.0217391,0.978437
6,623,4,Yes,-0.555377,-0.85284,0.426178
6,624,4,Yes,-3.21555,-0.0408995,0.959869
6,625,4,Yes,-1.81735,-0.17721,0.837554
6,626,4,Yes,-5.1528,-0.00574052,0.994217
6,627,4,No,-2.6286e-05,-9.36971,8.52629e-05
6,628,4,Yes,-3.30006,-0.0375161,0.963121
6,629,4,Yes,-1.4784,-0.258698,0.772011
6,630,4,Yes,-0.741339,-0.647059,0.523553
6,631,4,Yes,-2.5444,-0.0817107,0.921484
6,632,4,Yes,-1.37723,-0.290644,0.747737
6,633,4,Yes,-0.598055,-0.798112,0.450152
6,634,4,Yes,-1.74014,-0.1929,0.824515
6,635,4,No,-0.00434998,-5.42623,0.00439941
6,636,4,No,-0.427639,-1.05552,0.347991
6,637,4,Yes,-2.49548,-0.0859923,0.917548
6,638,4,Yes,-2.50355,-0.0852688,0.918211
6,639,4,Yes,-0.235619,-1.56075,0.209965
6,640,4,No,-0.000999712,-6.85055,0.00105881
6,641,4,No,-0.234386,-1.56541,0.208991
6,642,4,No,-0.264816,-1.45795,0.232699
6,643,4,Yes,-3.36723,-0.0350318,0.965517
6,644,4,Yes,-3.60182,-0.0275916,0.972728
6,645,4,Yes,-2.71398,-0.0685072,0.933732
6,646,4,Yes,-1.64519,-0.214328,0.807036
6,647,4,Yes,-0.655318,-0.732341,0.480754
6,648,4,No,-0.00129748,-6.60351,0.00135552
6,649,4,No,-1.87023,-0.16727,0.845922
6,650,4,No,-0.261719,-1.46824,0.230318
6,651,4,Yes,-3.46109,-0.0318382,0.968606
6,652,4,No,-1.12612,-0.391901,0.675732
6,653,4,No,-4.387e-05,-9.17464,0.000103628
6,654,4,Yes,-0.837725,-0.566753,0.567331
6,655,4,Yes,-4.10241,-0.0166105,0.983468
6,656,4,No,-2.33671,-0.101575,0.90336
6,657,4,Yes,-1.06265,-0.423853,0.654482
6,658,4,Yes,-4.79201,-0.00827136,0.991705
6,659,4,Yes,-0.753429,-0.636184,0.529278
6,660,4,Yes,-4.10978,-0.0164871,0.98359
6,661,4,No,-1.17452,-0.369481,0.691052
6,662,4,Yes,-2.57715,-0.0789682,0.924015
6,663,4,No,-0.0695985,-2.69872,0.0672876
6,664,4,No,-0.000806478,-7.05176,0.000865829
6,665,4,No,-2.50939e-05,-9.37911,8.44654e-05
6,666,4,Yes,-4.31179,-0.0134403,0.986591
6,667,4,Yes,-2.96365,-0.0529487,0.948373
6,668,4,Yes,-3.78092,-0.023005,0.9772
6,669,4,Yes,-2.85648,-0.0591259,0.942532
6,670,4,Yes,-1.16762,-0.372583,0.688912
6,671,4,No,-0.00409798,-5.48488,0.00414879
6,672,4,No,-0.0170156,-4.0786,0.0169301
6,673,4,No,-0.000487804,-7.5115,0.000546728
6,674,4,No,-5.97256e-05,-9.03648,0.000118981
6,675,4,No,-6.94418e-05,-8.95636,0.000128907
6,676,4,No,-4.08896e-05,-9.2078,0.000100248
6,677,4,Yes,-1.96052,-0.151668,0.859223
6,678,4,No,-0.0130196,-4.34324,0.0129936
6,679,4,No,-2.37551,-0.0975113,0.907038
6,680,4,No,-0.00618015,-5.07993,0.00621995
6,681,4,No,-0.000857244,-6.99493,0.000916464
6,682,4,No,-0.0724487,-2.66004,0.0699412
6,683,4,Yes,-1.41307,-0.278836,0.75662
6,684,4,No,-0.877146,-0.5377,0.584056
6,685,4,No,-0.237477,-1.5538,0.211431
6,686,4,No,-0.0151789,-4.19152,0.0151224
6,687,4,No,-0.000615309,-7.30152,0.00067447
6,688,4,No,-7.0336e-05,-8.95164,0.000129517
6,689,4,Yes,-4.96734,-0.00692639,0.993039
6,690,4,No,-0.171443,-1.84762,0.157602
6,691,4,Yes,-1.79462,-0.18168,0.833819
6,692,4,No,-1.46032e-05,-9.50785,7.42618e-05
6,693,4,No,-0.00220548,-6.09122,0.00226252
6,694,4,No,-0.00594526,-5.11809,0.0059871
6,695,4,No,-0.000674833,-7.21687,0.00073405
6,696,4,Yes,-1.27733,-0.326732,0.721235
6,697,4,No,-0.000248821,-8.08519,0.00030805
6,698,4,No,-3.06373e-05,-9.31279,9.02566e-05
6,699,4,No,-0.00136469,-6.55474,0.00142327
6,700,4,No,-0.00263041,-5.91952,0.00268633
6,701,4,Yes,-2.22701,-0.114056,0.892156
6,702,4,Yes,-1.67277,-0.207845,0.812285
6,703,4,No,-0.0622377,-2.80677,0.0603961
6,704,4,No,-0.143207,-2.01377,0.133477
6,705,4,No,-0.020608,-3.88945,0.0204553
6,706,4,No,-0.605716,-0.788832,0.454348
6,707,4,No,-0.000691653,-7.19476,0.000750462
6,708,4,No,-4.85194e-05,-9.13345,0.000107985
6,709,4,Yes,-4.93074,-0.00718744,0.992779
6,710,4,Yes,-1.0065,-0.454817,0.634527
6,711,4,No,-0.0106676,-4.5403,0.0106696
6,712,4,No,-0.010403,-4.56516,0.0104076
6,713,4,No,-0.169528,-1.85793,0.155986
6,714,4,Yes,-2.94801,-0.0538072,0.947559
6,715,4,Yes,-2.36991,-0.0980866,0.906517
6,716,4,Yes,-2.48157,-0.0872497,0.916393
6,717,4,No,-2.98624e-05,-9.33254,8.84918e-05
6,718,4,No,-0.000232306,-8.13906,0.000291894
6,719,4,No,-0.000521319,-7.45158,0.000580489
6,720,4,No,-0.000726368,-7.14921,0.00078544
6,721,4,No,-0.000332053,-7.84572,0.0003914
6,722,4,No,-0.00112955,-6.7354,0.00118802
6,723,4,No,-0.695517,-0.690665,0.501213
6,724,4,No,-0.000406884,-7.67153,0.000465876
6,725,4,No,-0.199201,-1.71107,0.180663
6,726,4,No,-0.889372,-0.529083,0.58911
6,727,4,Yes,-4.60514,-0.00999042,0.99
6,728,4,Yes,-4.48406,-0.0112918,0.988713
6,729,4,No,-0.00489124,-5.31061,0.00493864
6,730,4,Yes,-4.73421,-0.00876808,0.991211
6,731,4,Yes,-1.92425,-0.157738,0.854023
6,732,4,Yes,-3.94025,-0.0195753,0.980558
6,733,4,Yes,-4.11529,-0.0163956,0.98368
6,734,4,Yes,-0.319365,-1.29664,0.273432
6,735,4,No,-0.00439853,-5.41526,0.00444792
6,736,4,Yes,-0.872391,-0.541101,0.582073
6,737,4,No,-0.173003,-1.83933,0.158915
6,738,4,Yes,-0.572975,-0.829624,0.436188
6,739,4,No,-0.000217342,-8.1906,0.000277232
6,740,4,No,-0.804559,-0.592807,0.552741
6,741,4,Yes,-1.56555,-0.23435,0.791039
6,742,4,Yes,-3.32448,-0.0365935,0.964011
6,743,4,Yes,-2.94961,-0.0537184,0.947643
6,744,4,No,-0.291166,-1.37568,0.252653
6,745,4,Yes,-1.94518,-0.154204,0.857047
6,746,4,Yes,-0.963622,-0.480377,0.618514
6,747,4,Yes,-2.05805,-0.136557,0.872305
6,748,4,Yes,-0.183247,-1.78679,0.167487
6,749,4,No,-0.000455245,-7.57181,0.000514727
6,750,4,Yes,-3.49091,-0.0308862,0.969528
6,751,4,Yes,-3.61904,-0.027114,0.973193
6,752,4,No,-0.0959657,-2.39072,0.0915587
6,753,4,No,-0.38027,-1.1508,0.316364
6,754,4,Yes,-2.92832,-0.0549067,0.946516
6,755,4,Yes,-4.31801,-0.0133562,0.986674
6,756,4,Yes,-4.52536,-0.0108301,0.98917
6,757,4,Yes,-4.17848,-0.0153806,0.984679
6,758,4,Yes,-3.14077,-0.0441502,0.956753
6,759,4,No,-0.000165357,-8.40154,0.000224507
6,760,4,No,-2.77109,-0.0645763,0.93741
6,761,4,No,-0.0167631,-4.09337,0.0166819
6,762,4,No,-0.405676,-1.09802,0.333513
6,763,4,Yes,-3.49684,-0.0306996,0.969709
6,764,4,Yes,-4.80489,-0.00816402,0.991811
6,765,4,No,-0.000859272,-6.99306,0.000918174
6,766,4,Yes,-4.78895,-0.00829624,0.991679
6,767,4,Yes,-2.26483,-0.109579,0.896158
6,768,4,Yes,-3.20111,-0.0415074,0.959285
6,769,4,Yes,-3.09452,-0.046293,0.954706
6,770,4,Yes,-0.471143,-0.978776,0.375749
6,771,4,No,-0.885463,-0.531818,0.587501
6,772,4,Yes,-4.03614,-0.0177628,0.982336
6,773,4,No,-0.0056738,-5.1643,0.00571675
6,774,4,Yes,-4.09665,-0.016708,0.983373
6,775,4,No,-0.0302895,-3.51008,0.0298928
6,776,4,Yes,-1.52452,-0.245474,0.782288
6,777,4,No,-0.202205,-1.69755,0.18312
6,778,4,No,-1.59681,-0.226252,0.79747
6,779,4,Yes,-3.57982,-0.0282158,0.972121
6,780,4,Yes,-2.82699,-0.0609526,0.940813
6,781,4,Yes,-4.41628,-0.0120921,0.987922
6,782,4,No,-1.68573,-0.204875,0.814701
6,783,4,No,-0.0182418,-4.00987,0.0181346
6,784,4,No,-4.78041e-05,-9.14465,0.000106783
6,785,4,No,-0.899181,-0.522298,0.593121
6,786,4,No,-0.000913441,-6.93598,0.000972108
6,787,4,No,-0.00329369,-5.69956,0.00334725
6,788,4,No,-0.023648,-3.75376,0.023428
6,789,4,No,-0.0161523,-4.13007,0.0160808
6,790,4,Yes,-3.17776,-0.0425107,0.958324
6,791,4,No,-0.0435565,-3.154,0.0426784
6,792,4,No,-0.169491,-1.85812,0.155956
6,793,4,No,-0.0355304,-3.35336,0.0349647
6,794,4,No,-0.00918956,-4.6878,0.00920642
6,795,4,No,-0.114058,-2.22699,0.107847
6,796,4,Yes,-1.19011,-0.362592,0.69583
6,797,4,Yes,-0.839008,-0.565776,0.567886
6,798,4,No,-1.94893,-0.153579,0.857582
6,799,4,No,-2.81858,-0.0614838,0.940313
6,800,4,Yes,-2.52401,-0.0834671,0.919867
6,801,4,No,-6.64018e-05,-8.98285,0.000125537
6,802,4,Yes,-4.63017,-0.00974043,0.990247
6,803,4,No,-0.905597,-0.51792,0.595723
6,804,4,No,-0.0711461,-2.67753,0.0687288
6,805,4,Yes,-0.370372,-1.17254,0.309563
6,806,4,No,-0.0024423,-5.99193,0.00249869
6,807,4,Yes,-3.46807,-0.0316125,0.968825
6,808,4,No,-0.000426145,-7.63038,0.000485447
6,809,4,Yes,-3.57951,-0.0282255,0.972112
6,810,4,Yes,-0.141043,-2.02793,0.1316
6,811,4,No,-0.940284,-0.495048,0.609506
6,812,4,No,-0.00063678,-7.2695,0.00069642
6,813,4,No,-0.607196,-0.787059,0.455155
6,814,4,No,-0.180483,-1.80064,0.165183
6,815,4,No,-0.105597,-2.29987,0.100266
6,816,4,Yes,-2.90714,-0.0561184,0.945371
6,817,4,Yes,-3.14158,-0.0441144,0.956788
6,818,4,Yes,-1.4289,-0.273796,0.760442
6,819,4,No,-0.0490039,-3.03902,0.0478788
6,820,4,Yes,-2.01798,-0.142559,0.867085
6,821,4,Yes,-3.09579,-0.0462323,0.954763
6,822,4,Yes,-4.21106,-0.0148816,0.98517
6,823,4,Yes,-3.34736,-0.0357501,0.964825
6,824,4,Yes,-4.97084,-0.00690244,0.993063
6,825,4,Yes,-0.974972,-0.47344,0.622819
6,826,4,Yes,-0.0212442,-3.85946,0.0210781
6,827,4,No,-0.00100478,-6.84613,0.0010635
6,828,4,Yes,-3.29605,-0.0376707,0.962973
6,829,4,Yes,-4.14074,-0.0159792,0.98409
6,830,4,No,-4.39296e-05,-9.18028,0.000103045
6,831,4,No,-1.3828,-0.288771,0.74914
6,832,4,Yes,-3.77757,-0.0230842,0.977123
6,833,4,Yes,-4.57741,-0.0102753,0.989719
6,834,4,Yes,-2.1223,-0.127489,0.880251
6,835,4,Yes,-3.02039,-0.0499501,0.951221
6,836,4,Yes,-1.89412,-0.16298,0.849558
6,837,4,Yes,-3.25875,-0.039133,0.961566
6,838,4,Yes,-3.0667,-0.0476316,0.953428
6,839,4,No,-7.0336e-05,-8.95269,0.00012938
6,840,4,Yes,-0.765472,-0.625593,0.534913
6,841,4,No,-1.11534,-0.397115,0.672217
6,842,4,No,-4.32739e-05,-9.18657,0.0001024
6,843,4,Yes,-3.27351,-0.0385475,0.962129
6,844,4,Yes,-1.61707,-0.221172,0.801531
6,845,4,No,-0.00623425,-5.07132,0.00627377
6,846,4,Yes,-0.0942503,-2.4079,0.089999
6,847,4,No,-0.00058036,-7.35465,0.000639572
6,848,4,No,-0.000954607,-6.89385,0.00101394
6,849,4,Yes,-2.63085,-0.0746785,0.927987
6,850,4,No,-0.000130066,-8.57002,0.000189698
6,851,4,Yes,-3.34654,-0.0357792,0.964796
6,852,4,No,-0.173802,-1.83511,0.159586
6,853,4,Yes,-0.545655,-0.866082,0.420572
6,854,4,Yes,-4.50289,-0.011079,0.988924
6,855,4,No,-0.58273,-0.817154,0.441661
6,856,4,No,-0.01686,-4.08766,0.0167775
6,857,4,No,-0.198508,-1.71421,0.180095
6,858,4,No,-0.161997,-1.89969,0.149607
6,859,4,Yes,-0.578211,-0.822897,0.439132
6,860,4,No,-0.440826,-1.03127,0.356533
6,861,4,Yes,-3.40119,-0.0338407,0.966668
6,862,4,No,-0.0778344,-2.59105,0.0749371
6,863,4,No,-0.00171815,-6.3333,0.00177605
6,864,4,Yes,-4.02896,-0.0178928,0.982208
6,865,4,No,-0.000120409,-8.6222,0.000180052
6,866,4,No,-0.000136206,-8.54182,0.000195124
6,867,4,No,-7.39125e-05,-8.92241,0.000133359
6,868,4,Yes,-0.824592,-0.576886,0.561612
6,869,4,Yes,-0.602133,-0.793153,0.45239
6,870,4,No,-0.00162232,-6.38869,0.00168035
6,871,4,No,-0.0037563,-5.57048,0.00380844
6,872,4,Yes,-3.17465,-0.0426466,0.958194
6,873,4,Yes,-2.85867,-0.058992,0.942659
6,874,4,Yes,-2.5073,-0.0849356,0.918517
6,875,4,No,-0.135044,-2.06845,0.126374
6,876,4,Yes,-2.06126,-0.136089,0.872714
6,877,4,No,-0.0203449,-3.90214,0.0201975
6,878,4,Yes,-4.55767,-0.0104822,0.989514
6,879,4,Yes,-1.82274,-0.176168,0.838427
6,880,4,Yes,-4.69008,-0.00916857,0.990815
6,881,4,No,-0.0111082,-4.50017,0.0111064
6,882,4,Yes,-4.41311,-0.0121315,0.987883
6,883,4,Yes,-4.68642,-0.00920279,0.990781
6,884,4,Yes,-1.09858,-0.405391,0.666677
6,885,4,Yes,-2.17986,-0.119908,0.886949
6,886,4,Yes,-4.28223,-0.013848,0.986189
6,887,4,No,-0.886212,-0.531293,0.58781
6,888,4,Yes,-0.587647,-0.810974,0.444399
6,889,4,Yes,-0.306031,-1.33296,0.263679
6,890,4,Yes,-1.75204,-0.190386,0.826591
6,891,4,Yes,-4.22638,-0.0146532,0.985396
6,892,4,Yes,-4.78961,-0.00829053,0.991685
6,893,4,Yes,-4.38906,-0.0124302,0.987588
6,894,4,Yes,-4.22831,-0.0146244,0.985424
6,895,4,Yes,-3.94447,-0.0194904,0.98064
6,896,4,No,-0.000110513,-8.67785,0.000170306
6,897,4,No,-0.000109559,-8.68834,0.000168529
6,898,4,Yes,-2.75478,-0.0656737,0.936381
6,899,4,No,-6.15735e-05,-9.02284,0.000120617
6,900,4,No,-9.90082e-05,-8.75031,0.000158402
6,901,4,Yes,-4.6905,-0.00916436,0.990818
6,902,4,Yes,-1.27593,-0.327274,0.720844
6,903,4,No,-0.0183818,-4.00232,0.0182721
6,904,4,Yes,-4.24461,-0.0143854,0.985659
6,905,4,Yes,-4.27329,-0.0139737,0.986065
6,906,4,Yes,-3.98692,-0.0186712,0.981444
6,907,4,No,-0.0694137,-2.70129,0.0671149
6,908,4,No,-0.46709,-0.985548,0.373213
6,909,4,No,-0.389793,-1.13053,0.322843
6,910,4,Yes,-1.58967,-0.228075,0.796018
6,911,4,No,-0.000178711,-8.34379,0.000237854
6,912,4,Yes,-0.607132,-0.787133,0.455121
6,913,4,No,-0.168942,-1.8611,0.155492
6,914,4,No,-0.00086142,-6.99082,0.000920237
6,915,4,Yes,-4.08266,-0.016946,0.983139
6,916,4,No,-0.00313032,-5.74928,0.00318488
6,917,4,Yes,-1.66535,-0.209567,0.810887
6,918,4,Yes,-3.88403,-0.0207216,0.979433
6,919,4,Yes,-4.40012,-0.0122924,0.987725
6,920,4,Yes,-2.43964,-0.0911653,0.912813
6,921,4,No,-0.0118253,-4.4384,0.0118142
6,922,4,No,-0.0751826,-2.62437,0.0724811
6,923,4,Yes,-3.49965,-0.0306116,0.969794
6,924,4,Yes,-4.46151,-0.0115528,0.988456
6,925,4,Yes,-0.326987,-1.27667,0.278949
6,926,4,Yes,-4.78809,-0.00830375,0.991672
6,927,4,Yes,-2.33722,-0.10152,0.903409
6,928,4,No,-0.000160528,-8.42367,0.000219595
6,929,4,No,-3.29619e-05,-9.28359,9.2931e-05
6,930,4,Yes,-2.3929,-0.0957465,0.908641
6,931,4,No,-0.0156104,-4.16375,0.0155482
6,932,4,No,-0.0152941,-4.18399,0.0152367
6,933,4,Yes,-2.35381,-0.0997621,0.904999
6,934,4,No,-0.000390487,-7.70689,0.000449689
6,935,4,No,-0.0017735,-6.30311,0.00183049
6,936,4,Yes,-3.16925,-0.042882,0.957967
6,937,4,No,-0.000496809,-7.49487,0.000555898
6,938,4,No,-0.00651006,-5.02856,0.00654783
6,939,4,No,-0.000671731,-7.22055,0.000731353
6,940,4,Yes,-2.87092,-0.0582526,0.943356
6,941,4,No,-0.00555967,-5.18434,0.00560331
6,942,4,No,-0.0553824,-2.91994,0.0539334
6,943,4,Yes,-5.07856,-0.00618945,0.993771
6,944,4,Yes,-0.244471,-1.52813,0.216927
6,945,4,No,-0.0558302,-2.91214,0.054356
6,946,4,Yes,-1.8925,-0.163267,0.849314
6,947,4,Yes,-0.47065,-0.979596,0.375441
6,948,4,Yes,-3.86873,-0.0210447,0.979116
6,949,4,Yes,-4.45512,-0.0116275,0.988382
6,950,4,No,-0.00134421,-6.56938,0.00140258
6,951,4,Yes,-3.62604,-0.0269212,0.97338
6,952,4,Yes,-1.06661,-0.421769,0.655847
6,953,4,Yes,-1.5822,-0.229997,0.794489
6,954,4,Yes,-3.63494,-0.0266792,0.973616
6,955,4,Yes,-0.86763,-0.544531,0.580079
6,956,4,Yes,-4.19517,-0.0151222,0.984933
6,957,4,Yes,-3.66824,-0.025792,0.97448
6,958,4,Yes,-4.0183,-0.0180871,0.982018
6,959,4,No,-0.0330799,-3.42349,0.0325964
6,960,4,No,-0.00184044,-6.26673,0.00189831
6,961,4,Yes,-3.57762,-0.0282797,0.972059
6,962,4,No,-0.00111392,-6.74818,0.00117294
6,963,4,No,-0.056888,-2.8939,0.0553566
6,964,4,No,-0.67458,-0.711946,0.49066
6,965,4,No,-0.0012418,-6.64545,0.00129984
6,966,4,No,-0.0236913,-3.75196,0.0234704
6,967,4,No,-0.0606584,-2.83167,0.0589109
6,968,4,No,-1.31682,-0.311877,0.732029
6,969,4,Yes,-1.15404,-0.378775,0.68466
6,970,4,Yes,-3.83899,-0.0216901,0.978486
6,971,4,Yes,-3.47525,-0.0313823,0.969048
6,972,4,No,-0.013879,-4.28001,0.0138417
6,973,4,No,-0.0424955,-3.17811,0.041662
6,974,4,Yes,-1.54319,-0.24034,0.786314
6,975,4,No,-0.388124,-1.13404,0.321712
6,976,4,No,-0.40032,-1.1088,0.329934
6,977,4,Yes,-1.08925,-0.410092,0.66355
6,978,4,Yes,-3.13663,-0.0443391,0.956573
6,979,4,Yes,-0.184909,-1.77857,0.168869
6,980,4,Yes,-0.393134,-1.12356,0.325101
6,981,4,Yes,-0.362457,-1.19042,0.304077
6,982,4,Yes,-0.256248,-1.48674,0.226096
6,983,4,Yes,-2.5528,-0.0809977,0.922141
6,984,4,No,-0.34895,-1.22204,0.294613
6,985,4,No,-0.948819,-0.489618,0.612824
6,986,4,Yes,-1.01884,-0.447782,0.639007
6,987,4,Yes,-0.940372,-0.494991,0.60954
6,988,4,Yes,-3.21808,-0.0407937,0.959971
6,989,4,Yes,-1.4847,-0.256846,0.773442
6,990,4,Yes,-0.61783,-0.774475,0.460919
6,991,4,Yes,-0.756597,-0.633375,0.530766
6,992,4,No,-0.445132,-1.02355,0.359298
6,993,4,Yes,-1.71131,-0.199147,0.819381
6,994,4,Yes,-1.59986,-0.225481,0.798086
6,995,4,Yes,-0.969624,-0.476692,0.620797
6,996,4,Yes,-3.02453,-0.0497386,0.951422
6,997,4,Yes,-2.98697,-0.0516944,0.949563
6,998,4,Yes,-4.16923,-0.0155246,0.984537
6,999,4,Yes,-4.1169,-0.0163689,0.983706
6,1000,4,Yes,-1.67242,-0.207926,0.812219
6,1001,4,Yes,-2.29327,-0.106335,0.89907
6,1002,4,Yes,-3.85289,-0.0213866,0.978783
6,1003,4,Yes,-4.52334,-0.0108524,0.989148
6,1004,4,Yes,-4.7817,-0.00835814,0.991619
6,1005,4,No,-0.343725,-1.23466,0.290918
6,1006,4,Yes,-0.947779,-0.490275,0.612422
6,1007,4,Yes,-2.68808,-0.0703711,0.931993
6,1008,4,Yes,-1.02222,-0.445875,0.640226
6,1009,4,Yes,-4.35099,-0.0129179,0.987107
6,1010,4,Yes,-3.94698,-0.0194414,0.980688
6,1011,4,Yes,-4.19167,-0.0151761,0.98488
6,1012,4,Yes,-3.86542,-0.021117,0.979047
6,1013,4,Yes,-1.9852,-0.147681,0.862655
6,1014,4,Yes,-4.61481,-0.00989386,0.990097
6,1015,4,No,-0.0187043,-3.98514,0.0185888
6,1016,4,Yes,-1.97622,-0.149118,0.861416
6,1017,4,Yes,-3.03832,-0.0490398,0.952087
6,1018,4,Yes,-3.04364,-0.0487726,0.952342
6,1019,4,Yes,-4.40956,-0.0121746,0.98784
6,1020,4,No,-0.00186528,-6.25394,0.00192274
6,1021,4,No,-0.0156426,-4.16177,0.0155791
6,1022,4,No,-0.00762099,-4.87288,0.00765088
6,1023,4,Yes,-4.44006,-0.0118058,0.988205
6,1024,4,Yes,-2.66645,-0.0719677,0.930506
6,1025,4,Yes,-0.527747,-0.89129,0.410102
6,1026,4,Yes,-3.54026,-0.0293737,0.970996
6,1027,4,Yes,-1.25846,-0.334122,0.715925
6,1028,4,Yes,-1.59935,-0.225607,0.797985
6,1029,4,Yes,-2.00014,-0.145324,0.864691
6,1030,4,Yes,-2.1227,-0.127435,0.880299
6,1031,4,Yes,-0.219704,-1.62301,0.197292
6,1032,4,No,-0.0137097,-4.29212,0.0136751
6,1033,4,No,-0.102486,-2.32822,0.0974634
6,1034,4,No,-1.87159,-0.167024,0.84613
6,1035,4,Yes,-2.02466,-0.141541,0.867969
6,1036,4,Yes,-3.07685,-0.0471387,0.953899
6,1037,4,Yes,-3.17697,-0.0425453,0.958291
6,1038,4,No,-0.00195939,-6.20619,0.00201679
6,1039,4,No,-0.0179378,-4.02646,0.0178363
6,1040,4,No,-0.104551,-2.3093,0.0993247
6,1041,4,Yes,-3.80876,-0.0223647,0.977826
6,1042,4,Yes,-3.07983,-0.046995,0.954036
6,1043,4,No,-0.817704,-0.582296,0.558582
6,1044,4,Yes,-2.69807,-0.0696456,0.932669
6,1045,4,Yes,-1.57223,-0.232593,0.79243
6,1046,4,No,-0.00376312,-5.56872,0.00381515
6,1047,4,No,-0.00838159,-4.77878,0.00840578
6,1048,4,No,-4.96519e-05,-9.12362,0.000109053
6,1049,4,No,-7.65353e-05,-8.90088,0.000136261
6,1050,4,No,-3.39156e-05,-9.28197,9.30818e-05
6,1051,4,No,-8.16021e-05,-8.86872,0.000140714
6,1052,4,No,-3.20082e-05,-9.30148,9.12834e-05
6,1053,4,No,-0.000128039,-8.58044,0.00018773
6,1054,4,No,-0.0327925,-3.43205,0.0323186
6,1055,4,No,-0.00210017,-6.13899,0.00215698
6,1056,4,No,-0.00203489,-6.16943,0.0020923
6,1057,4,No,-0.000791863,-7.06962,0.000850504
6,1058,4,No,-0.000156176,-8.44393,0.000215191
6,1059,4,No,-4.58966e-05,-9.16244,0.0001049
6,1060,4,No,-0.00338925,-5.67137,0.00344294
6,1061,4,Yes,-2.89339,-0.056918,0.944615
6,1062,4,Yes,-4.50092,-0.0111009,0.988902
6,1063,4,No,-4.16195,-0.01564,0.984424
6,1064,4,Yes,-4.93968,-0.00712291,0.992843
6,1065,4,No,-2.15887,-0.122617,0.884551
6,1066,4,No,-0.000156236,-8.44291,0.000215409
6,1067,4,No,-7.24819e-05,-8.93756,0.000131353
6,1068,4,No,-0.052272,-2.97615,0.0509858
6,1069,4,No,-0.00127898,-6.61683,0.00133758
6,1070,4,No,-0.000115401,-8.65284,0.00017462
6,1071,4,No,-3.70152e-05,-9.25029,9.60778e-05
6,1072,4,No,-0.159048,-1.91661,0.147096
6,1073,4,No,-3.22466e-05,-9.29732,9.16646e-05
6,1074,4,No,-0.000273384,-8.00754,0.000332922
6,1075,4,No,-0.000114507,-8.65605,0.00017406
6,1076,4,No,-0.856841,-0.552416,0.575524
6,1077,4,No,-0.0167969,-4.0914,0.0167148
6,1078,4,No,-0.349738,-1.22015,0.295169
6,1079,4,No,-0.00398702,-5.51192,0.00403809
6,1080,4,No,-0.0095934,-4.64527,0.00960639
6,1081,4,No,-0.0110052,-4.50949,0.0110034
6,1082,4,Yes,-0.491647,-0.945614,0.388418
6,1083,4,No,-0.0147403,-4.22051,0.0146903
6,1084,4,Yes,-3.79548,-0.0226685,0.977529
6,1085,4,Yes,-4.93368,-0.00716661,0.9928
6,1086,4,Yes,-4.90199,-0.00739951,0.992569
6,1087,4,Yes,-0.091678,-2.43428,0.0876554
6,1088,4,No,-0.166883,-1.87237,0.153751
6,1089,4,Yes,-0.929635,-0.50193,0.605326
6,1090,4,Yes,-1.2697,-0.329694,0.719101
6,1091,4,Yes,-4.05398,-0.0174455,0.982648
6,1092,4,Yes,-2.88937,-0.057155,0.944392
6,1093,4,No,-0.000859212,-6.99323,0.000918023
6,1094,4,No,-0.00241918,-6.00088,0.00247643
6,1095,4,No,-0.00122109,-6.66083,0.00128
6,1096,4,No,-0.021971,-3.82626,0.0217896
6,1097,4,No,-0.00124968,-6.639,0.00130826
6,1098,4,No,-0.0101656,-4.58797,0.0101729
6,1099,4,Yes,-0.156652,-1.93063,0.145049
6,1100,4,No,-1.00379,-0.456383,0.633534
6,1101,4,Yes,-3.71272,-0.0246529,0.97559
6,1102,4,Yes,-4.14531,-0.0159054,0.984162
6,1103,4,Yes,-3.69509,-0.0250979,0.975156
6,1104,4,Yes,-0.693949,-0.692229,0.50043
6,1105,4,No,-0.406053,-1.09726,0.333764
6,1106,4,Yes,-0.652988,-0.734864,0.479542
6,1107,4,No,-0.731381,-0.656208,0.518784
6,1108,4,Yes,-4.07082,-0.0171502,0.982938
6,1109,4,Yes,-4.33308,-0.0131544,0.986874
6,1110,4,Yes,-4.79631,-0.00823518,0.99174
6,1111,4,Yes,-3.96856,-0.0190213,0.981101
6,1112,4,Yes,-3.31227,-0.0370525,0.963569
6,1113,4,Yes,-2.78029,-0.0639637,0.937983
6,1114,4,Yes,-3.5478,-0.0291493,0.971214
6,1115,4,Yes,-2.30621,-0.104893,0.900368
6,1116,4,No,-0.098204,-2.36877,0.0935903
6,1117,4,Yes,-2.44957,-0.0902221,0.913674
6,1118,4,Yes,-4.49992,-0.0111117,0.988891
6,1119,4,Yes,-2.61387,-0.0760078,0.926754
6,1120,4,Yes,-2.0201,-0.142235,0.867365
6,1121,4,Yes,-2.54492,-0.0816668,0.921525
6,1122,4,Yes,-4.18817,-0.0152301,0.984827
6,1123,4,Yes,-0.59393,-0.803173,0.447879
6,1124,4,Yes,-4.00411,-0.0183481,0.981761
6,1125,4,Yes,-2.06603,-0.135394,0.873319
6,1126,4,Yes,-3.6867,-0.0253134,0.974947
6,1127,4,No,-2.1058,-0.129755,0.878259
6,1128,4,No,-0.339767,-1.24437,0.288106
6,1129,4,No,-0.657923,-0.729536,0.482104
6,1130,4,No,-1.38462,-0.288164,0.749595
6,1131,4,Yes,-3.1001,-0.0460279,0.954958
6,1132,4,Yes,-2.44196,-0.0909441,0.913015
6,1133,4,Yes,-4.38699,-0.0124563,0.987563
6,1134,4,Yes,-4.69759,-0.00909915,0.990883
6,1135,4,Yes,-3.96513,-0.0190874,0.981036
6,1136,4,Yes,-3.77596,-0.0231215,0.977086
6,1137,4,Yes,-4.00495,-0.0183334,0.981776
6,1138,4,Yes,-0.248572,-1.51347,0.220132
6,1139,4,No,-0.529227,-0.889166,0.410975
6,1140,4,Yes,-3.39091,-0.0341969,0.966324
6,1141,4,Yes,-2.56907,-0.0796363,0.923398
6,1142,4,Yes,-4.12802,-0.0161862,0.983886
6,1143,4,Yes,-4.88553,-0.00752436,0.992445
6,1144,4,Yes,-4.29609,-0.0136553,0.986379
6,1145,4,No,-0.536033,-0.879491,0.41497
6,1146,4,Yes,-2.63047,-0.074708,0.92796
6,1147,4,Yes,-3.86942,-0.0210308,0.979131
6,1148,4,Yes,-3.25286,-0.0393698,0.961339
6,1149,4,Yes,-3.72029,-0.0244644,0.975775
6,1150,4,Yes,-0.350546,-1.21822,0.295738
6,1151,4,Yes,-3.1857,-0.0421665,0.958653
6,1152,4,Yes,-2.38125,-0.0969242,0.907571
6,1153,4,No,-0.0808511,-2.55454,0.0777237
6,1154,4,No,-0.00104339,-6.81014,0.00110247
6,1155,4,No,-0.0461308,-3.09794,0.0451393
6,1156,4,No,-0.0234974,-3.76003,0.0232816
6,1157,4,No,-0.0056467,-5.16906,0.00568959
6,1158,4,No,-0.00962205,-4.64232,0.00963478
6,1159,4,No,-0.508413,-0.919774,0.398586
6,1160,4,Yes,-1.41085,-0.279551,0.756079
6,1161,4,Yes,-0.95779,-0.483991,0.616283
6,1162,4,No,-0.0558017,-2.91263,0.0543297
6,1163,4,Yes,-1.73249,-0.194538,0.823167
6,1164,4,No,-0.0174116,-4.05587,0.0173194
6,1165,4,No,-0.114712,-2.22159,0.10843
6,1166,4,Yes,-2.00766,-0.144151,0.865706
6,1167,4,Yes,-2.11622,-0.128318,0.879521
6,1168,4,Yes,-3.36568,-0.0350879,0.965464
6,1169,4,Yes,-0.595857,-0.800801,0.448943
6,1170,4,Yes,-2.02866,-0.140934,0.868496
6,1171,4,No,-0.220457,-1.61996,0.197896
6,1172,4,Yes,-3.32897,-0.0364264,0.964172
6,1173,4,No,-0.23565,-1.56064,0.20999
6,1174,4,No,-0.479071,-0.965742,0.380678
6,1175,4,Yes,-2.74602,-0.066272,0.935821
6,1176,4,No,-0.709852,-0.676601,0.508312
6,1177,4,Yes,-3.7708,-0.0232426,0.976968
6,1178,4,Yes,-2.70065,-0.0694605,0.932842
6,1179,4,No,-0.0906671,-2.44487,0.0867326
6,1180,4,Yes,-4.80535,-0.00816018,0.991815
6,1181,4,Yes,-0.542033,-0.871092,0.41847
6,1182,4,Yes,-2.96667,-0.0527844,0.948529
6,1183,4,No,-0.00518855,-5.25259,0.00523364
6,1184,4,Yes,-3.93688,-0.0196417,0.980492
6,1185,4,No,-2.53415,-0.0825889,0.920676
6,1186,4,Yes,-2.15537,-0.123074,0.884146
6,1187,4,No,-0.432267,-1.0469,0.351002
6,1188,4,No,-0.247893,-1.51588,0.219602
6,1189,4,No,-0.00471102,-5.34761,0.00475923
6,1190,4,No,-0.000123807,-8.6056,0.000183068
6,1191,4,No,-7.58796e-05,-8.90879,0.000135187
6,1192,4,No,-6.15139e-05,-9.02221,0.000120692
6,1193,4,No,-2.94451e-05,-9.33292,8.84582e-05
6,1194,4,No,-0.007022,-4.95375,0.00705645
6,1195,4,No,-0.023052,-3.7789,0.0228465
6,1196,4,No,-0.000140975,-8.51687,0.000200052
6,1197,4,No,-0.000395436,-7.69589,0.000454664
6,1198,4,No,-0.000395615,-7.695,0.000455071
6,1199,4,No,-0.00178556,-6.29617,0.00184324
6,1200,4,No,-0.000163211,-8.41378,0.000221777
6,1201,4,No,-0.000225808,-8.1639,0.000284734
6,1202,4,Yes,-4.84697,-0.00782353,0.992148
6,1203,4,Yes,-4.95146,-0.00703851,0.992927
6,1204,4,Yes,-5.0438,-0.00641048,0.993551
6,1205,4,Yes,-4.812,-0.00810495,0.991869
6,1206,4,No,-4.32143e-05,-9.18964,0.000102085
6,1207,4,No,-0.000561455,-7.38518,0.000620343
6,1208,4,No,-4.0532e-05,-9.21654,9.93759e-05
6,1209,4,No,-0.000314881,-7.89038,0.000374305
6,1210,4,No,-0.000132212,-8.5581,0.000191972
6,1211,4,No,-0.000197967,-8.26732,0.000256756
6,1212,4,No,-0.0101571,-4.5888,0.0101644
6,1213,4,No,-0.0120182,-4.42245,0.0120041
6,1214,4,No,-1.33928,-0.303778,0.737981
6,1215,4,No,-0.0432487,-3.16092,0.0423842
6,1216,4,No,-0.0107818,-4.52973,0.0107829
6,1217,4,Yes,-0.928841,-0.502448,0.605012
6,1218,4,No,-0.151521,-1.96141,0.140651
6,1219,4,No,-0.277892,-1.41601,0.242666
6,1220,4,Yes,-0.368274,-1.17723,0.308113
6,1221,4,Yes,-4.6673,-0.0093828,0.990603
6,1222,4,Yes,-4.01642,-0.0181214,0.981984
6,1223,4,Yes,-2.71106,-0.0687152,0.933537
6,1224,4,No,-0.000647337,-7.25529,0.000706388
6,1225,4,No,-0.000666602,-7.2278,0.000726075
6,1226,4,No,-0.000426383,-7.63028,0.000485497
6,1227,4,No,-0.0140457,-4.26818,0.0140064
6,1228,4,No,-0.00201261,-6.18021,0.00206988
6,1229,4,No,-0.00428772,-5.44043,0.00433738
6,1230,4,No,-0.0316854,-3.46578,0.0312466
6,1231,4,No,-0.00345163,-5.65353,0.00350492
6,1232,4,No,-0.0591857,-2.8555,0.0575238
6,1233,4,No,-0.00364903,-5.59898,0.00370141
6,1234,4,Yes,-1.70509,-0.200522,0.818255
6,1235,4,Yes,-3.11215,-0.0454636,0.955498
6,1236,4,Yes,-3.71515,-0.0245925,0.97565
6,1237,4,Yes,-1.91615,-0.15913,0.852836
6,1238,4,No,-0.0830999,-2.52822,0.0797958
6,1239,4,No,-0.0533972,-2.95543,0.052053
6,1240,4,Yes,-3.59585,-0.0277599,0.972564
6,1241,4,Yes,-1.90215,-0.161565,0.850761
6,1242,4,Yes,-4.7126,-0.00896196,0.991019
6,1243,4,Yes,-4.30402,-0.0135459,0.986487
6,1244,4,No,-0.00112919,-6.7354,0.00118803
6,1245,4,Yes,-3.02578,-0.0496744,0.951483
6,1246,4,Yes,-3.9846,-0.0187148,0.981401
6,1247,4,No,-0.000644415,-7.25888,0.000703851
6,1248,4,No,-0.000482676,-7.5209,0.000541612
6,1249,4,No,-0.235533,-1.56108,0.209897
6,1250,4,No,-0.00102632,-6.82624,0.00108487
6,1251,4,Yes,-4.53031,-0.0107758,0.989223
6,1252,4,Yes,-3.29935,-0.0375432,0.963095
6,1253,4,No,-0.00220309,-6.09224,0.0022602
6,1254,4,No,-0.00088564,-6.96411,0.000945145
6,1255,4,No,-0.000349702,-7.80193,0.000408923
6,1256,4,Yes,-1.97976,-0.14855,0.861906
6,1257,4,Yes,-1.31461,-0.312684,0.731438
6,1258,4,Yes,-4.48268,-0.0113069,0.988698
6,1259,4,Yes,-3.60702,-0.0274462,0.972869
6,1260,4,No,-0.000135014,-8.54793,0.000193934
6,1261,4,Yes,-3.09353,-0.0463388,0.954661
6,1262,4,No,-0.000150275,-8.47063,0.000209521
6,1263,4,Yes,-4.74977,-0.00863082,0.991347
6,1264,4,No,-0.00131103,-6.59287,0.00137002
6,1265,4,Yes,-1.76924,-0.186816,0.829547
6,1266,4,No,-0.00323676,-5.71658,0.00329075
6,1267,4,Yes,-4.56136,-0.0104436,0.989553
6,1268,4,No,-0.000352445,-7.79566,0.000411495
6,1269,4,Yes,-4.21277,-0.0148558,0.985196
6,1270,4,No,-0.0529611,-2.96341,0.0516394
6,1271,4,No,-0.123982,-2.14846,0.116656
6,1272,4,No,-0.00413922,-5.47504,0.00418982
6,1273,4,Yes,-3.57421,-0.0283765,0.971964
6,1274,4,No,-0.00178693,-6.29564,0.00184422
6,1275,4,Yes,-3.86153,-0.0211995,0.978966
6,1276,4,No,-0.000910816,-6.93848,0.000969686
6,1277,4,No,-0.00881938,-4.72845,0.00883965
6,1278,4,No,-0.0762933,-2.61027,0.0735101
6,1279,4,No,-3.96379e-05,-9.21838,9.91936e-05
6,1280,4,No,-0.138938,-2.04193,0.12977
6,1281,4,Yes,-4.64263,-0.00961862,0.990368
6,1282,4,No,-4.31292,-0.0134243,0.986606
6,1283,4,No,-0.000989271,-6.86068,0.00104814
6,1284,4,No,-0.000194211,-8.28043,0.000253414
6,1285,4,No,-0.393819,-1.12214,0.325564
6,1286,4,Yes,-5.00565,-0.00666234,0.9933
6,1287,4,Yes,-2.7719,-0.0645212,0.93746
6,1288,4,No,-8.51191e-05,-8.84362,0.000144292
6,1289,4,No,-0.000156296,-8.44346,0.000215291
6,1290,4,Yes,-4.80628,-0.00815152,0.991822
6,1291,4,No,-9.59639e-06,-9.58622,6.86643e-05
6,1292,4,No,-4.76849e-05,-9.14243,0.00010702
6,1293,4,No,-5.34072e-05,-9.08949,0.000112838
6,1294,4,No,-4.73272e-05,-9.14816,0.000106409
6,1295,4,Yes,-3.96438,-0.0191022,0.981021
6,1296,4,Yes,-4.26438,-0.0141004,0.98594
6,1297,4,No,-0.000120647,-8.62259,0.000179983
6,1298,4,No,-0.000140915,-8.51692,0.000200043
6,1299,4,No,-0.000371764,-7.74817,0.000431507
6,1300,4,Yes,-3.76805,-0.0233067,0.976904
6,1301,4,No,-0.0962925,-2.38748,0.0918556
6,1302,4,No,-1.36658,-0.294263,0.745036
6,1303,4,No,-0.00417249,-5.46713,0.00422306
6,1304,4,No,-0.00893604,-4.71545,0.00895534
6,1305,4,No,-1.04695,-0.432242,0.649014
6,1306,4,Yes,-4.28536,-0.0138048,0.986232
6,1307,4,No,-0.0134071,-4.31422,0.0133761
6,1308,4,No,-0.00782305,-4.84703,0.00785119
6,1309,4,No,-0.00815086,-4.80645,0.00817639
6,1310,4,Yes,-4.00031,-0.0184182,0.981691
6,1311,4,Yes,-3.37521,-0.0347483,0.965791
6,1312,4,Yes,-3.9902,-0.0186083,0.981505
6,1313,4,Yes,-3.72476,-0.0243535,0.975883
6,1314,4,Yes,-1.47436,-0.259892,0.771089
6,1315,4,No,-0.253796,-1.49518,0.224195
6,1316,4,Yes,-2.5369,-0.0823515,0.920893
6,1317,4,No,-0.111532,-2.24813,0.10559
6,1318,4,No,-0.00117305,-6.69937,0.00123161
6,1319,4,No,-0.848825,-0.558369,0.572108
6,1320,4,Yes,-5.20987,-0.00541727,0.994538
6,1321,4,No,-0.00165635,-6.36871,0.00171426
6,1322,4,Yes,-3.70133,-0.0249398,0.975311
6,1323,4,No,-0.860471,-0.549747,0.577062
6,1324,4,No,-0.110387,-2.25788,0.104566
6,1325,4,Yes,-3.26911,-0.0387212,0.961962
6,1326,4,Yes,-4.21133,-0.0148769,0.985174
6,1327,4,Yes,-3.0668,-0.0476269,0.953433
6,1328,4,Yes,-5.2672,-0.0051112,0.994842
6,1329,4,No,-0.0201261,-3.91282,0.0199828
6,1330,4,No,-0.533922,-0.882475,0.413733
6,1331,4,Yes,-2.87757,-0.0578535,0.943732
6,1332,4,Yes,-0.475954,-0.970834,0.378745
6,1333,4,Yes,-2.97372,-0.0524027,0.94889
6,1334,4,Yes,-2.4534,-0.0898604,0.914005
6,1335,4,Yes,-2.63547,-0.0743207,0.928319
6,1336,4,Yes,-2.35781,-0.0993434,0.905378
6,1337,4,Yes,-2.92367,-0.0551707,0.946267
6,1338,4,Yes,-2.29136,-0.106551,0.898877
6,1339,4,Yes,-3.96179,-0.0191516,0.980972
6,1340,4,Yes,-4.11446,-0.0164089,0.983666
6,1341,4,Yes,-3.3803,-0.0345679,0.965965
6,1342,4,Yes,-3.69293,-0.0251527,0.975103
6,1343,4,Yes,-5.3024,-0.00493179,0.995021
6,1344,4,Yes,-3.51343,-0.0301862,0.970207
6,1345,4,Yes,-2.18427,-0.119348,0.887446
6,1346,4,No,-0.0557607,-2.91333,0.0542911
6,1347,4,Yes,-4.94106,-0.00711306,0.992853
6,1348,4,Yes,-3.02148,-0.0498943,0.951274
6,1349,4,Yes,-2.18073,-0.119798,0.887048
6,1350,4,No,-4.26128,-0.0141446,0.985897
6,1351,4,Yes,-0.805202,-0.592286,0.553029
6,1352,4,Yes,-0.265767,-1.45482,0.233428
6,1353,4,Yes,-5.43095,-0.00432843,0.995621
6,1354,4,No,-0.653521,-0.734286,0.47982
6,1355,4,Yes,-4.46558,-0.0115049,0.988503
6,1356,4,Yes,-3.49497,-0.0307587,0.969652
6,1357,4,Yes,-3.4014,-0.0338332,0.966675
6,1358,4,No,-0.322183,-1.28919,0.275477
6,1359,4,Yes,-4.42046,-0.0120409,0.987972
6,1360,4,No,-0.357067,-1.20286,0.300316
6,1361,4,Yes,-1.04088,-0.435542,0.646876
6,1362,4,Yes,-1.03825,-0.436981,0.645946
6,1363,4,No,-1.16219,-0.375043,0.687219
6,1364,4,Yes,-2.45167,-0.0900236,0.913856
6,1365,4,Yes,-1.6208,-0.22025,0.802271
6,1366,4,Yes,-3.44438,-0.0323835,0.968077
6,1367,4,Yes,-0.450249,-1.01449,0.362568
6,1368,4,Yes,-3.93894,-0.0195996,0.980532
6,1369,4,Yes,-2.24921,-0.111404,0.894524
6,1370,4,Yes,-2.91256,-0.0558059,0.945667
6,0,5,No,-0.000217938,-8.19009,0.000277374
6,1,5,No,-0.000154805,-8.45082,0.000213713
6,2,5,No,-0.0378427,-3.29157,0.0371931
6,3,5,Yes,-2.66521,-0.0720607,0.93042
6,4,5,No,-0.0158908,-4.14618,0.0158238
6,5,5,Yes,-2.54763,-0.0814362,0.921737
6,6,5,No,-0.336004,-1.25373,0.285422
6,7,5,No,-0.0575536,-2.88261,0.0559848
6,8,5,No,-1.3283,-0.307705,0.735089
6,9,5,No,-0.0102377,-4.58099,0.0102441
6,10,5,No,-0.00108098,-6.77684,0.00113981
6,11,5,No,-0.00486536,-5.31589,0.00491262
6,12,5,No,-0.000889816,-6.96007,0.000948976
6,13,5,No,-0.0548345,-2.92962,0.0534142
6,14,5,Yes,-0.108948,-2.27029,0.103276
6,15,5,Yes,-1.17568,-0.368965,0.691409
6,16,5,No,-0.00157325,-6.41843,0.00163112
6,17,5,No,-0.00110616,-6.75499,0.00116498
6,18,5,Yes,-2.71711,-0.068285,0.933939
6,19,5,Yes,-2.60361,-0.0768232,0.925999
6,20,5,Yes,-1.73882,-0.193183,0.824283
6,21,5,Yes,-4.07178,-0.0171336,0.982954
6,22,5,Yes,-2.71224,-0.0686306,0.933616
6,23,5,Yes,-2.64867,-0.073308,0.929259
6,24,5,Yes,-2.65784,-0.0726137,0.929905
6,25,5,Yes,-3.02521,-0.0497031,0.951455
6,26,5,No,-0.113989,-2.22756,0.107785
6,27,5,No,-0.0166666,-4.09906,0.0165872
6,28,5,No,-0.899234,-0.522262,0.593143
6,29,5,Yes,-0.980092,-0.470352,0.624745
6,30,5,Yes,-4.27898,-0.0138943,0.986144
6,31,5,Yes,-2.25929,-0.110223,0.895581
6,32,5,No,-0.437744,-1.03686,0.354547
6,33,5,Yes,-1.18172,-0.366282,0.693267
6,34,5,Yes,-0.510739,-0.916273,0.399983
6,35,5,No,-1.04173,-0.435078,0.647176
6,36,5,Yes,-3.1314,-0.0445763,0.956346
6,37,5,Yes,-4.53341,-0.0107419,0.989257
6,38,5,Yes,-1.60764,-0.223521,0.799651
6,39,5,No,-0.001153,-6.71618,0.00121108
6,40,5,Yes,-3.07675,-0.0471428,0.953894
6,41,5,Yes,-2.49975,-0.0856083,0.9179
6,42,5,No,-1.4186e-05,-9.52491,7.30064e-05
6,43,5,Yes,-3.58372,-0.0281041,0.972229
6,44,5,Yes,-4.70126,-0.00906511,0.990917
6,45,5,No,-0.324335,-1.28355,0.277034
6,46,5,No,-1.34923,-0.300267,0.740576
6,47,5,Yes,-3.49993,-0.0306035,0.969802
6,48,5,Yes,-3.62806,-0.0268666,0.973434
6,49,5,No,-0.00734529,-4.90927,0.00737745
6,50,5,No,-0.00984787,-4.61934,0.00985871
6,51,5,No,-0.026652,-3.63593,0.0263579
6,52,5,No,-0.0102891,-4.57596,0.0102958
6,53,5,No,-0.00687945,-4.97395,0.00691537
6,54,5,Yes,-4.5647,-0.0104076,0.989588
6,55,5,Yes,-0.932789,-0.49988,0.606568
6,56,5,Yes,-1.56647,-0.234107,0.791231
6,57,5,Yes,-3.77312,-0.0231877,0.977021
6,58,5,Yes,-4.48385,-0.0112938,0.988711
6,59,5,No,-0.000128635,-8.5803,0.000187757
6,60,5,Yes,-2.0731,-0.134373,0.874212
6,61,5,Yes,-5.17976,-0.00558652,0.994371
6,62,5,Yes,-4.93645,-0.00714638,0.99282
6,63,5,Yes,-0.323324,-1.2862,0.276304
6,64,5,Yes,-2.91491,-0.0556709,0.945795
6,65,5,Yes,-2.93132,-0.0547391,0.946677
6,66,5,Yes,-1.40805,-0.280455,0.755395
6,67,5,Yes,-4.77339,-0.00842733,0.991549
6,68,5,No,-0.378386,-1.15489,0.315074
6,69,5,No,-0.0383648,-3.27816,0.0376954
6,70,5,Yes,-3.58684,-0.0280159,0.972316
6,71,5,No,-0.00185017,-6.262,0.00190731
6,72,5,Yes,-1.07737,-0.41617,0.659529
6,73,5,No,-2.64648e-05,-9.36551,8.56219e-05
6,74,5,Yes,-2.54891,-0.0813274,0.921838
6,75,5,No,-0.674376,-0.712157,0.490556
6,76,5,No,-0.0432852,-3.16012,0.0424182
6,77,5,No,-9.68622e-05,-8.76718,0.000155754
6,78,5,Yes,-4.95282,-0.00702927,0.992937
6,79,5,Yes,-3.9645,-0.0190992,0.981024
6,80,5,Yes,-0.208329,-1.67068,0.188108
6,81,5,Yes,-0.328093,-1.27381,0.279747
6,82,5,No,-3.54512,-0.029229,0.971137
6,83,5,Yes,-2.12813,-0.126699,0.880948
6,84,5,Yes,-2.41631,-0.0934225,0.910755
6,85,5,Yes,-3.46318,-0.0317699,0.968672
6,86,5,Yes,-4.3457,-0.0129863,0.987038
6,87,5,Yes,-4.43813,-0.0118283,0.988183
6,88,5,Yes,-2.39998,-0.0950366,0.909286
6,89,5,Yes,-2.35787,-0.0993369,0.905384
6,90,5,Yes,-2.9489,-0.0537573,0.947606
6,91,5,Yes,-2.63649,-0.0742421,0.928392
6,92,5,Yes,-0.726774,-0.660501,0.516562
6,93,5,Yes,-2.99699,-0.0511651,0.950066
6,94,5,Yes,-0.452004,-1.01141,0.363686
6,95,5,Yes,-4.93523,-0.00715503,0.992812
6,96,5,Yes,-3.57576,-0.0283321,0.972008
6,97,5,No,-0.133503,-2.07916,0.125027
6,98,5,Yes,-3.41703,-0.0332994,0.967192
6,99,5,No,-0.0290855,-3.54995,0.0287243
6,100,5,No,-0.271471,-1.43632,0.237787
6,101,5,Yes,-1.95625,-0.15237,0.85862
6,102,5,Yes,-2.41948,-0.0931124,0.911037
6,103,5,Yes,-1.22605,-0.347276,0.706569
6,104,5,No,-0.277495,-1.41725,0.242365
6,105,5,No,-0.727982,-0.659372,0.517146
6,106,5,No,-9.99024e-05,-8.74451,0.000159324
6,107,5,No,-0.0156115,-4.16373,0.0155486
6,108,5,No,-0.0126623,-4.37075,0.012641
6,109,5,No,-0.0211328,-3.86465,0.020969
6,110,5,Yes,-3.7498,-0.0237427,0.976479
6,111,5,No,-0.000990285,-6.85947,0.00104941
6,112,5,No,-0.00864693,-4.74796,0.00866881
6,113,5,No,-0.395153,-1.11938,0.326463
6,114,5,Yes,-2.92761,-0.0549491,0.946478
6,115,5,No,-6.92034e-05,-8.9633,0.000128016
6,116,5,No,-8.16021e-05,-8.86421,0.00014135
6,117,5,Yes,-4.8022,-0.00818554,0.991789
6,118,5,No,-0.409163,-1.09108,0.335833
6,119,5,No,-0.000112421,-8.66788,0.000172014
6,120,5,Yes,-5.0886,-0.00612612,0.993834
6,121,5,Yes,-4.7937,-0.00825663,0.991719
6,122,5,No,-0.00778244,-4.85209,0.00781156
6,123,5,Yes,-3.89019,-0.0205926,0.97956
6,124,5,No,-0.000462878,-7.55685,0.000522486
6,125,5,No,-0.257938,-1.48098,0.227402
6,126,5,Yes,-3.17826,-0.042489,0.958344
6,127,5,Yes,-3.77989,-0.0230296,0.977176
6,128,5,No,-0.174532,-1.83128,0.1602
6,129,5,No,-3.30215e-05,-9.28778,9.25432e-05
6,130,5,No,-7.15877e-05,-8.94138,0.000130853
6,131,5,No,-6.8965e-05,-8.95964,0.000128485
6,132,5,No,-0.000646562,-7.25634,0.000705645
6,133,5,Yes,-2.05486,-0.137024,0.871897
6,134,5,Yes,-4.01749,-0.0181016,0.982003
6,135,5,No,-0.000956814,-6.89251,0.0010153
6,136,5,Yes,-0.476538,-0.969876,0.379108
6,137,5,Yes,-1.52713,-0.24475,0.782854
6,138,5,Yes,-0.263016,-1.46391,0.231315
6,139,5,Yes,-2.73086,-0.0673202,0.934841
6,140,5,No,-0.331151,-1.26598,0.281945
6,141,5,Yes,-3.63715,-0.0266189,0.973674
6,142,5,No,-0.00247773,-5.97799,0.00253375
6,143,5,No,-3.60382,-0.0275361,0.972782
6,144,5,No,-3.09945e-06,-9.68684,6.20915e-05
6,145,5,Yes,-2.3223,-0.103129,0.901958
6,146,5,Yes,-1.98091,-0.148367,0.862064
6,147,5,Yes,-2.05286,-0.137319,0.87164
6,148,5,Yes,-0.260861,-1.47111,0.229657
6,149,5,Yes,-3.56487,-0.0286482,0.971701
6,150,5,Yes,-3.20298,-0.0414273,0.959362
6,151,5,Yes,-0.577466,-0.823849,0.438714
6,152,5,Yes,-1.90462,-0.161132,0.851129
6,153,5,Yes,-2.0194,-0.142342,0.867273
6,154,5,No,-2.87505,-0.058004,0.94359
6,155,5,Yes,-3.59865,-0.0276815,0.972641
6,156,5,Yes,-3.07289,-0.0473314,0.953716
6,157,5,Yes,-1.50257,-0.251667,0.777457
6,158,5,Yes,-1.97047,-0.150046,0.860617
6,159,5,Yes,-1.99228,-0.146559,0.863624
6,160,5,Yes,-3.05586,-0.0481641,0.952921
6,161,5,No,-2.53033,-0.0829196,0.920372
6,162,5,No,-0.536863,-0.878323,0.415455
6,163,5,Yes,-1.12101,-0.394367,0.674067
6,164,5,Yes,-4.40918,-0.0121799,0.987836
6,165,5,No,-0.401592,-1.10623,0.330786
6,166,5,Yes,-4.49761,-0.0111383,0.988865
6,167,5,Yes,-1.75588,-0.189584,0.827254
6,168,5,No,-0.091959,-2.43136,0.0879116
6,169,5,Yes,-2.0643,-0.135646,0.873101
6,170,5,Yes,-3.98256,-0.0187532,0.981363
6,171,5,Yes,-2.77263,-0.0644724,0.937507
6,172,5,No,-0.11008,-2.26052,0.10429
6,173,5,No,-0.00742377,-4.89874,0.00745555
6,174,5,Yes,-4.73033,-0.00880254,0.991177
6,175,5,Yes,-4.40134,-0.0122762,0.98774
6,176,5,No,-0.00207138,-6.15216,0.00212874
6,177,5,No,-0.0119193,-4.43053,0.0119075
6,178,5,Yes,-3.69735,-0.0250404,0.975212
6,179,5,No,-0.00932113,-4.67374,0.00933671
6,180,5,No,-0.0185641,-3.99257,0.0184512
6,181,5,No,-0.0513161,-2.99411,0.050078
6,182,5,Yes,-2.8993,-0.0565729,0.944942
6,183,5,No,-0.784694,-0.609175,0.543768
6,184,5,No,-1.13629,-0.387056,0.679013
6,185,5,Yes,-4.36572,-0.0127269,0.987295
6,186,5,Yes,-2.83124,-0.0606854,0.941064
6,187,5,Yes,-0.413156,-1.08323,0.338479
6,188,5,Yes,-2.48836,-0.086633,0.916959
6,189,5,Yes,-2.26946,-0.109043,0.896638
6,190,5,Yes,-1.75718,-0.189312,0.82748
6,191,5,Yes,-1.44221,-0.26964,0.76361
6,192,5,No,-0.000770926,-7.09419,0.000829865
6,193,5,No,-0.00674305,-4.99388,0.00677888
6,194,5,Yes,-2.03536,-0.139922,0.869375
6,195,5,No,-0.00017889,-8.34521,0.000237517
6,196,5,No,-0.000111944,-8.67194,0.000171316
6,197,5,No,-0.000152123,-8.46156,0.00021143
6,198,5,Yes,-0.232691,-1.57185,0.207648
6,199,5,No,-0.000343143,-7.81898,0.000402008
6,200,5,No,-0.990028,-0.46443,0.628456
6,201,5,No,-0.0100937,-4.5949,0.0101026
6,202,5,Yes,-4.96193,-0.00696468,0.993001
6,203,5,No,-0.000243693,-8.10272,0.000302697
6,204,5,Yes,-0.934639,-0.498681,0.607295
6,205,5,No,-8.13637e-05,-8.87055,0.000140457
6,206,5,Yes,-3.50617,-0.0304103,0.96999
6,207,5,Yes,-5.44137,-0.00428365,0.995667
6,208,5,Yes,-4.0378,-0.0177337,0.982365
6,209,5,Yes,-4.56261,-0.0104298,0.989566
6,210,5,Yes,-0.373156,-1.16635,0.311483
6,211,5,Yes,-2.90211,-0.0564096,0.945096
6,212,5,Yes,-0.158013,-1.92264,0.146212
6,213,5,No,-1.19209e-06,-9.7222,5.99347e-05
6,214,5,No,-0.00109261,-6.76654,0.0011516
6,215,5,Yes,-3.99312,-0.0185536,0.981559
6,216,5,Yes,-5.01843,-0.00657714,0.993385
6,217,5,No,-0.00613877,-5.08657,0.00617883
6,218,5,Yes,-3.48675,-0.0310173,0.969402
6,219,5,Yes,-3.10919,-0.0456023,0.955366
6,220,5,Yes,-4.08334,-0.0169336,0.98315
6,221,5,Yes,-1.19783,-0.359236,0.698168
6,222,5,No,-1.22576,-0.347396,0.706484
6,223,5,Yes,-4.72484,-0.00885173,0.991128
6,224,5,Yes,-2.7302,-0.0673665,0.934797
6,225,5,Yes,-0.43171,-1.04793,0.350641
6,226,5,No,-0.0292971,-3.54282,0.0289299
6,227,5,No,-0.579086,-0.82178,0.439623
6,228,5,Yes,-2.42276,-0.092792,0.911329
6,229,5,Yes,-5.24436,-0.00523199,0.994723
6,230,5,No,-0.000165119,-8.40061,0.000224716
6,231,5,Yes,-2.48627,-0.0868233,0.916785
6,232,5,Yes,-2.79119,-0.0632483,0.938655
6,233,5,Yes,-4.06743,-0.0172097,0.98288
6,234,5,No,-0.25926,-1.4765,0.228423
6,235,5,Yes,-3.1154,-0.0453127,0.955642
6,236,5,No,-9.73391e-05,-8.76258,0.000156471
6,237,5,No,-0.000119932,-8.6245,0.00017964
6,238,5,No,-0.0054105,-5.21108,0.00545545
6,239,5,No,-0.102832,-2.32504,0.0977742
6,240,5,Yes,-3.96085,-0.0191704,0.980954
6,241,5,No,-4.52996e-06,-9.6566,6.39982e-05
6,242,5,Yes,-0.297715,-1.35656,0.25753
6,243,5,Yes,-0.315279,-1.30758,0.270458
6,244,5,No,-0.00202037,-6.17667,0.00207722
6,245,5,No,-0.692413,-0.693764,0.499662
6,246,5,Yes,-3.35057,-0.0356328,0.964938
6,247,5,No,-0.37856,-1.15451,0.315194
6,248,5,Yes,-4.25239,-0.0142729,0.985771
6,249,5,No,-0.476524,-0.969901,0.379098
6,250,5,Yes,-2.96496,-0.0528774,0.94844
6,251,5,Yes,-1.40151,-0.282584,0.753789
6,252,5,Yes,-3.26895,-0.0387278,0.961956
6,253,5,No,-0.00131133,-6.59317,0.0013696
6,254,5,No,-0.0364875,-3.32731,0.0358872
6,255,5,No,-0.000298902,-7.93423,0.000358248
6,256,5,Yes,-1.39542,-0.284581,0.752286
6,257,5,Yes,-5.02649,-0.00652392,0.993439
6,258,5,Yes,-3.53129,-0.0296427,0.970735
6,259,5,Yes,-3.43591,-0.0326644,0.967806
6,260,5,No,-0.0197995,-3.92898,0.0196625
6,261,5,Yes,-0.619218,-0.772854,0.461666
6,262,5,Yes,-3.10176,-0.0459505,0.955033
6,263,5,Yes,-1.49259,-0.254547,0.775222
6,264,5,No,-0.000189918,-8.29636,0.000249408
6,265,5,Yes,-4.67474,-0.00931156,0.990673
6,266,5,No,-0.000302837,-7.92302,0.000362283
6,267,5,Yes,-3.9396,-0.0195868,0.980545
6,268,5,No,-0.00024262,-8.10436,0.0003022
6,269,5,Yes,-2.3023,-0.105327,0.899977
6,270,5,No,-0.0362176,-3.3346,0.0356266
6,271,5,Yes,-2.39129,-0.095908,0.908494
6,272,5,No,-0.995778,-0.461047,0.630586
6,273,5,No,-0.00340325,-5.66738,0.00345669
6,274,5,No,-0.00436931,-5.42176,0.00441908
6,275,5,No,-0.0035191,-5.6347,0.00357152
6,276,5,Yes,-1.51267,-0.248796,0.779693
6,277,5,No,-0.139554,-2.03781,0.130306
6,278,5,Yes,-4.47443,-0.0114019,0.988604
6,279,5,No,-0.0170208,-4.07833,0.0169348
6,280,5,No,-6.93822e-05,-8.96304,0.000128049
6,281,5,No,-0.00440691,-5.41345,0.00445598
6,282,5,No,-0.000396211,-7.6938,0.000455614
6,283,5,Yes,-4.21136,-0.014877,0.985175
6,284,5,Yes,-3.46347,-0.031761,0.968681
6,285,5,Yes,-3.47371,-0.0314319,0.969
6,286,5,No,-0.00165349,-6.37036,0.00171145
6,287,5,Yes,-3.62415,-0.0269731,0.97333
6,288,5,No,-1.48417e-05,-9.50366,7.45742e-05
6,289,5,No,-1.67532,-0.207257,0.812763
6,290,5,Yes,-0.532734,-0.88416,0.413037
6,291,5,Yes,-5.17671,-0.00560313,0.994354
6,292,5,No,-0.000803615,-7.05535,0.000862732
6,293,5,Yes,-4.20221,-0.0150151,0.985038
6,294,5,Yes,-4.75103,-0.00861987,0.991358
6,295,5,Yes,-4.64708,-0.00957601,0.990411
6,296,5,No,-0.10114,-2.34078,0.0962465
6,297,5,No,-0.00678457,-4.98766,0.00682123
6,298,5,No,-0.00189394,-6.2389,0.00195188
6,299,5,No,-0.116581,-2.20636,0.110095
6,300,5,Yes,-2.06748,-0.135185,0.873503
6,301,5,Yes,-2.29866,-0.105733,0.899612
6,302,5,Yes,-1.79184,-0.182234,0.833357
6,303,5,Yes,-0.613857,-0.779143,0.458772
6,304,5,Yes,-2.37308,-0.0977608,0.906812
6,305,5,Yes,-2.57473,-0.0791687,0.92383
6,306,5,Yes,-3.51738,-0.0300655,0.970325
6,307,5,Yes,-1.09546,-0.406958,0.665634
6,308,5,Yes,-1.05904,-0.425766,0.653231
6,309,5,No,-2.96705,-0.052763,0.948548
6,310,5,No,-0.0185162,-3.99511,0.0184043
6,311,5,No,-0.00305224,-5.77414,0.00310667
6,312,5,Yes,-2.24819,-0.111526,0.894416
6,313,5,No,-0.00697921,-4.95983,0.00701373
6,314,5,Yes,-4.36369,-0.0127524,0.987269
6,315,5,No,-5.37648e-05,-9.08569,0.000113269
6,316,5,No,-0.000184851,-8.31731,0.000244238
6,317,5,Yes,-4.43434,-0.011874,0.988138
6,318,5,Yes,-4.83813,-0.007894,0.992079
6,319,5,No,-0.0369973,-3.31372,0.0363785
6,320,5,No,-0.00295419,-5.806,0.00300928
6,321,5,No,-0.000126906,-8.58689,0.000186524
6,322,5,No,-9.83525e-05,-8.75374,0.00015786
6,323,5,No,-0.000249954,-8.08042,0.000309522
6,324,5,No,-3.87438e-05,-9.23263,9.77896e-05
6,325,5,No,-0.003598,-5.61282,0.00365054
6,326,5,No,-0.0285804,-3.56721,0.028233
6,327,5,Yes,-4.49131,-0.0112099,0.988795
6,328,5,Yes,-4.34676,-0.0129735,0.987052
6,329,5,Yes,-4.97093,-0.00690094,0.993064
6,330,5,No,-0.62785,-0.762882,0.466293
6,331,5,No,-0.0707077,-2.68348,0.0683212
6,332,5,No,-0.228165,-1.58931,0.204054
6,333,5,Yes,-1.01011,-0.452747,0.635842
6,334,5,Yes,-4.79573,-0.00823932,0.991736
6,335,5,Yes,-4.46589,-0.0115007,0.988506
6,336,5,Yes,-4.07375,-0.0170998,0.982988
6,337,5,Yes,-2.75238,-0.0658372,0.936228
6,338,5,Yes,-3.93182,-0.0197421,0.980393
6,339,5,No,-4.79233e-05,-9.14151,0.000107119
6,340,5,No,-0.000121839,-8.6179,0.000180829
6,341,5,No,-2.24339,-0.112094,0.893908
6,342,5,No,-0.849328,-0.557994,0.572323
6,343,5,No,-0.00102817,-6.82411,0.00108717
6,344,5,Yes,-3.69699,-0.0250502,0.975203
6,345,5,Yes,-0.301347,-1.34616,0.260222
6,346,5,Yes,-2.31402,-0.104033,0.901143
6,347,5,No,-0.110281,-2.25879,0.10447
6,348,5,No,-0.000505814,-7.47888,0.000564854
6,349,5,No,-0.150015,-1.97067,0.139355
6,350,5,Yes,-0.359729,-1.19669,0.302175
6,351,5,No,-0.75103,-0.638322,0.528147
6,352,5,No,-0.218493,-1.62796,0.196318
6,353,5,Yes,-0.997371,-0.460115,0.631174
6,354,5,No,-0.0878512,-2.47501,0.0841568
6,355,5,No,-0.172953,-1.83959,0.158873
6,356,5,Yes,-1.20724,-0.355193,0.700997
6,357,5,Yes,-0.799361,-0.597033,0.55041
6,358,5,No,-0.164333,-1.88651,0.151591
6,359,5,No,-0.316403,-1.30455,0.271277
6,360,5,Yes,-1.13208,-0.389057,0.677656
6,361,5,Yes,-3.13218,-0.0445409,0.95638
6,362,5,Yes,-1.96762,-0.150509,0.860219
6,363,5,No,-0.000107533,-8.70184,0.000166271
6,364,5,No,-8.76227e-05,-8.82861,0.000146473
6,365,5,Yes,-3.59464,-0.0277937,0.972531
6,366,5,Yes,-3.28356,-0.0381541,0.962508
6,367,5,No,-1.72713,-0.195695,0.822216
6,368,5,Yes,-3.84103,-0.0216446,0.97853
6,369,5,Yes,-2.42631,-0.0924485,0.911643
6,370,5,Yes,-2.81612,-0.0616402,0.940166
6,371,5,No,-0.0872705,-2.48135,0.0836252
6,372,5,Yes,-3.4189,-0.0332351,0.967254
6,373,5,Yes,-4.14793,-0.0158625,0.984204
6,374,5,Yes,-3.62917,-0.0268356,0.973463
6,375,5,Yes,-3.8086,-0.0223679,0.977822
6,376,5,Yes,-2.16494,-0.121826,0.885251
6,377,5,Yes,-1.1825,-0.365938,0.693505
6,378,5,No,-0.0980293,-2.37047,0.0934312
6,379,5,Yes,-1.14778,-0.381673,0.682677
6,380,5,Yes,-3.12162,-0.045025,0.955917
6,381,5,Yes,-0.275774,-1.42265,0.24106
6,382,5,No,-1.44724,-0.268088,0.764795
6,383,5,Yes,-1.29963,-0.318243,0.727384
6,384,5,Yes,-3.76126,-0.0234683,0.976747
6,385,5,No,-0.00519071,-5.25202,0.0052366
6,386,5,Yes,-4.14656,-0.0158845,0.984182
6,387,5,No,-3.48693e-05,-9.26986,9.42163e-05
6,388,5,No,-0.000212513,-8.21038,0.0002718
6,389,5,No,-3.24255e-05,-9.29885,9.1524e-05
6,390,5,Yes,-4.53021,-0.0107767,0.989222
6,391,5,Yes,-3.77315,-0.0231874,0.977022
6,392,5,Yes,-4.36561,-0.0127287,0.987294
6,393,5,No,-0.00504363,-5.28031,0.00509055
6,394,5,Yes,-1.52283,-0.245945,0.781919
6,395,5,No,-0.100743,-2.34452,0.0958878
6,396,5,No,-0.0495669,-3.02788,0.0484153
6,397,5,No,-0.0261043,-3.65638,0.0258243
6,398,5,Yes,-3.13619,-0.0443587,0.956554
6,399,5,No,-0.000222946,-8.17055,0.000282845
6,400,5,No,-0.000604395,-7.31865,0.000663016
6,401,5,No,-0.120122,-2.17818,0.113241
6,402,5,Yes,-2.63962,-0.0740006,0.928616
6,403,5,Yes,-1.44974,-0.267322,0.765382
6,404,5,Yes,-2.60748,-0.0765157,0.926284
6,405,5,Yes,-4.0392,-0.0177083,0.982389
6,406,5,Yes,-4.9242,-0.00723565,0.992732
6,407,5,No,-1.38923,-0.286629,0.750746
6,408,5,Yes,-3.84061,-0.0216542,0.978521
6,409,5,Yes,-4.05432,-0.0174392,0.982654
6,410,5,Yes,-3.94739,-0.0194327,0.980696
6,411,5,Yes,-1.59888,-0.225726,0.79789
6,412,5,Yes,-3.13811,-0.0442712,0.956638
6,413,5,Yes,-2.74001,-0.0666856,0.935434
6,414,5,Yes,-0.208624,-1.66941,0.188347
6,415,5,Yes,-1.38175,-0.289124,0.748875
6,416,5,Yes,-3.27178,-0.0386157,0.962063
6,417,5,Yes,-1.05856,-0.426018,0.653065
6,418,5,No,-0.0121642,-4.41045,0.012149
6,419,5,No,-0.0742227,-2.63674,0.0715902
6,420,5,No,-0.187454,-1.76614,0.170981
6,421,5,Yes,-0.0479928,-3.05935,0.0469156
6,422,5,No,-0.00762537,-4.87232,0.00765511
6,423,5,No,-0.0113908,-4.47543,0.0113846
6,424,5,No,-0.120769,-2.17313,0.113814
6,425,5,No,-0.0268754,-3.62772,0.0265751
6,426,5,No,-0.00430819,-5.43573,0.00435778
6,427,5,No,-0.00171057,-6.33774,0.0017682
6,428,5,Yes,-4.01593,-0.0181304,0.981975
6,429,5,Yes,-2.58904,-0.0779972,0.924912
6,430,5,No,-0.434617,-1.04258,0.352525
6,431,5,No,-1.02928,-0.441932,0.642756
6,432,5,Yes,-0.466589,-0.986389,0.372899
6,433,5,No,-0.00854509,-4.75971,0.00856758
6,434,5,No,-0.0787305,-2.58005,0.0757659
6,435,5,Yes,-2.01588,-0.142883,0.866804
6,436,5,No,-0.321077,-1.29211,0.274675
6,437,5,No,-0.0117243,-4.44688,0.0117144
6,438,5,No,-0.000153553,-8.45573,0.000212666
6,439,5,Yes,-3.09314,-0.0463581,0.954643
6,440,5,No,-0.000114984,-8.65498,0.000174247
6,441,5,No,-0.000144015,-8.49912,0.000203635
6,442,5,No,-0.443196,-1.02701,0.358057
6,443,5,Yes,-3.45351,-0.0320841,0.968367
6,444,5,Yes,-4.03135,-0.0178489,0.982251
6,445,5,Yes,-3.39276,-0.0341323,0.966386
6,446,5,No,-4.73654,-0.0087477,0.991232
6,447,5,Yes,-1.23892,-0.341981,0.71032
6,448,5,No,-0.0584494,-2.86763,0.0568301
6,449,5,No,-0.145556,-1.99865,0.13551
6,450,5,No,-0.0605751,-2.83299,0.058833
6,451,5,Yes,-2.45236,-0.0899594,0.913915
6,452,5,No,-2.49799,-0.085766,0.917755
6,453,5,Yes,-3.75208,-0.0236882,0.976532
6,454,5,No,-0.0181284,-4.01604,0.0180231
6,455,5,No,-0.000400027,-7.68548,0.000459421
6,456,5,Yes,-4.79305,-0.00826168,0.991713
6,457,5,No,-0.00276172,-5.87206,0.00281691
6,458,5,No,-3.65979e-05,-9.25307,9.58114e-05
6,459,5,Yes,-3.33365,-0.0362531,0.964339
6,460,5,No,-1.03738,-0.437457,0.645638
6,461,5,Yes,-2.41909,-0.0931504,0.911003
6,462,5,No,-0.0871217,-2.48298,0.0834888
6,463,5,No,-0.00629783,-5.06133,0.00633674
6,464,5,No,-0.00121966,-6.66214,0.00127833
6,465,5,No,-0.00195581,-6.20804,0.00201306
6,466,5,No,-7.4747e-05,-8.92038,0.000133629
6,467,5,No,-0.0239373,-3.74175,0.0237111
6,468,5,Yes,-3.075,-0.0472286,0.953813
6,469,5,No,-0.00657888,-5.01822,0.00661592
6,470,5,No,-0.468869,-0.982567,0.374327
6,471,5,No,-0.601898,-0.793436,0.452261
6,472,5,No,-2.70609e-05,-9.35854,8.62211e-05
6,473,5,No,-0.000805702,-7.05265,0.000865062
6,474,5,No,-0.00863082,-4.74992,0.00865189
6,475,5,Yes,-3.21958,-0.0407303,0.960031
6,476,5,No,-1.14274,-0.384027,0.681073
6,477,5,Yes,-2.32082,-0.10329,0.901812
6,478,5,Yes,-3.95043,-0.0193736,0.980755
6,479,5,No,-0.00398696,-5.51206,0.00403755
6,480,5,No,-0.000979546,-6.8703,0.0010381
6,481,5,No,-0.00218427,-6.10037,0.0022419
6,482,5,No,-0.0028754,-5.83248,0.00293062
6,483,5,No,-0.000270463,-8.01545,0.000330301
6,484,5,Yes,-3.14712,-0.0438647,0.957027
6,485,5,Yes,-3.65977,-0.0260147,0.974263
6,486,5,Yes,-2.60145,-0.0769963,0.925839
6,487,5,Yes,-3.30996,-0.0371395,0.963484
6,488,5,No,-1.414,-0.278536,0.756846
6,489,5,No,-0.0893515,-2.45883,0.0855301
6,490,5,No,-0.00868204,-4.74399,0.00870332
6,491,5,Yes,-3.09636,-0.0462061,0.954789
6,492,5,No,-0.0121606,-4.41071,0.0121458
6,493,5,Yes,-3.4027,-0.0337884,0.966719
6,494,5,Yes,-4.01679,-0.0181149,0.98199
6,495,5,Yes,-2.35449,-0.0996909,0.905064
6,496,5,Yes,-1.36064,-0.296303,0.743518
6,497,5,Yes,-0.442003,-1.02915,0.35729
6,498,5,Yes,-4.73798,-0.00873513,0.991244
6,499,5,Yes,-3.36126,-0.0352459,0.965311
6,500,5,Yes,-3.52544,-0.0298194,0.970563
6,501,5,Yes,-0.101435,-2.33801,0.0965137
6,502,5,Yes,-0.280049,-1.40931,0.244298
6,503,5,No,-0.853319,-0.555021,0.574027
6,504,5,Yes,-2.93079,-0.0547682,0.946648
6,505,5,Yes,-2.43613,-0.0915008,0.912506
6,506,5,Yes,-1.80233,-0.180149,0.835096
6,507,5,No,-1.14663,-0.382208,0.682312
6,508,5,Yes,-3.89856,-0.0204188,0.97973
6,509,5,Yes,-4.09484,-0.0167375,0.983343
6,510,5,No,-0.173792,-1.83516,0.159578
6,511,5,No,-2.16908,-0.12129,0.885724
6,512,5,Yes,-4.03905,-0.0177109,0.982387
6,513,5,No,-0.00350666,-5.63789,0.00356016
6,514,5,Yes,-1.92074,-0.158338,0.853511
6,515,5,No,-0.548912,-0.861611,0.422456
6,516,5,Yes,-2.52404,-0.083465,0.919869
6,517,5,No,-0.978198,-0.471491,0.624034
6,518,5,No,-1.49147,-0.254868,0.774973
6,519,5,Yes,-3.69601,-0.0250754,0.975179
6,520,5,Yes,-4.40172,-0.0122726,0.987745
6,521,5,No,-0.444526,-1.02463,0.35891
6,522,5,Yes,-1.20561,-0.355892,0.700507
6,523,5,No,-0.785348,-0.608626,0.544066
6,524,5,No,-2.57616,-0.0790498,0.923939
6,525,5,No,-0.000846744,-7.00647,0.000905951
6,526,5,Yes,-4.10878,-0.0165044,0.983573
6,527,5,Yes,-2.29824,-0.105778,0.899571
6,528,5,No,-0.356663,-1.2038,0.300034
6,529,5,No,-0.0012048,-6.67394,0.00126334
6,530,5,Yes,-3.29006,-0.0379009,0.962751
6,531,5,No,-0.388988,-1.13222,0.322297
6,532,5,No,-1.74524,-0.191819,0.825408
6,533,5,No,-0.000110394,-8.68208,0.000169588
6,534,5,No,-1.96696e-06,-9.70574,6.0929e-05
6,535,5,No,-1.68087e-05,-9.48184,7.62189e-05
6,536,5,No,-2.12791e-05,-9.4251,8.06685e-05
6,537,5,No,-0.0138323,-4.28334,0.0137956
6,538,5,No,-0.0185511,-3.9933,0.0184377
6,539,5,Yes,-2.75764,-0.0654795,0.936563
6,540,5,Yes,-0.11137,-2.2495,0.105445
6,541,5,No,-0.091788,-2.43314,0.0877557
6,542,5,No,-7.90389e-05,-8.88612,0.000138287
6,543,5,No,-0.0645028,-2.77218,0.0625217
6,544,5,Yes,-2.72797,-0.067522,0.934652
6,545,5,No,-4.06512e-05,-9.2125,9.97788e-05
6,546,5,No,-0.000200292,-8.25692,0.000259443
6,547,5,Yes,-3.09102,-0.0464583,0.954547
6,548,5,Yes,-2.19271,-0.118283,0.888392
6,549,5,Yes,-3.95248,-0.0193338,0.980794
6,550,5,No,-3.14717e-05,-9.30539,9.09277e-05
6,551,5,No,-0.000764782,-7.10075,0.000824441
6,552,5,No,-1.11137,-0.39906,0.670911
6,553,5,No,-9.32856e-05,-8.78527,0.000152961
6,554,5,No,-1.78892,-0.182818,0.83287
6,555,5,Yes,-0.369176,-1.17521,0.308737
6,556,5,Yes,-1.33826,-0.304141,0.737714
6,557,5,No,-0.00924779,-4.68152,0.00926433
6,558,5,No,-0.00653472,-5.02482,0.00657238
6,559,5,Yes,-2.90396,-0.0563018,0.945198
6,560,5,No,-0.000799856,-7.06001,0.000858714
6,561,5,Yes,-2.25892,-0.110267,0.895543
6,562,5,Yes,-2.98869,-0.0516032,0.949649
6,563,5,Yes,-4.64973,-0.00955037,0.990436
6,564,5,Yes,-5.38107,-0.00455414,0.995397
6,565,5,Yes,-3.5697,-0.0285072,0.971837
6,566,5,No,-1.40163,-0.282545,0.753818
6,567,5,Yes,-2.22628,-0.114144,0.892077
6,568,5,Yes,-0.474851,-0.972647,0.378059
6,569,5,Yes,-0.95284,-0.487086,0.614378
6,570,5,Yes,-0.835267,-0.568631,0.566267
6,571,5,Yes,-2.10736,-0.129539,0.878449
6,572,5,Yes,-3.21449,-0.0409432,0.959827
6,573,5,No,-0.364701,-1.1853,0.305636
6,574,5,No,-7.02167e-05,-8.95336,0.000129295
6,575,5,Yes,-4.93362,-0.00716673,0.9928
6,576,5,Yes,-0.905016,-0.518314,0.595488
6,577,5,No,-0.0510093,-2.99994,0.049787
6,578,5,Yes,-2.64063,-0.0739229,0.928688
6,579,5,No,-0.182123,-1.7924,0.166551
6,580,5,No,-0.0066312,-5.01031,0.00666841
6,581,5,No,-0.00151415,-6.45527,0.00157212
6,582,5,No,-0.0110084,-4.50915,0.0110071
6,583,5,Yes,-2.77926,-0.0640316,0.937919
6,584,5,Yes,-3.95315,-0.0193203,0.980807
6,585,5,Yes,-1.17418,-0.369635,0.690945
6,586,5,No,-0.0232678,-3.76972,0.0230572
6,587,5,No,-0.0478666,-3.0619,0.0467959
6,588,5,No,-0.00839541,-4.77712,0.00841973
6,589,5,No,-0.0050108,-5.28685,0.00505738
6,590,5,Yes,-4.17204,-0.0154806,0.98458
6,591,5,No,-0.0166464,-4.10027,0.0165672
6,592,5,No,-0.063357,-2.78952,0.061447
6,593,5,Yes,-0.0481879,-3.05538,0.047102
6,594,5,No,-2.81672,-0.061602,0.940201
6,595,5,No,-0.577593,-0.823686,0.438785
6,596,5,Yes,-1.02433,-0.444691,0.640985
6,597,5,Yes,-4.61492,-0.00989236,0.990098
6,598,5,Yes,-0.337088,-1.25102,0.286196
6,599,5,Yes,-1.61556,-0.221545,0.801233
6,600,5,Yes,-0.47932,-0.965338,0.380832
6,601,5,Yes,-0.380235,-1.15088,0.316339
6,602,5,No,-0.208248,-1.67103,0.188042
6,603,5,Yes,-4.01523,-0.0181428,0.981962
6,604,5,No,-0.580132,-0.820449,0.440208
6,605,5,No,-0.00179529,-6.29087,0.00185304
6,606,5,No,-0.000653361,-7.2467,0.000712481
6,607,5,No,-0.0114157,-4.47323,0.0114097
6,608,5,Yes,-0.720851,-0.666075,0.513691
6,609,5,No,-0.000157488,-8.43628,0.000216842
6,610,5,No,-0.119619,-2.18214,0.112794
6,611,5,Yes,-1.90727,-0.16067,0.851523
6,612,5,Yes,-0.81196,-0.586858,0.556039
6,613,5,Yes,-1.86397,-0.168415,0.844953
6,614,5,Yes,-4.59813,-0.0100615,0.98993
6,615,5,No,-1.96362,-0.151161,0.859659
6,616,5,Yes,-1.88995,-0.16372,0.848929
6,617,5,Yes,-5.04402,-0.00640928,0.993553
6,618,5,Yes,-1.56385,-0.2348,0.790683
6,619,5,Yes,-3.1837,-0.0422529,0.95857
6,620,5,Yes,-4.36771,-0.0127012,0.987321
6,621,5,No,-0.0890814,-2.46172,0.0852834
6,622,5,Yes,-3.62193,-0.0270337,0.973271
6,623,5,Yes,-0.479451,-0.965125,0.380913
6,624,5,Yes,-3.12248,-0.0449857,0.955955
6,625,5,Yes,-1.82427,-0.175875,0.838673
6,626,5,Yes,-5.43191,-0.00432471,0.995625
6,627,5,No,-1.91333e-05,-9.4547,7.83156e-05
6,628,5,Yes,-3.21675,-0.0408485,0.959917
6,629,5,Yes,-1.51004,-0.249543,0.779112
6,630,5,Yes,-0.835671,-0.568322,0.566442
6,631,5,Yes,-2.6011,-0.0770238,0.925813
6,632,5,Yes,-1.48135,-0.257829,0.772682
6,633,5,Yes,-0.680326,-0.706016,0.493578
6,634,5,Yes,-2.03337,-0.140222,0.869114
6,635,5,No,-0.00367625,-5.59163,0.00372872
6,636,5,No,-0.42627,-1.05809,0.347098
6,637,5,Yes,-2.50088,-0.0855071,0.917992
6,638,5,Yes,-2.3502,-0.100142,0.904656
6,639,5,Yes,-0.257135,-1.48371,0.226782
6,640,5,No,-0.000857602,-6.99464,0.000916726
6,641,5,No,-0.232852,-1.57124,0.207776
6,642,5,No,-0.245093,-1.52589,0.217414
6,643,5,Yes,-3.72299,-0.024397,0.97584
6,644,5,Yes,-3.63316,-0.0267268,0.973569
6,645,5,Yes,-2.42895,-0.0921926,0.911876
6,646,5,Yes,-1.70453,-0.200647,0.818153
6,647,5,Yes,-0.873317,-0.540436,0.58246
6,648,5,No,-0.0015249,-6.44837,0.001583
6,649,5,No,-1.74768,-0.191304,0.825833
6,650,5,No,-0.241684,-1.53826,0.214742
6,651,5,Yes,-3.01252,-0.0503554,0.950835
6,652,5,No,-0.913704,-0.512456,0.598988
6,653,5,No,-4.70888e-05,-9.14923,0.000106295
6,654,5,Yes,-0.863475,-0.547551,0.57833
6,655,5,Yes,-3.73039,-0.0242157,0.976018
6,656,5,No,-2.58251,-0.0785293,0.924421
6,657,5,Yes,-1.06768,-0.42121,0.656214
6,658,5,Yes,-4.72194,-0.00887753,0.991103
6,659,5,Yes,-0.717073,-0.669665,0.51185
6,660,5,Yes,-3.97552,-0.0188874,0.981232
6,661,5,No,-1.10955,-0.399951,0.670313
6,662,5,Yes,-2.4626,-0.0889993,0.914792
6,663,5,No,-0.0596043,-2.84865,0.0579189
6,664,5,No,-0.000724936,-7.15108,0.000783973
6,665,5,No,-2.30077e-05,-9.41237,8.1702e-05
6,666,5,Yes,-4.24191,-0.0144252,0.985621
6,667,5,Yes,-2.74748,-0.0661719,0.935915
6,668,5,Yes,-3.63943,-0.0265573,0.973734
6,669,5,Yes,-3.42177,-0.0331388,0.967347
6,670,5,Yes,-1.35164,-0.299426,0.7412
6,671,5,No,-0.00634395,-5.05409,0.00638281
6,672,5,No,-0.0114846,-4.46734,0.0114771
6,673,5,No,-0.000322454,-7.87183,0.000381313
6,674,5,No,-6.90246e-05,-8.96131,0.00012827
6,675,5,No,-4.27971e-05,-9.18555,0.000102504
6,676,5,No,-2.44382e-05,-9.39055,8.35045e-05
6,677,5,Yes,-1.70859,-0.199747,0.81889
6,678,5,No,-0.00635625,-5.05216,0.00639511
6,679,5,No,-2.56777,-0.0797433,0.923298
6,680,5,No,-0.00199099,-6.19086,0.00204795
6,681,5,No,-0.000518695,-7.45599,0.000577933
6,682,5,No,-0.0596218,-2.84838,0.0579348
6,683,5,Yes,-1.42703,-0.274386,0.759993
6,684,5,No,-0.826777,-0.575183,0.562569
6,685,5,No,-0.146539,-1.99241,0.136359
6,686,5,No,-0.00791106,-4.83596,0.00793862
6,687,5,No,-0.000762813,-7.10414,0.00082165
6,688,5,No,-3.62999e-05,-9.25411,9.57121e-05
6,689,5,Yes,-5.16464,-0.0056717,0.994285
6,690,5,No,-0.154937,-1.94079,0.143581
6,691,5,Yes,-1.71245,-0.198896,0.819587
6,692,5,No,-1.38284e-05,-9.52227,7.31991e-05
6,693,5,No,-0.00150108,-6.46347,0.00155928
6,694,5,No,-0.00252135,-5.96091,0.00257741
6,695,5,No,-0.00131897,-6.58742,0.00137751
6,696,5,Yes,-1.63888,-0.215844,0.805814
6,697,5,No,-0.000331695,-7.84649,0.000391098
6,698,5,No,-6.32425e-05,-9.00546,0.000122731
6,699,5,No,-0.00262874,-5.9203,0.00268423
6,700,5,No,-0.00243053,-5.9968,0.00248655
6,701,5,Yes,-2.33765,-0.101473,0.903452
6,702,5,Yes,-1.65364,-0.21232,0.808659
6,703,5,No,-0.0880915,-2.4724,0.084377
6,704,5,No,-0.0566682,-2.89768,0.0551481
6,705,5,No,-0.0196198,-3.93796,0.0194868
6,706,5,No,-0.668619,-0.718172,0.487614
6,707,5,No,-0.000400445,-7.6852,0.000459551
6,708,5,No,-4.8877e-05,-9.13401,0.000107925
6,709,5,Yes,-5.1954,-0.00549758,0.994458
6,710,5,Yes,-1.02381,-0.444986,0.640796
6,711,5,No,-0.00499205,-5.29053,0.0050388
6,712,5,No,-0.0153803,-4.17846,0.0153212
6,713,5,No,-0.267579,-1.4489,0.234815
6,714,5,Yes,-2.9089,-0.0560167,0.945468
6,715,5,Yes,-2.20675,-0.116532,0.889949
6,716,5,Yes,-2.56421,-0.0800401,0.923025
6,717,5,No,-5.63876e-05,-9.06726,0.000115375
6,718,5,No,-0.000144015,-8.49892,0.000203675
6,719,5,No,-0.000410224,-7.66343,0.000469668
6,720,5,No,-0.00107137,-6.78557,0.0011299
6,721,5,No,-0.000384941,-7.71857,0.00044447
6,722,5,No,-0.00146914,-6.48412,0.00152741
6,723,5,No,-0.598104,-0.798051,0.450179
6,724,5,No,-0.00038035,-7.73033,0.000439275
6,725,5,No,-0.147349,-1.98729,0.137058
6,726,5,No,-0.898256,-0.522933,0.592744
6,727,5,Yes,-4.52053,-0.0108825,0.989117
6,728,5,Yes,-4.34778,-0.0129596,0.987065
6,729,5,No,-0.00623725,-5.0708,0.00627701
6,730,5,Yes,-4.73614,-0.00875119,0.991228
6,731,5,Yes,-1.93031,-0.156706,0.854905
6,732,5,Yes,-4.00245,-0.0183795,0.98173
6,733,5,Yes,-3.85314,-0.0213809,0.978788
6,734,5,Yes,-0.473695,-0.974552,0.377339
6,735,5,No,-0.00403005,-5.50126,0.00408139
6,736,5,Yes,-0.790497,-0.604332,0.546407
6,737,5,No,-0.217498,-1.63204,0.195518
6,738,5,Yes,-0.498601,-0.934762,0.392656
6,739,5,No,-0.00035799,-7.7814,0.000417402
6,740,5,No,-0.790621,-0.604229,0.546464
6,741,5,Yes,-1.49416,-0.254089,0.775576
6,742,5,Yes,-2.99558,-0.0512392,0.949995
6,743,5,Yes,-2.79683,-0.0628805,0.939001
6,744,5,No,-0.244821,-1.52687,0.217201
6,745,5,Yes,-1.98477,-0.14775,0.862595
6,746,5,Yes,-1.09386,-0.407762,0.665098
6,747,5,Yes,-2.07407,-0.134234,0.874334
6,748,5,Yes,-0.173554,-1.83642,0.159378
6,749,5,No,-0.00084066,-7.01317,0.000899896
6,750,5,Yes,-3.98126,-0.0187775,0.981339
6,751,5,Yes,-3.68628,-0.0253236,0.974936
6,752,5,No,-0.110469,-2.25718,0.104639
6,753,5,No,-0.40945,-1.09052,0.336023
6,754,5,Yes,-3.04412,-0.0487482,0.952364
6,755,5,Yes,-4.42504,-0.0119861,0.988027
6,756,5,Yes,-4.4622,-0.0115442,0.988464
6,757,5,Yes,-3.83893,-0.021691,0.978485
6,758,5,Yes,-3.218,-0.0407961,0.959967
6,759,5,No,-0.000162197,-8.41575,0.000221341
6,760,5,No,-1.98116,-0.148326,0.862099
6,761,5,No,-0.0108425,-4.52419,0.0108428
6,762,5,No,-0.302632,-1.34251,0.261173
6,763,5,Yes,-3.89781,-0.0204341,0.979715
6,764,5,Yes,-5.02116,-0.0065601,0.993403
6,765,5,No,-0.000811012,-7.04694,0.00087002
6,766,5,Yes,-4.91816,-0.00727996,0.992688
6,767,5,Yes,-2.37157,-0.097916,0.906672
6,768,5,Yes,-3.68239,-0.0254241,0.974839
6,769,5,Yes,-2.63817,-0.0741127,0.928512
6,770,5,Yes,-0.367565,-1.17882,0.307623
6,771,5,No,-0.825362,-0.576285,0.561949
6,772,5,Yes,-3.77121,-0.0232325,0.976977
6,773,5,No,-0.00559486,-5.17809,0.00563842
6,774,5,Yes,-4.00752,-0.0182848,0.981823
6,775,5,No,-0.0118408,-4.43711,0.0118294
6,776,5,Yes,-1.71982,-0.19728,0.820912
6,777,5,No,-0.178205,-1.81224,0.163278
6,778,5,No,-1.41835,-0.277143,0.757902
6,779,5,Yes,-3.5395,-0.0293966,0.970974
6,780,5,Yes,-2.83881,-0.0602134,0.941508
6,781,5,Yes,-4.65393,-0.00950988,0.990476
6,782,5,No,-1.58782,-0.228547,0.795642
6,783,5,No,-0.0142599,-4.25322,0.0142175
6,784,5,No,-4.06512e-05,-9.21144,9.98845e-05
6,785,5,No,-1.18568,-0.364532,0.694481
6,786,5,No,-0.00141793,-6.51804,0.00147647
6,787,5,No,-0.00318659,-5.732,0.0032404
6,788,5,No,-0.0161993,-4.1272,0.016127
6,789,5,No,-0.00648907,-5.03173,0.00652709
6,790,5,Yes,-3.44744,-0.0322834,0.968175
6,791,5,No,-0.0554986,-2.91793,0.0540422
6,792,5,No,-0.129573,-2.10711,0.121582
6,793,5,No,-0.0309827,-3.48783,0.0305654
6,794,5,No,-0.00922307,-4.6842,0.00923956
6,795,5,No,-0.160648,-1.90739,0.148459
6,796,5,Yes,-1.19916,-0.358661,0.69857
6,797,5,Yes,-0.81406,-0.585185,0.55697
6,798,5,No,-1.91978,-0.158505,0.853369
6,799,5,No,-2.79631,-0.0629133,0.938969
6,800,5,Yes,-2.07279,-0.134417,0.874174
6,801,5,No,-8.82784e-05,-8.82041,0.000147679
6,802,5,Yes,-4.71853,-0.00890801,0.991072
6,803,5,No,-0.851098,-0.556673,0.573079
6,804,5,No,-0.073073,-2.65178,0.0705217
6,805,5,Yes,-0.356481,-1.20423,0.299905
6,806,5,No,-0.00161313,-6.39392,0.00167159
6,807,5,Yes,-3.54502,-0.029232,0.971134
6,808,5,No,-0.000731259,-7.14335,0.000790055
6,809,5,Yes,-3.64116,-0.0265108,0.97378
6,810,5,Yes,-0.116615,-2.20608,0.110125
6,811,5,No,-0.99973,-0.45874,0.632043
6,812,5,No,-0.000808089,-7.05061,0.00086683
6,813,5,No,-0.591887,-0.805698,0.44675
6,814,5,No,-0.312187,-1.31597,0.268198
6,815,5,No,-0.0942523,-2.40788,0.090001
6,816,5,Yes,-2.99435,-0.0513039,0.949934
6,817,5,Yes,-3.38537,-0.034391,0.966137
6,818,5,Yes,-1.23788,-0.342405,0.710019
6,819,5,No,-0.0895665,-2.45653,0.0857271
6,820,5,Yes,-1.79439,-0.181725,0.833781
6,821,5,Yes,-3.10642,-0.0457313,0.955242
6,822,5,Yes,-4.02874,-0.0178963,0.982204
6,823,5,Yes,-3.01561,-0.0501961,0.950987
6,824,5,Yes,-5.06339,-0.00628475,0.993676
6,825,5,Yes,-0.994932,-0.461542,0.630273
6,826,5,Yes,-0.00731383,-4.91359,0.00734562
6,827,5,No,-0.000951385,-6.89734,0.0010104
6,828,5,Yes,-3.28315,-0.0381701,0.962492
6,829,5,Yes,-4.07567,-0.0170664,0.98302
6,830,5,No,-3.08757e-05,-9.30958,9.05474e-05
6,831,5,No,-1.2781,-0.326434,0.721449
6,832,5,Yes,-3.60833,-0.02741,0.972904
6,833,5,Yes,-4.44526,-0.0117439,0.988267
6,834,5,Yes,-1.89774,-0.16234,0.850102
6,835,5,Yes,-3.56217,-0.0287264,0.971625
6,836,5,Yes,-1.94634,-0.154011,0.857212
6,837,5,Yes,-3.12477,-0.0448807,0.956056
6,838,5,Yes,-2.92358,-0.0551766,0.946262
6,839,5,No,-5.17382e-05,-9.1058,0.000111014
6,840,5,Yes,-0.674425,-0.712107,0.490581
6,841,5,No,-1.1063,-0.401554,0.66924
6,842,5,No,-2.02658e-05,-9.44368,7.91834e-05
6,843,5,Yes,-3.77181,-0.0232181,0.976991
6,844,5,Yes,-1.42691,-0.274424,0.759965
6,845,5,No,-0.00785213,-4.84334,0.00788023
6,846,5,Yes,-0.147706,-1.98505,0.137366
6,847,5,No,-0.000473015,-7.53785,0.000532512
6,848,5,No,-0.00151367,-6.4554,0.00157192
6,849,5,Yes,-2.46503,-0.0887735,0.914999
6,850,5,No,-8.89937e-05,-8.81732,0.000148136
6,851,5,Yes,-3.25212,-0.0393994,0.96131
6,852,5,No,-0.163151,-1.89316,0.150587
6,853,5,Yes,-0.538808,-0.875592,0.416591
6,854,5,Yes,-4.38012,-0.0125434,0.987477
6,855,5,No,-0.628886,-0.761698,0.466846
6,856,5,No,-0.0165448,-4.10632,0.0164672
6,857,5,No,-0.136449,-2.05878,0.127601
6,858,5,No,-0.107522,-2.28276,0.101997
6,859,5,Yes,-0.646438,-0.742022,0.476122
6,860,5,No,-0.444496,-1.02468,0.35889
6,861,5,Yes,-3.41685,-0.033305,0.967186
6,862,5,No,-0.026563,-3.63924,0.0262707
6,863,5,No,-0.00294009,-5.8106,0.00299546
6,864,5,Yes,-4.25247,-0.0142716,0.985772
6,865,5,No,-0.00025359,-8.06914,0.000313033
6,866,5,No,-0.000229623,-8.14918,0.000288955
6,867,5,No,-0.000131198,-8.56494,0.000190663
6,868,5,Yes,-0.790855,-0.604034,0.54657
6,869,5,Yes,-0.467012,-0.985677,0.373165
6,870,5,No,-0.00236767,-6.02218,0.00242424
6,871,5,No,-0.00290105,-5.8239,0.00295588
6,872,5,Yes,-2.90444,-0.0562739,0.945224
6,873,5,Yes,-2.89728,-0.0566909,0.94483
6,874,5,Yes,-2.50761,-0.0849081,0.918543
6,875,5,No,-0.122834,-2.1572,0.115642
6,876,5,Yes,-1.90883,-0.160398,0.851755
6,877,5,No,-0.0151513,-4.19332,0.0150952
6,878,5,Yes,-4.76763,-0.00847692,0.9915
6,879,5,Yes,-2.00786,-0.144121,0.865732
6,880,5,Yes,-4.36067,-0.0127926,0.987231
6,881,5,No,-0.00802203,-4.82214,0.00804908
6,882,5,Yes,-4.54358,-0.0106322,0.989365
6,883,5,Yes,-4.65983,-0.00945241,0.990533
6,884,5,Yes,-1.21833,-0.350501,0.704294
6,885,5,Yes,-2.26907,-0.109089,0.896598
6,886,5,Yes,-4.41926,-0.0120552,0.987958
6,887,5,No,-0.994552,-0.461766,0.630133
6,888,5,Yes,-0.689872,-0.696315,0.498389
6,889,5,Yes,-0.29077,-1.37685,0.252356
6,890,5,Yes,-1.30404,-0.316596,0.728582
6,891,5,Yes,-3.83179,-0.0218485,0.978331
6,892,5,Yes,-4.9575,-0.00699529,0.99297
6,893,5,Yes,-4.20643,-0.0149509,0.985101
6,894,5,Yes,-4.3075,-0.0134989,0.986534
6,895,5,Yes,-3.79818,-0.022605,0.97759
6,896,5,No,-9.35241e-05,-8.78537,0.000152945
6,897,5,No,-0.000136027,-8.54166,0.000195154
6,898,5,Yes,-2.43848,-0.0912771,0.912711
6,899,5,No,-7.88004e-05,-8.88852,0.000137956
6,900,5,No,-6.06198e-05,-9.02852,0.000119933
6,901,5,Yes,-4.65253,-0.0095236,0.990463
6,902,5,Yes,-1.16504,-0.37375,0.688109
6,903,5,No,-0.0319159,-3.45869,0.0314692
6,904,5,Yes,-4.06181,-0.017308,0.982783
6,905,5,Yes,-4.24012,-0.0144504,0.985595
6,906,5,Yes,-4.04474,-0.0176094,0.982487
6,907,5,No,-0.118445,-2.19142,0.111752
6,908,5,No,-0.378768,-1.15406,0.315336
6,909,5,No,-0.231461,-1.57656,0.206673
6,910,5,Yes,-1.51212,-0.248953,0.779571
6,911,5,No,-0.000108308,-8.69296,0.000167753
6,912,5,Yes,-0.621595,-0.77009,0.462944
6,913,5,No,-0.201507,-1.70067,0.182551
6,914,5,No,-0.000622049,-7.29148,0.000681276
6,915,5,Yes,-3.89841,-0.0204222,0.979727
6,916,5,No,-0.00569424,-5.16062,0.00573782
6,917,5,Yes,-1.83799,-0.173257,0.840873
6,918,5,Yes,-3.31642,-0.0368956,0.96372
6,919,5,Yes,-4.56492,-0.0104061,0.98959
6,920,5,Yes,-2.33127,-0.102159,0.902833
6,921,5,No,-0.00573105,-5.15436,0.00577385
6,922,5,No,-0.109725,-2.26357,0.103973
6,923,5,Yes,-4.00337,-0.0183615,0.981747
6,924,5,Yes,-4.48135,-0.0113225,0.988683
6,925,5,Yes,-0.378338,-1.15499,0.315042
6,926,5,Yes,-4.64759,-0.0095712,0.990416
6,927,5,Yes,-2.5174,-0.0840445,0.919336
6,928,5,No,-0.000387982,-7.71158,0.000447585
6,929,5,No,-8.97686e-05,-8.81199,0.000148928
6,930,5,Yes,-2.35998,-0.0991175,0.905583
6,931,5,No,-0.0165521,-4.10589,0.0164744
6,932,5,No,-0.0082639,-4.79276,0.00828905
6,933,5,Yes,-2.19051,-0.118558,0.888147
6,934,5,No,-0.00068211,-7.20751,0.000740955
6,935,5,No,-0.00164059,-6.37792,0.00169855
6,936,5,Yes,-3.39276,-0.034132,0.966386
6,937,5,No,-0.000961885,-6.8873,0.0010206
6,938,5,No,-0.0119597,-4.42717,0.0119475
6,939,5,No,-0.000912665,-6.93687,0.000971243
6,940,5,Yes,-2.96057,-0.0531163,0.948214
6,941,5,No,-0.00961284,-4.64329,0.00962545
6,942,5,No,-0.0360999,-3.33778,0.0355135
6,943,5,Yes,-5.31673,-0.00486171,0.995091
6,944,5,Yes,-0.181107,-1.7975,0.165703
6,945,5,No,-0.0243244,-3.72595,0.0240887
6,946,5,Yes,-2.15103,-0.123644,0.883643
6,947,5,Yes,-0.447035,-1.02016,0.360516
6,948,5,Yes,-3.78505,-0.0229084,0.977294
6,949,5,Yes,-4.57166,-0.010335,0.98966
6,950,5,No,-0.00294295,-5.80973,0.00299805
6,951,5,Yes,-3.76916,-0.0232811,0.97693
6,952,5,Yes,-1.1376,-0.38644,0.679432
6,953,5,Yes,-1.42268,-0.275764,0.758948
6,954,5,Yes,-3.9374,-0.0196307,0.980502
6,955,5,Yes,-0.865096,-0.54637,0.579014
6,956,5,Yes,-4.11162,-0.0164564,0.98362
6,957,5,Yes,-3.33821,-0.0360851,0.964502
6,958,5,Yes,-4.03516,-0.0177806,0.982318
6,959,5,No,-0.0166881,-4.09782,0.0166079
6,960,5,No,-0.000942913,-6.90566,0.00100203
6,961,5,Yes,-3.41426,-0.0333929,0.967101
6,962,5,No,-0.00084233,-7.0111,0.000901761
6,963,5,No,-0.107849,-2.27988,0.10229
6,964,5,No,-0.521794,-0.899915,0.40658
6,965,5,No,-0.00412054,-5.47947,0.00417129
6,966,5,No,-0.0151709,-4.19204,0.0151146
6,967,5,No,-0.0244163,-3.72223,0.0241787
6,968,5,No,-1.33948,-0.303707,0.738034
6,969,5,Yes,-1.18197,-0.366173,0.693343
6,970,5,Yes,-3.54023,-0.0293751,0.970995
6,971,5,Yes,-3.22587,-0.0404699,0.960281
6,972,5,No,-0.0274633,-3.60643,0.027147
6,973,5,No,-0.0681569,-2.71893,0.0659412
6,974,5,Yes,-1.4956,-0.253676,0.775898
6,975,5,No,-0.403334,-1.10271,0.33195
6,976,5,No,-0.409365,-1.09068,0.335968
6,977,5,Yes,-1.06916,-0.420433,0.656724
6,978,5,Yes,-3.10199,-0.045939,0.955043
6,979,5,Yes,-0.245929,-1.52289,0.218068
6,980,5,Yes,-0.394207,-1.12134,0.325825
6,981,5,Yes,-0.360488,-1.19494,0.302705
6,982,5,Yes,-0.269879,-1.44144,0.236573
6,983,5,Yes,-2.57941,-0.0787831,0.924186
6,984,5,No,-0.437178,-1.03789,0.354181
6,985,5,No,-0.865065,-0.546393,0.579001
6,986,5,Yes,-0.88241,-0.533967,0.58624
6,987,5,Yes,-0.829421,-0.573132,0.563724
6,988,5,Yes,-3.39479,-0.0340628,0.966454
6,989,5,Yes,-1.605,-0.224182,0.799123
6,990,5,Yes,-0.650812,-0.737231,0.478409
6,991,5,Yes,-0.808122,-0.589933,0.554332
6,992,5,No,-0.459112,-0.999091,0.368193
6,993,5,Yes,-1.90237,-0.161526,0.850794
6,994,5,Yes,-1.34538,-0.301621,0.739575
6,995,5,Yes,-0.862909,-0.547964,0.578092
6,996,5,Yes,-2.82951,-0.0607937,0.940962
6,997,5,Yes,-2.60813,-0.0764634,0.926332
6,998,5,Yes,-3.99676,-0.0184857,0.981626
6,999,5,Yes,-3.99015,-0.0186096,0.981504
6,1000,5,Yes,-1.70136,-0.201352,0.817576
6,1001,5,Yes,-2.24142,-0.112328,0.893699
6,1002,5,Yes,-3.81272,-0.0222752,0.977913
6,1003,5,Yes,-4.68896,-0.00917891,0.990804
6,1004,5,Yes,-4.7599,-0.00854365,0.991434
6,1005,5,No,-0.417337,-1.07511,0.34124
6,1006,5,Yes,-0.909799,-0.515079,0.597418
6,1007,5,Yes,-2.68929,-0.0702827,0.932075
6,1008,5,Yes,-1.07141,-0.419258,0.657495
6,1009,5,Yes,-4.33984,-0.0130642,0.986962
6,1010,5,Yes,-4.0563,-0.0174039,0.982688
6,1011,5,Yes,-4.0626,-0.0172939,0.982797
6,1012,5,Yes,-4.05699,-0.0173921,0.9827
6,1013,5,Yes,-1.7607,-0.188578,0.828086
6,1014,5,Yes,-4.45149,-0.0116693,0.988339
6,1015,5,No,-0.023155,-3.77451,0.0229469
6,1016,5,Yes,-2.0428,-0.138809,0.870343
6,1017,5,Yes,-2.88013,-0.057702,0.943876
6,1018,5,Yes,-3.09225,-0.0464001,0.954603
6,1019,5,Yes,-4.18809,-0.015231,0.984826
6,1020,5,No,-0.00114799,-6.71986,0.00120663
6,1021,5,No,-0.0158343,-4.14972,0.0157679
6,1022,5,No,-0.00794327,-4.83193,0.00797067
6,1023,5,Yes,-4.38008,-0.012543,0.987476
6,1024,5,Yes,-2.48167,-0.0872412,0.916402
6,1025,5,Yes,-0.670967,-0.71571,0.488816
6,1026,5,Yes,-3.44665,-0.0323095,0.96815
6,1027,5,Yes,-1.08088,-0.414363,0.660722
6,1028,5,Yes,-1.63504,-0.216772,0.805066
6,1029,5,Yes,-1.91118,-0.159989,0.852103
6,1030,5,Yes,-2.12072,-0.127704,0.880062
6,1031,5,Yes,-0.231049,-1.57814,0.206346
6,1032,5,No,-0.00988929,-4.61522,0.00989945
6,1033,5,No,-0.0704402,-2.68713,0.0680718
6,1034,5,No,-1.61031,-0.222852,0.800186
6,1035,5,Yes,-2.02568,-0.141386,0.868104
6,1036,5,Yes,-3.18488,-0.0422021,0.958619
6,1037,5,Yes,-3.36504,-0.0351104,0.965441
6,1038,5,No,-0.00195444,-6.20858,0.00201197
6,1039,5,No,-0.050493,-3.00986,0.0492957
6,1040,5,No,-0.0915682,-2.43542,0.0875554
6,1041,5,Yes,-4.02207,-0.0180175,0.982085
6,1042,5,Yes,-3.66441,-0.0258917,0.974382
6,1043,5,No,-0.907307,-0.516761,0.596414
6,1044,5,Yes,-2.73795,-0.0668282,0.935301
6,1045,5,Yes,-1.51584,-0.247902,0.78039
6,1046,5,No,-0.00389529,-5.53474,0.003947
6,1047,5,No,-0.00816,-4.80528,0.0081859
6,1048,5,No,-5.9368e-05,-9.03581,0.000119062
6,1049,5,No,-7.9933e-05,-8.88047,0.000139071
6,1050,5,No,-2.41998e-05,-9.38436,8.4023e-05
6,1051,5,No,-8.41653e-05,-8.84858,0.000143577
6,1052,5,No,-3.62999e-05,-9.25694,9.54409e-05
6,1053,5,No,-7.11109e-05,-8.94178,0.0001308
6,1054,5,No,-0.0340868,-3.39407,0.0335697
6,1055,5,No,-0.00190827,-6.232,0.0019654
6,1056,5,No,-0.00206923,-6.15318,0.00212659
6,1057,5,No,-0.000625687,-7.2867,0.000684546
6,1058,5,No,-0.000185566,-8.31557,0.000244663
6,1059,5,No,-6.56865e-05,-8.9908,0.000124543
6,1060,5,No,-0.00415196,-5.47198,0.00420264
6,1061,5,Yes,-2.35399,-0.0997429,0.905017
6,1062,5,Yes,-4.88695,-0.00751313,0.992456
6,1063,5,No,-4.3547,-0.0128696,0.987154
6,1064,5,Yes,-5.1075,-0.00601026,0.993949
6,1065,5,No,-2.0232,-0.141763,0.867776
6,1066,5,No,-0.000130066,-8.5727,0.000189189
6,1067,5,No,-5.79374e-05,-9.05335,0.000116991
6,1068,5,No,-0.0520555,-2.98019,0.0507802
6,1069,5,No,-0.000831711,-7.02326,0.000890861
6,1070,5,No,-0.000101452,-8.7361,0.00016067
6,1071,5,No,-1.6749e-05,-9.48767,7.57759e-05
6,1072,5,No,-0.122497,-2.15977,0.115345
6,1073,5,No,-1.37092e-05,-9.52437,7.30452e-05
6,1074,5,No,-0.000162972,-8.41173,0.000222233
6,1075,5,No,-6.06794e-05,-9.03136,0.000119592
6,1076,5,No,-0.719129,-0.667709,0.512852
6,1077,5,No,-0.00794423,-4.83186,0.00797117
6,1078,5,No,-0.316583,-1.30407,0.271409
6,1079,5,No,-0.00170734,-6.33956,0.00176497
6,1080,5,No,-0.00495401,-5.29803,0.00500115
6,1081,5,No,-0.00641258,-5.04352,0.00645063
6,1082,5,Yes,-0.453705,-1.00844,0.364767
6,1083,5,No,-0.00675175,-4.99257,0.00678781
6,1084,5,Yes,-4.13501,-0.0160719,0.983998
6,1085,5,Yes,-4.89598,-0.00744569,0.992524
6,1086,5,Yes,-4.94585,-0.00707861,0.992888
6,1087,5,Yes,-0.13616,-2.06077,0.127348
6,1088,5,No,-0.186294,-1.77178,0.17002
6,1089,5,Yes,-0.853285,-0.555046,0.574012
6,1090,5,Yes,-1.22152,-0.349165,0.705235
6,1091,5,Yes,-4.00189,-0.01839,0.98172
6,1092,5,Yes,-2.97882,-0.0521294,0.94915
6,1093,5,No,-0.00122443,-6.65841,0.00128311
6,1094,5,No,-0.00118212,-6.69214,0.00124055
6,1095,5,No,-0.000735792,-7.13689,0.000795172
6,1096,5,No,-0.0245428,-3.71713,0.0243023
6,1097,5,No,-0.000968329,-6.88072,0.00102734
6,1098,5,No,-0.00869809,-4.74217,0.00871915
6,1099,5,Yes,-0.142809,-2.01636,0.133132
6,1100,5,No,-1.04612,-0.432689,0.648724
6,1101,5,Yes,-3.5619,-0.028734,0.971617
6,1102,5,Yes,-4.05012,-0.017513,0.982581
6,1103,5,Yes,-4.55392,-0.0105211,0.989475
6,1104,5,Yes,-0.875607,-0.538796,0.583416
6,1105,5,No,-0.499443,-0.933462,0.393167
6,1106,5,Yes,-0.690378,-0.695805,0.498643
6,1107,5,No,-0.708594,-0.67782,0.507693
6,1108,5,Yes,-3.85833,-0.0212687,0.978898
6,1109,5,Yes,-4.40064,-0.0122853,0.987731
6,1110,5,Yes,-5.11844,-0.00594424,0.994015
6,1111,5,Yes,-4.02854,-0.0179008,0.982201
6,1112,5,Yes,-3.46319,-0.03177,0.968672
6,1113,5,Yes,-2.81608,-0.0616421,0.940163
6,1114,5,Yes,-3.15059,-0.0437089,0.957176
6,1115,5,Yes,-1.87622,-0.166183,0.846842
6,1116,5,No,-0.0867049,-2.48757,0.0831071
6,1117,5,Yes,-2.29632,-0.105994,0.899378
6,1118,5,Yes,-4.30384,-0.0135485,0.986484
6,1119,5,Yes,-2.45493,-0.0897167,0.914136
6,1120,5,Yes,-1.87095,-0.167139,0.846031
6,1121,5,Yes,-2.8127,-0.061858,0.939961
6,1122,5,Yes,-4.09255,-0.0167775,0.983304
6,1123,5,Yes,-0.579918,-0.820721,0.440088
6,1124,5,Yes,-3.91367,-0.0201088,0.980034
6,1125,5,Yes,-2.0398,-0.139257,0.869953
6,1126,5,Yes,-3.67841,-0.0255269,0.974738
6,1127,5,No,-1.94343,-0.154496,0.856797
6,1128,5,No,-0.385982,-1.13857,0.320257
6,1129,5,No,-0.607128,-0.787138,0.455119
6,1130,5,No,-1.37923,-0.289972,0.748241
6,1131,5,Yes,-3.10051,-0.0460094,0.954976
6,1132,5,Yes,-1.84368,-0.172184,0.841775
6,1133,5,Yes,-4.17282,-0.0154677,0.984592
6,1134,5,Yes,-4.57994,-0.0102484,0.989745
6,1135,5,Yes,-4.01176,-0.0182064,0.9819
6,1136,5,Yes,-3.76479,-0.0233847,0.976829
6,1137,5,Yes,-3.96428,-0.0191037,0.981019
6,1138,5,Yes,-0.222362,-1.61227,0.199422
6,1139,5,No,-0.570428,-0.832927,0.434749
6,1140,5,Yes,-3.54799,-0.0291436,0.971219
6,1141,5,Yes,-2.83486,-0.0604586,0.941277
6,1142,5,Yes,-4.0528,-0.017466,0.982627
6,1143,5,Yes,-4.91765,-0.0072838,0.992684
6,1144,5,Yes,-4.01915,-0.0180707,0.982033
6,1145,5,No,-0.536017,-0.879515,0.41496
6,1146,5,Yes,-2.6204,-0.0754942,0.927231
6,1147,5,Yes,-3.88981,-0.0206004,0.979552
6,1148,5,Yes,-3.17088,-0.042811,0.958036
6,1149,5,Yes,-3.45701,-0.0319705,0.968478
6,1150,5,Yes,-0.334268,-1.25808,0.284181
6,1151,5,Yes,-3.13918,-0.044222,0.956685
6,1152,5,Yes,-2.29019,-0.106682,0.898759
6,1153,5,No,-0.111251,-2.25051,0.105339
6,1154,5,No,-0.00117997,-6.69389,0.00123838
6,1155,5,No,-0.0283925,-3.57368,0.0280507
6,1156,5,No,-0.00815687,-4.8057,0.00818247
6,1157,5,No,-0.00324728,-5.71343,0.00330113
6,1158,5,No,-0.00740119,-4.90173,0.00743324
6,1159,5,No,-0.669419,-0.717331,0.488024
6,1160,5,Yes,-1.36714,-0.29407,0.745181
6,1161,5,Yes,-0.983368,-0.468389,0.625973
6,1162,5,No,-0.0538931,-2.94644,0.0525232
6,1163,5,Yes,-1.61291,-0.222204,0.800705
6,1164,5,No,-0.0175981,-4.04535,0.0175025
6,1165,5,No,-0.135619,-2.06448,0.126877
6,1166,5,Yes,-2.02306,-0.141783,0.867758
6,1167,5,Yes,-1.88452,-0.164689,0.848107
6,1168,5,Yes,-3.25506,-0.0392809,0.961424
6,1169,5,Yes,-0.497013,-0.937224,0.391691
6,1170,5,Yes,-2.16917,-0.121279,0.885734
6,1171,5,No,-0.136898,-2.05572,0.127993
6,1172,5,Yes,-3.29203,-0.0378261,0.962824
6,1173,5,No,-0.265922,-1.45432,0.233546
6,1174,5,No,-0.490345,-0.947669,0.387621
6,1175,5,Yes,-2.94701,-0.0538622,0.947507
6,1176,5,No,-0.730594,-0.656938,0.518406
6,1177,5,Yes,-3.7227,-0.0244046,0.975833
6,1178,5,Yes,-2.42457,-0.0926175,0.911489
6,1179,5,No,-0.121027,-2.17112,0.114042
6,1180,5,Yes,-4.58464,-0.0101995,0.989793
6,1181,5,Yes,-0.660693,-0.726569,0.483537
6,1182,5,Yes,-3.50947,-0.0303081,0.970089
6,1183,5,No,-0.00663834,-5.00924,0.00667555
6,1184,5,Yes,-4.21878,-0.0147659,0.985284
6,1185,5,No,-2.74237,-0.066523,0.935586
6,1186,5,Yes,-2.10034,-0.130514,0.877592
6,1187,5,No,-0.587828,-0.810746,0.4445
6,1188,5,No,-0.336116,-1.25345,0.285502
6,1189,5,No,-0.00662022,-5.01198,0.00665732
6,1190,5,No,-9.87102e-05,-8.75304,0.000157971
6,1191,5,No,-6.96206e-05,-8.95766,0.000128739
6,1192,5,No,-9.81141e-05,-8.75561,0.000157565
6,1193,5,No,-3.74324e-05,-9.24625,9.64666e-05
6,1194,5,No,-0.0109339,-4.51587,0.0109334
6,1195,5,No,-0.0344812,-3.38278,0.033951
6,1196,5,No,-0.000176565,-8.35134,0.000236065
6,1197,5,No,-0.000560023,-7.38752,0.000618891
6,1198,5,No,-0.00049019,-7.50655,0.000549441
6,1199,5,No,-0.0030862,-5.7633,0.00314055
6,1200,5,No,-0.00014169,-8.51366,0.000200695
6,1201,5,No,-0.000304805,-7.91648,0.000364661
6,1202,5,Yes,-5.03559,-0.00646471,0.993498
6,1203,5,Yes,-5.15535,-0.00572589,0.994232
6,1204,5,Yes,-5.37546,-0.00458006,0.995372
6,1205,5,Yes,-4.92478,-0.00723163,0.992736
6,1206,5,No,-2.81338e-05,-9.34513,8.73848e-05
6,1207,5,No,-0.000409687,-7.66549,0.000468698
6,1208,5,No,-2.93259e-05,-9.32937,8.87727e-05
6,1209,5,No,-0.000333663,-7.84191,0.000392893
6,1210,5,No,-9.37625e-05,-8.78243,0.000153395
6,1211,5,No,-0.000181274,-8.33236,0.00024059
6,1212,5,No,-0.00619503,-5.07751,0.00623506
6,1213,5,No,-0.00691018,-4.96963,0.00694534
6,1214,5,No,-0.732031,-0.655605,0.519097
6,1215,5,No,-0.0289137,-3.55578,0.0285574
6,1216,5,No,-0.00322348,-5.72067,0.00327732
6,1217,5,Yes,-0.968466,-0.477401,0.620357
6,1218,5,No,-0.198558,-1.71398,0.180136
6,1219,5,No,-0.371708,-1.16956,0.310485
6,1220,5,Yes,-0.411123,-1.08722,0.337134
6,1221,5,Yes,-4.5814,-0.0102331,0.98976
6,1222,5,Yes,-4.37899,-0.0125574,0.987463
6,1223,5,Yes,-2.70274,-0.06931,0.932983
6,1224,5,No,-0.00136588,-6.5545,0.00142362
6,1225,5,No,-0.000910577,-6.93839,0.000969769
6,1226,5,No,-0.000377369,-7.73619,0.000436708
6,1227,5,No,-0.00916712,-4.69019,0.0091844
6,1228,5,No,-0.00125726,-6.63375,0.00131514
6,1229,5,No,-0.00336647,-5.67803,0.00342008
6,1230,5,No,-0.0126243,-4.3737,0.0126037
6,1231,5,No,-0.00356008,-5.62308,0.00361327
6,1232,5,No,-0.06212,-2.8086,0.0602857
6,1233,5,No,-0.002128,-6.12593,0.00218534
6,1234,5,Yes,-2.00521,-0.144532,0.865376
6,1235,5,Yes,-2.90341,-0.0563341,0.945167
6,1236,5,Yes,-3.78708,-0.0228617,0.97734
6,1237,5,Yes,-1.94218,-0.154705,0.856617
6,1238,5,No,-0.0795521,-2.57008,0.0765248
6,1239,5,No,-0.0249403,-3.70129,0.0246902
6,1240,5,Yes,-3.364,-0.0351482,0.965405
6,1241,5,Yes,-2.0016,-0.145095,0.864889
6,1242,5,Yes,-4.7549,-0.00858693,0.991391
6,1243,5,Yes,-4.53644,-0.0107087,0.989289
6,1244,5,No,-0.00159235,-6.40681,0.00165019
6,1245,5,Yes,-3.21196,-0.0410498,0.959725
6,1246,5,Yes,-4.01073,-0.0182261,0.981881
6,1247,5,No,-0.00123983,-6.64626,0.00129879
6,1248,5,No,-0.000513089,-7.46621,0.000572057
6,1249,5,No,-0.239528,-1.54618,0.213047
6,1250,5,No,-0.000994223,-6.85576,0.00105331
6,1251,5,Yes,-4.67008,-0.00935626,0.990629
6,1252,5,Yes,-4.02014,-0.0180525,0.982051
6,1253,5,No,-0.00147057,-6.48321,0.0015288
6,1254,5,No,-0.000883791,-6.96685,0.000942559
6,1255,5,No,-0.000570997,-7.37054,0.000629489
6,1256,5,Yes,-1.45578,-0.265478,0.766795
6,1257,5,Yes,-0.928053,-0.502963,0.6047
6,1258,5,Yes,-4.8572,-0.00774208,0.992228
6,1259,5,Yes,-4.19212,-0.0151688,0.984887
6,1260,5,No,-0.00018038,-8.3368,0.000239524
6,1261,5,Yes,-3.43368,-0.0327379,0.967734
6,1262,5,No,-0.000139365,-8.52691,0.000198055
6,1263,5,Yes,-5.07275,-0.00622465,0.993735
6,1264,5,No,-0.00145171,-6.49572,0.0015098
6,1265,5,Yes,-1.85685,-0.169728,0.843845
6,1266,5,No,-0.00348555,-5.644,0.00353848
6,1267,5,Yes,-4.67524,-0.00930747,0.990677
6,1268,5,No,-0.00062682,-7.28428,0.000686203
6,1269,5,Yes,-4.30337,-0.0135552,0.986478
6,1270,5,No,-0.0459754,-3.10122,0.0449916
6,1271,5,No,-0.112982,-2.23593,0.106886
6,1272,5,No,-0.00764279,-4.87001,0.00767286
6,1273,5,Yes,-4.0872,-0.0168675,0.983215
6,1274,5,No,-0.00144544,-6.50014,0.00150314
6,1275,5,Yes,-3.99644,-0.018492,0.98162
6,1276,5,No,-0.00110568,-6.75598,0.00116383
6,1277,5,No,-0.00615394,-5.08408,0.00619423
6,1278,5,No,-0.150025,-1.9706,0.139365
6,1279,5,No,-4.30355e-05,-9.185,0.00010256
6,1280,5,No,-0.10494,-2.30579,0.0996744
6,1281,5,Yes,-4.82925,-0.00796441,0.992008
6,1282,5,No,-4.8018,-0.00818854,0.991786
6,1283,5,No,-0.00151678,-6.45344,0.00157499
6,1284,5,No,-0.000126966,-8.59013,0.000185921
6,1285,5,No,-0.470095,-0.980519,0.375094
6,1286,5,Yes,-5.38229,-0.00454755,0.995403
6,1287,5,Yes,-3.17055,-0.0428249,0.958022
6,1288,5,No,-0.000115044,-8.65137,0.000174877
6,1289,5,No,-9.31068e-05,-8.78838,0.000152486
6,1290,5,Yes,-4.78637,-0.00831739,0.991658
6,1291,5,No,-8.88113e-06,-9.58908,6.84681e-05
6,1292,5,No,-6.58653e-05,-8.98829,0.000124856
6,1293,5,No,-6.16331e-05,-9.02167,0.000120757
6,1294,5,No,-2.84914e-05,-9.34105,8.77416e-05
6,1295,5,Yes,-4.26591,-0.0140782,0.985962
6,1296,5,Yes,-4.17263,-0.0154711,0.984589
6,1297,5,No,-0.000101929,-8.7342,0.000160976
6,1298,5,No,-6.87861e-05,-8.96019,0.000128414
6,1299,5,No,-0.000201246,-8.25129,0.000260907
6,1300,5,Yes,-4.32284,-0.0132907,0.986739
6,1301,5,No,-0.0933229,-2.41732,0.0891546
6,1302,5,No,-1.44877,-0.267618,0.765155
6,1303,5,No,-0.00207628,-6.15011,0.00213312
6,1304,5,No,-0.0040045,-5.50765,0.00405538
6,1305,5,No,-1.0621,-0.424145,0.654291
6,1306,5,Yes,-4.24582,-0.0143673,0.985677
6,1307,5,No,-0.00799151,-4.82588,0.00801898
6,1308,5,No,-0.00804126,-4.81982,0.00806773
6,1309,5,No,-0.00498606,-5.29164,0.00503322
6,1310,5,Yes,-3.6898,-0.0252324,0.975024
6,1311,5,Yes,-3.74522,-0.023853,0.976371
6,1312,5,Yes,-4.23508,-0.0145237,0.985522
6,1313,5,Yes,-3.96625,-0.019065,0.981057
6,1314,5,Yes,-1.43995,-0.27034,0.763074
6,1315,5,No,-0.254774,-1.4918,0.224954
6,1316,5,Yes,-2.6848,-0.0706105,0.931769
6,1317,5,No,-0.133621,-2.07834,0.12513
6,1318,5,No,-0.0011416,-6.725,0.00120045
6,1319,5,No,-0.299111,-1.35254,0.258567
6,1320,5,Yes,-5.34078,-0.0047436,0.995208
6,1321,5,No,-0.00125445,-6.63542,0.00131294
6,1322,5,Yes,-3.90067,-0.0203753,0.979773
6,1323,5,No,-0.908778,-0.515767,0.597007
6,1324,5,No,-0.080458,-2.5592,0.0773618
6,1325,5,Yes,-3.48948,-0.0309302,0.969485
6,1326,5,Yes,-4.18715,-0.0152451,0.984811
6,1327,5,Yes,-2.79665,-0.0628912,0.93899
6,1328,5,Yes,-5.6078,-0.00361595,0.996331
6,1329,5,No,-0.0137618,-4.28836,0.0137266
6,1330,5,No,-0.312908,-1.314,0.268726
6,1331,5,Yes,-2.77735,-0.064158,0.937801
6,1332,5,Yes,-0.474091,-0.973899,0.377586
6,1333,5,Yes,-2.95481,-0.0534311,0.947915
6,1334,5,Yes,-2.47194,-0.0881332,0.915584
6,1335,5,Yes,-2.36392,-0.0987078,0.905955
6,1336,5,Yes,-2.33997,-0.101227,0.903675
6,1337,5,Yes,-3.27388,-0.0385323,0.962143
6,1338,5,Yes,-2.4701,-0.088304,0.915428
6,1339,5,Yes,-4.29062,-0.0137304,0.986304
6,1340,5,Yes,-4.05708,-0.01739,0.982701
6,1341,5,Yes,-3.55258,-0.0290074,0.971351
6,1342,5,Yes,-3.98123,-0.0187778,0.981339
6,1343,5,Yes,-5.31557,-0.00486626,0.995086
6,1344,5,Yes,-3.4317,-0.0328051,0.96767
6,1345,5,Yes,-1.88535,-0.16454,0.848234
6,1346,5,No,-0.0434373,-3.15667,0.0425646
6,1347,5,Yes,-5.11905,-0.00594064,0.994019
6,1348,5,Yes,-3.19566,-0.0417399,0.959063
6,1349,5,Yes,-2.00715,-0.144231,0.865636
6,1350,5,No,-4.49091,-0.0112135,0.98879
6,1351,5,Yes,-0.806924,-0.590897,0.553798
6,1352,5,Yes,-0.212138,-1.6544,0.191195
6,1353,5,Yes,-5.23067,-0.00530419,0.99465
6,1354,5,No,-0.667545,-0.719301,0.487064
6,1355,5,Yes,-4.85558,-0.00775559,0.992216
6,1356,5,Yes,-3.40955,-0.0335544,0.966946
6,1357,5,Yes,-3.01791,-0.0500774,0.951099
6,1358,5,No,-0.291512,-1.37466,0.252911
6,1359,5,Yes,-4.36948,-0.0126779,0.987343
6,1360,5,No,-0.398791,-1.11192,0.328908
6,1361,5,Yes,-1.19645,-0.359831,0.697754
6,1362,5,Yes,-1.02282,-0.445541,0.64044
6,1363,5,No,-1.26104,-0.333097,0.716659
6,1364,5,Yes,-2.25515,-0.110707,0.895148
6,1365,5,Yes,-1.1914,-0.362029,0.696221
6,1366,5,Yes,-3.2791,-0.0383283,0.96234
6,1367,5,Yes,-0.307767,-1.32813,0.264956
6,1368,5,Yes,-4.05055,-0.0175053,0.982588
6,1369,5,Yes,-2.37238,-0.0978319,0.906747
6,1370,5,Yes,-3.08868,-0.0465712,0.954441
