n_estimators,row_id,estimator,true,logit_No,logit_Yes,p_Yes
8,0,0,No,-0.000758936,-7.10864,0.000817962
8,1,0,No,-0.000514998,-7.46348,0.000573623
8,2,0,No,-0.0742485,-2.6364,0.0716144
8,3,0,Yes,-2.93322,-0.0546317,0.946778
8,4,0,No,-0.00684873,-4.97846,0.00688426
8,5,0,Yes,-2.41375,-0.0936735,0.910526
8,6,0,No,-0.349537,-1.22063,0.295027
8,7,0,No,-0.0798569,-2.5664,0.0768068
8,8,0,No,-1.18412,-0.365223,0.694001
8,9,0,No,-0.003259,-5.70987,0.00331289
8,10,0,No,-0.000444809,-7.59334,0.000503766
8,11,0,No,-0.00268157,-5.90082,0.00273703
8,12,0,No,-0.000626283,-7.28525,0.000685536
8,13,0,No,-0.0698901,-2.6947,0.0675588
8,14,0,Yes,-0.121619,-2.16654,0.114567
8,15,0,Yes,-1.39851,-0.283564,0.753051
8,16,0,No,-0.0012008,-6.67711,0.00125933
8,17,0,No,-0.000694397,-7.1907,0.000753517
8,18,0,Yes,-2.701,-0.0694346,0.932866
8,19,0,Yes,-2.68423,-0.0706533,0.93173
8,20,0,Yes,-1.99751,-0.145735,0.864336
8,21,0,Yes,-4.23913,-0.0144648,0.985581
8,22,0,Yes,-3.23732,-0.0399993,0.960733
8,23,0,Yes,-2.36016,-0.0990973,0.905601
8,24,0,Yes,-2.75094,-0.0659349,0.936136
8,25,0,Yes,-3.08712,-0.0466449,0.954369
8,26,0,No,-0.0780705,-2.58813,0.0751559
8,27,0,No,-0.0087952,-4.73119,0.00881545
8,28,0,No,-0.838437,-0.566209,0.56764
8,29,0,Yes,-0.965862,-0.478998,0.619367
8,30,0,Yes,-4.47486,-0.0113975,0.988609
8,31,0,Yes,-1.69519,-0.202735,0.816447
8,32,0,No,-0.489945,-0.948302,0.387376
8,33,0,Yes,-0.836476,-0.567706,0.566791
8,34,0,Yes,-0.28098,-1.40643,0.245001
8,35,0,No,-0.980183,-0.470298,0.624779
8,36,0,Yes,-3.25372,-0.0393346,0.961372
8,37,0,Yes,-4.40117,-0.0122786,0.987738
8,38,0,Yes,-1.27444,-0.327849,0.72043
8,39,0,No,-0.00363342,-5.60321,0.00368581
8,40,0,Yes,-2.93269,-0.0546609,0.94675
8,41,0,Yes,-2.33064,-0.102227,0.902772
8,42,0,No,-9.35837e-05,-8.78633,0.000152798
8,43,0,Yes,-3.39853,-0.0339327,0.96658
8,44,0,Yes,-4.57306,-0.0103202,0.989674
8,45,0,No,-0.333688,-1.25955,0.283764
8,46,0,No,-1.76174,-0.188365,0.828264
8,47,0,Yes,-3.40743,-0.0336261,0.966876
8,48,0,Yes,-3.87364,-0.0209416,0.979219
8,49,0,No,-0.00363108,-5.60367,0.00368408
8,50,0,No,-0.00330397,-5.69631,0.00335812
8,51,0,No,-0.0425183,-3.17759,0.0416836
8,52,0,No,-0.01201,-4.42306,0.0119968
8,53,0,No,-0.0236716,-3.75274,0.0234521
8,54,0,Yes,-4.28952,-0.013747,0.986289
8,55,0,Yes,-1.09595,-0.406709,0.665798
8,56,0,Yes,-1.77435,-0.185769,0.830417
8,57,0,Yes,-3.18636,-0.0421387,0.95868
8,58,0,Yes,-4.62084,-0.00983385,0.990156
8,59,0,No,-0.000440814,-7.60143,0.000499705
8,60,0,Yes,-2.5629,-0.0801484,0.922924
8,61,0,Yes,-4.48891,-0.0112367,0.988768
8,62,0,Yes,-4.77469,-0.00841699,0.99156
8,63,0,Yes,-0.259487,-1.47573,0.228598
8,64,0,Yes,-2.96994,-0.0526072,0.948697
8,65,0,Yes,-2.66771,-0.0718748,0.930593
8,66,0,Yes,-1.34519,-0.301689,0.739524
8,67,0,Yes,-4.55366,-0.0105242,0.989472
8,68,0,No,-0.406128,-1.09711,0.333814
8,69,0,No,-0.135691,-2.06398,0.12694
8,70,0,Yes,-3.81435,-0.0222389,0.977949
8,71,0,No,-0.00899919,-4.70848,0.00901792
8,72,0,Yes,-0.881661,-0.534497,0.58593
8,73,0,No,-9.30472e-05,-8.7895,0.000152315
8,74,0,Yes,-2.29909,-0.105683,0.899656
8,75,0,No,-0.476548,-0.96986,0.379114
8,76,0,No,-0.0226705,-3.79536,0.0224735
8,77,0,No,-0.000244767,-8.0983,0.000304039
8,78,0,Yes,-4.59278,-0.0101171,0.989876
8,79,0,Yes,-4.0904,-0.0168137,0.983268
8,80,0,Yes,-0.242988,-1.53351,0.215765
8,81,0,Yes,-0.20959,-1.66526,0.189131
8,82,0,No,-3.65875,-0.0260418,0.974237
8,83,0,Yes,-2.38063,-0.0969886,0.907513
8,84,0,Yes,-2.16087,-0.122354,0.884782
8,85,0,Yes,-3.38605,-0.0343661,0.96616
8,86,0,Yes,-4.35561,-0.0128573,0.987166
8,87,0,Yes,-4.22875,-0.0146178,0.98543
8,88,0,Yes,-2.28909,-0.106806,0.898648
8,89,0,Yes,-2.5392,-0.0821542,0.921075
8,90,0,Yes,-2.71233,-0.0686245,0.933622
8,91,0,Yes,-2.86308,-0.0587244,0.942911
8,92,0,Yes,-0.517072,-0.906849,0.403771
8,93,0,Yes,-3.03799,-0.049055,0.952072
8,94,0,Yes,-0.596183,-0.800402,0.449122
8,95,0,Yes,-5.20754,-0.00543088,0.994525
8,96,0,Yes,-3.54906,-0.0291129,0.97125
8,97,0,No,-0.250615,-1.50627,0.221723
8,98,0,Yes,-3.36804,-0.0350032,0.965545
8,99,0,No,-0.0389099,-3.26435,0.0382196
8,100,0,No,-0.319005,-1.2976,0.273171
8,101,0,Yes,-2.06386,-0.135709,0.873045
8,102,0,Yes,-2.23885,-0.112635,0.893425
8,103,0,Yes,-1.24799,-0.338306,0.712935
8,104,0,No,-0.389961,-1.13018,0.322957
8,105,0,No,-0.673589,-0.712976,0.490154
8,106,0,No,-0.000289601,-7.96057,0.000348934
8,107,0,No,-0.0163594,-4.11747,0.0162847
8,108,0,No,-0.00929863,-4.67611,0.00931467
8,109,0,No,-0.028501,-3.56994,0.028156
8,110,0,Yes,-4.02312,-0.0179996,0.982104
8,111,0,No,-0.00181936,-6.27807,0.0018769
8,112,0,No,-0.00331456,-5.69325,0.00336842
8,113,0,No,-0.360341,-1.19528,0.302603
8,114,0,Yes,-2.91857,-0.0554623,0.945992
8,115,0,No,-0.000125654,-8.5949,0.000185036
8,116,0,No,-0.000249715,-8.08113,0.000309302
8,117,0,Yes,-4.85096,-0.00779182,0.99218
8,118,0,No,-0.464547,-0.989831,0.371618
8,119,0,No,-0.000154269,-8.44976,0.000213938
8,120,0,Yes,-4.79026,-0.0082853,0.99169
8,121,0,Yes,-4.86947,-0.00764832,0.992323
8,122,0,No,-0.0157061,-4.15772,0.0156422
8,123,0,Yes,-4.12031,-0.016313,0.983761
8,124,0,No,-0.000762157,-7.10493,0.000821001
8,125,0,No,-0.177731,-1.81467,0.162882
8,126,0,Yes,-3.12831,-0.0447181,0.956211
8,127,0,Yes,-3.0198,-0.049981,0.951192
8,128,0,No,-0.192209,-1.7434,0.174914
8,129,0,No,-0.000164284,-8.40397,0.000223963
8,130,0,No,-0.000124045,-8.60246,0.000183643
8,131,0,No,-0.000144134,-8.49918,0.000203622
8,132,0,No,-0.0018737,-6.24958,0.00193114
8,133,0,Yes,-2.49539,-0.0859998,0.91754
8,134,0,Yes,-3.81648,-0.0221902,0.977996
8,135,0,No,-0.00141518,-6.52019,0.0014733
8,136,0,Yes,-0.565243,-0.839707,0.431812
8,137,0,Yes,-1.52853,-0.24436,0.783159
8,138,0,Yes,-0.295646,-1.36255,0.255993
8,139,0,Yes,-2.29004,-0.106698,0.898744
8,140,0,No,-0.32831,-1.27325,0.279903
8,141,0,Yes,-3.08245,-0.046869,0.954156
8,142,0,No,-0.00587259,-5.13039,0.0059139
8,143,0,No,-3.24081,-0.0398574,0.96087
8,144,0,No,-4.55986e-05,-9.16593,0.000104535
8,145,0,Yes,-2.12151,-0.127597,0.880156
8,146,0,Yes,-1.57504,-0.231856,0.793014
8,147,0,Yes,-2.17175,-0.120947,0.886028
8,148,0,Yes,-0.251208,-1.50419,0.222185
8,149,0,Yes,-3.38702,-0.034333,0.966193
8,150,0,Yes,-2.68949,-0.0702687,0.932088
8,151,0,Yes,-0.515391,-0.909336,0.402768
8,152,0,Yes,-2.08138,-0.133187,0.875249
8,153,0,Yes,-2.21437,-0.115594,0.890784
8,154,0,No,-2.15139,-0.123596,0.883685
8,155,0,Yes,-3.27142,-0.0386303,0.96205
8,156,0,Yes,-2.93349,-0.0546167,0.946792
8,157,0,Yes,-1.55987,-0.235855,0.789848
8,158,0,Yes,-1.75291,-0.190205,0.826741
8,159,0,Yes,-1.78794,-0.183015,0.832706
8,160,0,Yes,-3.12435,-0.0448991,0.956037
8,161,0,No,-2.67238,-0.0715274,0.930917
8,162,0,No,-0.621583,-0.770104,0.462938
8,163,0,Yes,-1.18496,-0.364853,0.694258
8,164,0,Yes,-4.45175,-0.0116664,0.988343
8,165,0,No,-0.192334,-1.74281,0.175018
8,166,0,Yes,-3.78414,-0.02293,0.977273
8,167,0,Yes,-1.99705,-0.145808,0.864273
8,168,0,No,-0.136402,-2.05911,0.12756
8,169,0,Yes,-2.05228,-0.137405,0.871566
8,170,0,Yes,-3.68898,-0.0252551,0.975004
8,171,0,Yes,-2.8665,-0.0585186,0.943106
8,172,0,No,-0.0764842,-2.60786,0.0736874
8,173,0,No,-0.0103451,-4.57065,0.0103506
8,174,0,Yes,-4.21362,-0.0148429,0.985208
8,175,0,Yes,-4.11345,-0.016426,0.98365
8,176,0,No,-0.000524241,-7.44697,0.000583174
8,177,0,No,-0.00301099,-5.78747,0.00306554
8,178,0,Yes,-3.82014,-0.0221083,0.978077
8,179,0,No,-0.0248415,-3.7052,0.0245938
8,180,0,No,-0.0302576,-3.5111,0.0298622
8,181,0,No,-0.122866,-2.15695,0.115671
8,182,0,Yes,-2.54075,-0.0820219,0.921198
8,183,0,No,-0.672536,-0.714073,0.489617
8,184,0,No,-1.05719,-0.42675,0.652588
8,185,0,Yes,-3.39121,-0.0341864,0.966334
8,186,0,Yes,-2.89555,-0.056792,0.944735
8,187,0,Yes,-0.360207,-1.19558,0.302509
8,188,0,Yes,-2.4232,-0.0927509,0.911367
8,189,0,Yes,-2.28155,-0.10766,0.89788
8,190,0,Yes,-1.67161,-0.208114,0.812066
8,191,0,Yes,-1.55114,-0.238192,0.788006
8,192,0,No,-0.00234497,-6.03159,0.00240154
8,193,0,No,-0.00743248,-4.8977,0.00746326
8,194,0,Yes,-2.097,-0.130981,0.877183
8,195,0,No,-0.000676861,-7.21421,0.000736007
8,196,0,No,-0.000282387,-7.98253,0.000341354
8,197,0,No,-0.000367053,-7.76032,0.000426296
8,198,0,Yes,-0.208804,-1.66863,0.188493
8,199,0,No,-0.000720641,-7.15632,0.00077987
8,200,0,No,-0.87026,-0.542632,0.581182
8,201,0,No,-0.0122026,-4.4073,0.0121874
8,202,0,Yes,-4.5505,-0.0105584,0.989439
8,203,0,No,-0.000153196,-8.4551,0.000212801
8,204,0,Yes,-0.796534,-0.599348,0.549137
8,205,0,No,-0.000182407,-8.32761,0.000241735
8,206,0,Yes,-3.33329,-0.0362663,0.964327
8,207,0,Yes,-4.99502,-0.00673495,0.993229
8,208,0,Yes,-3.73161,-0.0241854,0.976047
8,209,0,Yes,-4.66046,-0.0094476,0.990538
8,210,0,Yes,-0.572507,-0.830228,0.435924
8,211,0,Yes,-3.10503,-0.0457976,0.955179
8,212,0,Yes,-0.169166,-1.85988,0.155682
8,213,0,No,-4.18433e-05,-9.19875,0.00010116
8,214,0,No,-0.000406348,-7.67171,0.000465791
8,215,0,Yes,-3.96929,-0.0190072,0.981114
8,216,0,Yes,-4.9694,-0.00691198,0.993053
8,217,0,No,-0.00690844,-4.96985,0.00694377
8,218,0,Yes,-2.89832,-0.056631,0.944888
8,219,0,Yes,-3.06168,-0.0478778,0.953194
8,220,0,Yes,-3.83176,-0.0218494,0.97833
8,221,0,Yes,-1.20159,-0.357612,0.699303
8,222,0,No,-1.66265,-0.210199,0.810375
8,223,0,Yes,-4.56723,-0.0103808,0.989614
8,224,0,Yes,-2.44164,-0.0909755,0.912987
8,225,0,Yes,-0.337302,-1.25049,0.286348
8,226,0,No,-0.0244655,-3.72026,0.0242263
8,227,0,No,-0.489297,-0.949326,0.386979
8,228,0,Yes,-2.31247,-0.104203,0.90099
8,229,0,Yes,-5.30331,-0.00492861,0.995025
8,230,0,No,-0.000299379,-7.93202,0.000359038
8,231,0,Yes,-2.20045,-0.117315,0.889253
8,232,0,Yes,-2.69693,-0.069729,0.932592
8,233,0,Yes,-4.57098,-0.0103426,0.989653
8,234,0,No,-0.361175,-1.19336,0.303184
8,235,0,Yes,-2.92416,-0.0551433,0.946293
8,236,0,No,-0.000220442,-8.1808,0.000279962
8,237,0,No,-0.000256392,-8.06,0.000315909
8,238,0,No,-0.00426012,-5.44672,0.00431018
8,239,0,No,-0.10626,-2.29395,0.100862
8,240,0,Yes,-3.57181,-0.028446,0.971897
8,241,0,No,-5.2215e-05,-9.10214,0.00011142
8,242,0,Yes,-0.302822,-1.34198,0.261313
8,243,0,Yes,-0.359072,-1.19821,0.301717
8,244,0,No,-0.00180437,-6.28577,0.0018625
8,245,0,No,-0.555125,-0.85318,0.426033
8,246,0,Yes,-3.12422,-0.0449051,0.956031
8,247,0,No,-0.367233,-1.17957,0.307393
8,248,0,Yes,-4.36223,-0.0127721,0.987251
8,249,0,No,-0.481572,-0.961687,0.382225
8,250,0,Yes,-2.59518,-0.0775006,0.925372
8,251,0,Yes,-1.05266,-0.429168,0.651013
8,252,0,Yes,-3.01133,-0.0504178,0.950777
8,253,0,No,-0.00106642,-6.78992,0.001125
8,254,0,No,-0.0152617,-4.1861,0.0152046
8,255,0,No,-0.000432227,-7.61845,0.000491276
8,256,0,Yes,-1.30833,-0.315001,0.729745
8,257,0,Yes,-5.004,-0.00667434,0.993289
8,258,0,Yes,-3.43366,-0.0327384,0.967734
8,259,0,Yes,-3.25525,-0.0392735,0.961431
8,260,0,No,-0.0039352,-5.52466,0.00398697
8,261,0,Yes,-0.636687,-0.752861,0.470989
8,262,0,Yes,-2.87985,-0.0577184,0.94386
8,263,0,Yes,-1.70326,-0.20093,0.817922
8,264,0,No,-0.000602963,-7.31995,0.000662154
8,265,0,Yes,-4.39341,-0.0123753,0.987642
8,266,0,No,-0.000210605,-8.21751,0.000269869
8,267,0,Yes,-3.88818,-0.0206347,0.979518
8,268,0,No,-0.000238805,-8.11794,0.000298126
8,269,0,Yes,-2.85863,-0.0589949,0.942656
8,270,0,No,-0.0153847,-4.17817,0.0153256
8,271,0,Yes,-2.40097,-0.0949385,0.909376
8,272,0,No,-0.924446,-0.505328,0.603272
8,273,0,No,-0.0014079,-6.52487,0.00146642
8,274,0,No,-0.000980679,-6.86878,0.00103969
8,275,0,No,-0.004456,-5.40251,0.00450499
8,276,0,Yes,-1.62677,-0.218784,0.803448
8,277,0,No,-0.191984,-1.74446,0.174729
8,278,0,Yes,-4.26191,-0.0141362,0.985905
8,279,0,No,-0.00455018,-5.38177,0.0045994
8,280,0,No,-0.000176922,-8.352,0.00023591
8,281,0,No,-0.00484811,-5.31939,0.00489544
8,282,0,No,-0.000494722,-7.49861,0.00055382
8,283,0,Yes,-4.0047,-0.0183377,0.981771
8,284,0,Yes,-3.24794,-0.0395677,0.961148
8,285,0,Yes,-3.11521,-0.045322,0.955633
8,286,0,No,-0.00287851,-5.83127,0.00293418
8,287,0,Yes,-3.58473,-0.0280759,0.972258
8,288,0,No,-0.000110215,-8.68201,0.0001696
8,289,0,No,-1.69925,-0.201825,0.81719
8,290,0,Yes,-0.399162,-1.11116,0.329158
8,291,0,Yes,-5.1983,-0.00548182,0.994474
8,292,0,No,-0.000686941,-7.20044,0.00074621
8,293,0,Yes,-4.04928,-0.0175283,0.982566
8,294,0,Yes,-4.65942,-0.00945722,0.990529
8,295,0,Yes,-4.62284,-0.00981368,0.990176
8,296,0,No,-0.188781,-1.75973,0.172081
8,297,0,No,-0.00739399,-4.90278,0.00742544
8,298,0,No,-0.0030697,-5.76845,0.0031244
8,299,0,No,-0.133327,-2.0804,0.124873
8,300,0,Yes,-2.10251,-0.130212,0.877858
8,301,0,Yes,-2.23013,-0.11368,0.892492
8,302,0,Yes,-1.56997,-0.233185,0.79196
8,303,0,Yes,-0.584896,-0.814422,0.442869
8,304,0,Yes,-2.6769,-0.0711924,0.931228
8,305,0,Yes,-2.12819,-0.126692,0.880954
8,306,0,Yes,-3.40661,-0.0336545,0.966849
8,307,0,Yes,-1.0441,-0.433788,0.648012
8,308,0,Yes,-0.638844,-0.750445,0.472129
8,309,0,No,-2.79537,-0.0629753,0.938911
8,310,0,No,-0.0595715,-2.84918,0.0578881
8,311,0,No,-0.00596631,-5.11462,0.0060079
8,312,0,Yes,-2.6091,-0.076387,0.926403
8,313,0,No,-0.012273,-4.40165,0.0122563
8,314,0,Yes,-4.4571,-0.0116033,0.988405
8,315,0,No,-0.000197251,-8.26884,0.000256368
8,316,0,No,-0.000583103,-7.35019,0.000642431
8,317,0,Yes,-4.78747,-0.00830898,0.991667
8,318,0,Yes,-5.06281,-0.00628829,0.993673
8,319,0,No,-0.0428096,-3.17089,0.0419636
8,320,0,No,-0.011259,-4.4869,0.0112549
8,321,0,No,-0.000383272,-7.72324,0.000442399
8,322,0,No,-0.000573859,-7.36531,0.000632794
8,323,0,No,-0.000705849,-7.17558,0.000764996
8,324,0,No,-9.82929e-05,-8.75592,0.000157517
8,325,0,No,-0.0101129,-4.59311,0.0101207
8,326,0,No,-0.0251204,-3.69423,0.0248651
8,327,0,Yes,-3.97383,-0.0189203,0.9812
8,328,0,Yes,-4.57994,-0.0102484,0.989745
8,329,0,Yes,-4.66896,-0.00936721,0.990619
8,330,0,No,-0.657521,-0.729968,0.481896
8,331,0,No,-0.140758,-2.02982,0.131352
8,332,0,No,-0.212719,-1.65195,0.191665
8,333,0,Yes,-1.25743,-0.33453,0.715632
8,334,0,Yes,-4.79643,-0.00823361,0.991741
8,335,0,Yes,-3.97405,-0.0189159,0.981204
8,336,0,Yes,-3.68191,-0.025437,0.974827
8,337,0,Yes,-2.80689,-0.0622302,0.939611
8,338,0,Yes,-3.81194,-0.0222926,0.977896
8,339,0,No,-0.000151407,-8.46353,0.000211014
8,340,0,No,-0.000288111,-7.964,0.000347737
8,341,0,No,-2.14937,-0.123863,0.883449
8,342,0,No,-1.08821,-0.410622,0.663199
8,343,0,No,-0.00257896,-5.93887,0.00263484
8,344,0,Yes,-3.78517,-0.0229066,0.977296
8,345,0,Yes,-0.38939,-1.13138,0.32257
8,346,0,Yes,-2.511,-0.0846081,0.918818
8,347,0,No,-0.111037,-2.25234,0.105147
8,348,0,No,-0.00197403,-6.19889,0.00203157
8,349,0,No,-0.144081,-2.00812,0.134233
8,350,0,Yes,-0.535521,-0.880214,0.41467
8,351,0,No,-1.01641,-0.449157,0.638128
8,352,0,No,-0.263093,-1.46366,0.231375
8,353,0,Yes,-1.28248,-0.324747,0.722668
8,354,0,No,-0.197318,-1.71965,0.179119
8,355,0,No,-0.242486,-1.53533,0.215372
8,356,0,Yes,-1.32829,-0.30771,0.735086
8,357,0,Yes,-0.67537,-0.711126,0.491062
8,358,0,No,-0.116996,-2.20301,0.110464
8,359,0,No,-0.270928,-1.43806,0.237373
8,360,0,Yes,-1.02326,-0.445293,0.640599
8,361,0,Yes,-3.01343,-0.0503079,0.95088
8,362,0,Yes,-2.3169,-0.103717,0.901427
8,363,0,No,-0.000174657,-8.36183,0.000233603
8,364,0,No,-0.000176207,-8.35405,0.000235426
8,365,0,Yes,-3.29891,-0.0375612,0.963079
8,366,0,Yes,-2.94645,-0.0538932,0.947477
8,367,0,No,-1.65113,-0.212914,0.808179
8,368,0,Yes,-3.75962,-0.0235078,0.976709
8,369,0,Yes,-2.49034,-0.0864552,0.917123
8,370,0,Yes,-2.87305,-0.0581249,0.943477
8,371,0,No,-0.095719,-2.39317,0.0913347
8,372,0,Yes,-3.60319,-0.027554,0.972765
8,373,0,Yes,-3.8866,-0.020668,0.979486
8,374,0,Yes,-3.26987,-0.0386916,0.961991
8,375,0,Yes,-3.68263,-0.0254177,0.974845
8,376,0,Yes,-2.64886,-0.0732949,0.929272
8,377,0,Yes,-1.28587,-0.323451,0.723605
8,378,0,No,-0.0479331,-3.06056,0.0468585
8,379,0,Yes,-0.972375,-0.475017,0.621838
8,380,0,Yes,-3.47244,-0.0314716,0.968961
8,381,0,Yes,-0.3282,-1.27354,0.279824
8,382,0,No,-1.34808,-0.300671,0.740278
8,383,0,Yes,-0.868167,-0.544145,0.580304
8,384,0,Yes,-4.12335,-0.0162623,0.983811
8,385,0,No,-0.00282567,-5.84949,0.00288118
8,386,0,Yes,-4.57349,-0.010316,0.989679
8,387,0,No,-9.87698e-05,-8.75025,0.000158412
8,388,0,No,-0.000450116,-7.58186,0.000509582
8,389,0,No,-7.89197e-05,-8.8846,0.000138498
8,390,0,Yes,-4.37739,-0.0125775,0.987443
8,391,0,Yes,-3.80559,-0.0224367,0.977755
8,392,0,Yes,-4.37991,-0.0125456,0.987474
8,393,0,No,-0.00237688,-6.01827,0.00243372
8,394,0,Yes,-1.52285,-0.245939,0.781924
8,395,0,No,-0.123211,-2.15432,0.115975
8,396,0,No,-0.0295057,-3.53585,0.0291323
8,397,0,No,-0.0132056,-4.32917,0.0131777
8,398,0,Yes,-3.27017,-0.0386798,0.962002
8,399,0,No,-0.000256333,-8.06052,0.000315744
8,400,0,No,-0.00154979,-6.43282,0.00160782
8,401,0,No,-0.0860193,-2.49516,0.0824782
8,402,0,Yes,-3.34572,-0.035809,0.964767
8,403,0,Yes,-1.72788,-0.195531,0.822349
8,404,0,Yes,-3.19238,-0.0418796,0.958929
8,405,0,Yes,-3.82769,-0.0219395,0.978242
8,406,0,Yes,-4.62935,-0.00974838,0.99024
8,407,0,No,-1.13413,-0.388084,0.678316
8,408,0,Yes,-4.06472,-0.0172562,0.982833
8,409,0,Yes,-4.09027,-0.0168166,0.983266
8,410,0,Yes,-3.77794,-0.0230745,0.977132
8,411,0,Yes,-1.56883,-0.233484,0.791724
8,412,0,Yes,-3.17755,-0.0425205,0.958315
8,413,0,Yes,-2.83534,-0.0604294,0.941305
8,414,0,Yes,-0.208519,-1.66986,0.188262
8,415,0,Yes,-1.79768,-0.181072,0.834327
8,416,0,Yes,-3.08779,-0.0466133,0.9544
8,417,0,Yes,-0.752079,-0.637384,0.528643
8,418,0,No,-0.00544622,-5.20472,0.00549026
8,419,0,No,-0.116702,-2.20537,0.110203
8,420,0,No,-0.0893899,-2.45841,0.0855656
8,421,0,Yes,-0.0365241,-3.32633,0.0359227
8,422,0,No,-0.00653034,-5.02544,0.00656831
8,423,0,No,-0.00734457,-4.90943,0.00737623
8,424,0,No,-0.131524,-2.09313,0.123294
8,425,0,No,-0.102376,-2.32924,0.0973641
8,426,0,No,-0.00454288,-5.38346,0.00459162
8,427,0,No,-0.00250994,-5.96544,0.00256577
8,428,0,Yes,-3.86645,-0.0210945,0.979069
8,429,0,Yes,-2.3679,-0.0982944,0.906328
8,430,0,No,-0.375988,-1.16012,0.31343
8,431,0,No,-0.951571,-0.487882,0.613889
8,432,0,Yes,-0.471156,-0.978756,0.375756
8,433,0,No,-0.00330445,-5.69627,0.00335826
8,434,0,No,-0.0935152,-2.41536,0.0893302
8,435,0,Yes,-1.99482,-0.146159,0.863969
8,436,0,No,-0.345025,-1.23149,0.291839
8,437,0,No,-0.0190106,-3.9691,0.0188893
8,438,0,No,-0.000104969,-8.71174,0.000164632
8,439,0,Yes,-3.05586,-0.0481651,0.95292
8,440,0,No,-0.00029294,-7.95093,0.000352313
8,441,0,No,-0.000301645,-7.92651,0.000361024
8,442,0,No,-0.504351,-0.925934,0.396138
8,443,0,Yes,-3.6065,-0.0274616,0.972855
8,444,0,Yes,-3.87506,-0.0209105,0.979248
8,445,0,Yes,-3.60112,-0.0276119,0.972709
8,446,0,No,-4.47845,-0.0113557,0.98865
8,447,0,Yes,-0.970579,-0.47611,0.621159
8,448,0,No,-0.0725135,-2.65917,0.0700023
8,449,0,No,-0.120135,-2.17808,0.113252
8,450,0,No,-0.064486,-2.77243,0.0625063
8,451,0,Yes,-2.36486,-0.0986103,0.906043
8,452,0,No,-2.60527,-0.0766909,0.926121
8,453,0,Yes,-3.5868,-0.0280167,0.972315
8,454,0,No,-0.0144204,-4.2422,0.0143752
8,455,0,No,-0.00156131,-6.42583,0.00161909
8,456,0,Yes,-4.56692,-0.0103843,0.989611
8,457,0,No,-0.00429873,-5.4378,0.00434879
8,458,0,No,-8.55959e-05,-8.83695,0.000145256
8,459,0,Yes,-3.1179,-0.0451976,0.955752
8,460,0,No,-0.621125,-0.770634,0.462692
8,461,0,Yes,-2.95786,-0.0532643,0.948073
8,462,0,No,-0.114376,-2.22435,0.108131
8,463,0,No,-0.00493766,-5.30142,0.00498423
8,464,0,No,-0.000356022,-7.78764,0.000414808
8,465,0,No,-0.00751817,-4.88629,0.00754894
8,466,0,No,-0.000214659,-8.20344,0.000273695
8,467,0,No,-0.0155901,-4.16505,0.015528
8,468,0,Yes,-2.88326,-0.0575161,0.944051
8,469,0,No,-0.00181267,-6.28125,0.00187096
8,470,0,No,-0.43599,-1.04006,0.353414
8,471,0,No,-0.941114,-0.494516,0.60983
8,472,0,No,-0.000179903,-8.33671,0.000239544
8,473,0,No,-0.000618411,-7.29773,0.000677032
8,474,0,No,-0.00259294,-5.93373,0.00264842
8,475,0,Yes,-3.0601,-0.0479557,0.95312
8,476,0,No,-0.87719,-0.537669,0.584074
8,477,0,Yes,-2.20498,-0.116751,0.889754
8,478,0,Yes,-3.91703,-0.020041,0.980101
8,479,0,No,-0.00239325,-6.01199,0.00244907
8,480,0,No,-0.000499254,-7.49046,0.000558355
8,481,0,No,-0.00126848,-6.62491,0.00132682
8,482,0,No,-0.00208816,-6.14433,0.00214549
8,483,0,No,-0.000354889,-7.78816,0.000414589
8,484,0,Yes,-3.4345,-0.0327115,0.96776
8,485,0,Yes,-3.57629,-0.0283175,0.972022
8,486,0,Yes,-2.55401,-0.0808961,0.922235
8,487,0,Yes,-3.25638,-0.0392281,0.961475
8,488,0,No,-1.11706,-0.396282,0.672778
8,489,0,No,-0.101241,-2.33983,0.0963382
8,490,0,No,-0.020104,-3.91387,0.0199618
8,491,0,Yes,-2.95668,-0.0533292,0.948012
8,492,0,No,-0.00766297,-4.86739,0.00769294
8,493,0,Yes,-3.62758,-0.026879,0.973421
8,494,0,Yes,-3.92355,-0.0199084,0.98023
8,495,0,Yes,-2.0471,-0.138171,0.870898
8,496,0,Yes,-1.62181,-0.220001,0.802471
8,497,0,Yes,-0.330531,-1.26756,0.2815
8,498,0,Yes,-4.90313,-0.00739158,0.992577
8,499,0,Yes,-3.39096,-0.0341946,0.966326
8,500,0,Yes,-3.78434,-0.0229249,0.977278
8,501,0,Yes,-0.112343,-2.24129,0.106315
8,502,0,Yes,-0.27856,-1.41393,0.243172
8,503,0,No,-0.702375,-0.683887,0.504622
8,504,0,Yes,-3.27564,-0.0384632,0.96221
8,505,0,Yes,-2.31579,-0.103838,0.901318
8,506,0,Yes,-1.68741,-0.204491,0.815014
8,507,0,No,-1.6346,-0.216876,0.804982
8,508,0,Yes,-3.55986,-0.0287937,0.971559
8,509,0,Yes,-4.17459,-0.015441,0.984619
8,510,0,No,-0.2133,-1.6495,0.192135
8,511,0,No,-2.16919,-0.121276,0.885737
8,512,0,Yes,-4.0419,-0.01766,0.982437
8,513,0,No,-0.00691949,-4.96837,0.00695407
8,514,0,Yes,-2.10443,-0.129945,0.878093
8,515,0,No,-0.76555,-0.625525,0.534949
8,516,0,Yes,-2.89662,-0.0567299,0.944794
8,517,0,No,-0.773275,-0.618857,0.538528
8,518,0,No,-1.63562,-0.216631,0.805179
8,519,0,Yes,-3.71319,-0.0246415,0.975602
8,520,0,Yes,-4.29351,-0.0136911,0.986344
8,521,0,No,-0.439064,-1.03446,0.355398
8,522,0,Yes,-1.00978,-0.452937,0.635721
8,523,0,No,-0.538714,-0.875724,0.416536
8,524,0,No,-2.58112,-0.0786424,0.924316
8,525,0,No,-0.000607914,-7.31238,0.00066719
8,526,0,Yes,-3.88928,-0.0206117,0.979541
8,527,0,Yes,-2.66154,-0.072337,0.930163
8,528,0,No,-0.205314,-1.6838,0.185656
8,529,0,No,-0.00135669,-6.56037,0.00141528
8,530,0,Yes,-3.59185,-0.0278727,0.972454
8,531,0,No,-0.42691,-1.05689,0.347516
8,532,0,No,-1.7184,-0.197591,0.820657
8,533,0,No,-9.66834e-05,-8.76622,0.000155902
8,534,0,No,-3.37368e-05,-9.28336,9.29523e-05
8,535,0,No,-4.17241e-05,-9.1978,0.000101256
8,536,0,No,-4.08896e-05,-9.2048,0.00010055
8,537,0,No,-0.0276923,-3.59824,0.0273703
8,538,0,No,-0.0243379,-3.7254,0.0241019
8,539,0,Yes,-3.14277,-0.0440596,0.95684
8,540,0,Yes,-0.049394,-3.0313,0.0482502
8,541,0,No,-0.0433271,-3.15915,0.0424591
8,542,0,No,-0.00017883,-8.34266,0.000238124
8,543,0,No,-0.0525396,-2.97118,0.0512396
8,544,0,Yes,-2.81606,-0.0616432,0.940163
8,545,0,No,-0.000109559,-8.68739,0.00016869
8,546,0,No,-0.000187057,-8.31096,0.000245793
8,547,0,Yes,-2.92086,-0.055331,0.946116
8,548,0,Yes,-2.13026,-0.126412,0.8812
8,549,0,Yes,-2.91964,-0.0554002,0.94605
8,550,0,No,-0.000114984,-8.65632,0.000174013
8,551,0,No,-0.00166567,-6.36355,0.00172314
8,552,0,No,-0.709391,-0.677047,0.508085
8,553,0,No,-0.00016798,-8.38883,0.000227381
8,554,0,No,-1.38335,-0.288588,0.749277
8,555,0,Yes,-0.334726,-1.25694,0.284508
8,556,0,Yes,-1.47767,-0.258913,0.771845
8,557,0,No,-0.0174333,-4.05464,0.0173407
8,558,0,No,-0.00517255,-5.25541,0.00521888
8,559,0,Yes,-3.0881,-0.0465985,0.954414
8,560,0,No,-0.00199839,-6.18707,0.00205571
8,561,0,Yes,-2.5915,-0.0777972,0.925097
8,562,0,Yes,-2.86707,-0.0584832,0.943138
8,563,0,Yes,-4.14351,-0.0159344,0.984134
8,564,0,Yes,-5.24612,-0.00522216,0.994732
8,565,0,Yes,-3.29182,-0.0378332,0.962816
8,566,0,No,-0.439079,-1.03443,0.355408
8,567,0,Yes,-0.727241,-0.660064,0.516788
8,568,0,Yes,-0.151369,-1.96234,0.14052
8,569,0,Yes,-0.591214,-0.806531,0.446378
8,570,0,Yes,-0.323788,-1.28498,0.276639
8,571,0,Yes,-1.70375,-0.200822,0.81801
8,572,0,Yes,-3.52396,-0.029865,0.970519
8,573,0,No,-0.444216,-1.02518,0.35871
8,574,0,No,-0.000209413,-8.22216,0.000268619
8,575,0,Yes,-5.19277,-0.00551238,0.994444
8,576,0,Yes,-0.703604,-0.682682,0.50523
8,577,0,No,-0.0248491,-3.70491,0.0246009
8,578,0,Yes,-2.87039,-0.058283,0.943327
8,579,0,No,-0.315721,-1.30639,0.27078
8,580,0,No,-0.0158174,-4.15075,0.0157516
8,581,0,No,-0.00146365,-6.48799,0.00152151
8,582,0,No,-0.0124965,-4.38374,0.0124779
8,583,0,Yes,-2.65821,-0.0725858,0.929931
8,584,0,Yes,-3.69588,-0.0250782,0.975176
8,585,0,Yes,-1.22993,-0.345672,0.707703
8,586,0,No,-0.0161769,-4.12854,0.0161054
8,587,0,No,-0.0295715,-3.53366,0.0291962
8,588,0,No,-0.0125064,-4.38297,0.0124874
8,589,0,No,-0.00694247,-4.96497,0.00697775
8,590,0,Yes,-4.13853,-0.0160146,0.984055
8,591,0,No,-0.0475582,-3.0682,0.0465022
8,592,0,No,-0.0481308,-3.05655,0.0470468
8,593,0,Yes,-0.0218078,-3.83359,0.0216305
8,594,0,No,-3.00256,-0.0508726,0.950343
8,595,0,No,-0.630944,-0.759353,0.467942
8,596,0,Yes,-1.09106,-0.409175,0.664159
8,597,0,Yes,-4.5983,-0.0100601,0.989932
8,598,0,Yes,-0.324825,-1.28228,0.277389
8,599,0,Yes,-1.61793,-0.220958,0.801703
8,600,0,Yes,-0.411499,-1.08648,0.337383
8,601,0,Yes,-0.703255,-0.683023,0.505058
8,602,0,No,-0.287686,-1.38604,0.250048
8,603,0,Yes,-4.11318,-0.016431,0.983645
8,604,0,No,-0.562977,-0.842697,0.430522
8,605,0,No,-0.00280427,-5.85694,0.0028598
8,606,0,No,-0.000968985,-6.88007,0.00102801
8,607,0,No,-0.0127562,-4.36338,0.0127345
8,608,0,Yes,-0.631866,-0.758305,0.468432
8,609,0,No,-0.000334557,-7.84017,0.00039358
8,610,0,No,-0.107098,-2.2865,0.101615
8,611,0,Yes,-1.92553,-0.157519,0.85421
8,612,0,Yes,-1.05546,-0.427669,0.651989
8,613,0,Yes,-2.11359,-0.128679,0.879204
8,614,0,Yes,-4.40382,-0.0122465,0.98777
8,615,0,No,-1.98886,-0.1471,0.863157
8,616,0,Yes,-1.91139,-0.159952,0.852135
8,617,0,Yes,-4.97733,-0.00685641,0.993108
8,618,0,Yes,-1.48732,-0.256077,0.774037
8,619,0,Yes,-3.05846,-0.0480362,0.953043
8,620,0,Yes,-4.29137,-0.0137199,0.986315
8,621,0,No,-0.0816737,-2.54482,0.0784822
8,622,0,Yes,-3.85905,-0.0212533,0.978913
8,623,0,Yes,-0.581783,-0.818353,0.441132
8,624,0,Yes,-2.85358,-0.0593023,0.942366
8,625,0,Yes,-2.06124,-0.136091,0.872712
8,626,0,Yes,-5.24942,-0.00520497,0.99475
8,627,0,No,-5.06056e-05,-9.11542,0.000109951
8,628,0,Yes,-3.55201,-0.0290241,0.971335
8,629,0,Yes,-2.24507,-0.111894,0.894087
8,630,0,Yes,-0.847109,-0.559655,0.571373
8,631,0,Yes,-2.63724,-0.0741846,0.928445
8,632,0,Yes,-1.66121,-0.210538,0.810101
8,633,0,Yes,-0.647073,-0.741325,0.476454
8,634,0,Yes,-1.83411,-0.173993,0.840253
8,635,0,No,-0.00357485,-5.6191,0.00362768
8,636,0,No,-0.40906,-1.09129,0.335765
8,637,0,Yes,-2.35188,-0.0999659,0.904815
8,638,0,Yes,-2.2961,-0.106018,0.899356
8,639,0,Yes,-0.380229,-1.15089,0.316335
8,640,0,No,-0.0003215,-7.87465,0.000380238
8,641,0,No,-0.207754,-1.67317,0.187641
8,642,0,No,-0.296476,-1.36014,0.25661
8,643,0,Yes,-3.54801,-0.0291427,0.97122
8,644,0,Yes,-3.4671,-0.0316439,0.968794
8,645,0,Yes,-2.40787,-0.0942532,0.909999
8,646,0,Yes,-1.49839,-0.25287,0.776524
8,647,0,Yes,-0.453162,-1.00938,0.364423
8,648,0,No,-0.000982827,-6.86667,0.00104188
8,649,0,No,-1.77481,-0.185676,0.830494
8,650,0,No,-0.242137,-1.53661,0.215098
8,651,0,Yes,-3.16913,-0.0428877,0.957962
8,652,0,No,-0.938411,-0.496249,0.608774
8,653,0,No,-0.000184195,-8.3194,0.000243728
8,654,0,Yes,-0.768829,-0.622683,0.536472
8,655,0,Yes,-3.33719,-0.0361224,0.964466
8,656,0,No,-2.05835,-0.136514,0.872343
8,657,0,Yes,-1.06401,-0.423135,0.654952
8,658,0,Yes,-4.83396,-0.00792692,0.992046
8,659,0,Yes,-0.701525,-0.684722,0.504201
8,660,0,Yes,-3.89447,-0.0205032,0.979647
8,661,0,No,-1.19416,-0.360825,0.69706
8,662,0,Yes,-2.28636,-0.107113,0.898371
8,663,0,No,-0.0537943,-2.94822,0.0524298
8,664,0,No,-0.000465024,-7.55412,0.000523914
8,665,0,No,-0.000127204,-8.58566,0.000186753
8,666,0,Yes,-4.37317,-0.0126319,0.98739
8,667,0,Yes,-2.30738,-0.104764,0.900484
8,668,0,Yes,-3.93559,-0.0196669,0.980467
8,669,0,Yes,-3.14602,-0.043914,0.95698
8,670,0,Yes,-1.71149,-0.199107,0.819414
8,671,0,No,-0.00651048,-5.02839,0.00654897
8,672,0,No,-0.0070151,-4.95477,0.0070493
8,673,0,No,-0.000268853,-8.02145,0.000328324
8,674,0,No,-0.000177041,-8.34928,0.000236552
8,675,0,No,-0.000103598,-8.72325,0.000162748
8,676,0,No,-6.84285e-05,-8.96227,0.000128148
8,677,0,Yes,-2.31811,-0.103584,0.901547
8,678,0,No,-0.00503578,-5.2819,0.00508247
8,679,0,No,-2.489,-0.0865756,0.917012
8,680,0,No,-0.00111714,-6.74602,0.00117548
8,681,0,No,-0.00129933,-6.60202,0.00135754
8,682,0,No,-0.0592646,-2.8542,0.0575984
8,683,0,Yes,-1.25327,-0.336189,0.714446
8,684,0,No,-0.835467,-0.568478,0.566353
8,685,0,No,-0.175252,-1.82751,0.160804
8,686,0,No,-0.00406734,-5.49221,0.00411849
8,687,0,No,-0.00102769,-6.82486,0.00108636
8,688,0,No,-0.000162615,-8.4152,0.000221462
8,689,0,Yes,-4.89895,-0.00742239,0.992546
8,690,0,No,-0.163193,-1.89292,0.150623
8,691,0,Yes,-1.80929,-0.178782,0.836239
8,692,0,No,-8.14233e-05,-8.86789,0.000140831
8,693,0,No,-0.00164823,-6.37338,0.00170629
8,694,0,No,-0.00470671,-5.3486,0.00475455
8,695,0,No,-0.000356261,-7.78713,0.000415018
8,696,0,Yes,-1.17685,-0.368442,0.69177
8,697,0,No,-0.0006168,-7.29871,0.000676373
8,698,0,No,-0.000171795,-8.37315,0.000230973
8,699,0,No,-0.00726309,-4.92036,0.00729608
8,700,0,No,-0.00251609,-5.96284,0.00257243
8,701,0,Yes,-2.06156,-0.136045,0.872752
8,702,0,Yes,-1.70584,-0.200357,0.81839
8,703,0,No,-0.165565,-1.87965,0.152635
8,704,0,No,-0.0580955,-2.87353,0.0564956
8,705,0,No,-0.0598335,-2.84493,0.0581348
8,706,0,No,-0.696712,-0.689478,0.501808
8,707,0,No,-0.000449759,-7.58247,0.00050927
8,708,0,No,-0.000212215,-8.21243,0.000271245
8,709,0,Yes,-4.90869,-0.00735021,0.992618
8,710,0,Yes,-0.949736,-0.489039,0.61318
8,711,0,No,-0.00575491,-5.1503,0.0057973
8,712,0,No,-0.0166753,-4.09852,0.0165962
8,713,0,No,-0.317937,-1.30045,0.272394
8,714,0,Yes,-2.78894,-0.0633943,0.938517
8,715,0,Yes,-2.04908,-0.137877,0.871154
8,716,0,Yes,-2.33927,-0.101301,0.903608
8,717,0,No,-0.000141511,-8.51412,0.000200604
8,718,0,No,-0.00052609,-7.44297,0.000585511
8,719,0,No,-0.000305759,-7.91639,0.000364694
8,720,0,No,-0.000620617,-7.29388,0.000679643
8,721,0,No,-0.000685987,-7.20212,0.000744958
8,722,0,No,-0.00150161,-6.46296,0.00156008
8,723,0,No,-0.634704,-0.755093,0.469939
8,724,0,No,-0.00082503,-7.03086,0.000884118
8,725,0,No,-0.199689,-1.70885,0.181063
8,726,0,No,-1.56805,-0.233691,0.79156
8,727,0,Yes,-4.48958,-0.0112294,0.988775
8,728,0,Yes,-4.52041,-0.0108847,0.989116
8,729,0,No,-0.00331408,-5.69328,0.00336834
8,730,0,Yes,-4.71411,-0.00894945,0.991033
8,731,0,Yes,-1.80051,-0.180511,0.834794
8,732,0,Yes,-3.93859,-0.0196071,0.980525
8,733,0,Yes,-4.24222,-0.0144204,0.985625
8,734,0,Yes,-0.716482,-0.670229,0.511561
8,735,0,No,-0.00753444,-4.88415,0.00756507
8,736,0,Yes,-0.779332,-0.613697,0.541314
8,737,0,No,-0.179259,-1.80685,0.16416
8,738,0,Yes,-0.427279,-1.05619,0.347757
8,739,0,No,-0.00101212,-6.83932,0.00107077
8,740,0,No,-1.01333,-0.450909,0.637012
8,741,0,Yes,-1.69523,-0.202724,0.816455
8,742,0,Yes,-3.13756,-0.0442961,0.956614
8,743,0,Yes,-2.81857,-0.0614846,0.940312
8,744,0,No,-0.391976,-1.12597,0.32432
8,745,0,Yes,-1.35214,-0.299252,0.741329
8,746,0,Yes,-1.18311,-0.365666,0.693694
8,747,0,Yes,-1.9437,-0.154451,0.856835
8,748,0,Yes,-0.182651,-1.78976,0.16699
8,749,0,No,-0.000950669,-6.89832,0.00100942
8,750,0,Yes,-3.75918,-0.0235189,0.976698
8,751,0,Yes,-3.55887,-0.028823,0.971531
8,752,0,No,-0.139564,-2.03774,0.130315
8,753,0,No,-0.43816,-1.0361,0.354815
8,754,0,Yes,-3.23772,-0.0399823,0.960749
8,755,0,Yes,-4.30783,-0.0134944,0.986538
8,756,0,Yes,-4.65601,-0.00948972,0.990496
8,757,0,Yes,-4.05651,-0.0174003,0.982692
8,758,0,Yes,-3.15482,-0.0435197,0.957357
8,759,0,No,-0.00083195,-7.02335,0.000890784
8,760,0,No,-1.88527,-0.164556,0.848221
8,761,0,No,-0.00896815,-4.71199,0.00898633
8,762,0,No,-0.280932,-1.40658,0.244965
8,763,0,Yes,-3.49048,-0.0308994,0.969516
8,764,0,Yes,-4.76228,-0.00852357,0.991454
8,765,0,No,-0.001536,-6.44139,0.00159409
8,766,0,Yes,-4.52746,-0.0108074,0.989193
8,767,0,Yes,-2.40506,-0.0945313,0.909745
8,768,0,Yes,-4.00166,-0.0183939,0.981716
8,769,0,Yes,-3.14619,-0.0439067,0.956987
8,770,0,Yes,-0.345888,-1.2294,0.29245
8,771,0,No,-1.03542,-0.438535,0.644942
8,772,0,Yes,-3.78912,-0.0228146,0.977386
8,773,0,No,-0.0147985,-4.21658,0.0147482
8,774,0,Yes,-4.04856,-0.0175415,0.982553
8,775,0,No,-0.00532738,-5.2265,0.00537199
8,776,0,Yes,-1.5327,-0.24321,0.784061
8,777,0,No,-0.179386,-1.80621,0.164266
8,778,0,No,-1.41862,-0.277057,0.757967
8,779,0,Yes,-3.71208,-0.0246697,0.975575
8,780,0,Yes,-2.64929,-0.0732616,0.929303
8,781,0,Yes,-4.14337,-0.0159364,0.984132
8,782,0,No,-1.30453,-0.316411,0.728717
8,783,0,No,-0.0185334,-3.99418,0.0184214
8,784,0,No,-7.53431e-05,-8.91656,0.000134142
8,785,0,No,-0.816731,-0.583065,0.558152
8,786,0,No,-0.000446002,-7.59058,0.000505159
8,787,0,No,-0.00631444,-5.05875,0.00635314
8,788,0,No,-0.0102326,-4.58149,0.0102391
8,789,0,No,-0.00157415,-6.41754,0.00163256
8,790,0,Yes,-3.36309,-0.0351802,0.965374
8,791,0,No,-0.0652161,-2.76154,0.0631907
8,792,0,No,-0.106987,-2.28748,0.101516
8,793,0,No,-0.0202845,-3.90506,0.0201385
8,794,0,No,-0.0107928,-4.52872,0.0107939
8,795,0,No,-0.152007,-1.95845,0.141069
8,796,0,Yes,-1.22405,-0.348111,0.705979
8,797,0,Yes,-0.807842,-0.590158,0.554207
8,798,0,No,-2.25924,-0.110229,0.895577
8,799,0,No,-3.23659,-0.0400284,0.960705
8,800,0,Yes,-2.27062,-0.108911,0.896758
8,801,0,No,-0.000382616,-7.7251,0.000441578
8,802,0,Yes,-4.75364,-0.00859823,0.99138
8,803,0,No,-0.785439,-0.608549,0.544107
8,804,0,No,-0.108514,-2.27407,0.102886
8,805,0,Yes,-0.400338,-1.10877,0.329946
8,806,0,No,-0.00100932,-6.84196,0.00106795
8,807,0,Yes,-3.2979,-0.0376001,0.963041
8,808,0,No,-0.00224078,-6.07578,0.00229772
8,809,0,Yes,-3.82562,-0.021986,0.978196
8,810,0,Yes,-0.121094,-2.1706,0.114102
8,811,0,No,-0.89762,-0.52337,0.592486
8,812,0,No,-0.000648769,-7.25349,0.000707656
8,813,0,No,-0.725286,-0.661896,0.515842
8,814,0,No,-0.39123,-1.12752,0.323815
8,815,0,No,-0.113501,-2.23159,0.107351
8,816,0,Yes,-2.77838,-0.0640911,0.937864
8,817,0,Yes,-3.48509,-0.0310695,0.969351
8,818,0,Yes,-1.32001,-0.31071,0.732883
8,819,0,No,-0.0197144,-3.93321,0.0195796
8,820,0,Yes,-2.35948,-0.0991684,0.905536
8,821,0,Yes,-2.80597,-0.0622889,0.939555
8,822,0,Yes,-4.20513,-0.0149712,0.985082
8,823,0,Yes,-2.93813,-0.0543571,0.947038
8,824,0,Yes,-4.79186,-0.00827274,0.991704
8,825,0,Yes,-0.965629,-0.479141,0.619279
8,826,0,Yes,-0.00360781,-5.60995,0.00366104
8,827,0,No,-0.00215835,-6.1122,0.00221554
8,828,0,Yes,-3.24848,-0.0395459,0.961169
8,829,0,Yes,-3.62299,-0.0270046,0.973299
8,830,0,No,-9.29876e-05,-8.78828,0.000152501
8,831,0,No,-1.2211,-0.349341,0.705111
8,832,0,Yes,-3.31949,-0.0367803,0.963831
8,833,0,Yes,-4.97174,-0.0068959,0.993069
8,834,0,Yes,-1.97031,-0.150073,0.860594
8,835,0,Yes,-3.0646,-0.0477344,0.95333
8,836,0,Yes,-1.73228,-0.194583,0.823129
8,837,0,Yes,-3.00896,-0.0505399,0.95066
8,838,0,Yes,-2.82279,-0.0612164,0.940564
8,839,0,No,-0.000108486,-8.69315,0.000167721
8,840,0,Yes,-0.846614,-0.560026,0.57116
8,841,0,No,-0.950925,-0.488289,0.613639
8,842,0,No,-7.2303e-05,-8.93466,0.000131735
8,843,0,Yes,-4.05482,-0.0174308,0.982662
8,844,0,Yes,-1.53398,-0.242858,0.784337
8,845,0,No,-0.00598873,-5.11102,0.00602959
8,846,0,Yes,-0.162976,-1.89414,0.150438
8,847,0,No,-0.00086476,-6.98669,0.000924045
8,848,0,No,-0.00109255,-6.76663,0.00115151
8,849,0,Yes,-2.64206,-0.0738135,0.92879
8,850,0,No,-0.000131616,-8.56379,0.000190883
8,851,0,Yes,-3.50817,-0.0303482,0.97005
8,852,0,No,-0.189613,-1.75574,0.172769
8,853,0,Yes,-0.602542,-0.792657,0.452614
8,854,0,Yes,-4.90485,-0.00737909,0.99259
8,855,0,No,-0.514436,-0.910754,0.402197
8,856,0,No,-0.0601241,-2.84023,0.0584088
8,857,0,No,-0.143899,-2.00929,0.134076
8,858,0,No,-0.133354,-2.0802,0.124897
8,859,0,Yes,-0.630419,-0.75995,0.467662
8,860,0,No,-0.396328,-1.11696,0.327254
8,861,0,Yes,-3.30608,-0.0372872,0.963343
8,862,0,No,-0.00673753,-4.99467,0.00677357
8,863,0,No,-0.00307944,-5.76536,0.00313409
8,864,0,Yes,-3.72344,-0.0243865,0.975851
8,865,0,No,-0.000499492,-7.48954,0.000558869
8,866,0,No,-0.000932711,-6.91653,0.000991202
8,867,0,No,-0.000405752,-7.67289,0.000465245
8,868,0,Yes,-1.14334,-0.383744,0.681266
8,869,0,Yes,-0.647253,-0.741126,0.476549
8,870,0,No,-0.00174412,-6.31899,0.00180165
8,871,0,No,-0.00593141,-5.12044,0.00597305
8,872,0,Yes,-2.86484,-0.0586181,0.943011
8,873,0,Yes,-3.03705,-0.0491032,0.952027
8,874,0,Yes,-2.55508,-0.0808058,0.922319
8,875,0,No,-0.0907052,-2.44448,0.0867665
8,876,0,Yes,-1.94785,-0.153758,0.857429
8,877,0,No,-0.0164763,-4.11044,0.0163996
8,878,0,Yes,-4.47535,-0.0113914,0.988614
8,879,0,Yes,-1.91228,-0.159798,0.852266
8,880,0,Yes,-4.68919,-0.00917699,0.990806
8,881,0,No,-0.00769811,-4.86284,0.00772804
8,882,0,Yes,-4.20697,-0.0149429,0.985109
8,883,0,Yes,-4.61905,-0.0098513,0.990138
8,884,0,Yes,-1.25867,-0.334038,0.715984
8,885,0,Yes,-2.31611,-0.103803,0.90135
8,886,0,Yes,-4.57453,-0.0103049,0.989689
8,887,0,No,-0.917386,-0.509999,0.600461
8,888,0,Yes,-0.713995,-0.672609,0.510345
8,889,0,Yes,-0.374677,-1.163,0.312529
8,890,0,Yes,-1.18355,-0.365474,0.693827
8,891,0,Yes,-3.93216,-0.0197361,0.9804
8,892,0,Yes,-4.98616,-0.00679586,0.993168
8,893,0,Yes,-4.46322,-0.0115323,0.988476
8,894,0,Yes,-4.04257,-0.0176483,0.982449
8,895,0,Yes,-4.06763,-0.0172063,0.982883
8,896,0,No,-9.03647e-05,-8.80605,0.000149815
8,897,0,No,-0.000260447,-8.04756,0.000319863
8,898,0,Yes,-2.55107,-0.081144,0.922007
8,899,0,No,-0.000261639,-8.04358,0.000321136
8,900,0,No,-0.000262295,-8.04188,0.000321685
8,901,0,Yes,-4.82816,-0.00797373,0.991999
8,902,0,Yes,-1.12052,-0.394603,0.673908
8,903,0,No,-0.06304,-2.79438,0.0611493
8,904,0,Yes,-4.37997,-0.0125455,0.987475
8,905,0,Yes,-4.2486,-0.014327,0.985717
8,906,0,Yes,-4.24694,-0.0143519,0.985693
8,907,0,No,-0.0375186,-3.29999,0.0368812
8,908,0,No,-0.306819,-1.33076,0.26426
8,909,0,No,-0.312948,-1.3139,0.268755
8,910,0,Yes,-1.75748,-0.189251,0.82753
8,911,0,No,-0.000250252,-8.08114,0.000309298
8,912,0,Yes,-0.285475,-1.39271,0.248387
8,913,0,No,-0.116298,-2.20864,0.109843
8,914,0,No,-0.0011089,-6.75247,0.00116792
8,915,0,Yes,-3.73859,-0.0240147,0.976214
8,916,0,No,-0.00884644,-4.72544,0.00886632
8,917,0,Yes,-1.83006,-0.174765,0.839605
8,918,0,Yes,-3.4979,-0.0306668,0.969741
8,919,0,Yes,-4.58467,-0.0102003,0.989793
8,920,0,Yes,-2.41804,-0.0932531,0.910909
8,921,0,No,-0.00362097,-5.60643,0.00367393
8,922,0,No,-0.108861,-2.27105,0.103197
8,923,0,Yes,-3.75038,-0.0237287,0.976493
8,924,0,Yes,-4.09015,-0.0168179,0.983264
8,925,0,Yes,-0.398997,-1.1115,0.329046
8,926,0,Yes,-4.65384,-0.00951078,0.990476
8,927,0,Yes,-2.1245,-0.12719,0.880514
8,928,0,No,-0.000923702,-6.92514,0.000982711
8,929,0,No,-0.000370154,-7.75396,0.000429015
8,930,0,Yes,-2.26153,-0.109962,0.895815
8,931,0,No,-0.069636,-2.69821,0.0673221
8,932,0,No,-0.00818878,-4.80179,0.0082145
8,933,0,Yes,-2.57522,-0.0791268,0.923868
8,934,0,No,-0.00200001,-6.18635,0.0020572
8,935,0,No,-0.00399193,-5.51067,0.00404315
8,936,0,Yes,-3.18546,-0.042177,0.958643
8,937,0,No,-0.00121309,-6.66707,0.00127204
8,938,0,No,-0.011398,-4.47472,0.0113928
8,939,0,No,-0.00112191,-6.74142,0.0011809
8,940,0,Yes,-3.32539,-0.0365597,0.964044
8,941,0,No,-0.0119561,-4.42752,0.0119434
8,942,0,No,-0.0245587,-3.7165,0.0243175
8,943,0,Yes,-5.25204,-0.00519107,0.994763
8,944,0,Yes,-0.283291,-1.39935,0.246744
8,945,0,No,-0.0085505,-4.759,0.00857368
8,946,0,Yes,-2.047,-0.138186,0.870886
8,947,0,Yes,-0.482591,-0.960043,0.382854
8,948,0,Yes,-3.61054,-0.0273488,0.972964
8,949,0,Yes,-4.61592,-0.00988303,0.990108
8,950,0,No,-0.00101099,-6.8406,0.0010694
8,951,0,Yes,-3.41844,-0.0332508,0.967239
8,952,0,Yes,-1.08681,-0.411333,0.662728
8,953,0,Yes,-1.72211,-0.196783,0.821321
8,954,0,Yes,-3.18279,-0.0422919,0.958533
8,955,0,Yes,-0.7412,-0.647185,0.523486
8,956,0,Yes,-4.16639,-0.0155697,0.984493
8,957,0,Yes,-3.60849,-0.0274055,0.972909
8,958,0,Yes,-4.09512,-0.0167333,0.983347
8,959,0,No,-0.013984,-4.27258,0.0139449
8,960,0,No,-0.00129211,-6.60705,0.00135073
8,961,0,Yes,-3.36537,-0.0350992,0.965453
8,962,0,No,-0.00192601,-6.22278,0.0019836
8,963,0,No,-0.0439627,-3.14494,0.0430669
8,964,0,No,-0.70746,-0.678919,0.507135
8,965,0,No,-0.00297631,-5.79877,0.00303111
8,966,0,No,-0.0113849,-4.47596,0.0113787
8,967,0,No,-0.00957944,-4.64675,0.00959216
8,968,0,No,-1.2022,-0.357352,0.699485
8,969,0,Yes,-1.82755,-0.175246,0.839202
8,970,0,Yes,-4.04173,-0.0176627,0.982434
8,971,0,Yes,-3.93001,-0.0197783,0.980358
8,972,0,No,-0.0278073,-3.59417,0.0274818
8,973,0,No,-0.143837,-2.00969,0.134022
8,974,0,Yes,-1.59424,-0.226906,0.796949
8,975,0,No,-0.339856,-1.24415,0.288169
8,976,0,No,-0.520333,-0.902053,0.405712
8,977,0,Yes,-1.00227,-0.457262,0.632978
8,978,0,Yes,-3.31947,-0.0367812,0.96383
8,979,0,Yes,-0.180158,-1.80229,0.164912
8,980,0,Yes,-0.380803,-1.14965,0.316728
8,981,0,Yes,-0.347068,-1.22655,0.293284
8,982,0,Yes,-0.282631,-1.40137,0.246246
8,983,0,Yes,-2.63808,-0.0741198,0.928506
8,984,0,No,-0.440733,-1.03144,0.356473
8,985,0,No,-0.980848,-0.469898,0.625029
8,986,0,Yes,-0.925779,-0.504452,0.603801
8,987,0,Yes,-0.946827,-0.490878,0.612053
8,988,0,Yes,-3.09459,-0.0462893,0.954709
8,989,0,Yes,-1.46497,-0.262697,0.76893
8,990,0,Yes,-0.627724,-0.763026,0.466226
8,991,0,Yes,-0.92944,-0.502058,0.605248
8,992,0,No,-0.582728,-0.817157,0.44166
8,993,0,Yes,-1.71724,-0.197843,0.82045
8,994,0,Yes,-1.1426,-0.384087,0.681032
8,995,0,Yes,-0.675412,-0.711084,0.491083
8,996,0,Yes,-3.02368,-0.0497817,0.951381
8,997,0,Yes,-3.04165,-0.048873,0.952246
8,998,0,Yes,-4.09985,-0.0166546,0.983426
8,999,0,Yes,-4.22448,-0.0146814,0.985368
8,1000,0,Yes,-1.5301,-0.243926,0.7835
8,1001,0,Yes,-1.81986,-0.176724,0.837961
8,1002,0,Yes,-3.98212,-0.0187614,0.981355
8,1003,0,Yes,-4.74814,-0.00864597,0.991333
8,1004,0,Yes,-4.91029,-0.00733808,0.99263
8,1005,0,No,-0.589019,-0.80926,0.445161
8,1006,0,Yes,-0.958222,-0.483722,0.616448
8,1007,0,Yes,-2.43988,-0.0911426,0.912834
8,1008,0,Yes,-1.02753,-0.442905,0.64213
8,1009,0,Yes,-4.32545,-0.013256,0.986773
8,1010,0,Yes,-3.86587,-0.0211074,0.979056
8,1011,0,Yes,-4.18681,-0.015251,0.984806
8,1012,0,Yes,-4.1585,-0.0156949,0.98437
8,1013,0,Yes,-1.67549,-0.207216,0.812795
8,1014,0,Yes,-4.58646,-0.0101813,0.989812
8,1015,0,No,-0.0265378,-3.64016,0.0262467
8,1016,0,Yes,-1.79551,-0.181502,0.833967
8,1017,0,Yes,-2.39089,-0.095949,0.908457
8,1018,0,Yes,-3.13222,-0.0445391,0.956382
8,1019,0,Yes,-4.1082,-0.0165136,0.983564
8,1020,0,No,-0.00116893,-6.70281,0.00122739
8,1021,0,No,-0.0169417,-4.08291,0.0168573
8,1022,0,No,-0.0164113,-4.11431,0.0163362
8,1023,0,Yes,-4.41601,-0.0120959,0.987918
8,1024,0,Yes,-3.18547,-0.0421765,0.958644
8,1025,0,Yes,-0.563367,-0.842182,0.430744
8,1026,0,Yes,-3.49548,-0.0307432,0.969668
8,1027,0,Yes,-1.19212,-0.361715,0.69644
8,1028,0,Yes,-1.76612,-0.187459,0.829015
8,1029,0,Yes,-1.94604,-0.154061,0.857169
8,1030,0,Yes,-2.22682,-0.114077,0.892136
8,1031,0,Yes,-0.198661,-1.71351,0.180221
8,1032,0,No,-0.0125794,-4.37725,0.0125591
8,1033,0,No,-0.0521854,-2.97776,0.0509036
8,1034,0,No,-1.55154,-0.238084,0.788091
8,1035,0,Yes,-2.18552,-0.11919,0.887587
8,1036,0,Yes,-2.98,-0.0520658,0.94921
8,1037,0,Yes,-3.18943,-0.0420064,0.958807
8,1038,0,No,-0.00540079,-5.21283,0.00544592
8,1039,0,No,-0.100251,-2.34916,0.0954439
8,1040,0,No,-0.0960623,-2.38975,0.0916468
8,1041,0,Yes,-3.95247,-0.0193341,0.980794
8,1042,0,Yes,-3.30225,-0.0374331,0.963202
8,1043,0,No,-0.789914,-0.604815,0.546143
8,1044,0,Yes,-2.6868,-0.0704644,0.931906
8,1045,0,Yes,-1.33536,-0.305175,0.736951
8,1046,0,No,-0.0102455,-4.58019,0.0102524
8,1047,0,No,-0.0110977,-4.50118,0.0110952
8,1048,0,No,-0.000165059,-8.39984,0.000224889
8,1049,0,No,-0.000165119,-8.39998,0.000224858
8,1050,0,No,-7.65353e-05,-8.90366,0.000135883
8,1051,0,No,-0.000211738,-8.21154,0.000271485
8,1052,0,No,-8.46422e-05,-8.84536,0.00014404
8,1053,0,No,-0.000245661,-8.09476,0.000305114
8,1054,0,No,-0.0461999,-3.09647,0.0452057
8,1055,0,No,-0.0012113,-6.66868,0.00127
8,1056,0,No,-0.00308303,-5.76433,0.00313731
8,1057,0,No,-0.0020095,-6.1817,0.00206678
8,1058,0,No,-0.000232604,-8.13947,0.000291774
8,1059,0,No,-0.000148844,-8.47677,0.000208237
8,1060,0,No,-0.0031268,-5.75039,0.00318136
8,1061,0,Yes,-2.43074,-0.0920192,0.912033
8,1062,0,Yes,-4.65329,-0.00951583,0.99047
8,1063,0,No,-3.93975,-0.0195847,0.980548
8,1064,0,Yes,-4.85862,-0.00773247,0.992239
8,1065,0,No,-2.05687,-0.136731,0.872154
8,1066,0,No,-0.000133106,-8.55548,0.000192475
8,1067,0,No,-6.52096e-05,-8.99159,0.000124444
8,1068,0,No,-0.0662882,-2.74578,0.0641947
8,1069,0,No,-0.000660638,-7.23611,0.000720063
8,1070,0,No,-0.00014169,-8.51344,0.000200739
8,1071,0,No,-4.70292e-05,-9.14907,0.000106313
8,1072,0,No,-0.116342,-2.20829,0.109882
8,1073,0,No,-4.00551e-05,-9.21951,9.90812e-05
8,1074,0,No,-0.00027565,-8.0006,0.000335241
8,1075,0,No,-0.000123151,-8.6086,0.000182518
8,1076,0,No,-0.264007,-1.46063,0.232077
8,1077,0,No,-0.00205681,-6.15911,0.002114
8,1078,0,No,-0.250026,-1.50833,0.221266
8,1079,0,No,-0.00082843,-7.02706,0.000887486
8,1080,0,No,-0.00198812,-6.19197,0.00204567
8,1081,0,No,-0.00359011,-5.615,0.00364261
8,1082,0,Yes,-0.279017,-1.41251,0.243518
8,1083,0,No,-0.00263687,-5.91724,0.00269246
8,1084,0,Yes,-3.89161,-0.0205635,0.979589
8,1085,0,Yes,-4.59621,-0.0100812,0.989911
8,1086,0,Yes,-5.0133,-0.00661176,0.993352
8,1087,0,Yes,-0.149534,-1.97364,0.138942
8,1088,0,No,-0.200029,-1.70731,0.181342
8,1089,0,Yes,-0.754763,-0.634997,0.529906
8,1090,0,Yes,-1.06845,-0.420807,0.656478
8,1091,0,Yes,-3.82472,-0.0220066,0.978177
8,1092,0,Yes,-2.77676,-0.0641984,0.937764
8,1093,0,No,-0.000521617,-7.45065,0.000581029
8,1094,0,No,-0.00071074,-7.16931,0.000769811
8,1095,0,No,-0.00157343,-6.4182,0.00163149
8,1096,0,No,-0.0256982,-3.6718,0.0254291
8,1097,0,No,-0.00180825,-6.28382,0.00186615
8,1098,0,No,-0.0229929,-3.78142,0.022789
8,1099,0,Yes,-0.12289,-2.15677,0.115691
8,1100,0,No,-0.791194,-0.603754,0.546723
8,1101,0,Yes,-3.73535,-0.024094,0.976137
8,1102,0,Yes,-4.29305,-0.0136978,0.986338
8,1103,0,Yes,-4.03915,-0.0177082,0.982389
8,1104,0,Yes,-0.921338,-0.507377,0.602037
8,1105,0,No,-0.549913,-0.860245,0.423034
8,1106,0,Yes,-0.526334,-0.893326,0.409268
8,1107,0,No,-0.692092,-0.694086,0.499501
8,1108,0,Yes,-3.83886,-0.021692,0.978483
8,1109,0,Yes,-3.87004,-0.0210185,0.979144
8,1110,0,Yes,-4.81126,-0.00811078,0.991863
8,1111,0,Yes,-4.14207,-0.0159576,0.984111
8,1112,0,Yes,-3.60255,-0.0275721,0.972747
8,1113,0,Yes,-2.69776,-0.0696683,0.932648
8,1114,0,Yes,-2.89727,-0.0566916,0.944829
8,1115,0,Yes,-2.23296,-0.113338,0.892796
8,1116,0,No,-0.0330949,-3.42304,0.0326112
8,1117,0,Yes,-2.50093,-0.0855034,0.917996
8,1118,0,Yes,-4.12726,-0.0161982,0.983874
8,1119,0,Yes,-2.66003,-0.0724498,0.930058
8,1120,0,Yes,-2.32338,-0.103011,0.902064
8,1121,0,Yes,-2.74872,-0.0660876,0.935994
8,1122,0,Yes,-4.15242,-0.0157916,0.984275
8,1123,0,Yes,-0.575561,-0.826293,0.437643
8,1124,0,Yes,-4.04306,-0.0176389,0.982457
8,1125,0,Yes,-1.95262,-0.152968,0.858106
8,1126,0,Yes,-3.5695,-0.0285139,0.971832
8,1127,0,No,-1.66716,-0.209145,0.811229
8,1128,0,No,-0.397805,-1.11393,0.328246
8,1129,0,No,-0.592519,-0.804914,0.4471
8,1130,0,No,-1.47691,-0.259137,0.771672
8,1131,0,Yes,-3.16294,-0.04316,0.957701
8,1132,0,Yes,-1.62405,-0.219451,0.802912
8,1133,0,Yes,-3.88011,-0.0208041,0.979353
8,1134,0,Yes,-4.4916,-0.0112061,0.988798
8,1135,0,Yes,-3.51771,-0.0300551,0.970334
8,1136,0,Yes,-3.7281,-0.0242711,0.975963
8,1137,0,Yes,-3.85816,-0.0212716,0.978894
8,1138,0,Yes,-0.269125,-1.44388,0.235997
8,1139,0,No,-0.596785,-0.799665,0.449453
8,1140,0,Yes,-2.90582,-0.0561937,0.945299
8,1141,0,Yes,-3.07969,-0.0470012,0.954029
8,1142,0,Yes,-4.16014,-0.0156682,0.984396
8,1143,0,Yes,-4.94769,-0.00706546,0.992901
8,1144,0,Yes,-3.92659,-0.0198463,0.98029
8,1145,0,No,-0.569338,-0.834346,0.434133
8,1146,0,Yes,-2.54341,-0.0817952,0.921406
8,1147,0,Yes,-3.5532,-0.0289898,0.971369
8,1148,0,Yes,-3.30271,-0.0374156,0.963219
8,1149,0,Yes,-3.46752,-0.0316298,0.968808
8,1150,0,Yes,-0.263431,-1.46253,0.231635
8,1151,0,Yes,-3.24415,-0.0397215,0.961001
8,1152,0,Yes,-2.42281,-0.092788,0.911333
8,1153,0,No,-0.136344,-2.05951,0.127509
8,1154,0,No,-0.00208386,-6.14635,0.00214115
8,1155,0,No,-0.0236568,-3.75339,0.0234368
8,1156,0,No,-0.00636609,-5.05064,0.00640487
8,1157,0,No,-0.0029023,-5.82329,0.00295768
8,1158,0,No,-0.0066843,-5.00256,0.00672034
8,1159,0,No,-0.48596,-0.954637,0.384929
8,1160,0,Yes,-2.20621,-0.116599,0.889889
8,1161,0,Yes,-1.31623,-0.312092,0.731871
8,1162,0,No,-0.0433432,-3.15879,0.0424745
8,1163,0,Yes,-1.59221,-0.227423,0.796537
8,1164,0,No,-0.0154896,-4.17145,0.015429
8,1165,0,No,-0.101796,-2.33464,0.0968393
8,1166,0,Yes,-1.91218,-0.159816,0.852251
8,1167,0,Yes,-1.91933,-0.158581,0.853303
8,1168,0,Yes,-3.07331,-0.0473107,0.953735
8,1169,0,Yes,-0.631694,-0.758499,0.468341
8,1170,0,Yes,-2.36072,-0.0990392,0.905654
8,1171,0,No,-0.152203,-1.95725,0.141237
8,1172,0,Yes,-3.17378,-0.0426845,0.958157
8,1173,0,No,-0.251423,-1.50343,0.222353
8,1174,0,No,-0.485704,-0.955043,0.384773
8,1175,0,Yes,-2.94018,-0.0542422,0.947147
8,1176,0,No,-0.716214,-0.670486,0.51143
8,1177,0,Yes,-3.77451,-0.0231549,0.977053
8,1178,0,Yes,-2.49123,-0.0863739,0.917197
8,1179,0,No,-0.11542,-2.21579,0.109061
8,1180,0,Yes,-4.48269,-0.0113078,0.988698
8,1181,0,Yes,-0.728291,-0.659082,0.517295
8,1182,0,Yes,-3.41028,-0.0335287,0.96697
8,1183,0,No,-0.0106126,-4.54542,0.0106151
8,1184,0,Yes,-3.97308,-0.0189344,0.981186
8,1185,0,No,-2.8,-0.0626752,0.939193
8,1186,0,Yes,-1.98561,-0.147616,0.862711
8,1187,0,No,-0.486666,-0.95351,0.385363
8,1188,0,No,-0.318294,-1.29949,0.272654
8,1189,0,No,-0.00971666,-4.6326,0.00972881
8,1190,0,No,-0.000264799,-8.03412,0.00032419
8,1191,0,No,-0.000255915,-8.06225,0.000315198
8,1192,0,No,-0.000251861,-8.07415,0.000311471
8,1193,0,No,-0.000133583,-8.55228,0.000193093
8,1194,0,No,-0.0114429,-4.47089,0.0114365
8,1195,0,No,-0.0325573,-3.43914,0.0320905
8,1196,0,No,-0.00070895,-7.17167,0.000767996
8,1197,0,No,-0.0018605,-6.25657,0.0019177
8,1198,0,No,-0.000610896,-7.308,0.000670119
8,1199,0,No,-0.00250325,-5.96808,0.002559
8,1200,0,No,-0.000373254,-7.74596,0.00043246
8,1201,0,No,-0.000347675,-7.80607,0.00040723
8,1202,0,Yes,-4.95034,-0.00704649,0.992919
8,1203,0,Yes,-4.85538,-0.00775716,0.992214
8,1204,0,Yes,-5.041,-0.00642896,0.993533
8,1205,0,Yes,-4.4604,-0.0115657,0.988443
8,1206,0,No,-9.85313e-05,-8.75182,0.000158163
8,1207,0,No,-0.000269449,-8.02055,0.000328621
8,1208,0,No,-4.8877e-05,-9.13216,0.000108125
8,1209,0,No,-0.000676682,-7.21438,0.00073588
8,1210,0,No,-0.00015093,-8.46883,0.000209899
8,1211,0,No,-0.000186818,-8.30891,0.000246299
8,1212,0,No,-0.00219759,-6.09482,0.00225438
8,1213,0,No,-0.00382109,-5.55372,0.00387279
8,1214,0,No,-0.287667,-1.3861,0.250033
8,1215,0,No,-0.0124519,-4.3873,0.0124336
8,1216,0,No,-0.00141685,-6.51894,0.00147515
8,1217,0,Yes,-0.8302,-0.572529,0.564064
8,1218,0,No,-0.23639,-1.55786,0.210574
8,1219,0,No,-0.525621,-0.894356,0.408847
8,1220,0,Yes,-0.547881,-0.863023,0.42186
8,1221,0,Yes,-4.39708,-0.0123302,0.987688
8,1222,0,Yes,-4.38895,-0.0124317,0.987587
8,1223,0,Yes,-2.86124,-0.0588357,0.942806
8,1224,0,No,-0.000380827,-7.72884,0.000439928
8,1225,0,No,-0.000376116,-7.74012,0.000434995
8,1226,0,No,-0.000248821,-8.08491,0.000308136
8,1227,0,No,-0.00790259,-4.83695,0.00793072
8,1228,0,No,-0.00196656,-6.20275,0.00202374
8,1229,0,No,-0.00453426,-5.38529,0.00458325
8,1230,0,No,-0.0150944,-4.19697,0.0150402
8,1231,0,No,-0.00505207,-5.27875,0.00509852
8,1232,0,No,-0.065268,-2.76077,0.0632395
8,1233,0,No,-0.00349548,-5.64108,0.00354881
8,1234,0,Yes,-2.3556,-0.0995737,0.905169
8,1235,0,Yes,-2.714,-0.0685057,0.933733
8,1236,0,Yes,-3.75661,-0.0235791,0.976639
8,1237,0,Yes,-2.07153,-0.134599,0.874015
8,1238,0,No,-0.0607469,-2.83025,0.0589944
8,1239,0,No,-0.0407636,-3.21878,0.0400014
8,1240,0,Yes,-3.38078,-0.034551,0.965981
8,1241,0,Yes,-2.15089,-0.123662,0.883626
8,1242,0,Yes,-4.84805,-0.00781542,0.992157
8,1243,0,Yes,-4.56537,-0.0104001,0.989595
8,1244,0,No,-0.00414801,-5.47308,0.00419803
8,1245,0,Yes,-3.21953,-0.0407326,0.960029
8,1246,0,Yes,-4.01871,-0.0180792,0.982025
8,1247,0,No,-0.000608689,-7.31178,0.00066759
8,1248,0,No,-0.00192243,-6.22469,0.00197981
8,1249,0,No,-0.235182,-1.5624,0.20962
8,1250,0,No,-0.000528714,-7.43891,0.000587892
8,1251,0,Yes,-4.80947,-0.00812563,0.991848
8,1252,0,Yes,-3.86271,-0.0211739,0.97899
8,1253,0,No,-0.00090145,-6.94784,0.000960654
8,1254,0,No,-0.000411953,-7.66066,0.000470969
8,1255,0,No,-0.00142348,-6.51455,0.00148163
8,1256,0,Yes,-1.21314,-0.352687,0.702756
8,1257,0,Yes,-0.764115,-0.626774,0.534281
8,1258,0,Yes,-5.34165,-0.00473905,0.995212
8,1259,0,Yes,-4.33512,-0.0131263,0.9869
8,1260,0,No,-0.000238268,-8.11931,0.000297717
8,1261,0,Yes,-3.17172,-0.0427733,0.958071
8,1262,0,No,-0.000327999,-7.85652,0.000387198
8,1263,0,Yes,-5.51243,-0.00398433,0.995964
8,1264,0,No,-0.00127982,-6.61621,0.00133842
8,1265,0,Yes,-1.64259,-0.214951,0.806533
8,1266,0,No,-0.00739441,-4.9027,0.00742608
8,1267,0,Yes,-4.36284,-0.0127645,0.987259
8,1268,0,No,-0.000557161,-7.39069,0.000616931
8,1269,0,Yes,-3.98592,-0.0186895,0.981426
8,1270,0,No,-0.0298825,-3.52337,0.0294982
8,1271,0,No,-0.092578,-2.42496,0.0884765
8,1272,0,No,-0.0130947,-4.33754,0.0130678
8,1273,0,Yes,-4.15446,-0.015758,0.984307
8,1274,0,No,-0.00320638,-5.72588,0.00326028
8,1275,0,Yes,-3.97385,-0.0189202,0.9812
8,1276,0,No,-0.00252619,-5.95901,0.00258232
8,1277,0,No,-0.00344177,-5.65638,0.00349495
8,1278,0,No,-0.137769,-2.04981,0.128752
8,1279,0,No,-8.44037e-05,-8.84762,0.000143715
8,1280,0,No,-0.0791366,-2.5751,0.0761416
8,1281,0,Yes,-4.98811,-0.00678163,0.993182
8,1282,0,No,-4.67853,-0.00927571,0.990708
8,1283,0,No,-0.00134726,-6.56731,0.00140549
8,1284,0,No,-0.000217998,-8.18922,0.000277615
8,1285,0,No,-0.473478,-0.974911,0.377204
8,1286,0,Yes,-5.1277,-0.00588764,0.99407
8,1287,0,Yes,-3.21006,-0.0411295,0.959648
8,1288,0,No,-0.000369498,-7.7533,0.000429297
8,1289,0,No,-0.000118978,-8.63065,0.000178538
8,1290,0,Yes,-5.55563,-0.00381302,0.996135
8,1291,0,No,-4.55986e-05,-9.16253,0.00010489
8,1292,0,No,-0.000194211,-8.27978,0.000253577
8,1293,0,No,-0.000320069,-7.87727,0.000379243
8,1294,0,No,-7.32568e-05,-8.92698,0.000132751
8,1295,0,Yes,-4.13328,-0.0160997,0.983971
8,1296,0,Yes,-4.25155,-0.0142849,0.985759
8,1297,0,No,-0.000105983,-8.70751,0.000165329
8,1298,0,No,-0.000228073,-8.15454,0.000287411
8,1299,0,No,-0.000363774,-7.76857,0.000422794
8,1300,0,Yes,-4.35424,-0.0128749,0.987149
8,1301,0,No,-0.10422,-2.31231,0.099026
8,1302,0,No,-1.63318,-0.217223,0.804703
8,1303,0,No,-0.00173624,-6.32329,0.00179392
8,1304,0,No,-0.00170842,-6.33874,0.00176643
8,1305,0,No,-0.868726,-0.54374,0.580539
8,1306,0,Yes,-4.90269,-0.00739489,0.992574
8,1307,0,No,-0.00494706,-5.29939,0.00499432
8,1308,0,No,-0.0084025,-4.77637,0.00842601
8,1309,0,No,-0.00275598,-5.87392,0.00281167
8,1310,0,Yes,-3.70147,-0.0249359,0.975314
8,1311,0,Yes,-3.30591,-0.0372929,0.963336
8,1312,0,Yes,-4.06614,-0.0172311,0.982858
8,1313,0,Yes,-3.66248,-0.0259424,0.974333
8,1314,0,Yes,-1.13791,-0.386293,0.679531
8,1315,0,No,-0.249181,-1.51131,0.220607
8,1316,0,Yes,-2.52351,-0.0835105,0.919827
8,1317,0,No,-0.169143,-1.86001,0.155661
8,1318,0,No,-0.00114554,-6.72173,0.00120438
8,1319,0,No,-0.134909,-2.06938,0.126257
8,1320,0,Yes,-5.50425,-0.00401766,0.995931
8,1321,0,No,-0.00214001,-6.12085,0.00219646
8,1322,0,Yes,-3.54713,-0.0291687,0.971195
8,1323,0,No,-0.91634,-0.510695,0.600043
8,1324,0,No,-0.133204,-2.08126,0.124766
8,1325,0,Yes,-3.4639,-0.0317475,0.968694
8,1326,0,Yes,-4.00986,-0.0182414,0.981865
8,1327,0,Yes,-2.77961,-0.0640088,0.937941
8,1328,0,Yes,-5.84149,-0.00284869,0.997096
8,1329,0,No,-0.0164392,-4.11263,0.0163638
8,1330,0,No,-0.514293,-0.910966,0.402112
8,1331,0,Yes,-2.6315,-0.0746274,0.928034
8,1332,0,Yes,-0.539845,-0.874141,0.417196
8,1333,0,Yes,-2.97725,-0.0522131,0.94907
8,1334,0,Yes,-2.46323,-0.08894,0.914846
8,1335,0,Yes,-2.38182,-0.0968672,0.907623
8,1336,0,Yes,-2.29596,-0.106034,0.899341
8,1337,0,Yes,-2.83161,-0.0606615,0.941086
8,1338,0,Yes,-2.62906,-0.0748181,0.927858
8,1339,0,Yes,-3.94906,-0.0194,0.980728
8,1340,0,Yes,-4.03649,-0.0177561,0.982342
8,1341,0,Yes,-4.3318,-0.0131703,0.986857
8,1342,0,Yes,-4.28082,-0.0138672,0.986169
8,1343,0,Yes,-5.837,-0.00286207,0.997083
8,1344,0,Yes,-3.4714,-0.0315058,0.968928
8,1345,0,Yes,-1.93098,-0.156592,0.855003
8,1346,0,No,-0.0354079,-3.35675,0.0348461
8,1347,0,Yes,-4.86728,-0.00766513,0.992306
8,1348,0,Yes,-3.08913,-0.0465493,0.954461
8,1349,0,Yes,-2.40244,-0.0947925,0.909508
8,1350,0,No,-4.12246,-0.0162773,0.983796
8,1351,0,Yes,-0.656912,-0.730622,0.481581
8,1352,0,Yes,-0.0915361,-2.43576,0.0875261
8,1353,0,Yes,-5.33598,-0.0047666,0.995185
8,1354,0,No,-0.737111,-0.650922,0.521534
8,1355,0,Yes,-4.36896,-0.0126854,0.987336
8,1356,0,Yes,-3.30457,-0.037345,0.963287
8,1357,0,Yes,-2.98035,-0.0520472,0.949228
8,1358,0,No,-0.309939,-1.32213,0.266552
8,1359,0,Yes,-5.04558,-0.00639842,0.993563
8,1360,0,No,-0.403118,-1.10315,0.331806
8,1361,0,Yes,-1.30567,-0.315989,0.729024
8,1362,0,Yes,-1.03715,-0.437583,0.645557
8,1363,0,No,-1.04171,-0.43509,0.647169
8,1364,0,Yes,-1.72905,-0.195277,0.822558
8,1365,0,Yes,-0.631453,-0.758773,0.468213
8,1366,0,Yes,-2.91575,-0.0556231,0.94584
8,1367,0,Yes,-0.354954,-1.2078,0.298835
8,1368,0,Yes,-3.82254,-0.0220545,0.978129
8,1369,0,Yes,-2.5466,-0.0815229,0.921657
8,1370,0,Yes,-2.12607,-0.126978,0.880702
8,0,1,No,-0.000372956,-7.74752,0.000431786
8,1,1,No,-0.000265455,-8.03427,0.000324143
8,2,1,No,-0.101738,-2.33518,0.096787
8,3,1,Yes,-2.88896,-0.0571794,0.944369
8,4,1,No,-0.014342,-4.24759,0.0142978
8,5,1,Yes,-2.46343,-0.088922,0.914862
8,6,1,No,-0.360869,-1.19406,0.302971
8,7,1,No,-0.106894,-2.2883,0.101433
8,8,1,No,-1.38647,-0.287547,0.750057
8,9,1,No,-0.016307,-4.12063,0.0162333
8,10,1,No,-0.000448208,-7.58563,0.000507667
8,11,1,No,-0.00226498,-6.06532,0.00232189
8,12,1,No,-0.000775936,-7.08751,0.000835421
8,13,1,No,-0.101279,-2.33948,0.0963723
8,14,1,Yes,-0.12362,-2.15121,0.116336
8,15,1,Yes,-1.61592,-0.221457,0.801304
8,16,1,No,-0.00103253,-6.81991,0.00109176
8,17,1,No,-0.000752494,-7.11692,0.000811212
8,18,1,Yes,-2.49931,-0.0856471,0.917863
8,19,1,Yes,-2.70929,-0.0688416,0.93342
8,20,1,Yes,-1.94577,-0.154106,0.857131
8,21,1,Yes,-4.22349,-0.0146959,0.985353
8,22,1,Yes,-3.13034,-0.0446251,0.9563
8,23,1,Yes,-2.24748,-0.111608,0.894342
8,24,1,Yes,-2.77791,-0.0641219,0.937836
8,25,1,Yes,-3.17781,-0.0425087,0.958326
8,26,1,No,-0.0965356,-2.38507,0.0920767
8,27,1,No,-0.00851804,-4.76283,0.00854094
8,28,1,No,-1.06415,-0.42306,0.655001
8,29,1,Yes,-1.21473,-0.352015,0.703228
8,30,1,Yes,-4.57954,-0.0102525,0.989741
8,31,1,Yes,-2.30554,-0.104967,0.900301
8,32,1,No,-0.386204,-1.1381,0.320408
8,33,1,Yes,-0.814265,-0.585022,0.557061
8,34,1,Yes,-0.371453,-1.17013,0.310309
8,35,1,No,-1.08304,-0.413252,0.661457
8,36,1,Yes,-3.37083,-0.0349039,0.965641
8,37,1,Yes,-4.53934,-0.0106773,0.98932
8,38,1,Yes,-1.16072,-0.375717,0.686756
8,39,1,No,-0.00143733,-6.50507,0.00149574
8,40,1,Yes,-2.95333,-0.0535129,0.947838
8,41,1,Yes,-2.41763,-0.0932928,0.910873
8,42,1,No,-0.00010789,-8.69689,0.000167094
8,43,1,Yes,-3.23738,-0.039997,0.960736
8,44,1,Yes,-4.60423,-0.0100005,0.989991
8,45,1,No,-0.306629,-1.33129,0.26412
8,46,1,No,-1.55531,-0.23707,0.788889
8,47,1,Yes,-3.34839,-0.0357109,0.964861
8,48,1,Yes,-3.69581,-0.0250803,0.975174
8,49,1,No,-0.00497935,-5.29307,0.00502599
8,50,1,No,-0.00339105,-5.67096,0.00344437
8,51,1,No,-0.0256209,-3.67479,0.0253533
8,52,1,No,-0.0200471,-3.91668,0.0199058
8,53,1,No,-0.0204516,-3.89697,0.0203022
8,54,1,Yes,-4.37384,-0.0126233,0.987398
8,55,1,Yes,-0.915193,-0.511461,0.599584
8,56,1,Yes,-1.86315,-0.168566,0.844826
8,57,1,Yes,-3.3294,-0.0364099,0.964188
8,58,1,Yes,-4.55261,-0.0105358,0.989461
8,59,1,No,-0.00044624,-7.58995,0.000505478
8,60,1,Yes,-2.21745,-0.115216,0.89112
8,61,1,Yes,-4.70198,-0.00905921,0.990923
8,62,1,Yes,-4.96934,-0.0069127,0.993053
8,63,1,Yes,-0.261171,-1.47007,0.229897
8,64,1,Yes,-3.02387,-0.0497727,0.95139
8,65,1,Yes,-2.81097,-0.0619691,0.939857
8,66,1,Yes,-1.49774,-0.253056,0.776378
8,67,1,Yes,-4.72089,-0.00888769,0.991093
8,68,1,No,-0.333091,-1.26106,0.283337
8,69,1,No,-0.152545,-1.95518,0.141531
8,70,1,Yes,-3.74219,-0.0239279,0.976299
8,71,1,No,-0.00547067,-5.20023,0.00551498
8,72,1,Yes,-1.04268,-0.434562,0.64751
8,73,1,No,-0.000126966,-8.58735,0.000186439
8,74,1,Yes,-2.33012,-0.102282,0.902721
8,75,1,No,-0.405212,-1.09894,0.333204
8,76,1,No,-0.0360823,-3.33825,0.0354968
8,77,1,No,-0.000333663,-7.84045,0.000393467
8,78,1,Yes,-4.69274,-0.00914457,0.990839
8,79,1,Yes,-3.84096,-0.0216462,0.978528
8,80,1,Yes,-0.280026,-1.40938,0.24428
8,81,1,Yes,-0.218212,-1.62911,0.196092
8,82,1,No,-3.73494,-0.0241033,0.976127
8,83,1,Yes,-2.51201,-0.0845199,0.9189
8,84,1,Yes,-2.37342,-0.0977261,0.906844
8,85,1,Yes,-3.71739,-0.0245358,0.975704
8,86,1,Yes,-4.22979,-0.0146025,0.985445
8,87,1,Yes,-4.19307,-0.0151552,0.984901
8,88,1,Yes,-2.51078,-0.0846276,0.9188
8,89,1,Yes,-2.38334,-0.096713,0.907763
8,90,1,Yes,-3.13039,-0.0446221,0.956302
8,91,1,Yes,-2.65078,-0.0731487,0.929408
8,92,1,Yes,-0.511148,-0.915662,0.400228
8,93,1,Yes,-3.31868,-0.0368105,0.963801
8,94,1,Yes,-0.570189,-0.833237,0.434615
8,95,1,Yes,-4.95059,-0.00704481,0.992921
8,96,1,Yes,-3.56729,-0.0285779,0.971769
8,97,1,No,-0.203311,-1.69263,0.184024
8,98,1,Yes,-3.32616,-0.0365309,0.964071
8,99,1,No,-0.0652134,-2.76157,0.0631884
8,100,1,No,-0.342342,-1.23803,0.289937
8,101,1,Yes,-2.04076,-0.139114,0.870078
8,102,1,Yes,-2.50372,-0.0852546,0.918225
8,103,1,Yes,-0.904394,-0.518737,0.595237
8,104,1,No,-0.286749,-1.38886,0.249344
8,105,1,No,-0.751294,-0.638086,0.528272
8,106,1,No,-0.000371764,-7.74965,0.000430867
8,107,1,No,-0.00809991,-4.81269,0.00812547
8,108,1,No,-0.0185002,-3.99598,0.0183883
8,109,1,No,-0.0364027,-3.3296,0.0358053
8,110,1,Yes,-4.04196,-0.0176584,0.982438
8,111,1,No,-0.00264446,-5.91425,0.00270053
8,112,1,No,-0.00967838,-4.63659,0.00969012
8,113,1,No,-0.396837,-1.11591,0.327596
8,114,1,Yes,-3.01604,-0.0501737,0.951008
8,115,1,No,-0.000173345,-8.36873,0.000231997
8,116,1,No,-0.00046079,-7.56134,0.000520145
8,117,1,Yes,-4.68567,-0.00920971,0.990774
8,118,1,No,-0.601693,-0.793684,0.452149
8,119,1,No,-0.000225868,-8.1621,0.000285246
8,120,1,Yes,-4.72421,-0.00885732,0.991123
8,121,1,Yes,-4.70888,-0.00899618,0.990986
8,122,1,No,-0.0127428,-4.36447,0.0127207
8,123,1,Yes,-4.20035,-0.0150434,0.985011
8,124,1,No,-0.00142276,-6.51481,0.00148124
8,125,1,No,-0.244936,-1.52646,0.217292
8,126,1,Yes,-3.08641,-0.0466792,0.954337
8,127,1,Yes,-3.17656,-0.0425631,0.958274
8,128,1,No,-0.155885,-1.93516,0.144393
8,129,1,No,-0.000271119,-8.01612,0.000330078
8,130,1,No,-0.000144969,-8.49724,0.000204018
8,131,1,No,-0.000247151,-8.09006,0.000306552
8,132,1,No,-0.00199971,-6.18654,0.0020568
8,133,1,Yes,-2.52872,-0.083058,0.920243
8,134,1,Yes,-3.65558,-0.0261253,0.974155
8,135,1,No,-0.00121309,-6.66801,0.00127085
8,136,1,Yes,-0.452596,-1.01037,0.364063
8,137,1,Yes,-1.59775,-0.226014,0.79766
8,138,1,Yes,-0.284849,-1.3946,0.247916
8,139,1,Yes,-2.49372,-0.0861495,0.917403
8,140,1,No,-0.318967,-1.2977,0.273143
8,141,1,Yes,-3.01968,-0.0499871,0.951186
8,142,1,No,-0.00558634,-5.17963,0.00562974
8,143,1,No,-3.20754,-0.041236,0.959546
8,144,1,No,-8.08868e-05,-8.87083,0.000140417
8,145,1,Yes,-2.22158,-0.114714,0.891568
8,146,1,Yes,-0.536907,-0.87826,0.415481
8,147,1,Yes,-1.94575,-0.154108,0.857128
8,148,1,Yes,-0.184946,-1.77839,0.1689
8,149,1,Yes,-3.11112,-0.0455125,0.955452
8,150,1,Yes,-3.02934,-0.0494932,0.951655
8,151,1,Yes,-0.420548,-1.06894,0.343352
8,152,1,Yes,-2.31572,-0.103847,0.901311
8,153,1,Yes,-2.09934,-0.130653,0.877471
8,154,1,No,-2.31348,-0.104092,0.90109
8,155,1,Yes,-2.86792,-0.0584331,0.943186
8,156,1,Yes,-2.97449,-0.0523623,0.948929
8,157,1,Yes,-1.27399,-0.328023,0.720304
8,158,1,Yes,-0.380021,-1.15134,0.316193
8,159,1,Yes,-1.66713,-0.209153,0.811224
8,160,1,Yes,-2.58283,-0.0785033,0.924444
8,161,1,No,-1.59199,-0.22748,0.796492
8,162,1,No,-0.571769,-0.831186,0.435507
8,163,1,Yes,-1.00012,-0.458512,0.632187
8,164,1,Yes,-4.44568,-0.011738,0.988272
8,165,1,No,-0.263086,-1.46368,0.231369
8,166,1,Yes,-4.27604,-0.0139351,0.986103
8,167,1,Yes,-1.71985,-0.197275,0.820917
8,168,1,No,-0.137664,-2.05052,0.128661
8,169,1,Yes,-2.11672,-0.128251,0.879581
8,170,1,Yes,-3.8083,-0.0223754,0.977815
8,171,1,Yes,-2.82689,-0.0609586,0.940807
8,172,1,No,-0.0768097,-2.60377,0.0739895
8,173,1,No,-0.0164629,-4.11124,0.0163864
8,174,1,Yes,-4.24096,-0.0144384,0.985607
8,175,1,Yes,-3.88303,-0.0207427,0.979413
8,176,1,No,-0.000779694,-7.08416,0.000838231
8,177,1,No,-0.00307938,-5.76539,0.00313399
8,178,1,Yes,-3.91231,-0.0201363,0.980007
8,179,1,No,-0.020973,-3.8721,0.0208133
8,180,1,No,-0.0261521,-3.65457,0.0258711
8,181,1,No,-0.0840689,-2.51713,0.0806865
8,182,1,Yes,-2.30529,-0.104995,0.900276
8,183,1,No,-0.720029,-0.666855,0.51329
8,184,1,No,-1.23962,-0.341696,0.710522
8,185,1,Yes,-3.68672,-0.0253122,0.974947
8,186,1,Yes,-3.12954,-0.0446612,0.956265
8,187,1,Yes,-0.520465,-0.90186,0.40579
8,188,1,Yes,-2.61372,-0.0760206,0.926743
8,189,1,Yes,-2.26789,-0.109224,0.896476
8,190,1,Yes,-2.11694,-0.12822,0.879607
8,191,1,Yes,-1.55707,-0.236602,0.789259
8,192,1,No,-0.000993387,-6.85699,0.00105202
8,193,1,No,-0.00884114,-4.72609,0.00886055
8,194,1,Yes,-1.86902,-0.167491,0.845735
8,195,1,No,-0.000275769,-8.00226,0.000334685
8,196,1,No,-0.000306534,-7.91116,0.000366606
8,197,1,No,-0.000375341,-7.74155,0.000434371
8,198,1,Yes,-0.22417,-1.60505,0.200868
8,199,1,No,-0.000383987,-7.7206,0.000443569
8,200,1,No,-1.17535,-0.369112,0.691308
8,201,1,No,-0.0137327,-4.29046,0.0136978
8,202,1,Yes,-4.69043,-0.00916532,0.990818
8,203,1,No,-0.000229206,-8.14977,0.000288786
8,204,1,Yes,-0.96794,-0.477723,0.620157
8,205,1,No,-0.000243038,-8.10366,0.000302412
8,206,1,Yes,-3.26296,-0.0389654,0.961727
8,207,1,Yes,-5.25736,-0.00516327,0.994791
8,208,1,Yes,-3.81817,-0.0221523,0.978033
8,209,1,Yes,-4.51033,-0.0109964,0.989006
8,210,1,Yes,-0.492446,-0.944359,0.388906
8,211,1,Yes,-3.17063,-0.042822,0.958025
8,212,1,Yes,-0.172048,-1.8444,0.158111
8,213,1,No,-6.55673e-05,-8.98719,0.000124993
8,214,1,No,-0.000491323,-7.50535,0.000550102
8,215,1,Yes,-3.9599,-0.019188,0.980936
8,216,1,Yes,-5.01334,-0.00661104,0.993352
8,217,1,No,-0.00589723,-5.1263,0.00593814
8,218,1,Yes,-3.11781,-0.0452017,0.955749
8,219,1,Yes,-2.97123,-0.0525376,0.948763
8,220,1,Yes,-4.13712,-0.0160373,0.984032
8,221,1,Yes,-1.23626,-0.343066,0.709549
8,222,1,No,-1.65983,-0.210861,0.80984
8,223,1,Yes,-4.83777,-0.00789592,0.992076
8,224,1,Yes,-2.33439,-0.101823,0.903136
8,225,1,Yes,-0.284817,-1.3947,0.247892
8,226,1,No,-0.0437097,-3.15059,0.0428244
8,227,1,No,-0.589945,-0.808107,0.445675
8,228,1,Yes,-2.46059,-0.0891863,0.91462
8,229,1,Yes,-5.3894,-0.00451558,0.995436
8,230,1,No,-0.000507066,-7.47699,0.000565923
8,231,1,Yes,-2.71109,-0.0687134,0.933539
8,232,1,Yes,-2.56078,-0.080327,0.92276
8,233,1,Yes,-4.31979,-0.013332,0.986698
8,234,1,No,-0.254258,-1.49358,0.224554
8,235,1,Yes,-2.65795,-0.0726058,0.929913
8,236,1,No,-0.000280002,-7.98798,0.000339501
8,237,1,No,-0.000335571,-7.83662,0.00039498
8,238,1,No,-0.00374242,-5.57413,0.00379456
8,239,1,No,-0.143301,-2.01316,0.133558
8,240,1,Yes,-3.81098,-0.0223139,0.977875
8,241,1,No,-9.00071e-05,-8.80866,0.000149424
8,242,1,Yes,-0.289061,-1.38194,0.251077
8,243,1,Yes,-0.331808,-1.26431,0.282417
8,244,1,No,-0.00113349,-6.73211,0.00119195
8,245,1,No,-0.506451,-0.922742,0.397404
8,246,1,Yes,-3.10061,-0.0460051,0.954981
8,247,1,No,-0.427125,-1.05648,0.347657
8,248,1,Yes,-4.3297,-0.0131995,0.986829
8,249,1,No,-0.463097,-0.992289,0.370705
8,250,1,Yes,-2.86323,-0.058716,0.942919
8,251,1,Yes,-1.14634,-0.382342,0.682222
8,252,1,Yes,-3.25726,-0.0391932,0.961509
8,253,1,No,-0.000906998,-6.94248,0.000965812
8,254,1,No,-0.0178857,-4.02933,0.0177852
8,255,1,No,-0.000666602,-7.22893,0.000725257
8,256,1,Yes,-1.36501,-0.2948,0.744637
8,257,1,Yes,-5.11976,-0.00593537,0.994023
8,258,1,Yes,-3.37178,-0.0348701,0.965674
8,259,1,Yes,-3.28096,-0.0382546,0.96241
8,260,1,No,-0.0255165,-3.6788,0.0252516
8,261,1,Yes,-0.464808,-0.989392,0.371781
8,262,1,Yes,-3.08385,-0.046802,0.95422
8,263,1,Yes,-1.49427,-0.254058,0.775601
8,264,1,No,-0.000670181,-7.22406,0.000728794
8,265,1,Yes,-4.41459,-0.0121132,0.987901
8,266,1,No,-0.000213229,-8.20741,0.00027261
8,267,1,Yes,-3.94518,-0.0194772,0.980653
8,268,1,No,-0.000282149,-7.98273,0.000341286
8,269,1,Yes,-2.75278,-0.06581,0.936253
8,270,1,No,-0.0179832,-4.02398,0.0178805
8,271,1,Yes,-2.13895,-0.125246,0.882228
8,272,1,No,-0.979776,-0.470542,0.624627
8,273,1,No,-0.00267111,-5.90461,0.00272668
8,274,1,No,-0.001652,-6.37142,0.00170962
8,275,1,No,-0.0054624,-5.20172,0.00550677
8,276,1,Yes,-1.76527,-0.187633,0.82887
8,277,1,No,-0.403647,-1.10208,0.33216
8,278,1,Yes,-4.34167,-0.0130395,0.986986
8,279,1,No,-0.0127453,-4.36428,0.012723
8,280,1,No,-0.000183182,-8.3244,0.000242512
8,281,1,No,-0.00497965,-5.29304,0.00502615
8,282,1,No,-0.000582268,-7.35194,0.00064131
8,283,1,Yes,-4.20322,-0.0149997,0.985054
8,284,1,Yes,-3.48389,-0.0311076,0.969314
8,285,1,Yes,-3.07029,-0.0474572,0.953595
8,286,1,No,-0.00321451,-5.72343,0.00326828
8,287,1,Yes,-3.62792,-0.0268702,0.97343
8,288,1,No,-0.000129231,-8.57518,0.000188721
8,289,1,No,-1.623,-0.219709,0.802705
8,290,1,Yes,-0.477107,-0.968946,0.379461
8,291,1,Yes,-5.326,-0.00481601,0.995137
8,292,1,No,-0.000544339,-7.41231,0.000603738
8,293,1,Yes,-4.13457,-0.0160795,0.983991
8,294,1,Yes,-4.77683,-0.00839848,0.991578
8,295,1,Yes,-4.65131,-0.00953545,0.990451
8,296,1,No,-0.167925,-1.86665,0.154632
8,297,1,No,-0.00927288,-4.67885,0.0092891
8,298,1,No,-0.00523732,-5.24325,0.00528274
8,299,1,No,-0.122004,-2.16357,0.114908
8,300,1,Yes,-2.33162,-0.10212,0.902868
8,301,1,Yes,-2.29628,-0.105998,0.899374
8,302,1,Yes,-1.84428,-0.172071,0.84187
8,303,1,Yes,-0.600077,-0.795648,0.451263
8,304,1,Yes,-2.77536,-0.0642911,0.937677
8,305,1,Yes,-2.11784,-0.128098,0.879716
8,306,1,Yes,-3.22176,-0.0406404,0.960118
8,307,1,Yes,-0.91371,-0.512452,0.59899
8,308,1,Yes,-0.804241,-0.593063,0.552599
8,309,1,No,-2.7726,-0.064475,0.937504
8,310,1,No,-0.0833276,-2.52561,0.0800045
8,311,1,No,-0.0122735,-4.40155,0.0122576
8,312,1,Yes,-2.16076,-0.12237,0.88477
8,313,1,No,-0.0140643,-4.26693,0.014024
8,314,1,Yes,-4.36928,-0.0126813,0.98734
8,315,1,No,-0.000433122,-7.6169,0.000492038
8,316,1,No,-0.000986705,-6.86355,0.00104514
8,317,1,Yes,-4.69095,-0.00916099,0.990823
8,318,1,Yes,-5.02095,-0.00656064,0.993402
8,319,1,No,-0.0644699,-2.77266,0.0624919
8,320,1,No,-0.0175566,-4.04769,0.0174617
8,321,1,No,-0.000624196,-7.28831,0.000683439
8,322,1,No,-0.000729469,-7.14497,0.000788773
8,323,1,No,-0.00127856,-6.61691,0.00133748
8,324,1,No,-0.000192243,-8.28851,0.000251374
8,325,1,No,-0.0121457,-4.41195,0.0121307
8,326,1,No,-0.0293547,-3.54091,0.0289852
8,327,1,Yes,-3.93302,-0.0197184,0.980417
8,328,1,Yes,-4.60434,-0.00999879,0.989992
8,329,1,Yes,-4.91229,-0.00732319,0.992645
8,330,1,No,-1.01987,-0.447197,0.63938
8,331,1,No,-0.160218,-1.90986,0.148093
8,332,1,No,-0.177042,-1.81821,0.162306
8,333,1,Yes,-1.11578,-0.396903,0.67236
8,334,1,Yes,-4.74561,-0.00866797,0.991311
8,335,1,Yes,-4.06036,-0.017333,0.982758
8,336,1,Yes,-3.68089,-0.0254632,0.974801
8,337,1,Yes,-2.73443,-0.067072,0.935073
8,338,1,Yes,-3.73157,-0.0241862,0.976046
8,339,1,No,-0.000266647,-8.02973,0.000325617
8,340,1,No,-0.000217342,-8.19245,0.000276718
8,341,1,No,-1.94722,-0.153864,0.857338
8,342,1,No,-1.09257,-0.408413,0.664665
8,343,1,No,-0.00345516,-5.65247,0.00350864
8,344,1,Yes,-4.054,-0.0174451,0.982648
8,345,1,Yes,-0.381724,-1.14767,0.317356
8,346,1,Yes,-2.55321,-0.0809633,0.922173
8,347,1,No,-0.12424,-2.14651,0.116884
8,348,1,No,-0.000955323,-6.89366,0.00101413
8,349,1,No,-0.175323,-1.82714,0.160863
8,350,1,Yes,-0.45029,-1.01441,0.362594
8,351,1,No,-0.929135,-0.502257,0.605128
8,352,1,No,-0.21718,-1.63335,0.195263
8,353,1,Yes,-1.29284,-0.3208,0.725525
8,354,1,No,-0.208409,-1.67033,0.188173
8,355,1,No,-0.1738,-1.83512,0.159585
8,356,1,Yes,-1.29331,-0.320623,0.725654
8,357,1,Yes,-0.700161,-0.686066,0.503524
8,358,1,No,-0.121623,-2.16651,0.11457
8,359,1,No,-0.35862,-1.19926,0.301401
8,360,1,Yes,-1.16726,-0.372746,0.6888
8,361,1,Yes,-3.18194,-0.0423299,0.958497
8,362,1,Yes,-2.2331,-0.113321,0.892811
8,363,1,No,-0.000195642,-8.27653,0.000254405
8,364,1,No,-0.000296756,-7.93982,0.000356249
8,365,1,Yes,-3.03638,-0.0491371,0.951994
8,366,1,Yes,-3.12335,-0.0449455,0.955993
8,367,1,No,-1.40515,-0.281397,0.754684
8,368,1,Yes,-3.72053,-0.0244583,0.97578
8,369,1,Yes,-2.57935,-0.0787885,0.924181
8,370,1,Yes,-2.80596,-0.0622901,0.939555
8,371,1,No,-0.0794578,-2.57122,0.0764378
8,372,1,Yes,-3.51284,-0.0302042,0.97019
8,373,1,Yes,-3.94385,-0.0195032,0.980628
8,374,1,Yes,-3.29502,-0.0377102,0.962935
8,375,1,Yes,-3.56187,-0.0287352,0.971616
8,376,1,Yes,-2.60293,-0.0768784,0.925948
8,377,1,Yes,-1.39737,-0.283941,0.752767
8,378,1,No,-0.0367488,-3.32034,0.0361385
8,379,1,Yes,-1.11025,-0.39961,0.670543
8,380,1,Yes,-3.28629,-0.0380477,0.96261
8,381,1,Yes,-0.298379,-1.35465,0.258023
8,382,1,No,-1.52473,-0.245417,0.782332
8,383,1,Yes,-1.09783,-0.405769,0.666425
8,384,1,Yes,-3.89703,-0.0204503,0.979699
8,385,1,No,-0.00465066,-5.36032,0.00469913
8,386,1,Yes,-4.15512,-0.0157482,0.984317
8,387,1,No,-0.000181334,-8.3341,0.000240171
8,388,1,No,-0.000776354,-7.08828,0.000834783
8,389,1,No,-0.000133523,-8.55446,0.000192672
8,390,1,Yes,-4.56037,-0.0104536,0.989542
8,391,1,Yes,-3.89207,-0.0205533,0.979598
8,392,1,Yes,-4.2812,-0.0138628,0.986175
8,393,1,No,-0.00248532,-5.97501,0.00254132
8,394,1,Yes,-1.53663,-0.24213,0.784907
8,395,1,No,-0.113467,-2.23189,0.107319
8,396,1,No,-0.0408526,-3.21665,0.0400866
8,397,1,No,-0.0181368,-4.01555,0.0180319
8,398,1,Yes,-2.98495,-0.0518017,0.949461
8,399,1,No,-0.000368186,-7.7575,0.0004275
8,400,1,No,-0.00162304,-6.38844,0.00168078
8,401,1,No,-0.109334,-2.26694,0.103623
8,402,1,Yes,-3.01433,-0.0502615,0.950924
8,403,1,Yes,-1.79447,-0.181711,0.833794
8,404,1,Yes,-2.8198,-0.0614064,0.940386
8,405,1,Yes,-3.69211,-0.0251741,0.975082
8,406,1,Yes,-4.83376,-0.00792855,0.992044
8,407,1,No,-0.993525,-0.46237,0.629752
8,408,1,Yes,-3.78057,-0.0230138,0.977192
8,409,1,Yes,-4.0795,-0.017001,0.983085
8,410,1,Yes,-4.0891,-0.016836,0.983247
8,411,1,Yes,-1.77827,-0.184971,0.83108
8,412,1,Yes,-3.17243,-0.0427436,0.958101
8,413,1,Yes,-3.00251,-0.0508765,0.950341
8,414,1,Yes,-0.245624,-1.52398,0.21783
8,415,1,Yes,-1.3528,-0.29902,0.741501
8,416,1,Yes,-2.98458,-0.0518212,0.949442
8,417,1,Yes,-0.828715,-0.573679,0.563416
8,418,1,No,-0.0210477,-3.86862,0.0208858
8,419,1,No,-0.119743,-2.18116,0.112904
8,420,1,No,-0.147623,-1.98557,0.137294
8,421,1,Yes,-0.0639317,-2.78078,0.0619863
8,422,1,No,-0.00805256,-4.81841,0.00807912
8,423,1,No,-0.0216007,-3.84301,0.0214278
8,424,1,No,-0.114438,-2.22384,0.108186
8,425,1,No,-0.0933965,-2.41657,0.0892219
8,426,1,No,-0.0041294,-5.47758,0.0041792
8,427,1,No,-0.00184109,-6.26639,0.00189896
8,428,1,Yes,-3.80199,-0.0225189,0.977675
8,429,1,Yes,-2.63185,-0.0746009,0.928059
8,430,1,No,-0.389498,-1.13115,0.322643
8,431,1,No,-1.04976,-0.430726,0.649999
8,432,1,Yes,-0.459409,-0.998582,0.36838
8,433,1,No,-0.0160862,-4.1341,0.0160161
8,434,1,No,-0.118368,-2.19202,0.111684
8,435,1,Yes,-2.14797,-0.124047,0.883286
8,436,1,No,-0.310858,-1.3196,0.267225
8,437,1,No,-0.0202667,-3.90594,0.0201208
8,438,1,No,-0.000133762,-8.55159,0.000193226
8,439,1,Yes,-3.13077,-0.0446049,0.956318
8,440,1,No,-0.000289005,-7.96287,0.000348131
8,441,1,No,-0.000413861,-7.65617,0.000473089
8,442,1,No,-0.455879,-1.00466,0.366147
8,443,1,Yes,-3.57731,-0.0282877,0.972051
8,444,1,Yes,-4.14164,-0.0159642,0.984104
8,445,1,Yes,-3.80464,-0.022459,0.977734
8,446,1,No,-4.59929,-0.0100501,0.989942
8,447,1,Yes,-1.21361,-0.35249,0.702894
8,448,1,No,-0.0717494,-2.66938,0.0692914
8,449,1,No,-0.113561,-2.23111,0.107403
8,450,1,No,-0.0761165,-2.61249,0.0733469
8,451,1,Yes,-2.60545,-0.0766771,0.926134
8,452,1,No,-2.7154,-0.0684065,0.933825
8,453,1,Yes,-3.37921,-0.0346075,0.965928
8,454,1,No,-0.0179304,-4.02689,0.0178286
8,455,1,No,-0.000679247,-7.21119,0.000738232
8,456,1,Yes,-4.56519,-0.0104025,0.989593
8,457,1,No,-0.00448043,-5.39711,0.00452939
8,458,1,No,-9.108e-05,-8.80215,0.000150401
8,459,1,Yes,-3.33169,-0.0363251,0.964269
8,460,1,No,-0.641549,-0.747428,0.473555
8,461,1,Yes,-2.86642,-0.0585226,0.943101
8,462,1,No,-0.077953,-2.58958,0.075047
8,463,1,No,-0.00349883,-5.64021,0.00355192
8,464,1,No,-0.000480052,-7.52535,0.000539206
8,465,1,No,-0.00437775,-5.4198,0.00442775
8,466,1,No,-0.000144075,-8.50044,0.000203367
8,467,1,No,-0.0250075,-3.69865,0.0247553
8,468,1,Yes,-3.19973,-0.0415664,0.959229
8,469,1,No,-0.00728326,-4.91761,0.00731614
8,470,1,No,-0.409216,-1.09098,0.335868
8,471,1,No,-0.188891,-1.7592,0.172172
8,472,1,No,-0.000191707,-8.29102,0.000250743
8,473,1,No,-0.000769971,-7.09546,0.00082881
8,474,1,No,-0.00561428,-5.17472,0.00565747
8,475,1,Yes,-3.12992,-0.0446444,0.956281
8,476,1,No,-0.971096,-0.475795,0.621354
8,477,1,Yes,-2.17068,-0.121085,0.885906
8,478,1,Yes,-4.04545,-0.0175965,0.982499
8,479,1,No,-0.00193407,-6.219,0.00199112
8,480,1,No,-0.000392097,-7.70334,0.000451288
8,481,1,No,-0.00199983,-6.18623,0.00205744
8,482,1,No,-0.00203035,-6.17171,0.00208755
8,483,1,No,-0.000479634,-7.52548,0.000539139
8,484,1,Yes,-3.25188,-0.0394084,0.961301
8,485,1,Yes,-3.54503,-0.0292322,0.971134
8,486,1,Yes,-2.54931,-0.0812934,0.921869
8,487,1,Yes,-3.13786,-0.0442826,0.956627
8,488,1,No,-1.3772,-0.290654,0.747731
8,489,1,No,-0.11148,-2.24858,0.105543
8,490,1,No,-0.0185137,-3.99524,0.0184019
8,491,1,Yes,-3.31702,-0.0368728,0.963741
8,492,1,No,-0.00411623,-5.48061,0.00416656
8,493,1,Yes,-3.65271,-0.0262016,0.974081
8,494,1,Yes,-3.95306,-0.0193223,0.980805
8,495,1,Yes,-2.40907,-0.0941345,0.910107
8,496,1,Yes,-1.60158,-0.225043,0.798435
8,497,1,Yes,-0.383282,-1.14433,0.318419
8,498,1,Yes,-4.62433,-0.00979845,0.99019
8,499,1,Yes,-3.22334,-0.0405744,0.960181
8,500,1,Yes,-3.46395,-0.0317449,0.968696
8,501,1,Yes,-0.111701,-2.24671,0.105741
8,502,1,Yes,-0.295151,-1.36399,0.255624
8,503,1,No,-0.607336,-0.78689,0.455232
8,504,1,Yes,-3.34469,-0.0358466,0.964731
8,505,1,Yes,-2.34496,-0.100696,0.904155
8,506,1,Yes,-2.08495,-0.132679,0.875695
8,507,1,No,-1.71097,-0.199222,0.81932
8,508,1,Yes,-3.45334,-0.0320904,0.968362
8,509,1,Yes,-4.02935,-0.0178854,0.982215
8,510,1,No,-0.128247,-2.11675,0.120416
8,511,1,No,-2.35923,-0.0991949,0.905513
8,512,1,Yes,-3.89212,-0.0205532,0.979599
8,513,1,No,-0.00347221,-5.64776,0.00352519
8,514,1,Yes,-1.70745,-0.199999,0.818683
8,515,1,No,-0.669222,-0.717538,0.487923
8,516,1,Yes,-2.37791,-0.0972664,0.907261
8,517,1,No,-1.05569,-0.427546,0.652069
8,518,1,No,-1.41509,-0.278186,0.757111
8,519,1,Yes,-3.60761,-0.0274304,0.972885
8,520,1,Yes,-4.2322,-0.0145667,0.98548
8,521,1,No,-0.476224,-0.970394,0.378912
8,522,1,Yes,-1.32525,-0.308806,0.73428
8,523,1,No,-0.466035,-0.987321,0.372552
8,524,1,No,-2.65571,-0.072775,0.929755
8,525,1,No,-0.000676861,-7.21412,0.000736075
8,526,1,Yes,-4.15197,-0.0157983,0.984268
8,527,1,Yes,-2.22691,-0.114069,0.892145
8,528,1,No,-0.223946,-1.60594,0.200689
8,529,1,No,-0.00177021,-6.30472,0.00182755
8,530,1,Yes,-3.38112,-0.0345396,0.965993
8,531,1,No,-0.40895,-1.0915,0.335691
8,532,1,No,-1.62347,-0.219593,0.802798
8,533,1,No,-0.000123568,-8.6071,0.000182793
8,534,1,No,-6.16331e-05,-9.0225,0.000120657
8,535,1,No,-4.69696e-05,-9.146,0.000106639
8,536,1,No,-5.18574e-05,-9.09936,0.000111731
8,537,1,No,-0.0176751,-4.04104,0.0175781
8,538,1,No,-0.0221624,-3.81774,0.0219761
8,539,1,Yes,-2.96669,-0.0527829,0.94853
8,540,1,Yes,-0.0555359,-2.91727,0.0540781
8,541,1,No,-0.0675943,-2.72693,0.0654158
8,542,1,No,-0.000190157,-8.29534,0.000249663
8,543,1,No,-0.102222,-2.33068,0.097224
8,544,1,Yes,-2.67916,-0.0710252,0.931383
8,545,1,No,-0.000113553,-8.66485,0.000172535
8,546,1,No,-0.000206134,-8.23413,0.000265423
8,547,1,Yes,-2.69733,-0.0696989,0.932619
8,548,1,Yes,-2.43103,-0.0919918,0.912059
8,549,1,Yes,-3.69307,-0.0251503,0.975106
8,550,1,No,-0.000125416,-8.59442,0.000185126
8,551,1,No,-0.00175391,-6.31306,0.00181238
8,552,1,No,-0.836666,-0.567561,0.566873
8,553,1,No,-0.000309515,-7.90538,0.000368731
8,554,1,No,-1.25849,-0.334109,0.715934
8,555,1,Yes,-0.348593,-1.22289,0.294361
8,556,1,Yes,-1.56229,-0.235212,0.790357
8,557,1,No,-0.0312618,-3.47901,0.0308362
8,558,1,No,-0.0092203,-4.68454,0.00923647
8,559,1,Yes,-2.93686,-0.0544277,0.946971
8,560,1,No,-0.00254669,-5.95127,0.00260238
8,561,1,Yes,-2.53932,-0.0821439,0.921085
8,562,1,Yes,-2.83276,-0.0605908,0.941153
8,563,1,Yes,-4.26766,-0.0140539,0.985986
8,564,1,Yes,-5.46268,-0.00419183,0.995758
8,565,1,Yes,-3.17103,-0.042804,0.958042
8,566,1,No,-0.216771,-1.63504,0.194933
8,567,1,Yes,-0.651759,-0.7362,0.478902
8,568,1,Yes,-0.2148,-1.64322,0.193345
8,569,1,Yes,-0.64111,-0.747918,0.473323
8,570,1,Yes,-0.355279,-1.20704,0.299064
8,571,1,Yes,-2.09565,-0.13117,0.877017
8,572,1,Yes,-3.41939,-0.0332189,0.96727
8,573,1,No,-0.446916,-1.02037,0.36044
8,574,1,No,-0.000139961,-8.52255,0.000198919
8,575,1,Yes,-5.01241,-0.0066168,0.993345
8,576,1,Yes,-0.674085,-0.71246,0.490408
8,577,1,No,-0.021825,-3.83284,0.0216468
8,578,1,Yes,-3.16927,-0.0428812,0.957968
8,579,1,No,-0.262753,-1.46479,0.231113
8,580,1,No,-0.0163725,-4.11667,0.0162977
8,581,1,No,-0.00205083,-6.1622,0.00210748
8,582,1,No,-0.0164186,-4.11389,0.0163431
8,583,1,Yes,-2.77217,-0.0645039,0.937478
8,584,1,Yes,-3.87505,-0.0209114,0.979248
8,585,1,Yes,-1.33084,-0.306793,0.73576
8,586,1,No,-0.0155808,-4.16562,0.0155192
8,587,1,No,-0.0424726,-3.17863,0.0416403
8,588,1,No,-0.0248297,-3.70566,0.0245825
8,589,1,No,-0.00558239,-5.18034,0.00562573
8,590,1,Yes,-4.17313,-0.0154641,0.984597
8,591,1,No,-0.0299089,-3.52247,0.0295245
8,592,1,No,-0.038137,-3.28401,0.0374755
8,593,1,Yes,-0.0182729,-4.00816,0.0181657
8,594,1,No,-3.30867,-0.0371885,0.963437
8,595,1,No,-0.528978,-0.889522,0.410828
8,596,1,Yes,-1.13949,-0.385549,0.680037
8,597,1,Yes,-4.60262,-0.0100162,0.989975
8,598,1,Yes,-0.338521,-1.24745,0.287218
8,599,1,Yes,-1.39582,-0.28445,0.752384
8,600,1,Yes,-0.360946,-1.19389,0.303024
8,601,1,Yes,-0.606268,-0.788168,0.45465
8,602,1,No,-0.239062,-1.54791,0.21268
8,603,1,Yes,-4.28285,-0.0138388,0.986198
8,604,1,No,-0.670468,-0.716232,0.488561
8,605,1,No,-0.00147272,-6.48179,0.00153098
8,606,1,No,-0.000857482,-6.99473,0.000916642
8,607,1,No,-0.0120879,-4.41664,0.0120741
8,608,1,Yes,-0.864388,-0.546885,0.578716
8,609,1,No,-0.000293119,-7.95151,0.000352109
8,610,1,No,-0.100675,-2.34515,0.0958271
8,611,1,Yes,-2.05887,-0.136438,0.872409
8,612,1,Yes,-0.963648,-0.480361,0.618524
8,613,1,Yes,-1.80447,-0.17973,0.835447
8,614,1,Yes,-4.57214,-0.0103295,0.989665
8,615,1,No,-2.04262,-0.138837,0.870319
8,616,1,Yes,-2.09794,-0.130849,0.877299
8,617,1,Yes,-5.26642,-0.00511534,0.994838
8,618,1,Yes,-1.67677,-0.206923,0.813034
8,619,1,Yes,-2.965,-0.0528749,0.948442
8,620,1,Yes,-4.52808,-0.0107999,0.989199
8,621,1,No,-0.079362,-2.57238,0.0763494
8,622,1,Yes,-3.59405,-0.0278107,0.972515
8,623,1,Yes,-0.498189,-0.935401,0.392406
8,624,1,Yes,-3.09423,-0.0463063,0.954693
8,625,1,Yes,-1.97181,-0.14983,0.860804
8,626,1,Yes,-5.43259,-0.0043219,0.995628
8,627,1,No,-7.85024e-05,-8.88859,0.000137946
8,628,1,Yes,-3.38421,-0.0344308,0.966098
8,629,1,Yes,-2.30748,-0.104753,0.900494
8,630,1,Yes,-0.726731,-0.660541,0.516542
8,631,1,Yes,-2.65832,-0.0725773,0.929938
8,632,1,Yes,-1.51127,-0.249193,0.779384
8,633,1,Yes,-0.647336,-0.741036,0.476592
8,634,1,Yes,-1.79461,-0.181681,0.833818
8,635,1,No,-0.00693845,-4.96554,0.00697379
8,636,1,No,-0.371012,-1.17111,0.310005
8,637,1,Yes,-2.42797,-0.0922872,0.91179
8,638,1,Yes,-2.16024,-0.122436,0.88471
8,639,1,Yes,-0.26563,-1.45527,0.233323
8,640,1,No,-0.00028507,-7.97328,0.000344527
8,641,1,No,-0.257322,-1.48307,0.226927
8,642,1,No,-0.254355,-1.49325,0.224629
8,643,1,Yes,-3.57916,-0.0282343,0.972102
8,644,1,Yes,-3.40178,-0.03382,0.966688
8,645,1,Yes,-2.53551,-0.0824706,0.920783
8,646,1,Yes,-1.64794,-0.213671,0.807566
8,647,1,Yes,-0.527188,-0.892093,0.409773
8,648,1,No,-0.000967732,-6.882,0.00102603
8,649,1,No,-1.79921,-0.180767,0.83458
8,650,1,No,-0.217731,-1.63109,0.195706
8,651,1,Yes,-3.12378,-0.0449255,0.956012
8,652,1,No,-0.918925,-0.508975,0.601076
8,653,1,No,-0.000173703,-8.36513,0.000232833
8,654,1,Yes,-0.615814,-0.776838,0.459831
8,655,1,Yes,-3.49864,-0.0306443,0.969763
8,656,1,No,-2.59116,-0.0778256,0.925071
8,657,1,Yes,-0.971451,-0.475578,0.621489
8,658,1,Yes,-4.62155,-0.00982644,0.990163
8,659,1,Yes,-0.701026,-0.685214,0.503953
8,660,1,Yes,-4.18508,-0.0152779,0.98478
8,661,1,No,-1.41259,-0.278992,0.756501
8,662,1,Yes,-2.44487,-0.0906669,0.913268
8,663,1,No,-0.0544086,-2.93719,0.0530116
8,664,1,No,-0.000529966,-7.43606,0.000589571
8,665,1,No,-9.61469e-05,-8.76809,0.000155611
8,666,1,Yes,-3.9981,-0.0184604,0.981651
8,667,1,Yes,-2.37243,-0.0978281,0.906752
8,668,1,Yes,-4.0074,-0.018287,0.981821
8,669,1,Yes,-3.19859,-0.0416146,0.959183
8,670,1,Yes,-1.58126,-0.230239,0.794297
8,671,1,No,-0.00374182,-5.57425,0.0037941
8,672,1,No,-0.00859853,-4.75356,0.0086204
8,673,1,No,-0.000225689,-8.16351,0.000284844
8,674,1,No,-0.000235228,-8.13057,0.000294384
8,675,1,No,-0.000103837,-8.72188,0.000162971
8,676,1,No,-6.70575e-05,-8.97861,0.00012607
8,677,1,Yes,-2.12107,-0.127655,0.880104
8,678,1,No,-0.00456587,-5.37838,0.00461501
8,679,1,No,-2.56316,-0.0801273,0.922944
8,680,1,No,-0.00114864,-6.71954,0.00120702
8,681,1,No,-0.00103348,-6.81963,0.00109206
8,682,1,No,-0.0795667,-2.56991,0.0765379
8,683,1,Yes,-1.49341,-0.254306,0.775408
8,684,1,No,-0.83847,-0.566185,0.567654
8,685,1,No,-0.247088,-1.51874,0.218974
8,686,1,No,-0.00483703,-5.32157,0.00488477
8,687,1,No,-0.000723862,-7.15187,0.000783347
8,688,1,No,-0.000124462,-8.60379,0.000183399
8,689,1,Yes,-5.01697,-0.00658698,0.993376
8,690,1,No,-0.103963,-2.31465,0.0987945
8,691,1,Yes,-1.4981,-0.252953,0.776458
8,692,1,No,-9.39413e-05,-8.78309,0.000153294
8,693,1,No,-0.00178723,-6.29534,0.00184477
8,694,1,No,-0.00669726,-5.00049,0.00673425
8,695,1,No,-0.000522989,-7.44877,0.000582121
8,696,1,Yes,-1.18714,-0.363893,0.694924
8,697,1,No,-0.00102722,-6.82529,0.0010859
8,698,1,No,-0.000191349,-8.29147,0.000250632
8,699,1,No,-0.0049878,-5.29139,0.00503447
8,700,1,No,-0.00329542,-5.699,0.00334911
8,701,1,Yes,-2.33433,-0.101829,0.903131
8,702,1,Yes,-1.96143,-0.15152,0.85935
8,703,1,No,-0.244113,-1.52943,0.216647
8,704,1,No,-0.0985688,-2.36525,0.09392
8,705,1,No,-0.0468024,-3.08383,0.0457809
8,706,1,No,-0.787568,-0.60677,0.545077
8,707,1,No,-0.00045763,-7.56764,0.000516881
8,708,1,No,-0.000280777,-7.98674,0.000339919
8,709,1,Yes,-5.14217,-0.00580251,0.994155
8,710,1,Yes,-1.08741,-0.411024,0.662932
8,711,1,No,-0.0076136,-4.87389,0.00764312
8,712,1,No,-0.0129143,-4.35126,0.0128897
8,713,1,No,-0.220766,-1.61871,0.198143
8,714,1,Yes,-2.58152,-0.0786111,0.924345
8,715,1,Yes,-2.16764,-0.121477,0.88556
8,716,1,Yes,-2.61868,-0.0756294,0.927105
8,717,1,No,-0.000233678,-8.13452,0.000293223
8,718,1,No,-0.000777606,-7.08609,0.000836611
8,719,1,No,-0.000256333,-8.06067,0.000315698
8,720,1,No,-0.000661831,-7.23538,0.00072059
8,721,1,No,-0.00144025,-6.50318,0.00149857
8,722,1,No,-0.00119525,-6.68172,0.00125354
8,723,1,No,-0.690948,-0.695234,0.498928
8,724,1,No,-0.000929907,-6.91903,0.000988731
8,725,1,No,-0.319186,-1.29712,0.273303
8,726,1,No,-1.53821,-0.241697,0.785248
8,727,1,Yes,-4.40162,-0.0122735,0.987743
8,728,1,Yes,-4.39284,-0.0123828,0.987635
8,729,1,No,-0.00390816,-5.53171,0.00395897
8,730,1,Yes,-4.65988,-0.00945265,0.990533
8,731,1,Yes,-1.93068,-0.156642,0.854959
8,732,1,Yes,-3.69072,-0.0252101,0.975048
8,733,1,Yes,-4.35633,-0.0128491,0.987175
8,734,1,Yes,-0.806197,-0.591484,0.553473
8,735,1,No,-0.0107461,-4.53308,0.0107469
8,736,1,Yes,-0.912907,-0.51299,0.598668
8,737,1,No,-0.20442,-1.68773,0.184928
8,738,1,Yes,-0.430056,-1.051,0.349566
8,739,1,No,-0.001878,-6.24746,0.00193525
8,740,1,No,-1.09424,-0.40757,0.665226
8,741,1,Yes,-1.65879,-0.211103,0.809643
8,742,1,Yes,-3.08008,-0.046983,0.954047
8,743,1,Yes,-2.60379,-0.0768092,0.926012
8,744,1,No,-0.265731,-1.45494,0.2334
8,745,1,Yes,-1.63917,-0.215773,0.80587
8,746,1,Yes,-1.32891,-0.307486,0.73525
8,747,1,Yes,-2.07872,-0.133567,0.874917
8,748,1,Yes,-0.224944,-1.60197,0.201486
8,749,1,No,-0.0010885,-6.77024,0.00114735
8,750,1,Yes,-3.98353,-0.0187345,0.981381
8,751,1,Yes,-3.42168,-0.033142,0.967345
8,752,1,No,-0.113844,-2.22875,0.107656
8,753,1,No,-0.525912,-0.893937,0.409018
8,754,1,Yes,-3.07862,-0.0470529,0.95398
8,755,1,Yes,-4.3682,-0.0126948,0.987327
8,756,1,Yes,-4.43133,-0.0119096,0.988102
8,757,1,Yes,-4.18386,-0.0152963,0.984761
8,758,1,Yes,-3.6383,-0.0265881,0.973704
8,759,1,No,-0.0004172,-7.65032,0.000475864
8,760,1,No,-1.8135,-0.17796,0.836927
8,761,1,No,-0.00568818,-5.16185,0.00573073
8,762,1,No,-0.6045,-0.790294,0.453685
8,763,1,Yes,-3.52854,-0.0297259,0.970654
8,764,1,Yes,-4.82713,-0.00798244,0.991991
8,765,1,No,-0.00237783,-6.01805,0.00243428
8,766,1,Yes,-4.5472,-0.0105938,0.989404
8,767,1,Yes,-2.33173,-0.10211,0.902878
8,768,1,Yes,-3.82639,-0.0219681,0.978213
8,769,1,Yes,-2.62245,-0.0753327,0.92738
8,770,1,Yes,-0.399321,-1.11083,0.329265
8,771,1,No,-1.1434,-0.383716,0.681285
8,772,1,Yes,-3.47403,-0.0314215,0.96901
8,773,1,No,-0.0140319,-4.26915,0.0139929
8,774,1,Yes,-4.23928,-0.014463,0.985583
8,775,1,No,-0.00970823,-4.6335,0.00972009
8,776,1,Yes,-1.92053,-0.158376,0.853479
8,777,1,No,-0.208806,-1.66862,0.188495
8,778,1,No,-1.36456,-0.294954,0.744522
8,779,1,Yes,-3.83614,-0.0217528,0.978425
8,780,1,Yes,-2.90418,-0.0562887,0.94521
8,781,1,Yes,-4.43246,-0.0118966,0.988116
8,782,1,No,-1.80089,-0.180435,0.834858
8,783,1,No,-0.0284079,-3.57313,0.0280662
8,784,1,No,-0.000119693,-8.63082,0.000178508
8,785,1,No,-0.905223,-0.518174,0.595572
8,786,1,No,-0.000559725,-7.38751,0.000618899
8,787,1,No,-0.00806698,-4.81667,0.0080932
8,788,1,No,-0.020274,-3.90561,0.0201274
8,789,1,No,-0.00500715,-5.28771,0.00505305
8,790,1,Yes,-3.35462,-0.0354857,0.96508
8,791,1,No,-0.0973931,-2.37666,0.0928543
8,792,1,No,-0.111175,-2.25116,0.105271
8,793,1,No,-0.0184703,-3.99758,0.018359
8,794,1,No,-0.0151971,-4.19032,0.0151405
8,795,1,No,-0.181224,-1.79691,0.165801
8,796,1,Yes,-1.08664,-0.411417,0.662672
8,797,1,Yes,-0.876732,-0.537995,0.583884
8,798,1,No,-2.32901,-0.102402,0.902613
8,799,1,No,-2.97157,-0.052519,0.94878
8,800,1,Yes,-1.84096,-0.172696,0.841344
8,801,1,No,-0.000376593,-7.73819,0.000435836
8,802,1,Yes,-4.76609,-0.00848966,0.991487
8,803,1,No,-1.04798,-0.431682,0.649377
8,804,1,No,-0.120652,-2.17405,0.11371
8,805,1,Yes,-0.422285,-1.06563,0.344491
8,806,1,No,-0.00150209,-6.46321,0.00155969
8,807,1,Yes,-3.15327,-0.0435898,0.95729
8,808,1,No,-0.00113587,-6.72979,0.00119471
8,809,1,Yes,-3.72679,-0.0243036,0.975931
8,810,1,Yes,-0.13013,-2.10309,0.122072
8,811,1,No,-0.967297,-0.478117,0.619913
8,812,1,No,-0.00113844,-6.7279,0.00119697
8,813,1,No,-0.679153,-0.707222,0.492983
8,814,1,No,-0.200847,-1.70363,0.182011
8,815,1,No,-0.100463,-2.34716,0.0956347
8,816,1,Yes,-2.69575,-0.0698147,0.932512
8,817,1,Yes,-3.17484,-0.0426379,0.958202
8,818,1,Yes,-1.15663,-0.377586,0.685474
8,819,1,No,-0.0585836,-2.86539,0.0569573
8,820,1,Yes,-1.98643,-0.147486,0.862823
8,821,1,Yes,-2.91356,-0.0557485,0.945721
8,822,1,Yes,-4.18864,-0.0152234,0.984834
8,823,1,Yes,-3.048,-0.0485552,0.952549
8,824,1,Yes,-4.85953,-0.00772508,0.992246
8,825,1,Yes,-1.25494,-0.335521,0.714924
8,826,1,Yes,-0.0164477,-4.11216,0.0163714
8,827,1,No,-0.0029029,-5.82306,0.00295837
8,828,1,Yes,-3.1863,-0.0421407,0.958678
8,829,1,Yes,-3.48584,-0.0310458,0.969374
8,830,1,No,-0.000105029,-8.71323,0.000164387
8,831,1,No,-1.398,-0.283731,0.752925
8,832,1,Yes,-3.54141,-0.0293405,0.971029
8,833,1,Yes,-4.70838,-0.00900063,0.990981
8,834,1,Yes,-1.91573,-0.159201,0.852774
8,835,1,Yes,-3.75288,-0.0236689,0.976551
8,836,1,Yes,-2.08353,-0.132882,0.875517
8,837,1,Yes,-3.12093,-0.0450567,0.955887
8,838,1,Yes,-2.81155,-0.0619312,0.939892
8,839,1,No,-0.00014628,-8.49221,0.000205048
8,840,1,Yes,-0.818432,-0.58172,0.558903
8,841,1,No,-0.907802,-0.516426,0.596614
8,842,1,No,-0.000121124,-8.61956,0.000180529
8,843,1,Yes,-3.79766,-0.0226173,0.977578
8,844,1,Yes,-1.38974,-0.286457,0.750875
8,845,1,No,-0.00674995,-4.99292,0.00678545
8,846,1,Yes,-0.184033,-1.7829,0.16814
8,847,1,No,-0.00145243,-6.4952,0.00151058
8,848,1,No,-0.0023519,-6.02874,0.00240838
8,849,1,Yes,-2.60303,-0.0768699,0.925956
8,850,1,No,-0.00032293,-7.8695,0.000382201
8,851,1,Yes,-3.50178,-0.0305464,0.969858
8,852,1,No,-0.145544,-1.99873,0.135499
8,853,1,Yes,-0.603185,-0.791881,0.452965
8,854,1,Yes,-4.55224,-0.0105399,0.989457
8,855,1,No,-0.488398,-0.950753,0.386427
8,856,1,No,-0.0599358,-2.84328,0.0582307
8,857,1,No,-0.165185,-1.88175,0.152314
8,858,1,No,-0.158256,-1.92122,0.146419
8,859,1,Yes,-0.643763,-0.744975,0.474719
8,860,1,No,-0.431415,-1.04848,0.350449
8,861,1,Yes,-3.34867,-0.0357017,0.964871
8,862,1,No,-0.0361579,-3.33621,0.0355694
8,863,1,No,-0.00251448,-5.9637,0.00257023
8,864,1,Yes,-4.004,-0.0183509,0.981758
8,865,1,No,-0.000842986,-7.01107,0.000901792
8,866,1,No,-0.000927879,-6.92071,0.000987066
8,867,1,No,-0.000653958,-7.24573,0.000713174
8,868,1,Yes,-0.945882,-0.491477,0.611686
8,869,1,Yes,-0.561667,-0.844433,0.429776
8,870,1,No,-0.00133777,-6.57399,0.00139613
8,871,1,No,-0.00408631,-5.48759,0.00413755
8,872,1,Yes,-3.05326,-0.0482935,0.952798
8,873,1,Yes,-3.01961,-0.0499902,0.951183
8,874,1,Yes,-2.65347,-0.0729445,0.929598
8,875,1,No,-0.0971352,-2.37918,0.0926207
8,876,1,Yes,-2.13908,-0.125228,0.882243
8,877,1,No,-0.0397691,-3.24299,0.0390448
8,878,1,Yes,-4.4664,-0.0114952,0.988512
8,879,1,Yes,-1.97538,-0.149254,0.861299
8,880,1,Yes,-4.63259,-0.0097169,0.990271
8,881,1,No,-0.0109773,-4.51197,0.0109762
8,882,1,Yes,-4.42665,-0.0119666,0.988046
8,883,1,Yes,-4.61662,-0.00987598,0.990114
8,884,1,Yes,-1.3694,-0.293297,0.745756
8,885,1,Yes,-2.37329,-0.097739,0.906832
8,886,1,Yes,-4.55407,-0.0105197,0.989476
8,887,1,No,-0.98374,-0.468167,0.626112
8,888,1,Yes,-0.741264,-0.647128,0.523517
8,889,1,Yes,-0.341031,-1.24125,0.289005
8,890,1,Yes,-1.11252,-0.398494,0.671291
8,891,1,Yes,-3.81749,-0.0221674,0.978018
8,892,1,Yes,-4.96512,-0.00694223,0.993023
8,893,1,Yes,-4.40134,-0.0122771,0.98774
8,894,1,Yes,-3.90522,-0.0202818,0.979865
8,895,1,Yes,-3.76465,-0.0233888,0.976826
8,896,1,No,-0.000163926,-8.40689,0.00022331
8,897,1,No,-0.000267541,-8.02605,0.000326818
8,898,1,Yes,-2.74767,-0.0661585,0.935927
8,899,1,No,-0.000358407,-7.78091,0.000417608
8,900,1,No,-0.000203869,-8.24398,0.00026282
8,901,1,Yes,-4.57187,-0.0103321,0.989662
8,902,1,Yes,-1.02414,-0.444797,0.640917
8,903,1,No,-0.0871614,-2.48254,0.0835255
8,904,1,Yes,-4.39258,-0.0123864,0.987632
8,905,1,Yes,-4.17969,-0.0153612,0.984698
8,906,1,Yes,-4.13663,-0.0160449,0.984024
8,907,1,No,-0.0849909,-2.50667,0.0815341
8,908,1,No,-0.443299,-1.02682,0.358122
8,909,1,No,-0.774511,-0.617799,0.539098
8,910,1,Yes,-1.61517,-0.221642,0.801155
8,911,1,No,-0.000298306,-7.93517,0.00035791
8,912,1,Yes,-0.338882,-1.24656,0.287476
8,913,1,No,-0.15509,-1.93988,0.143713
8,914,1,No,-0.0024579,-5.98566,0.0025144
8,915,1,Yes,-3.63724,-0.0266166,0.973677
8,916,1,No,-0.0103733,-4.56794,0.0103787
8,917,1,Yes,-2.08847,-0.132181,0.876131
8,918,1,Yes,-3.3157,-0.0369228,0.963693
8,919,1,Yes,-4.47341,-0.0114137,0.988592
8,920,1,Yes,-2.44546,-0.0906123,0.913318
8,921,1,No,-0.0071839,-4.93125,0.00721706
8,922,1,No,-0.15759,-1.92512,0.14585
8,923,1,Yes,-3.82342,-0.0220342,0.978148
8,924,1,Yes,-4.02796,-0.0179118,0.98219
8,925,1,Yes,-0.391069,-1.12786,0.323706
8,926,1,Yes,-4.64454,-0.00960104,0.990387
8,927,1,Yes,-2.33177,-0.102105,0.902882
8,928,1,No,-0.000743009,-7.12818,0.000802129
8,929,1,No,-0.000429067,-7.62417,0.000488474
8,930,1,Yes,-2.53211,-0.0827643,0.920513
8,931,1,No,-0.0533612,-2.95609,0.0520189
8,932,1,No,-0.0145965,-4.23015,0.0145493
8,933,1,Yes,-2.44262,-0.0908802,0.913073
8,934,1,No,-0.00119835,-6.6791,0.00125684
8,935,1,No,-0.0044481,-5.40416,0.00449758
8,936,1,Yes,-3.37883,-0.034621,0.965915
8,937,1,No,-0.00286285,-5.83674,0.00291816
8,938,1,No,-0.0108864,-4.52018,0.0108864
8,939,1,No,-0.00243364,-5.99534,0.00249018
8,940,1,Yes,-3.22405,-0.0405456,0.960209
8,941,1,No,-0.019093,-3.96483,0.0189702
8,942,1,No,-0.0313659,-3.47576,0.0309366
8,943,1,Yes,-5.42408,-0.00435956,0.995591
8,944,1,Yes,-0.276134,-1.42152,0.241333
8,945,1,No,-0.0249784,-3.6998,0.024727
8,946,1,Yes,-2.35517,-0.0996189,0.905129
8,947,1,Yes,-0.416476,-1.07678,0.340672
8,948,1,Yes,-3.40361,-0.0337573,0.966749
8,949,1,Yes,-4.56616,-0.0103921,0.989603
8,950,1,No,-0.00161994,-6.39013,0.00167795
8,951,1,Yes,-3.27428,-0.0385174,0.962158
8,952,1,Yes,-0.981954,-0.469236,0.625443
8,953,1,Yes,-1.48491,-0.256785,0.77349
8,954,1,Yes,-3.92531,-0.0198727,0.980265
8,955,1,Yes,-0.967174,-0.478193,0.619867
8,956,1,Yes,-3.98863,-0.0186387,0.981476
8,957,1,Yes,-3.37087,-0.0349022,0.965642
8,958,1,Yes,-3.93079,-0.0197633,0.980373
8,959,1,No,-0.0265421,-3.64002,0.0262503
8,960,1,No,-0.00088039,-6.96989,0.0009397
8,961,1,Yes,-3.49934,-0.0306226,0.969784
8,962,1,No,-0.00351031,-5.63702,0.00356325
8,963,1,No,-0.0718073,-2.66859,0.0693456
8,964,1,No,-0.616832,-0.775644,0.46038
8,965,1,No,-0.00238357,-6.01553,0.00244041
8,966,1,No,-0.0281581,-3.58183,0.027823
8,967,1,No,-0.064099,-2.77825,0.0621438
8,968,1,No,-1.43127,-0.273053,0.761008
8,969,1,Yes,-1.50579,-0.250752,0.77817
8,970,1,Yes,-3.89885,-0.0204127,0.979736
8,971,1,Yes,-4.02776,-0.0179142,0.982187
8,972,1,No,-0.0392891,-3.25484,0.0385848
8,973,1,No,-0.188278,-1.76215,0.171665
8,974,1,Yes,-1.53252,-0.24326,0.784022
8,975,1,No,-0.359876,-1.19635,0.302278
8,976,1,No,-0.494952,-0.940434,0.390436
8,977,1,Yes,-0.882641,-0.533805,0.586335
8,978,1,Yes,-3.28956,-0.0379214,0.962732
8,979,1,Yes,-0.172809,-1.84036,0.158751
8,980,1,Yes,-0.362592,-1.19011,0.30417
8,981,1,Yes,-0.311206,-1.31865,0.26748
8,982,1,Yes,-0.249188,-1.51129,0.220612
8,983,1,Yes,-2.91578,-0.055621,0.945841
8,984,1,No,-0.413287,-1.08298,0.338566
8,985,1,No,-0.905118,-0.518246,0.595529
8,986,1,Yes,-0.890609,-0.528221,0.589618
8,987,1,Yes,-0.932457,-0.500095,0.606437
8,988,1,Yes,-3.41327,-0.0334267,0.967069
8,989,1,Yes,-1.55586,-0.236924,0.789005
8,990,1,Yes,-0.6968,-0.68939,0.501852
8,991,1,Yes,-0.678267,-0.708133,0.492534
8,992,1,No,-0.523675,-0.897178,0.407695
8,993,1,Yes,-1.69105,-0.203667,0.815686
8,994,1,Yes,-1.38353,-0.288528,0.749322
8,995,1,Yes,-0.845413,-0.560929,0.570645
8,996,1,Yes,-3.03367,-0.0492734,0.951864
8,997,1,Yes,-2.64143,-0.0738625,0.928745
8,998,1,Yes,-4.13306,-0.0161035,0.983967
8,999,1,Yes,-4.0558,-0.0174125,0.982679
8,1000,1,Yes,-1.60846,-0.223315,0.799815
8,1001,1,Yes,-1.92433,-0.157723,0.854036
8,1002,1,Yes,-3.72185,-0.0244256,0.975812
8,1003,1,Yes,-4.56,-0.0104573,0.989539
8,1004,1,Yes,-4.67497,-0.00930988,0.990675
8,1005,1,No,-0.664733,-0.722272,0.485619
8,1006,1,Yes,-1.00248,-0.457144,0.633052
8,1007,1,Yes,-2.58979,-0.077937,0.924968
8,1008,1,Yes,-1.1404,-0.385123,0.680327
8,1009,1,Yes,-4.2754,-0.0139437,0.986094
8,1010,1,Yes,-3.78616,-0.0228835,0.977319
8,1011,1,Yes,-4.23008,-0.0145984,0.98545
8,1012,1,Yes,-4.3013,-0.013584,0.98645
8,1013,1,Yes,-2.53878,-0.0821902,0.921042
8,1014,1,Yes,-4.55606,-0.0104987,0.989497
8,1015,1,No,-0.0165759,-4.10448,0.0164977
8,1016,1,Yes,-1.7926,-0.182082,0.833484
8,1017,1,Yes,-2.22229,-0.114628,0.891645
8,1018,1,Yes,-3.18171,-0.0423395,0.958488
8,1019,1,Yes,-4.02739,-0.0179209,0.98218
8,1020,1,No,-0.00108927,-6.76984,0.00114781
8,1021,1,No,-0.0243042,-3.72678,0.0240688
8,1022,1,No,-0.0146582,-4.22603,0.0146094
8,1023,1,Yes,-4.3252,-0.0132591,0.98677
8,1024,1,Yes,-2.97016,-0.0525947,0.948708
8,1025,1,Yes,-0.562828,-0.842894,0.430438
8,1026,1,Yes,-3.64465,-0.0264173,0.973871
8,1027,1,Yes,-1.12165,-0.394056,0.674276
8,1028,1,Yes,-1.763,-0.188102,0.828481
8,1029,1,Yes,-1.56809,-0.233678,0.79157
8,1030,1,Yes,-2.25869,-0.110292,0.895519
8,1031,1,Yes,-0.203002,-1.694,0.183772
8,1032,1,No,-0.0153745,-4.17882,0.0153156
8,1033,1,No,-0.140658,-2.03047,0.131265
8,1034,1,No,-1.75417,-0.189939,0.82696
8,1035,1,Yes,-1.85453,-0.170158,0.843482
8,1036,1,Yes,-3.19664,-0.0416976,0.959103
8,1037,1,Yes,-3.12546,-0.0448487,0.956086
8,1038,1,No,-0.00844097,-4.77188,0.00846395
8,1039,1,No,-0.139292,-2.03957,0.130077
8,1040,1,No,-0.0476046,-3.06725,0.046546
8,1041,1,Yes,-3.56793,-0.0285593,0.971787
8,1042,1,Yes,-3.37718,-0.0346782,0.965859
8,1043,1,No,-0.663021,-0.724087,0.484738
8,1044,1,Yes,-2.47356,-0.0879841,0.915721
8,1045,1,Yes,-1.28411,-0.324123,0.723119
8,1046,1,No,-0.0112741,-4.48557,0.0112698
8,1047,1,No,-0.0143596,-4.24631,0.0143161
8,1048,1,No,-0.000184613,-8.32091,0.00024336
8,1049,1,No,-0.000157846,-8.43609,0.000216883
8,1050,1,No,-7.53431e-05,-8.91435,0.000134438
8,1051,1,No,-0.000285428,-7.97221,0.000344897
8,1052,1,No,-0.000108069,-8.69646,0.000167166
8,1053,1,No,-0.000192243,-8.28754,0.000251619
8,1054,1,No,-0.0554955,-2.91797,0.0540401
8,1055,1,No,-0.00152824,-6.44601,0.00158674
8,1056,1,No,-0.00160901,-6.39659,0.00166714
8,1057,1,No,-0.00103199,-6.82089,0.00109068
8,1058,1,No,-0.000153792,-8.45327,0.000213188
8,1059,1,No,-0.000128516,-8.5819,0.000187458
8,1060,1,No,-0.00214353,-6.11874,0.00220109
8,1061,1,Yes,-2.43858,-0.0912657,0.912721
8,1062,1,Yes,-4.78131,-0.00836055,0.991615
8,1063,1,No,-3.82109,-0.0220868,0.978097
8,1064,1,Yes,-4.84577,-0.00783309,0.992139
8,1065,1,No,-1.99951,-0.145422,0.864606
8,1066,1,No,-0.000117666,-8.63934,0.000176993
8,1067,1,No,-7.16474e-05,-8.9427,0.00013068
8,1068,1,No,-0.03782,-3.29216,0.0371714
8,1069,1,No,-0.000671374,-7.22124,0.00073085
8,1070,1,No,-0.000141929,-8.51257,0.000200915
8,1071,1,No,-4.56582e-05,-9.15821,0.000105345
8,1072,1,No,-0.176699,-1.81999,0.162018
8,1073,1,No,-5.48974e-05,-9.07406,0.000114594
8,1074,1,No,-0.000301645,-7.92698,0.000360853
8,1075,1,No,-0.000128754,-8.57856,0.000188084
8,1076,1,No,-0.341698,-1.23962,0.289479
8,1077,1,No,-0.00702242,-4.95369,0.00705691
8,1078,1,No,-0.225433,-1.60004,0.201877
8,1079,1,No,-0.00100365,-6.84695,0.00106263
8,1080,1,No,-0.00134851,-6.56641,0.00140676
8,1081,1,No,-0.00371938,-5.58027,0.00377133
8,1082,1,Yes,-0.338287,-1.24803,0.287052
8,1083,1,No,-0.00349548,-5.64122,0.00354834
8,1084,1,Yes,-3.97351,-0.0189263,0.981194
8,1085,1,Yes,-4.68268,-0.00923762,0.990746
8,1086,1,Yes,-4.95195,-0.00703473,0.992931
8,1087,1,Yes,-0.166002,-1.87722,0.153005
8,1088,1,No,-0.168557,-1.8632,0.155167
8,1089,1,Yes,-0.687296,-0.698915,0.497095
8,1090,1,Yes,-0.96553,-0.479203,0.619241
8,1091,1,Yes,-3.84866,-0.0214776,0.978693
8,1092,1,Yes,-2.75582,-0.0656036,0.936447
8,1093,1,No,-0.000580599,-7.3551,0.000639287
8,1094,1,No,-0.000562468,-7.38228,0.000622142
8,1095,1,No,-0.00149266,-6.46885,0.00155092
8,1096,1,No,-0.0300364,-3.5183,0.0296479
8,1097,1,No,-0.00125612,-6.63415,0.00131461
8,1098,1,No,-0.0204614,-3.89648,0.020312
8,1099,1,Yes,-0.16651,-1.87442,0.153436
8,1100,1,No,-0.780224,-0.61294,0.541724
8,1101,1,Yes,-3.86973,-0.0210242,0.979137
8,1102,1,Yes,-4.47394,-0.0114075,0.988598
8,1103,1,Yes,-3.74316,-0.0239028,0.976322
8,1104,1,Yes,-0.730625,-0.65691,0.51842
8,1105,1,No,-0.546177,-0.865363,0.420874
8,1106,1,Yes,-0.655478,-0.732168,0.480837
8,1107,1,No,-0.699706,-0.686514,0.503298
8,1108,1,Yes,-3.9567,-0.0192512,0.980875
8,1109,1,Yes,-4.16934,-0.015523,0.984538
8,1110,1,Yes,-4.83718,-0.00790121,0.992071
8,1111,1,Yes,-3.92818,-0.0198155,0.980322
8,1112,1,Yes,-3.36163,-0.0352329,0.965323
8,1113,1,Yes,-2.71272,-0.0685969,0.933648
8,1114,1,Yes,-2.76834,-0.0647598,0.937238
8,1115,1,Yes,-1.91353,-0.159583,0.852449
8,1116,1,No,-0.0365048,-3.32684,0.0359044
8,1117,1,Yes,-2.37816,-0.0972406,0.907284
8,1118,1,Yes,-4.11822,-0.0163476,0.983727
8,1119,1,Yes,-2.21041,-0.116081,0.890351
8,1120,1,Yes,-2.1155,-0.128417,0.879434
8,1121,1,Yes,-2.81632,-0.0616274,0.940178
8,1122,1,Yes,-4.27999,-0.0138798,0.986158
8,1123,1,Yes,-0.608826,-0.785111,0.456042
8,1124,1,Yes,-3.76076,-0.0234807,0.976735
8,1125,1,Yes,-2.21125,-0.115977,0.890443
8,1126,1,Yes,-3.60157,-0.0275993,0.972721
8,1127,1,No,-1.6818,-0.205771,0.813971
8,1128,1,No,-0.410463,-1.08852,0.336696
8,1129,1,No,-0.567906,-0.836214,0.433323
8,1130,1,No,-1.68708,-0.204567,0.814952
8,1131,1,Yes,-3.85605,-0.0213177,0.97885
8,1132,1,Yes,-1.55263,-0.23779,0.788321
8,1133,1,Yes,-3.98955,-0.0186216,0.981493
8,1134,1,Yes,-4.46025,-0.0115668,0.988441
8,1135,1,Yes,-3.86248,-0.0211783,0.978985
8,1136,1,Yes,-3.6291,-0.0268372,0.973462
8,1137,1,Yes,-3.9263,-0.019853,0.980285
8,1138,1,Yes,-0.268004,-1.44751,0.23514
8,1139,1,No,-0.594655,-0.802281,0.448279
8,1140,1,Yes,-3.30347,-0.0373857,0.963247
8,1141,1,Yes,-2.96786,-0.0527198,0.94859
8,1142,1,Yes,-4.06677,-0.0172208,0.982868
8,1143,1,Yes,-5.05249,-0.00635499,0.993607
8,1144,1,Yes,-4.1293,-0.016165,0.983907
8,1145,1,No,-0.442738,-1.02783,0.357763
8,1146,1,Yes,-2.65065,-0.0731589,0.929399
8,1147,1,Yes,-3.44817,-0.0322595,0.968198
8,1148,1,Yes,-3.2279,-0.0403863,0.960362
8,1149,1,Yes,-3.50038,-0.0305902,0.969816
8,1150,1,Yes,-0.35626,-1.20474,0.299751
8,1151,1,Yes,-3.20291,-0.041432,0.959358
8,1152,1,Yes,-2.56288,-0.0801519,0.922922
8,1153,1,No,-0.123144,-2.15483,0.115916
8,1154,1,No,-0.0018934,-6.23951,0.0019507
8,1155,1,No,-0.0345128,-3.3819,0.0339809
8,1156,1,No,-0.00495803,-5.29733,0.00500465
8,1157,1,No,-0.00241673,-6.00234,0.00247282
8,1158,1,No,-0.0106323,-4.54365,0.0106339
8,1159,1,No,-0.498368,-0.935122,0.392515
8,1160,1,Yes,-1.99721,-0.145782,0.864295
8,1161,1,Yes,-1.15038,-0.380469,0.683501
8,1162,1,No,-0.0241822,-3.73171,0.0239505
8,1163,1,Yes,-1.62917,-0.218198,0.803919
8,1164,1,No,-0.010912,-4.5179,0.0109113
8,1165,1,No,-0.131927,-2.09026,0.123647
8,1166,1,Yes,-2.19046,-0.118566,0.888141
8,1167,1,Yes,-1.95243,-0.152999,0.858079
8,1168,1,Yes,-3.01986,-0.0499772,0.951195
8,1169,1,Yes,-0.474095,-0.973891,0.377589
8,1170,1,Yes,-2.07359,-0.134303,0.874274
8,1171,1,No,-0.466626,-0.986325,0.372923
8,1172,1,Yes,-3.2265,-0.0404443,0.960306
8,1173,1,No,-0.282204,-1.40267,0.245925
8,1174,1,No,-0.74506,-0.643684,0.525322
8,1175,1,Yes,-2.88485,-0.0574225,0.94414
8,1176,1,No,-0.832106,-0.571059,0.564894
8,1177,1,Yes,-3.59454,-0.0277967,0.972528
8,1178,1,Yes,-2.4872,-0.0867388,0.916863
8,1179,1,No,-0.115104,-2.21837,0.10878
8,1180,1,Yes,-4.39536,-0.0123515,0.987666
8,1181,1,Yes,-0.663741,-0.723323,0.485109
8,1182,1,Yes,-3.13906,-0.0442273,0.956679
8,1183,1,No,-0.0267877,-3.63093,0.0264901
8,1184,1,Yes,-4.15975,-0.0156741,0.984389
8,1185,1,No,-2.65626,-0.0727333,0.929794
8,1186,1,Yes,-2.27285,-0.108653,0.896988
8,1187,1,No,-0.491862,-0.945275,0.38855
8,1188,1,No,-0.360956,-1.19386,0.303031
8,1189,1,No,-0.0190782,-3.96558,0.0189559
8,1190,1,No,-0.000229743,-8.14928,0.000288925
8,1191,1,No,-0.00021293,-8.21011,0.000271875
8,1192,1,No,-0.000224854,-8.1659,0.000284165
8,1193,1,No,-0.000140736,-8.51609,0.000200208
8,1194,1,No,-0.0181707,-4.01372,0.018065
8,1195,1,No,-0.0423289,-3.18195,0.0415021
8,1196,1,No,-0.000348927,-7.80447,0.000407884
8,1197,1,No,-0.000974653,-6.87488,0.00103336
8,1198,1,No,-0.000354114,-7.79162,0.000413159
8,1199,1,No,-0.00112221,-6.7413,0.00118104
8,1200,1,No,-0.000218952,-8.18771,0.000278034
8,1201,1,No,-0.000310052,-7.90286,0.000369663
8,1202,1,Yes,-5.06183,-0.00629429,0.993666
8,1203,1,Yes,-5.16651,-0.00566109,0.994296
8,1204,1,Yes,-5.1867,-0.00554702,0.99441
8,1205,1,Yes,-4.63588,-0.00968566,0.990303
8,1206,1,No,-9.83525e-05,-8.75686,0.000157369
8,1207,1,No,-0.000366517,-7.76152,0.000425785
8,1208,1,No,-4.5837e-05,-9.16234,0.000104911
8,1209,1,No,-0.000880271,-6.97038,0.00093924
8,1210,1,No,-0.000115699,-8.65182,0.000174799
8,1211,1,No,-0.000205419,-8.2365,0.000264795
8,1212,1,No,-0.0020353,-6.1694,0.00209236
8,1213,1,No,-0.00446804,-5.39972,0.00451756
8,1214,1,No,-0.239428,-1.54655,0.212968
8,1215,1,No,-0.00696636,-4.96156,0.00700157
8,1216,1,No,-0.00191711,-6.22724,0.00197477
8,1217,1,Yes,-1.04283,-0.434475,0.647566
8,1218,1,No,-0.188483,-1.76117,0.171834
8,1219,1,No,-0.372317,-1.16821,0.310905
8,1220,1,Yes,-0.515351,-0.909395,0.402744
8,1221,1,Yes,-4.38335,-0.0125017,0.987517
8,1222,1,Yes,-4.34773,-0.0129603,0.987065
8,1223,1,Yes,-2.8301,-0.0607567,0.940997
8,1224,1,No,-0.000597715,-7.32854,0.00065649
8,1225,1,No,-0.000564019,-7.38042,0.000623303
8,1226,1,No,-0.000217521,-8.19173,0.000276917
8,1227,1,No,-0.0074831,-4.89088,0.00751437
8,1228,1,No,-0.00148699,-6.47245,0.00154535
8,1229,1,No,-0.00452468,-5.38733,0.00457391
8,1230,1,No,-0.0144813,-4.23798,0.0144359
8,1231,1,No,-0.00436979,-5.42163,0.00441968
8,1232,1,No,-0.0546206,-2.93341,0.053212
8,1233,1,No,-0.00403095,-5.50109,0.00408208
8,1234,1,Yes,-2.0629,-0.135849,0.872923
8,1235,1,Yes,-3.51869,-0.030025,0.970363
8,1236,1,Yes,-4.0798,-0.0169949,0.98309
8,1237,1,Yes,-1.89435,-0.162939,0.849593
8,1238,1,No,-0.0738981,-2.64095,0.0712889
8,1239,1,No,-0.028367,-3.57455,0.0280264
8,1240,1,Yes,-3.70983,-0.0247252,0.97552
8,1241,1,Yes,-2.10714,-0.129568,0.878423
8,1242,1,Yes,-5.01024,-0.0066321,0.993331
8,1243,1,Yes,-4.20388,-0.0149895,0.985063
8,1244,1,No,-0.00160226,-6.40098,0.00165984
8,1245,1,Yes,-3.64385,-0.0264387,0.97385
8,1246,1,Yes,-4.3775,-0.0125758,0.987444
8,1247,1,No,-0.000862553,-6.98958,0.000921382
8,1248,1,No,-0.000677696,-7.21263,0.000737175
8,1249,1,No,-0.149552,-1.97353,0.138958
8,1250,1,No,-0.000781186,-7.08221,0.000839864
8,1251,1,Yes,-4.95545,-0.00701024,0.992955
8,1252,1,Yes,-4.0741,-0.0170928,0.982993
8,1253,1,No,-0.000807432,-7.05047,0.000866947
8,1254,1,No,-0.000459777,-7.56353,0.00051901
8,1255,1,No,-0.00117932,-6.69434,0.00123782
8,1256,1,Yes,-1.18618,-0.364312,0.694634
8,1257,1,Yes,-0.772848,-0.619224,0.538331
8,1258,1,Yes,-4.92897,-0.00719993,0.992766
8,1259,1,Yes,-4.67255,-0.00933184,0.990652
8,1260,1,No,-0.000167265,-8.39102,0.000226882
8,1261,1,Yes,-2.96829,-0.0526954,0.948612
8,1262,1,No,-0.000168695,-8.38837,0.000227484
8,1263,1,Yes,-4.80954,-0.00812442,0.991849
8,1264,1,No,-0.00207287,-6.15159,0.00212996
8,1265,1,Yes,-1.98094,-0.148361,0.862069
8,1266,1,No,-0.00603353,-5.10367,0.00607403
8,1267,1,Yes,-4.48888,-0.0112366,0.988767
8,1268,1,No,-0.000736567,-7.13632,0.000795629
8,1269,1,Yes,-4.09381,-0.016756,0.983325
8,1270,1,No,-0.0253106,-3.68678,0.0250511
8,1271,1,No,-0.107522,-2.28275,0.101997
8,1272,1,No,-0.0204529,-3.8969,0.0203035
8,1273,1,Yes,-3.85591,-0.0213204,0.978847
8,1274,1,No,-0.00238775,-6.01395,0.00244426
8,1275,1,Yes,-4.09338,-0.0167633,0.983318
8,1276,1,No,-0.00110168,-6.75885,0.00116049
8,1277,1,No,-0.00333483,-5.68739,0.00338821
8,1278,1,No,-0.150779,-1.96596,0.140013
8,1279,1,No,-7.82043e-05,-8.89546,0.000137002
8,1280,1,No,-0.0809611,-2.55323,0.0778253
8,1281,1,Yes,-4.23332,-0.01455,0.985497
8,1282,1,No,-4.33723,-0.0130983,0.986928
8,1283,1,No,-0.00126114,-6.63035,0.00131962
8,1284,1,No,-0.000190992,-8.29485,0.000249786
8,1285,1,No,-0.454245,-1.0075,0.36511
8,1286,1,Yes,-4.556,-0.0104994,0.989497
8,1287,1,Yes,-3.18956,-0.0420005,0.958813
8,1288,1,No,-0.00030868,-7.90716,0.000368076
8,1289,1,No,-7.45086e-05,-8.92095,0.000133553
8,1290,1,Yes,-4.36457,-0.0127413,0.987281
8,1291,1,No,-3.95783e-05,-9.22358,9.86787e-05
8,1292,1,No,-0.000117607,-8.64089,0.000176719
8,1293,1,No,-0.000128099,-8.58264,0.000187318
8,1294,1,No,-4.10684e-05,-9.20462,0.000100568
8,1295,1,Yes,-4.30343,-0.0135537,0.986479
8,1296,1,Yes,-4.2258,-0.0146612,0.985387
8,1297,1,No,-0.000102287,-8.72867,0.000161868
8,1298,1,No,-0.000145744,-8.49167,0.000205159
8,1299,1,No,-0.000416843,-7.64983,0.000476096
8,1300,1,Yes,-3.77274,-0.0231962,0.977013
8,1301,1,No,-0.117794,-2.19661,0.111173
8,1302,1,No,-1.65616,-0.211722,0.809141
8,1303,1,No,-0.00131849,-6.58783,0.00137694
8,1304,1,No,-0.00227185,-6.06254,0.00232835
8,1305,1,No,-0.987026,-0.46621,0.627338
8,1306,1,Yes,-4.67363,-0.00932269,0.990662
8,1307,1,No,-0.00343638,-5.65783,0.00348987
8,1308,1,No,-0.00843244,-4.77287,0.00845556
8,1309,1,No,-0.00184993,-6.26184,0.00190762
8,1310,1,Yes,-3.54631,-0.0291935,0.971171
8,1311,1,Yes,-3.52003,-0.0299841,0.970403
8,1312,1,Yes,-2.61509,-0.0759112,0.926843
8,1313,1,Yes,-4.11227,-0.0164452,0.98363
8,1314,1,Yes,-0.537419,-0.877539,0.415781
8,1315,1,No,-0.225609,-1.59934,0.202017
8,1316,1,Yes,-2.61224,-0.0761375,0.926634
8,1317,1,No,-0.113269,-2.23354,0.107142
8,1318,1,No,-0.000953712,-6.89533,0.00101244
8,1319,1,No,-0.13423,-2.07409,0.125663
8,1320,1,Yes,-4.86038,-0.00771739,0.992253
8,1321,1,No,-0.0013118,-6.59296,0.0013699
8,1322,1,Yes,-3.53718,-0.0294664,0.970906
8,1323,1,No,-0.727193,-0.660108,0.516765
8,1324,1,No,-0.359394,-1.19746,0.301942
8,1325,1,Yes,-3.67084,-0.0257233,0.974547
8,1326,1,Yes,-2.62211,-0.0753593,0.927355
8,1327,1,Yes,-2.96747,-0.0527396,0.94857
8,1328,1,Yes,-5.40915,-0.00442559,0.995525
8,1329,1,No,-0.0227617,-3.79141,0.0225624
8,1330,1,No,-0.802221,-0.594702,0.551695
8,1331,1,Yes,-2.76116,-0.0652416,0.936785
8,1332,1,Yes,-0.520167,-0.902295,0.405614
8,1333,1,Yes,-3.27074,-0.0386568,0.962024
8,1334,1,Yes,-2.04944,-0.137823,0.871201
8,1335,1,Yes,-2.45252,-0.0899435,0.913929
8,1336,1,Yes,-2.3297,-0.102327,0.902681
8,1337,1,Yes,-3.21397,-0.0409649,0.959806
8,1338,1,Yes,-2.71811,-0.068215,0.934005
8,1339,1,Yes,-3.22913,-0.0403347,0.960411
8,1340,1,Yes,-4.48726,-0.0112545,0.988749
8,1341,1,Yes,-3.15288,-0.0436064,0.957274
8,1342,1,Yes,-3.37024,-0.0349246,0.965621
8,1343,1,Yes,-6.08978,-0.00220852,0.997734
8,1344,1,Yes,-3.4123,-0.0334596,0.967037
8,1345,1,Yes,-1.95516,-0.152548,0.858467
8,1346,1,No,-0.0349044,-3.37081,0.0343597
8,1347,1,Yes,-5.10806,-0.00600684,0.993953
8,1348,1,Yes,-2.98955,-0.0515578,0.949693
8,1349,1,Yes,-1.99606,-0.145964,0.864138
8,1350,1,No,-4.23135,-0.0145788,0.985468
8,1351,1,Yes,-0.589539,-0.808611,0.44545
8,1352,1,Yes,-0.130429,-2.10095,0.122333
8,1353,1,Yes,-3.75881,-0.0235269,0.97669
8,1354,1,No,-0.7198,-0.667072,0.513179
8,1355,1,Yes,-4.39642,-0.0123384,0.987679
8,1356,1,Yes,-3.10636,-0.0457349,0.955239
8,1357,1,Yes,-2.8437,-0.0599102,0.941794
8,1358,1,No,-0.27539,-1.42386,0.240769
8,1359,1,Yes,-4.28941,-0.0137474,0.986288
8,1360,1,No,-0.506863,-0.922116,0.397653
8,1361,1,Yes,-0.764506,-0.626433,0.534463
8,1362,1,Yes,-0.704383,-0.68192,0.505615
8,1363,1,No,-0.861351,-0.549104,0.577434
8,1364,1,Yes,-0.78074,-0.612505,0.54196
8,1365,1,Yes,-0.727819,-0.659524,0.517067
8,1366,1,Yes,-2.63753,-0.0741617,0.928467
8,1367,1,Yes,-0.260846,-1.47116,0.229645
8,1368,1,Yes,-3.88836,-0.0206312,0.979522
8,1369,1,Yes,-2.47033,-0.0882821,0.915448
8,1370,1,Yes,-2.42469,-0.0926051,0.9115
8,0,2,No,-0.00146025,-6.49001,0.00151845
8,1,2,No,-0.000326985,-7.85918,0.000386168
8,2,2,No,-0.0457716,-3.10557,0.0447965
8,3,2,Yes,-2.80437,-0.0623925,0.939459
8,4,2,No,-0.00738408,-4.90414,0.00741542
8,5,2,Yes,-2.48042,-0.0873566,0.916297
8,6,2,No,-0.452029,-1.01136,0.363701
8,7,2,No,-0.0666483,-2.74054,0.0645319
8,8,2,No,-1.1991,-0.358687,0.698552
8,9,2,No,-0.00468959,-5.35225,0.00473722
8,10,2,No,-0.000636303,-7.2708,0.000695512
8,11,2,No,-0.0033023,-5.69698,0.00335587
8,12,2,No,-0.00115413,-6.71486,0.00121268
8,13,2,No,-0.0798879,-2.56604,0.0768346
8,14,2,Yes,-0.111793,-2.24592,0.105824
8,15,2,Yes,-1.52601,-0.24506,0.782612
8,16,2,No,-0.00179768,-6.28975,0.00185511
8,17,2,No,-0.00111171,-6.75052,0.0011702
8,18,2,Yes,-2.59089,-0.0778467,0.925051
8,19,2,Yes,-2.69686,-0.0697336,0.932587
8,20,2,Yes,-1.82809,-0.17514,0.839289
8,21,2,Yes,-4.15249,-0.0157891,0.984276
8,22,2,Yes,-3.1265,-0.044801,0.956132
8,23,2,Yes,-2.64964,-0.0732341,0.929328
8,24,2,Yes,-2.74694,-0.0662081,0.93588
8,25,2,Yes,-3.04242,-0.0488333,0.952283
8,26,2,No,-0.0819523,-2.54156,0.0787387
8,27,2,No,-0.0114585,-4.46952,0.0114521
8,28,2,No,-0.973527,-0.474317,0.622274
8,29,2,Yes,-1.10945,-0.400004,0.670278
8,30,2,Yes,-4.36505,-0.0127355,0.987287
8,31,2,Yes,-2.21245,-0.11583,0.890574
8,32,2,No,-0.371752,-1.16946,0.310515
8,33,2,Yes,-0.854168,-0.554392,0.574388
8,34,2,Yes,-0.408003,-1.09338,0.335062
8,35,2,No,-0.955372,-0.485499,0.615354
8,36,2,Yes,-3.41786,-0.0332709,0.96722
8,37,2,Yes,-4.52687,-0.0108139,0.989186
8,38,2,Yes,-1.31906,-0.311059,0.732628
8,39,2,No,-0.00372172,-5.57953,0.00377413
8,40,2,Yes,-2.95934,-0.0531838,0.94815
8,41,2,Yes,-2.23527,-0.113062,0.893043
8,42,2,No,-0.00010634,-8.70775,0.00016529
8,43,2,Yes,-3.20448,-0.0413654,0.959422
8,44,2,Yes,-4.41139,-0.0121525,0.987862
8,45,2,No,-0.320197,-1.29443,0.274037
8,46,2,No,-1.82386,-0.175952,0.838608
8,47,2,Yes,-3.18308,-0.0422796,0.958544
8,48,2,Yes,-3.71107,-0.0246944,0.97555
8,49,2,No,-0.00336007,-5.67984,0.00341391
8,50,2,No,-0.00236319,-6.02389,0.00242009
8,51,2,No,-0.0142135,-4.25645,0.0141717
8,52,2,No,-0.0097896,-4.62521,0.00980104
8,53,2,No,-0.0161016,-4.13315,0.0160313
8,54,2,Yes,-4.2344,-0.0145345,0.985512
8,55,2,Yes,-0.997319,-0.460146,0.631155
8,56,2,Yes,-1.76253,-0.188201,0.8284
8,57,2,Yes,-3.24065,-0.0398633,0.960864
8,58,2,Yes,-4.46746,-0.0114829,0.988524
8,59,2,No,-0.000347019,-7.80908,0.000406008
8,60,2,Yes,-2.28145,-0.10767,0.89787
8,61,2,Yes,-4.68709,-0.00919684,0.990787
8,62,2,Yes,-4.54522,-0.0106152,0.989383
8,63,2,Yes,-0.275263,-1.42426,0.240672
8,64,2,Yes,-3.08531,-0.0467324,0.954287
8,65,2,Yes,-2.76707,-0.064845,0.937158
8,66,2,Yes,-1.81306,-0.178045,0.836856
8,67,2,Yes,-4.31277,-0.0134265,0.986604
8,68,2,No,-0.30275,-1.34218,0.26126
8,69,2,No,-0.163819,-1.88939,0.151155
8,70,2,Yes,-3.7999,-0.0225673,0.977628
8,71,2,No,-0.00908273,-4.69936,0.00910057
8,72,2,Yes,-0.892232,-0.527093,0.590284
8,73,2,No,-0.00011099,-8.67704,0.000170445
8,74,2,Yes,-2.23751,-0.112794,0.893283
8,75,2,No,-0.549497,-0.860812,0.422794
8,76,2,No,-0.0286383,-3.5652,0.0282897
8,77,2,No,-0.000238089,-8.12003,0.000297502
8,78,2,Yes,-4.71217,-0.00896701,0.991015
8,79,2,Yes,-3.58236,-0.0281429,0.972192
8,80,2,Yes,-0.257166,-1.48361,0.226805
8,81,2,Yes,-0.20752,-1.67418,0.187451
8,82,2,No,-3.80295,-0.0224974,0.977696
8,83,2,Yes,-2.08839,-0.132193,0.87612
8,84,2,Yes,-2.55527,-0.0807893,0.922333
8,85,2,Yes,-3.10338,-0.0458738,0.955106
8,86,2,Yes,-4.02196,-0.0180198,0.982083
8,87,2,Yes,-4.2071,-0.0149411,0.985111
8,88,2,Yes,-2.45336,-0.0898645,0.914001
8,89,2,Yes,-2.78448,-0.063688,0.938242
8,90,2,Yes,-2.93209,-0.0546954,0.946718
8,91,2,Yes,-2.83056,-0.0607278,0.941024
8,92,2,Yes,-0.528662,-0.889976,0.410641
8,93,2,Yes,-3.1093,-0.0455966,0.955371
8,94,2,Yes,-0.712912,-0.673651,0.509814
8,95,2,Yes,-4.74491,-0.00867459,0.991305
8,96,2,Yes,-3.44432,-0.0323856,0.968075
8,97,2,No,-0.199188,-1.71112,0.180652
8,98,2,Yes,-3.26603,-0.0388431,0.961845
8,99,2,No,-0.0310799,-3.48476,0.0306592
8,100,2,No,-0.267687,-1.44854,0.234899
8,101,2,Yes,-1.96808,-0.150434,0.860284
8,102,2,Yes,-2.08611,-0.132515,0.875838
8,103,2,Yes,-1.25915,-0.333847,0.716122
8,104,2,No,-0.343536,-1.23512,0.290784
8,105,2,No,-0.627147,-0.763688,0.465918
8,106,2,No,-0.000219369,-8.18558,0.000278627
8,107,2,No,-0.0123117,-4.3985,0.012295
8,108,2,No,-0.0128732,-4.35442,0.0128492
8,109,2,No,-0.0246608,-3.71244,0.0244165
8,110,2,Yes,-3.94277,-0.0195252,0.980607
8,111,2,No,-0.00161856,-6.39095,0.00167657
8,112,2,No,-0.00511192,-5.2671,0.00515824
8,113,2,No,-0.358149,-1.20034,0.301073
8,114,2,Yes,-3.03746,-0.0490827,0.952046
8,115,2,No,-0.000125237,-8.59717,0.000184617
8,116,2,No,-0.000172988,-8.36503,0.000232855
8,117,2,Yes,-4.58148,-0.0102324,0.989761
8,118,2,No,-0.453461,-1.00886,0.364613
8,119,2,No,-0.000172272,-8.3714,0.000231378
8,120,2,Yes,-4.4468,-0.011725,0.988285
8,121,2,Yes,-4.6239,-0.00980315,0.990186
8,122,2,No,-0.0173324,-4.06035,0.017242
8,123,2,Yes,-3.99265,-0.0185631,0.98155
8,124,2,No,-0.000818468,-7.03853,0.000877365
8,125,2,No,-0.190321,-1.75236,0.173355
8,126,2,Yes,-3.05385,-0.0482642,0.952826
8,127,2,Yes,-3.31529,-0.0369386,0.963679
8,128,2,No,-0.153669,-1.94838,0.142496
8,129,2,No,-0.000150036,-8.47125,0.000209391
8,130,2,No,-0.000148605,-8.47769,0.000208046
8,131,2,No,-0.000149023,-8.47733,0.000208121
8,132,2,No,-0.00177481,-6.30192,0.00183267
8,133,2,Yes,-2.94936,-0.0537324,0.94763
8,134,2,Yes,-3.55057,-0.0290674,0.971293
8,135,2,No,-0.000794607,-7.06597,0.000853614
8,136,2,Yes,-0.373003,-1.16669,0.311378
8,137,2,Yes,-1.73645,-0.193689,0.823865
8,138,2,Yes,-0.291068,-1.37597,0.252579
8,139,2,Yes,-2.29679,-0.105941,0.899425
8,140,2,No,-0.298537,-1.35419,0.258141
8,141,2,Yes,-2.91336,-0.0557598,0.94571
8,142,2,No,-0.00419458,-5.46212,0.00424428
8,143,2,No,-3.40905,-0.0335711,0.966929
8,144,2,No,-6.93822e-05,-8.95852,0.000128629
8,145,2,Yes,-1.80558,-0.17951,0.83563
8,146,2,Yes,-0.984884,-0.467485,0.626539
8,147,2,Yes,-2.11229,-0.128858,0.879047
8,148,2,Yes,-0.178588,-1.81028,0.163599
8,149,2,Yes,-3.21443,-0.0409467,0.959824
8,150,2,Yes,-2.7325,-0.0672057,0.934947
8,151,2,Yes,-0.411424,-1.08663,0.337333
8,152,2,Yes,-2.55213,-0.0810543,0.922089
8,153,2,Yes,-2.32024,-0.103353,0.901755
8,154,2,No,-2.09385,-0.131423,0.876796
8,155,2,Yes,-2.9541,-0.0534709,0.947878
8,156,2,Yes,-2.91485,-0.0556754,0.945791
8,157,2,Yes,-1.53514,-0.242539,0.784587
8,158,2,Yes,-0.847103,-0.559659,0.57137
8,159,2,Yes,-1.68236,-0.205644,0.814075
8,160,2,Yes,-2.76562,-0.0649417,0.937067
8,161,2,No,-2.15004,-0.123775,0.883527
8,162,2,No,-0.470534,-0.979789,0.375368
8,163,2,Yes,-1.07996,-0.414836,0.66041
8,164,2,Yes,-4.41395,-0.0121214,0.987893
8,165,2,No,-0.199142,-1.71133,0.180615
8,166,2,Yes,-4.05194,-0.0174809,0.982612
8,167,2,Yes,-1.68146,-0.205848,0.813909
8,168,2,No,-0.126144,-2.13224,0.118564
8,169,2,Yes,-1.97632,-0.149103,0.86143
8,170,2,Yes,-3.90657,-0.0202543,0.979892
8,171,2,Yes,-2.7104,-0.0687631,0.933494
8,172,2,No,-0.0683417,-2.71632,0.066114
8,173,2,No,-0.0147601,-4.21914,0.0147105
8,174,2,Yes,-4.34699,-0.0129709,0.987055
8,175,2,Yes,-3.78816,-0.0228373,0.977364
8,176,2,No,-0.000690937,-7.19559,0.000749844
8,177,2,No,-0.00214198,-6.11958,0.00219924
8,178,2,Yes,-3.97754,-0.0188489,0.981269
8,179,2,No,-0.0185073,-3.99559,0.0183955
8,180,2,No,-0.0243804,-3.72366,0.024144
8,181,2,No,-0.0410948,-3.21089,0.0403182
8,182,2,Yes,-2.26694,-0.109334,0.896378
8,183,2,No,-0.755506,-0.634339,0.530255
8,184,2,No,-1.173,-0.370162,0.690582
8,185,2,Yes,-3.61659,-0.0271814,0.973127
8,186,2,Yes,-2.96459,-0.0528968,0.948421
8,187,2,Yes,-0.426772,-1.05715,0.347426
8,188,2,Yes,-2.48939,-0.0865417,0.917044
8,189,2,Yes,-2.25185,-0.111095,0.894801
8,190,2,Yes,-1.7274,-0.195635,0.822264
8,191,2,Yes,-1.47209,-0.260568,0.770569
8,192,2,No,-0.00289238,-5.82676,0.00294742
8,193,2,No,-0.00470935,-5.348,0.00475736
8,194,2,Yes,-1.99477,-0.146167,0.863963
8,195,2,No,-0.000314345,-7.89271,0.000373435
8,196,2,No,-0.000232783,-8.13917,0.000291861
8,197,2,No,-0.000284355,-7.97619,0.000343524
8,198,2,Yes,-0.225736,-1.59884,0.202118
8,199,2,No,-0.00134923,-6.56597,0.00140737
8,200,2,No,-1.01121,-0.45212,0.636241
8,201,2,No,-0.0114223,-4.47266,0.0114162
8,202,2,Yes,-4.55164,-0.0105464,0.989451
8,203,2,No,-0.000214659,-8.20484,0.000273311
8,204,2,Yes,-0.86399,-0.547176,0.578548
8,205,2,No,-0.000159813,-8.42608,0.000219065
8,206,2,Yes,-3.16613,-0.0430209,0.957836
8,207,2,Yes,-4.96332,-0.0069552,0.993011
8,208,2,Yes,-3.84792,-0.0214943,0.978677
8,209,2,Yes,-4.49005,-0.0112229,0.988781
8,210,2,Yes,-0.525674,-0.894279,0.408878
8,211,2,Yes,-3.128,-0.0447321,0.956197
8,212,2,Yes,-0.19054,-1.75131,0.173536
8,213,2,No,-5.79374e-05,-9.05332,0.000116995
8,214,2,No,-0.000731378,-7.14269,0.000790575
8,215,2,Yes,-3.72097,-0.0244475,0.975791
8,216,2,Yes,-4.86282,-0.00769937,0.992272
8,217,2,No,-0.00551346,-5.19268,0.00555679
8,218,2,Yes,-3.02925,-0.0494989,0.951651
8,219,2,Yes,-2.7414,-0.0665903,0.935524
8,220,2,Yes,-3.77858,-0.0230598,0.977146
8,221,2,Yes,-1.14313,-0.38384,0.6812
8,222,2,No,-1.68187,-0.205755,0.813985
8,223,2,Yes,-4.66342,-0.0094189,0.990566
8,224,2,Yes,-2.26467,-0.109598,0.896142
8,225,2,Yes,-0.281102,-1.40606,0.245093
8,226,2,No,-0.0175047,-4.05062,0.0174106
8,227,2,No,-0.581007,-0.819337,0.440698
8,228,2,Yes,-2.48816,-0.0866515,0.916942
8,229,2,Yes,-5.13331,-0.00585508,0.994103
8,230,2,No,-0.000244469,-8.09857,0.000303956
8,231,2,Yes,-2.48542,-0.0869004,0.916715
8,232,2,Yes,-2.69371,-0.0699618,0.932375
8,233,2,Yes,-4.32382,-0.0132781,0.986752
8,234,2,No,-0.310158,-1.32153,0.266712
8,235,2,Yes,-2.68867,-0.0703279,0.932033
8,236,2,No,-0.000163628,-8.40945,0.00022274
8,237,2,No,-0.000173465,-8.36522,0.000232811
8,238,2,No,-0.0047648,-5.33643,0.00481273
8,239,2,No,-0.12671,-2.12804,0.119063
8,240,2,Yes,-3.70554,-0.0248331,0.975415
8,241,2,No,-7.73102e-05,-8.89846,0.000136591
8,242,2,Yes,-0.310169,-1.3215,0.26672
8,243,2,Yes,-0.338715,-1.24697,0.287357
8,244,2,No,-0.00270147,-5.89353,0.00275705
8,245,2,No,-0.594328,-0.802682,0.448099
8,246,2,Yes,-3.19948,-0.0415773,0.959219
8,247,2,No,-0.403635,-1.1021,0.332152
8,248,2,Yes,-4.18246,-0.0153179,0.98474
8,249,2,No,-0.551713,-0.857796,0.424071
8,250,2,Yes,-2.69855,-0.0696125,0.932701
8,251,2,Yes,-1.2572,-0.33462,0.715568
8,252,2,Yes,-3.05299,-0.0483069,0.952785
8,253,2,No,-0.00137829,-6.5451,0.00143705
8,254,2,No,-0.0167393,-4.09478,0.0166584
8,255,2,No,-0.000462699,-7.55756,0.000522115
8,256,2,Yes,-1.47593,-0.259429,0.771446
8,257,2,Yes,-4.82197,-0.00802426,0.99195
8,258,2,Yes,-3.63247,-0.0267461,0.973551
8,259,2,Yes,-3.15181,-0.0436548,0.957228
8,260,2,No,-0.00684405,-4.97917,0.00687939
8,261,2,Yes,-0.460207,-0.997213,0.368884
8,262,2,Yes,-2.84422,-0.0598782,0.941824
8,263,2,Yes,-2.06093,-0.136138,0.872672
8,264,2,No,-0.000559606,-7.3872,0.000619092
8,265,2,Yes,-4.23174,-0.014574,0.985474
8,266,2,No,-0.00038035,-7.72979,0.000439512
8,267,2,Yes,-3.74463,-0.0238679,0.976357
8,268,2,No,-0.000222529,-8.1754,0.000281477
8,269,2,Yes,-3.10599,-0.0457518,0.955222
8,270,2,No,-0.0166268,-4.10145,0.0165476
8,271,2,Yes,-2.19294,-0.118254,0.888418
8,272,2,No,-0.635363,-0.754352,0.470288
8,273,2,No,-0.00174394,-6.31921,0.00180126
8,274,2,No,-0.00119042,-6.68514,0.00124927
8,275,2,No,-0.00378537,-5.56286,0.00383755
8,276,2,Yes,-1.72717,-0.195684,0.822224
8,277,2,No,-0.256391,-1.48625,0.226206
8,278,2,Yes,-4.26701,-0.0140628,0.985977
8,279,2,No,-0.0073292,-4.91147,0.00736122
8,280,2,No,-0.000143836,-8.50421,0.000202601
8,281,2,No,-0.00345911,-5.65146,0.00351218
8,282,2,No,-0.000489712,-7.50735,0.000549004
8,283,2,Yes,-3.87045,-0.021009,0.979152
8,284,2,Yes,-3.32212,-0.0366822,0.963926
8,285,2,Yes,-3.07487,-0.0472352,0.953807
8,286,2,No,-0.00197277,-6.19953,0.00203026
8,287,2,Yes,-3.58968,-0.0279349,0.972394
8,288,2,No,-8.11252e-05,-8.87275,0.000140149
8,289,2,No,-1.42885,-0.273814,0.760429
8,290,2,Yes,-0.440511,-1.03184,0.356331
8,291,2,Yes,-4.99589,-0.00672919,0.993235
8,292,2,No,-0.00103241,-6.82022,0.00109142
8,293,2,Yes,-4.12814,-0.0161839,0.983888
8,294,2,Yes,-4.30764,-0.0134963,0.986535
8,295,2,Yes,-4.55715,-0.0104873,0.989509
8,296,2,No,-0.206606,-1.67815,0.186708
8,297,2,No,-0.00872966,-4.73854,0.00875089
8,298,2,No,-0.00282525,-5.84971,0.00288056
8,299,2,No,-0.13068,-2.09915,0.122553
8,300,2,Yes,-2.12798,-0.126719,0.88093
8,301,2,Yes,-2.24701,-0.111666,0.894291
8,302,2,Yes,-1.91582,-0.159187,0.852787
8,303,2,Yes,-0.502557,-0.928676,0.395053
8,304,2,Yes,-3.04931,-0.04849,0.952611
8,305,2,Yes,-2.18898,-0.118752,0.887976
8,306,2,Yes,-3.4752,-0.0313839,0.969046
8,307,2,Yes,-1.04218,-0.434832,0.647335
8,308,2,Yes,-0.853464,-0.554914,0.574088
8,309,2,No,-2.82167,-0.0612874,0.940497
8,310,2,No,-0.0388644,-3.2655,0.0381755
8,311,2,No,-0.00485788,-5.31745,0.00490495
8,312,2,Yes,-2.16192,-0.12222,0.884903
8,313,2,No,-0.00793834,-4.8326,0.00796534
8,314,2,Yes,-4.37264,-0.0126379,0.987383
8,315,2,No,-0.000202259,-8.24896,0.000261515
8,316,2,No,-0.00060517,-7.31645,0.000664481
8,317,2,Yes,-4.59363,-0.0101079,0.989885
8,318,2,Yes,-4.86106,-0.00771343,0.992258
8,319,2,No,-0.035705,-3.34859,0.0351318
8,320,2,No,-0.00846093,-4.76947,0.00848437
8,321,2,No,-0.000278333,-7.99389,0.0003375
8,322,2,No,-0.000297948,-7.93683,0.000357315
8,323,2,No,-0.000430677,-7.62074,0.000490148
8,324,2,No,-9.46567e-05,-8.78082,0.000153642
8,325,2,No,-0.006273,-5.06522,0.00631216
8,326,2,No,-0.0179384,-4.02646,0.0178362
8,327,2,Yes,-4.21794,-0.0147789,0.985272
8,328,2,Yes,-4.10189,-0.0166197,0.98346
8,329,2,Yes,-4.62527,-0.00978979,0.9902
8,330,2,No,-1.00804,-0.453934,0.635087
8,331,2,No,-0.13388,-2.07653,0.125357
8,332,2,No,-0.201584,-1.70033,0.182613
8,333,2,Yes,-1.2559,-0.335139,0.715197
8,334,2,Yes,-4.79107,-0.00827929,0.991697
8,335,2,Yes,-4.23142,-0.0145791,0.985469
8,336,2,Yes,-3.97629,-0.0188732,0.981246
8,337,2,Yes,-2.93732,-0.0544026,0.946996
8,338,2,Yes,-3.99604,-0.0185001,0.981613
8,339,2,No,-0.000172213,-8.37302,0.000231004
8,340,2,No,-0.000295087,-7.94618,0.000353991
8,341,2,No,-1.91036,-0.160132,0.851982
8,342,2,No,-0.813811,-0.585384,0.55686
8,343,2,No,-0.00263519,-5.91775,0.00269109
8,344,2,Yes,-4.01113,-0.0182183,0.981888
8,345,2,Yes,-0.385368,-1.13988,0.319839
8,346,2,Yes,-2.46296,-0.0889668,0.914823
8,347,2,No,-0.116412,-2.20773,0.109944
8,348,2,No,-0.00327892,-5.7038,0.00333306
8,349,2,No,-0.204994,-1.68521,0.185395
8,350,2,Yes,-0.325735,-1.27991,0.278046
8,351,2,No,-1.0328,-0.439978,0.644012
8,352,2,No,-0.289935,-1.37933,0.251732
8,353,2,Yes,-1.29299,-0.320742,0.725567
8,354,2,No,-0.238459,-1.55014,0.212205
8,355,2,No,-0.193629,-1.73673,0.176085
8,356,2,Yes,-1.12853,-0.390747,0.676511
8,357,2,Yes,-0.801717,-0.595113,0.551468
8,358,2,No,-0.103186,-2.32176,0.0980946
8,359,2,No,-0.322872,-1.28738,0.275976
8,360,2,Yes,-1.17699,-0.368382,0.691812
8,361,2,Yes,-2.88642,-0.0573294,0.944228
8,362,2,Yes,-2.33421,-0.101842,0.903119
8,363,2,No,-0.000190813,-8.29305,0.000250234
8,364,2,No,-0.000166549,-8.39473,0.000226042
8,365,2,Yes,-2.97185,-0.0525039,0.948794
8,366,2,Yes,-3.22195,-0.0406331,0.960125
8,367,2,No,-1.45433,-0.265919,0.766456
8,368,2,Yes,-3.55167,-0.0290342,0.971325
8,369,2,Yes,-2.47685,-0.0876824,0.915998
8,370,2,Yes,-3.01407,-0.0502758,0.950911
8,371,2,No,-0.0665922,-2.74136,0.0644788
8,372,2,Yes,-3.43272,-0.0327709,0.967703
8,373,2,Yes,-3.81751,-0.0221673,0.978019
8,374,2,Yes,-3.21961,-0.0407299,0.960032
8,375,2,Yes,-3.38466,-0.0344153,0.966113
8,376,2,Yes,-2.47562,-0.0877956,0.915894
8,377,2,Yes,-1.23625,-0.343074,0.709544
8,378,2,No,-0.0482022,-3.0551,0.0471151
8,379,2,Yes,-0.977609,-0.471847,0.623812
8,380,2,Yes,-3.63151,-0.0267722,0.973525
8,381,2,Yes,-0.330134,-1.26858,0.281214
8,382,2,No,-1.40537,-0.281326,0.754737
8,383,2,Yes,-0.846965,-0.559764,0.571311
8,384,2,Yes,-3.84386,-0.0215826,0.97859
8,385,2,No,-0.00395208,-5.52043,0.0040039
8,386,2,Yes,-4.06747,-0.0172092,0.98288
8,387,2,No,-0.000118501,-8.63487,0.000177786
8,388,2,No,-0.000472478,-7.53949,0.000531635
8,389,2,No,-0.000101333,-8.73728,0.00016048
8,390,2,Yes,-4.38174,-0.012522,0.987497
8,391,2,Yes,-3.73837,-0.0240203,0.976208
8,392,2,Yes,-4.04615,-0.0175839,0.982511
8,393,2,No,-0.00358873,-5.61526,0.00364163
8,394,2,Yes,-1.8685,-0.167587,0.845654
8,395,2,No,-0.0941089,-2.40933,0.0898702
8,396,2,No,-0.0359108,-3.34294,0.0353307
8,397,2,No,-0.013949,-4.27504,0.0139107
8,398,2,Yes,-3.26539,-0.0388685,0.96182
8,399,2,No,-0.000244886,-8.09919,0.000303767
8,400,2,No,-0.000735613,-7.13709,0.000795013
8,401,2,No,-0.0926302,-2.42443,0.0885236
8,402,2,Yes,-3.06804,-0.0475664,0.953491
8,403,2,Yes,-1.74578,-0.191706,0.825501
8,404,2,Yes,-3.0028,-0.0508612,0.950355
8,405,2,Yes,-3.65809,-0.0260591,0.97422
8,406,2,Yes,-4.43979,-0.0118091,0.988202
8,407,2,No,-1.13174,-0.389219,0.677546
8,408,2,Yes,-3.93851,-0.0196094,0.980524
8,409,2,Yes,-4.00974,-0.0182443,0.981863
8,410,2,Yes,-4.17909,-0.0153706,0.984688
8,411,2,Yes,-1.7176,-0.197765,0.820515
8,412,2,Yes,-3.20098,-0.0415135,0.95928
8,413,2,Yes,-2.85786,-0.0590413,0.942612
8,414,2,Yes,-0.227821,-1.59066,0.20378
8,415,2,Yes,-1.78322,-0.183967,0.831914
8,416,2,Yes,-3.19276,-0.0418632,0.958944
8,417,2,Yes,-0.744929,-0.643804,0.52526
8,418,2,No,-0.00772382,-4.85958,0.00775328
8,419,2,No,-0.147443,-1.9867,0.137139
8,420,2,No,-0.158549,-1.91952,0.146668
8,421,2,Yes,-0.0618956,-2.81211,0.0600747
8,422,2,No,-0.00528783,-5.23376,0.00533313
8,423,2,No,-0.00897537,-4.7111,0.00899431
8,424,2,No,-0.123317,-2.15351,0.116069
8,425,2,No,-0.077958,-2.58952,0.0750518
8,426,2,No,-0.00315215,-5.74255,0.00320639
8,427,2,No,-0.0011721,-6.70048,0.00123025
8,428,2,Yes,-3.83162,-0.0218535,0.978327
8,429,2,Yes,-2.4224,-0.092828,0.911297
8,430,2,No,-0.436888,-1.03842,0.353994
8,431,2,No,-1.18314,-0.365654,0.693702
8,432,2,Yes,-0.419985,-1.07002,0.342982
8,433,2,No,-0.00515991,-5.25793,0.00520576
8,434,2,No,-0.100131,-2.3503,0.0953347
8,435,2,Yes,-1.96719,-0.150579,0.860159
8,436,2,No,-0.334086,-1.25855,0.28405
8,437,2,No,-0.0135054,-4.30702,0.0134729
8,438,2,No,-0.000110632,-8.68255,0.000169508
8,439,2,Yes,-3.12217,-0.045,0.955941
8,440,2,No,-0.000239162,-8.11809,0.00029808
8,441,2,No,-0.000187891,-8.30567,0.000247098
8,442,2,No,-0.471899,-0.977521,0.37622
8,443,2,Yes,-3.5986,-0.0276829,0.97264
8,444,2,Yes,-3.59383,-0.027817,0.972509
8,445,2,Yes,-3.66503,-0.0258761,0.974398
8,446,2,No,-4.53927,-0.0106796,0.989319
8,447,2,Yes,-1.06683,-0.421656,0.655921
8,448,2,No,-0.079145,-2.575,0.0761493
8,449,2,No,-0.114649,-2.22211,0.108374
8,450,2,No,-0.0599961,-2.8423,0.0582882
8,451,2,Yes,-2.44944,-0.0902342,0.913664
8,452,2,No,-2.60809,-0.0764658,0.926329
8,453,2,Yes,-3.78568,-0.0228945,0.977308
8,454,2,No,-0.0111357,-4.49787,0.011132
8,455,2,No,-0.00238064,-6.01713,0.0024365
8,456,2,Yes,-4.3505,-0.0129244,0.9871
8,457,2,No,-0.00309594,-5.76038,0.00314972
8,458,2,No,-0.000131258,-8.56561,0.000190537
8,459,2,Yes,-3.2153,-0.0409094,0.959859
8,460,2,No,-0.596694,-0.799775,0.449403
8,461,2,Yes,-2.82576,-0.0610298,0.94074
8,462,2,No,-0.0971572,-2.37897,0.0926404
8,463,2,No,-0.00267876,-5.90186,0.0027342
8,464,2,No,-0.00055555,-7.39361,0.000615132
8,465,2,No,-0.00518508,-5.25304,0.00523127
8,466,2,No,-0.00016023,-8.42386,0.000219553
8,467,2,No,-0.0198412,-3.92687,0.019704
8,468,2,Yes,-2.90203,-0.0564141,0.945092
8,469,2,No,-0.00289818,-5.82495,0.00295279
8,470,2,No,-0.417066,-1.07564,0.341061
8,471,2,No,-0.295434,-1.36316,0.255835
8,472,2,No,-0.000102287,-8.7302,0.00016162
8,473,2,No,-0.000607675,-7.31288,0.000666852
8,474,2,No,-0.00339882,-5.66867,0.00345225
8,475,2,Yes,-2.97536,-0.0523148,0.948974
8,476,2,No,-0.937684,-0.496717,0.608489
8,477,2,Yes,-2.30083,-0.10549,0.899831
8,478,2,Yes,-3.92891,-0.0198007,0.980336
8,479,2,No,-0.0013614,-6.5575,0.00141935
8,480,2,No,-0.000743308,-7.12773,0.000802493
8,481,2,No,-0.00194237,-6.21479,0.00199952
8,482,2,No,-0.00170495,-6.34101,0.00176242
8,483,2,No,-0.000403784,-7.67653,0.000463553
8,484,2,Yes,-3.20658,-0.0412764,0.959508
8,485,2,Yes,-3.51223,-0.0302231,0.970171
8,486,2,Yes,-2.41897,-0.093163,0.910992
8,487,2,Yes,-3.51098,-0.0302617,0.970134
8,488,2,No,-1.42919,-0.273705,0.760512
8,489,2,No,-0.104282,-2.31175,0.0990815
8,490,2,No,-0.014938,-4.20728,0.0148859
8,491,2,Yes,-3.03344,-0.0492861,0.951853
8,492,2,No,-0.00935073,-4.67061,0.00936599
8,493,2,Yes,-3.56589,-0.0286185,0.97173
8,494,2,Yes,-3.71656,-0.0245579,0.975684
8,495,2,Yes,-2.3015,-0.105415,0.899898
8,496,2,Yes,-1.33943,-0.303725,0.73802
8,497,2,Yes,-0.357533,-1.20178,0.300641
8,498,2,Yes,-4.55414,-0.0105198,0.989477
8,499,2,Yes,-3.36267,-0.0351952,0.965359
8,500,2,Yes,-3.36678,-0.0350483,0.965501
8,501,2,Yes,-0.112608,-2.23906,0.106552
8,502,2,Yes,-0.281741,-1.40409,0.245575
8,503,2,No,-0.712449,-0.674095,0.509587
8,504,2,Yes,-3.09852,-0.046104,0.954887
8,505,2,Yes,-2.66133,-0.0723515,0.930149
8,506,2,Yes,-1.83942,-0.172986,0.8411
8,507,2,No,-1.66976,-0.208543,0.811718
8,508,2,Yes,-3.35543,-0.0354564,0.965108
8,509,2,Yes,-4.14002,-0.0159907,0.984079
8,510,2,No,-0.174198,-1.83303,0.159919
8,511,2,No,-2.43156,-0.0919397,0.912106
8,512,2,Yes,-3.79587,-0.0226595,0.977538
8,513,2,No,-0.00628445,-5.06332,0.00632414
8,514,2,Yes,-2.10181,-0.130309,0.877772
8,515,2,No,-0.778666,-0.61426,0.541009
8,516,2,Yes,-2.33115,-0.102173,0.902821
8,517,2,No,-0.952508,-0.487294,0.61425
8,518,2,No,-1.49884,-0.25274,0.776624
8,519,2,Yes,-3.63012,-0.0268103,0.973488
8,520,2,Yes,-4.23078,-0.0145875,0.98546
8,521,2,No,-0.402144,-1.10511,0.331154
8,522,2,Yes,-1.1808,-0.366688,0.692985
8,523,2,No,-0.532002,-0.885202,0.412607
8,524,2,No,-2.86289,-0.0587356,0.9429
8,525,2,No,-0.000735553,-7.13714,0.000794974
8,526,2,Yes,-4.17444,-0.0154427,0.984617
8,527,2,Yes,-2.26424,-0.109648,0.896097
8,528,2,No,-0.370336,-1.17261,0.309538
8,529,2,No,-0.000981335,-6.86813,0.00104035
8,530,2,Yes,-3.53142,-0.0296391,0.970739
8,531,2,No,-0.377383,-1.15707,0.314387
8,532,2,No,-1.63259,-0.217367,0.804588
8,533,2,No,-0.000122912,-8.61114,0.000182056
8,534,2,No,-5.32284e-05,-9.0919,0.000112567
8,535,2,No,-4.95923e-05,-9.12751,0.000108629
8,536,2,No,-5.51358e-05,-9.07522,0.000114461
8,537,2,No,-0.0104478,-4.56084,0.0104527
8,538,2,No,-0.0147109,-4.22247,0.0146616
8,539,2,Yes,-3.29285,-0.0377935,0.962855
8,540,2,Yes,-0.0838556,-2.51956,0.0804903
8,541,2,No,-0.0573549,-2.88597,0.0557973
8,542,2,No,-0.000160945,-8.4199,0.000220423
8,543,2,No,-0.056954,-2.89279,0.0554182
8,544,2,Yes,-2.61061,-0.0762661,0.926515
8,545,2,No,-0.000108963,-8.69011,0.000168232
8,546,2,No,-0.000199457,-8.26038,0.000258544
8,547,2,Yes,-2.8308,-0.0607132,0.941038
8,548,2,Yes,-2.34426,-0.10077,0.904088
8,549,2,Yes,-2.96392,-0.0529333,0.948387
8,550,2,No,-0.000102048,-8.7338,0.00016104
8,551,2,No,-0.00155033,-6.43239,0.00160851
8,552,2,No,-0.853273,-0.555055,0.574007
8,553,2,No,-0.000131735,-8.56199,0.000191227
8,554,2,No,-1.20294,-0.357036,0.699707
8,555,2,Yes,-0.372593,-1.1676,0.311095
8,556,2,Yes,-1.52401,-0.245618,0.782175
8,557,2,No,-0.0145459,-4.23363,0.0144988
8,558,2,No,-0.00396069,-5.51846,0.00401178
8,559,2,Yes,-2.9101,-0.0559477,0.945533
8,560,2,No,-0.00182849,-6.27312,0.00188621
8,561,2,Yes,-2.46569,-0.0887131,0.915054
8,562,2,Yes,-2.81699,-0.061585,0.940218
8,563,2,Yes,-4.23619,-0.0145084,0.985538
8,564,2,Yes,-5.03689,-0.00645643,0.993506
8,565,2,Yes,-3.58781,-0.0279886,0.972343
8,566,2,No,-0.327086,-1.27641,0.279021
8,567,2,Yes,-0.708399,-0.678008,0.507597
8,568,2,Yes,-0.187381,-1.76649,0.170921
8,569,2,Yes,-0.71641,-0.670298,0.511526
8,570,2,Yes,-0.623629,-0.767736,0.464036
8,571,2,Yes,-1.77314,-0.186017,0.830211
8,572,2,Yes,-3.82843,-0.0219235,0.978257
8,573,2,No,-0.494823,-0.940635,0.390357
8,574,2,No,-0.000144731,-8.49556,0.000204361
8,575,2,Yes,-4.86566,-0.00767715,0.992294
8,576,2,Yes,-0.720517,-0.666392,0.513528
8,577,2,No,-0.022828,-3.78852,0.0226278
8,578,2,Yes,-2.90545,-0.0562153,0.945279
8,579,2,No,-0.311241,-1.31856,0.267506
8,580,2,No,-0.0131988,-4.32971,0.0131706
8,581,2,No,-0.0017898,-6.29381,0.00184759
8,582,2,No,-0.0117696,-4.443,0.0117599
8,583,2,Yes,-2.6198,-0.0755412,0.927187
8,584,2,Yes,-3.91162,-0.0201504,0.979993
8,585,2,Yes,-1.25502,-0.335488,0.714947
8,586,2,No,-0.0135791,-4.30161,0.0135459
8,587,2,No,-0.0351684,-3.3634,0.0346153
8,588,2,No,-0.0112454,-4.48807,0.0112417
8,589,2,No,-0.00802318,-4.82199,0.00805029
8,590,2,Yes,-4.24159,-0.0144295,0.985616
8,591,2,No,-0.0273927,-3.60894,0.0270789
8,592,2,No,-0.0350947,-3.3655,0.0345427
8,593,2,Yes,-0.0237157,-3.75093,0.0234944
8,594,2,No,-3.1324,-0.0445309,0.95639
8,595,2,No,-0.546384,-0.865078,0.420994
8,596,2,Yes,-1.30716,-0.315435,0.729428
8,597,2,Yes,-4.6371,-0.00967332,0.990315
8,598,2,Yes,-0.347134,-1.2264,0.293331
8,599,2,Yes,-1.50712,-0.25037,0.778467
8,600,2,Yes,-0.407729,-1.09392,0.33488
8,601,2,Yes,-0.666087,-0.720839,0.486316
8,602,2,No,-0.232191,-1.57376,0.207253
8,603,2,Yes,-3.98162,-0.0187716,0.981346
8,604,2,No,-0.773306,-0.618832,0.538542
8,605,2,No,-0.00276076,-5.87233,0.00281613
8,606,2,No,-0.000507722,-7.47533,0.000566865
8,607,2,No,-0.00787562,-4.84032,0.00790405
8,608,2,Yes,-0.574775,-0.827301,0.437202
8,609,2,No,-0.00029926,-7.93499,0.000357975
8,610,2,No,-0.107911,-2.27934,0.102346
8,611,2,Yes,-1.73542,-0.193909,0.823685
8,612,2,Yes,-1.03852,-0.436828,0.646044
8,613,2,Yes,-1.81983,-0.176731,0.837956
8,614,2,Yes,-4.41397,-0.0121212,0.987894
8,615,2,No,-1.94753,-0.153813,0.857382
8,616,2,Yes,-1.93394,-0.156092,0.855431
8,617,2,Yes,-4.89616,-0.00744377,0.992525
8,618,2,Yes,-1.69805,-0.202093,0.816971
8,619,2,Yes,-3.09578,-0.0462338,0.954763
8,620,2,Yes,-4.3376,-0.0130943,0.986933
8,621,2,No,-0.0702697,-2.68947,0.067913
8,622,2,Yes,-3.5648,-0.0286496,0.971699
8,623,2,Yes,-0.496565,-0.937919,0.391419
8,624,2,Yes,-2.96032,-0.0531301,0.948201
8,625,2,Yes,-2.02148,-0.142024,0.867549
8,626,2,Yes,-5.08273,-0.006163,0.993797
8,627,2,No,-6.05602e-05,-9.02928,0.000119842
8,628,2,Yes,-3.08972,-0.046521,0.954488
8,629,2,Yes,-2.14485,-0.124461,0.882921
8,630,2,Yes,-0.760278,-0.63013,0.532491
8,631,2,Yes,-2.65696,-0.0726804,0.929843
8,632,2,Yes,-1.62908,-0.21822,0.803901
8,633,2,Yes,-0.605732,-0.788813,0.454357
8,634,2,Yes,-1.98543,-0.147644,0.862686
8,635,2,No,-0.00341312,-5.66445,0.00346685
8,636,2,No,-0.39403,-1.1217,0.325706
8,637,2,Yes,-2.35512,-0.0996255,0.905124
8,638,2,Yes,-2.60275,-0.0768921,0.925935
8,639,2,Yes,-0.458289,-1.0005,0.367673
8,640,2,No,-0.000502236,-7.48499,0.000561417
8,641,2,No,-0.190594,-1.75105,0.173581
8,642,2,No,-0.291016,-1.37612,0.252541
8,643,2,Yes,-3.4228,-0.0331033,0.967381
8,644,2,Yes,-3.32245,-0.0366701,0.963938
8,645,2,Yes,-2.39838,-0.0951972,0.90914
8,646,2,Yes,-1.50751,-0.250261,0.778552
8,647,2,Yes,-0.538122,-0.876552,0.416191
8,648,2,No,-0.000570341,-7.37099,0.000629208
8,649,2,No,-1.76864,-0.186938,0.829446
8,650,2,No,-0.222632,-1.61119,0.199638
8,651,2,Yes,-3.14236,-0.0440796,0.956822
8,652,2,No,-0.814259,-0.585026,0.557059
8,653,2,No,-0.000141154,-8.51615,0.000200196
8,654,2,Yes,-0.786813,-0.607401,0.544733
8,655,2,Yes,-3.53149,-0.0296371,0.97074
8,656,2,No,-2.45738,-0.0894876,0.914346
8,657,2,Yes,-0.989983,-0.464458,0.628439
8,658,2,Yes,-4.61352,-0.00990711,0.990084
8,659,2,Yes,-0.660847,-0.726404,0.483617
8,660,2,Yes,-3.69196,-0.0251781,0.975078
8,661,2,No,-1.22079,-0.349469,0.705021
8,662,2,Yes,-2.52066,-0.0837598,0.919598
8,663,2,No,-0.0320453,-3.45469,0.0315953
8,664,2,No,-0.000672447,-7.22023,0.000731589
8,665,2,No,-0.000137398,-8.53548,0.000196365
8,666,2,Yes,-4.15833,-0.0156971,0.984367
8,667,2,Yes,-2.45663,-0.0895583,0.914281
8,668,2,Yes,-3.93244,-0.0197297,0.980405
8,669,2,Yes,-2.92959,-0.0548363,0.946584
8,670,2,Yes,-1.51245,-0.248859,0.779644
8,671,2,No,-0.00697567,-4.96026,0.00701071
8,672,2,No,-0.00640586,-5.04449,0.00644439
8,673,2,No,-0.000395018,-7.69675,0.000454272
8,674,2,No,-0.000154984,-8.45076,0.000213727
8,675,2,No,-9.27491e-05,-8.79181,0.000151964
8,676,2,No,-8.49998e-05,-8.84272,0.00014442
8,677,2,Yes,-2.69058,-0.0701891,0.932163
8,678,2,No,-0.00466437,-5.35743,0.0047127
8,679,2,No,-2.27148,-0.108812,0.896846
8,680,2,No,-0.00103265,-6.82031,0.00109132
8,681,2,No,-0.000897452,-6.9519,0.000956755
8,682,2,No,-0.0393534,-3.25325,0.038646
8,683,2,Yes,-1.39177,-0.285787,0.751379
8,684,2,No,-0.897582,-0.523397,0.59247
8,685,2,No,-0.23419,-1.56615,0.208835
8,686,2,No,-0.00329016,-5.70048,0.00334417
8,687,2,No,-0.0017403,-6.32112,0.00179782
8,688,2,No,-0.000150215,-8.47128,0.000209384
8,689,2,Yes,-4.81927,-0.00804625,0.991928
8,690,2,No,-0.138864,-2.04243,0.129705
8,691,2,Yes,-1.61606,-0.221421,0.801332
8,692,2,No,-8.44633e-05,-8.84459,0.000144151
8,693,2,No,-0.00177744,-6.30027,0.0018357
8,694,2,No,-0.00381744,-5.55453,0.00386967
8,695,2,No,-0.000489474,-7.50818,0.000548546
8,696,2,Yes,-1.11675,-0.396431,0.672677
8,697,2,No,-0.000428113,-7.62615,0.000487505
8,698,2,No,-0.000132212,-8.56008,0.000191592
8,699,2,No,-0.00621344,-5.07459,0.00625329
8,700,2,No,-0.00211271,-6.13325,0.00216939
8,701,2,Yes,-2.14483,-0.124463,0.882919
8,702,2,Yes,-1.64897,-0.213428,0.807763
8,703,2,No,-0.15261,-1.95479,0.141586
8,704,2,No,-0.0450236,-3.12166,0.0440815
8,705,2,No,-0.0420969,-3.18732,0.0412801
8,706,2,No,-0.699034,-0.687177,0.502964
8,707,2,No,-0.000667199,-7.22752,0.000726278
8,708,2,No,-0.000173941,-8.36323,0.000233276
8,709,2,Yes,-4.93095,-0.00718654,0.992781
8,710,2,Yes,-0.98503,-0.467398,0.626594
8,711,2,No,-0.00431879,-5.4333,0.00436838
8,712,2,No,-0.0136302,-4.29788,0.0135965
8,713,2,No,-0.150018,-1.97065,0.139358
8,714,2,Yes,-2.55096,-0.081153,0.921998
8,715,2,Yes,-1.96967,-0.150176,0.860506
8,716,2,Yes,-2.30649,-0.104862,0.900396
8,717,2,No,-0.000142465,-8.51007,0.000201418
8,718,2,No,-0.000661473,-7.23569,0.00072037
8,719,2,No,-0.000500685,-7.48791,0.00055978
8,720,2,No,-0.000945299,-6.90319,0.00100452
8,721,2,No,-0.000492694,-7.50197,0.000551964
8,722,2,No,-0.00235369,-6.02805,0.00241004
8,723,2,No,-0.650822,-0.737221,0.478414
8,724,2,No,-0.000465263,-7.55256,0.000524731
8,725,2,No,-0.270683,-1.43885,0.237187
8,726,2,No,-1.46091,-0.263921,0.767989
8,727,2,Yes,-4.31356,-0.0134167,0.986615
8,728,2,Yes,-4.38861,-0.0124363,0.987583
8,729,2,No,-0.00304435,-5.77666,0.00309886
8,730,2,Yes,-4.59748,-0.0100684,0.989923
8,731,2,Yes,-2.15247,-0.123455,0.88381
8,732,2,Yes,-3.6786,-0.0255225,0.974743
8,733,2,Yes,-4.11784,-0.0163533,0.983721
8,734,2,Yes,-0.663784,-0.723278,0.485131
8,735,2,No,-0.0124089,-4.39077,0.0123905
8,736,2,Yes,-0.735704,-0.652216,0.52086
8,737,2,No,-0.187157,-1.76758,0.170736
8,738,2,Yes,-0.482741,-0.959801,0.382947
8,739,2,No,-0.000451667,-7.57946,0.000510805
8,740,2,No,-1.01067,-0.452427,0.636045
8,741,2,Yes,-1.61556,-0.221545,0.801233
8,742,2,Yes,-3.33294,-0.0362795,0.964314
8,743,2,Yes,-2.73683,-0.0669057,0.935228
8,744,2,No,-0.344206,-1.23348,0.291259
8,745,2,Yes,-1.57155,-0.23277,0.79229
8,746,2,Yes,-1.1755,-0.369045,0.691354
8,747,2,Yes,-2.11404,-0.128618,0.879258
8,748,2,Yes,-0.191356,-1.74743,0.17421
8,749,2,No,-0.00157743,-6.4157,0.00163558
8,750,2,Yes,-3.69256,-0.0251627,0.975093
8,751,2,Yes,-3.42586,-0.0330005,0.967481
8,752,2,No,-0.122631,-2.15876,0.115462
8,753,2,No,-0.51234,-0.913877,0.400943
8,754,2,Yes,-2.99149,-0.0514554,0.94979
8,755,2,Yes,-4.15529,-0.0157458,0.98432
8,756,2,Yes,-4.47889,-0.0113514,0.988655
8,757,2,Yes,-4.23451,-0.0145335,0.985514
8,758,2,Yes,-3.21766,-0.040811,0.959954
8,759,2,No,-0.000425012,-7.63317,0.000484093
8,760,2,No,-2.06303,-0.13583,0.87294
8,761,2,No,-0.00506765,-5.27576,0.00511375
8,762,2,No,-0.465147,-0.988817,0.371994
8,763,2,Yes,-3.4095,-0.0335554,0.966944
8,764,2,Yes,-4.79977,-0.00820681,0.991769
8,765,2,No,-0.00155295,-6.43079,0.00161108
8,766,2,Yes,-4.65873,-0.00946487,0.990522
8,767,2,Yes,-2.42886,-0.0922019,0.911868
8,768,2,Yes,-3.83502,-0.0217776,0.9784
8,769,2,Yes,-2.94357,-0.0540535,0.947326
8,770,2,Yes,-0.304635,-1.33687,0.262651
8,771,2,No,-1.10895,-0.40025,0.670113
8,772,2,Yes,-3.40847,-0.0335906,0.96691
8,773,2,No,-0.0107352,-4.534,0.010737
8,774,2,Yes,-3.73539,-0.0240926,0.976137
8,775,2,No,-0.00633412,-5.05562,0.00637305
8,776,2,Yes,-1.60307,-0.224669,0.798733
8,777,2,No,-0.180395,-1.80109,0.165109
8,778,2,No,-1.45868,-0.264596,0.767471
8,779,2,Yes,-3.74162,-0.0239415,0.976286
8,780,2,Yes,-2.6901,-0.0702249,0.93213
8,781,2,Yes,-4.15825,-0.0156985,0.984366
8,782,2,No,-1.65774,-0.211352,0.809442
8,783,2,No,-0.0208418,-3.8783,0.0206848
8,784,2,No,-0.0001309,-8.56821,0.000190042
8,785,2,No,-0.818979,-0.581289,0.559144
8,786,2,No,-0.000781007,-7.08194,0.000840096
8,787,2,No,-0.00623527,-5.07119,0.00627456
8,788,2,No,-0.00871126,-4.74068,0.00873216
8,789,2,No,-0.00254777,-5.95059,0.00260416
8,790,2,Yes,-3.53805,-0.0294405,0.970932
8,791,2,No,-0.080109,-2.56338,0.077039
8,792,2,No,-0.109736,-2.26347,0.103982
8,793,2,No,-0.0205859,-3.89051,0.0204337
8,794,2,No,-0.00939645,-4.66582,0.00941094
8,795,2,No,-0.159277,-1.91529,0.14729
8,796,2,Yes,-1.03542,-0.438535,0.644943
8,797,2,Yes,-0.773728,-0.618469,0.538737
8,798,2,No,-2.36478,-0.098618,0.906035
8,799,2,No,-3.03734,-0.049088,0.95204
8,800,2,Yes,-2.146,-0.124308,0.883056
8,801,2,No,-0.000293536,-7.94965,0.000352765
8,802,2,Yes,-4.50258,-0.0110824,0.98892
8,803,2,No,-0.894587,-0.525462,0.591247
8,804,2,No,-0.134647,-2.0712,0.126027
8,805,2,Yes,-0.385456,-1.13969,0.319899
8,806,2,No,-0.00191192,-6.22984,0.00196965
8,807,2,Yes,-3.12317,-0.0449538,0.955985
8,808,2,No,-0.00325601,-5.71093,0.00330939
8,809,2,Yes,-3.97635,-0.0188717,0.981247
8,810,2,Yes,-0.105615,-2.2997,0.100283
8,811,2,No,-1.01263,-0.451303,0.636761
8,812,2,No,-0.000619723,-7.29529,0.00067869
8,813,2,No,-0.640998,-0.748042,0.473264
8,814,2,No,-0.182089,-1.79257,0.166522
8,815,2,No,-0.102137,-2.33146,0.0971478
8,816,2,Yes,-2.77754,-0.0641467,0.937812
8,817,2,Yes,-3.22325,-0.0405793,0.960177
8,818,2,Yes,-1.26888,-0.330016,0.71887
8,819,2,No,-0.0330382,-3.42474,0.0325559
8,820,2,Yes,-1.95356,-0.152811,0.85824
8,821,2,Yes,-3.1258,-0.0448327,0.956101
8,822,2,Yes,-3.95087,-0.0193644,0.980763
8,823,2,Yes,-3.06781,-0.0475779,0.95348
8,824,2,Yes,-4.92048,-0.00726285,0.992705
8,825,2,Yes,-1.0251,-0.444262,0.64126
8,826,2,Yes,-0.00605937,-5.09946,0.0060997
8,827,2,No,-0.00215918,-6.11181,0.00221641
8,828,2,Yes,-3.50569,-0.0304255,0.969976
8,829,2,Yes,-3.97258,-0.0189443,0.981176
8,830,2,No,-0.000121005,-8.62065,0.000180332
8,831,2,No,-1.68735,-0.204506,0.815002
8,832,2,Yes,-3.4003,-0.0338714,0.966639
8,833,2,Yes,-4.55625,-0.0104974,0.989499
8,834,2,Yes,-1.8226,-0.176196,0.838404
8,835,2,Yes,-2.82407,-0.0611356,0.94064
8,836,2,Yes,-2.28417,-0.107362,0.898148
8,837,2,Yes,-3.00101,-0.050954,0.950266
8,838,2,Yes,-3.06252,-0.0478372,0.953233
8,839,2,No,-0.000149857,-8.4732,0.000208983
8,840,2,Yes,-1.04811,-0.431616,0.64942
8,841,2,No,-1.04704,-0.432196,0.649044
8,842,2,No,-8.84572e-05,-8.81794,0.000148044
8,843,2,Yes,-3.81857,-0.0221429,0.978042
8,844,2,Yes,-1.62548,-0.219099,0.803195
8,845,2,No,-0.0034298,-5.65984,0.00348286
8,846,2,Yes,-0.202014,-1.6984,0.182965
8,847,2,No,-0.00124365,-6.64354,0.00130234
8,848,2,No,-0.00168662,-6.3511,0.00174472
8,849,2,Yes,-2.46123,-0.0891282,0.914675
8,850,2,No,-0.000251325,-8.07893,0.000309983
8,851,2,Yes,-3.50867,-0.0303332,0.970065
8,852,2,No,-0.161569,-1.90212,0.149243
8,853,2,Yes,-0.507487,-0.921173,0.398029
8,854,2,Yes,-4.52344,-0.0108513,0.989149
8,855,2,No,-0.51184,-0.914626,0.400643
8,856,2,No,-0.0446327,-3.13015,0.0437085
8,857,2,No,-0.149287,-1.97517,0.138729
8,858,2,No,-0.125526,-2.13684,0.11802
8,859,2,Yes,-0.68159,-0.704721,0.494218
8,860,2,No,-0.488064,-0.951284,0.386222
8,861,2,Yes,-3.45827,-0.0319297,0.968517
8,862,2,No,-0.0136389,-4.29726,0.013605
8,863,2,No,-0.00468755,-5.35257,0.00473569
8,864,2,Yes,-3.89437,-0.0205064,0.979645
8,865,2,No,-0.00047057,-7.54319,0.000529674
8,866,2,No,-0.00044952,-7.5838,0.000508595
8,867,2,No,-0.000286024,-7.96908,0.000345978
8,868,2,Yes,-0.899761,-0.5219,0.593357
8,869,2,Yes,-0.648597,-0.739652,0.477252
8,870,2,No,-0.00350014,-5.63975,0.00355356
8,871,2,No,-0.00840923,-4.7756,0.00843249
8,872,2,Yes,-2.8129,-0.0618452,0.939973
8,873,2,Yes,-2.85649,-0.0591251,0.942533
8,874,2,Yes,-2.61022,-0.0762974,0.926486
8,875,2,No,-0.0853927,-2.50216,0.0819027
8,876,2,Yes,-2.01045,-0.14372,0.86608
8,877,2,No,-0.0152204,-4.18881,0.0151634
8,878,2,Yes,-4.3284,-0.0132164,0.986812
8,879,2,Yes,-2.28239,-0.107564,0.897966
8,880,2,Yes,-4.25333,-0.0142591,0.985784
8,881,2,No,-0.00895306,-4.71353,0.00897247
8,882,2,Yes,-3.98233,-0.0187578,0.981359
8,883,2,Yes,-4.51614,-0.0109312,0.98907
8,884,2,Yes,-1.41009,-0.279798,0.755892
8,885,2,Yes,-2.31122,-0.104341,0.900865
8,886,2,Yes,-4.57147,-0.0103365,0.989658
8,887,2,No,-1.05912,-0.425724,0.653258
8,888,2,Yes,-0.80871,-0.589461,0.554594
8,889,2,Yes,-0.321718,-1.29042,0.27514
8,890,2,Yes,-1.39451,-0.28488,0.75206
8,891,2,Yes,-3.68325,-0.0254017,0.97486
8,892,2,Yes,-4.57876,-0.010261,0.989733
8,893,2,Yes,-4.02326,-0.0179962,0.982107
8,894,2,Yes,-4.00002,-0.0184242,0.981686
8,895,2,Yes,-3.9561,-0.0192624,0.980864
8,896,2,No,-0.000138769,-8.52558,0.000198317
8,897,2,No,-0.000374387,-7.74399,0.000433312
8,898,2,Yes,-2.83108,-0.0606956,0.941054
8,899,2,No,-0.000216508,-8.1966,0.000275574
8,900,2,No,-0.000277796,-7.99589,0.000336824
8,901,2,Yes,-4.56973,-0.0103553,0.98964
8,902,2,Yes,-1.31682,-0.311874,0.732031
8,903,2,No,-0.0522793,-2.97602,0.0509923
8,904,2,Yes,-4.43572,-0.0118578,0.988154
8,905,2,Yes,-4.17366,-0.0154561,0.984605
8,906,2,Yes,-4.21261,-0.0148584,0.985193
8,907,2,No,-0.0533577,-2.95616,0.0520152
8,908,2,No,-0.630072,-0.760344,0.467478
8,909,2,No,-0.516222,-0.908105,0.403264
8,910,2,Yes,-1.47188,-0.260631,0.77052
8,911,2,No,-0.00025836,-8.05348,0.000317974
8,912,2,Yes,-0.256056,-1.48739,0.225947
8,913,2,No,-0.13108,-2.09629,0.122905
8,914,2,No,-0.00141846,-6.51786,0.00147674
8,915,2,Yes,-3.98422,-0.0187221,0.981394
8,916,2,No,-0.00852657,-4.76185,0.00854929
8,917,2,Yes,-1.70825,-0.199822,0.818829
8,918,2,Yes,-3.26297,-0.0389645,0.961728
8,919,2,Yes,-4.40443,-0.0122392,0.987778
8,920,2,Yes,-2.2465,-0.111727,0.894237
8,921,2,No,-0.00446241,-5.40112,0.00451126
8,922,2,No,-0.122788,-2.15755,0.115601
8,923,2,Yes,-3.65955,-0.0260203,0.974257
8,924,2,Yes,-3.89894,-0.0204117,0.979738
8,925,2,Yes,-0.369832,-1.17374,0.30919
8,926,2,Yes,-4.5547,-0.0105141,0.989483
8,927,2,Yes,-2.33985,-0.101239,0.903664
8,928,2,No,-0.000517383,-7.4582,0.000576658
8,929,2,No,-0.000229027,-8.15147,0.000288295
8,930,2,Yes,-2.20045,-0.117314,0.889253
8,931,2,No,-0.0539601,-2.94524,0.0525863
8,932,2,No,-0.00916712,-4.69021,0.00918419
8,933,2,Yes,-2.55601,-0.0807272,0.92239
8,934,2,No,-0.00383713,-5.54974,0.00388823
8,935,2,No,-0.00398266,-5.51283,0.00403443
8,936,2,Yes,-3.01538,-0.0502079,0.950976
8,937,2,No,-0.000832248,-7.02264,0.000891412
8,938,2,No,-0.0139664,-4.27381,0.0139278
8,939,2,No,-0.00116977,-6.7023,0.00122802
8,940,2,Yes,-3.12179,-0.0450175,0.955924
8,941,2,No,-0.0162546,-4.12378,0.0161823
8,942,2,No,-0.0176721,-4.04122,0.017575
8,943,2,Yes,-5.01598,-0.00659418,0.993369
8,944,2,Yes,-0.248962,-1.51209,0.220436
8,945,2,No,-0.014227,-4.25555,0.0141844
8,946,2,Yes,-2.0865,-0.13246,0.875887
8,947,2,Yes,-0.520755,-0.901434,0.405963
8,948,2,Yes,-3.45165,-0.0321453,0.968309
8,949,2,Yes,-4.47243,-0.0114245,0.988581
8,950,2,No,-0.00177708,-6.30071,0.00183489
8,951,2,Yes,-3.74296,-0.0239089,0.976317
8,952,2,Yes,-1.03119,-0.440869,0.643439
8,953,2,Yes,-1.51077,-0.249335,0.779273
8,954,2,Yes,-3.35517,-0.0354655,0.965099
8,955,2,Yes,-0.75826,-0.631905,0.531547
8,956,2,Yes,-3.96313,-0.0191264,0.980998
8,957,2,Yes,-3.46647,-0.0316645,0.968775
8,958,2,Yes,-3.9633,-0.0191228,0.981001
8,959,2,No,-0.0130556,-4.34047,0.0130296
8,960,2,No,-0.00202605,-6.17378,0.00208322
8,961,2,Yes,-3.23219,-0.04021,0.960531
8,962,2,No,-0.00267302,-5.90385,0.00272877
8,963,2,No,-0.0511567,-2.99714,0.0499268
8,964,2,No,-0.643088,-0.745721,0.474364
8,965,2,No,-0.00153134,-6.44422,0.00158959
8,966,2,No,-0.0122759,-4.40139,0.0122595
8,967,2,No,-0.0208869,-3.87618,0.0207287
8,968,2,No,-1.37145,-0.292601,0.746276
8,969,2,Yes,-1.56773,-0.233774,0.791494
8,970,2,Yes,-3.91551,-0.0200716,0.980071
8,971,2,Yes,-3.30353,-0.0373842,0.963249
8,972,2,No,-0.0282758,-3.57772,0.0279376
8,973,2,No,-0.109035,-2.26953,0.103354
8,974,2,Yes,-1.54894,-0.238784,0.787539
8,975,2,No,-0.336163,-1.25333,0.285535
8,976,2,No,-0.527099,-0.892223,0.40972
8,977,2,Yes,-1.00614,-0.455026,0.634395
8,978,2,Yes,-3.3626,-0.035198,0.965357
8,979,2,Yes,-0.158077,-1.92226,0.146267
8,980,2,Yes,-0.373965,-1.16457,0.312039
8,981,2,Yes,-0.344682,-1.23233,0.291596
8,982,2,Yes,-0.279478,-1.41108,0.243866
8,983,2,Yes,-2.81433,-0.0617535,0.940059
8,984,2,No,-0.389617,-1.1309,0.322724
8,985,2,No,-0.976251,-0.472666,0.623302
8,986,2,Yes,-0.819564,-0.580827,0.559402
8,987,2,Yes,-0.939982,-0.495241,0.609388
8,988,2,Yes,-3.37174,-0.0348718,0.965672
8,989,2,Yes,-1.53078,-0.243739,0.783646
8,990,2,Yes,-0.662356,-0.724796,0.484395
8,991,2,Yes,-0.677429,-0.708998,0.492108
8,992,2,No,-0.514076,-0.911289,0.401982
8,993,2,Yes,-1.58299,-0.229792,0.794652
8,994,2,Yes,-1.54377,-0.240182,0.786438
8,995,2,Yes,-0.98781,-0.465746,0.62763
8,996,2,Yes,-3.17436,-0.0426581,0.958182
8,997,2,Yes,-2.81328,-0.0618211,0.939996
8,998,2,Yes,-3.91593,-0.0200622,0.980079
8,999,2,Yes,-3.95917,-0.019203,0.980922
8,1000,2,Yes,-1.64948,-0.213307,0.807861
8,1001,2,Yes,-1.73812,-0.193334,0.824159
8,1002,2,Yes,-3.84809,-0.0214904,0.978681
8,1003,2,Yes,-4.37423,-0.0126177,0.987403
8,1004,2,Yes,-4.52913,-0.0107887,0.98921
8,1005,2,No,-0.703748,-0.682542,0.505301
8,1006,2,Yes,-1.0522,-0.429415,0.650851
8,1007,2,Yes,-2.69846,-0.0696181,0.932695
8,1008,2,Yes,-1.27045,-0.329402,0.719312
8,1009,2,Yes,-4.15181,-0.0158015,0.984265
8,1010,2,Yes,-3.85804,-0.0212755,0.978892
8,1011,2,Yes,-4.08906,-0.0168367,0.983246
8,1012,2,Yes,-4.00968,-0.0182462,0.981862
8,1013,2,Yes,-2.1601,-0.122455,0.884693
8,1014,2,Yes,-4.56575,-0.0103971,0.989599
8,1015,2,No,-0.01229,-4.40024,0.0122737
8,1016,2,Yes,-1.76827,-0.187015,0.829382
8,1017,2,Yes,-2.23683,-0.112876,0.893209
8,1018,2,Yes,-3.05602,-0.0481568,0.952928
8,1019,2,Yes,-3.82532,-0.0219921,0.97819
8,1020,2,No,-0.000690102,-7.19643,0.000749215
8,1021,2,No,-0.0156224,-4.16303,0.0155594
8,1022,2,No,-0.00902722,-4.70543,0.00904545
8,1023,2,Yes,-4.18779,-0.0152363,0.984821
8,1024,2,Yes,-2.98105,-0.0520098,0.949263
8,1025,2,Yes,-0.862324,-0.548391,0.577845
8,1026,2,Yes,-3.40426,-0.0337357,0.96677
8,1027,2,Yes,-1.47097,-0.260903,0.77031
8,1028,2,Yes,-1.74976,-0.190868,0.826194
8,1029,2,Yes,-1.88179,-0.16518,0.847691
8,1030,2,Yes,-2.27749,-0.108123,0.897465
8,1031,2,Yes,-0.143678,-2.01072,0.133885
8,1032,2,No,-0.010735,-4.53402,0.0107368
8,1033,2,No,-0.0940419,-2.41,0.0898096
8,1034,2,No,-1.709,-0.199657,0.818964
8,1035,2,Yes,-2.06243,-0.135919,0.872863
8,1036,2,Yes,-2.94806,-0.0538038,0.947562
8,1037,2,Yes,-3.04253,-0.0488281,0.952289
8,1038,2,No,-0.00437698,-5.42005,0.00442668
8,1039,2,No,-0.0597949,-2.84556,0.0580985
8,1040,2,No,-0.0635102,-2.78717,0.0615915
8,1041,2,Yes,-3.57148,-0.0284566,0.971888
8,1042,2,Yes,-3.26453,-0.0389019,0.961788
8,1043,2,No,-0.785067,-0.608862,0.543938
8,1044,2,Yes,-2.43746,-0.0913737,0.912622
8,1045,2,Yes,-1.25653,-0.334887,0.715377
8,1046,2,No,-0.00779392,-4.85061,0.00782311
8,1047,2,No,-0.0068273,-4.98153,0.00686316
8,1048,2,No,-0.000128814,-8.57902,0.000187998
8,1049,2,No,-0.000163926,-8.40813,0.000223034
8,1050,2,No,-8.2377e-05,-8.86092,0.000141817
8,1051,2,No,-0.000133166,-8.5531,0.000192935
8,1052,2,No,-8.75034e-05,-8.82848,0.000146493
8,1053,2,No,-0.000204405,-8.24033,0.000263783
8,1054,2,No,-0.0488896,-3.04129,0.0477706
8,1055,2,No,-0.00168656,-6.35142,0.00174416
8,1056,2,No,-0.00470366,-5.34917,0.00475179
8,1057,2,No,-0.00247146,-5.98055,0.00252729
8,1058,2,No,-0.000221635,-8.17743,0.000280907
8,1059,2,No,-0.000117547,-8.6386,0.000177124
8,1060,2,No,-0.00267314,-5.90385,0.00272876
8,1061,2,Yes,-2.67581,-0.0712729,0.931153
8,1062,2,Yes,-4.54671,-0.0105991,0.989399
8,1063,2,No,-4.13979,-0.0159945,0.984075
8,1064,2,Yes,-4.93564,-0.00715293,0.992815
8,1065,2,No,-2.28423,-0.107356,0.898153
8,1066,2,No,-0.000154388,-8.45211,0.000213438
8,1067,2,No,-7.63565e-05,-8.90821,0.000135265
8,1068,2,No,-0.0456135,-3.10894,0.0446457
8,1069,2,No,-0.000734659,-7.13912,0.000793404
8,1070,2,No,-0.000159097,-8.42885,0.00021846
8,1071,2,No,-5.54339e-05,-9.07097,0.000114948
8,1072,2,No,-0.0916156,-2.43493,0.0875986
8,1073,2,No,-4.76849e-05,-9.14332,0.000106925
8,1074,2,No,-0.000262176,-8.042,0.000321647
8,1075,2,No,-0.000146042,-8.4879,0.000205934
8,1076,2,No,-0.406649,-1.09607,0.334161
8,1077,2,No,-0.00282191,-5.85091,0.00287712
8,1078,2,No,-0.248001,-1.51549,0.219687
8,1079,2,No,-0.00100765,-6.84279,0.00106706
8,1080,2,No,-0.0014572,-6.49222,0.0015151
8,1081,2,No,-0.00265217,-5.91146,0.00270808
8,1082,2,Yes,-0.294828,-1.36493,0.255384
8,1083,2,No,-0.00274104,-5.8794,0.0027963
8,1084,2,Yes,-4.01092,-0.0182229,0.981884
8,1085,2,Yes,-4.5302,-0.0107776,0.989222
8,1086,2,Yes,-4.91103,-0.00733274,0.992636
8,1087,2,Yes,-0.178818,-1.80911,0.163791
8,1088,2,No,-0.185696,-1.77471,0.169523
8,1089,2,Yes,-0.727794,-0.659547,0.517055
8,1090,2,Yes,-0.984634,-0.467634,0.626446
8,1091,2,Yes,-3.89179,-0.0205606,0.979592
8,1092,2,Yes,-2.75408,-0.065722,0.936336
8,1093,2,No,-0.000608033,-7.31297,0.000666791
8,1094,2,No,-0.000913381,-6.93575,0.000972335
8,1095,2,No,-0.00123846,-6.64765,0.00129699
8,1096,2,No,-0.0244509,-3.72083,0.0242125
8,1097,2,No,-0.00201703,-6.17805,0.00207434
8,1098,2,No,-0.0186953,-3.98557,0.0185807
8,1099,2,Yes,-0.140003,-2.03482,0.130696
8,1100,2,No,-0.815417,-0.584106,0.557571
8,1101,2,Yes,-3.92609,-0.019857,0.980281
8,1102,2,Yes,-4.19046,-0.0151949,0.984861
8,1103,2,Yes,-4.47795,-0.0113611,0.988644
8,1104,2,Yes,-1.01897,-0.447708,0.639054
8,1105,2,No,-0.519651,-0.903051,0.405307
8,1106,2,Yes,-0.57873,-0.822235,0.439423
8,1107,2,No,-0.584952,-0.814352,0.4429
8,1108,2,Yes,-3.64248,-0.0264753,0.973814
8,1109,2,Yes,-3.66296,-0.0259302,0.974345
8,1110,2,Yes,-4.46042,-0.0115649,0.988443
8,1111,2,Yes,-3.95158,-0.0193506,0.980777
8,1112,2,Yes,-3.36859,-0.0349841,0.965564
8,1113,2,Yes,-2.57048,-0.0795189,0.923506
8,1114,2,Yes,-3.22787,-0.0403875,0.960361
8,1115,2,Yes,-2.05515,-0.136983,0.871934
8,1116,2,No,-0.036697,-3.32169,0.0360895
8,1117,2,Yes,-2.45627,-0.0895912,0.914251
8,1118,2,Yes,-3.85728,-0.0212909,0.978876
8,1119,2,Yes,-2.38253,-0.0967949,0.907689
8,1120,2,Yes,-2.04015,-0.139204,0.869999
8,1121,2,Yes,-2.58829,-0.0780579,0.924856
8,1122,2,Yes,-3.81533,-0.0222162,0.977971
8,1123,2,Yes,-0.476554,-0.969852,0.379117
8,1124,2,Yes,-3.72033,-0.0244639,0.975776
8,1125,2,Yes,-2.15984,-0.122489,0.884663
8,1126,2,Yes,-3.62757,-0.0268795,0.973421
8,1127,2,No,-1.77146,-0.18636,0.829926
8,1128,2,No,-0.331951,-1.26395,0.28252
8,1129,2,No,-0.67268,-0.713922,0.489691
8,1130,2,No,-1.67305,-0.207781,0.812337
8,1131,2,Yes,-3.21837,-0.040781,0.959982
8,1132,2,Yes,-1.74675,-0.191502,0.82567
8,1133,2,Yes,-3.69465,-0.0251104,0.975145
8,1134,2,Yes,-4.39807,-0.0123176,0.9877
8,1135,2,Yes,-3.73778,-0.024034,0.976195
8,1136,2,Yes,-3.57435,-0.028373,0.971968
8,1137,2,Yes,-3.92646,-0.0198499,0.980288
8,1138,2,Yes,-0.279222,-1.41187,0.243673
8,1139,2,No,-0.531227,-0.886307,0.412151
8,1140,2,Yes,-2.95468,-0.0534394,0.947908
8,1141,2,Yes,-3.03301,-0.0493076,0.951832
8,1142,2,Yes,-4.05744,-0.0173844,0.982708
8,1143,2,Yes,-4.8121,-0.00810447,0.99187
8,1144,2,Yes,-4.10767,-0.0165231,0.983555
8,1145,2,No,-0.501365,-0.930503,0.394332
8,1146,2,Yes,-2.6115,-0.0761956,0.92658
8,1147,2,Yes,-3.22744,-0.0404051,0.960343
8,1148,2,Yes,-3.19205,-0.0418938,0.958915
8,1149,2,Yes,-3.33192,-0.0363169,0.964278
8,1150,2,Yes,-0.321489,-1.29102,0.274975
8,1151,2,Yes,-2.90728,-0.0561101,0.945379
8,1152,2,Yes,-2.4808,-0.0873218,0.916328
8,1153,2,No,-0.0915418,-2.4357,0.0875311
8,1154,2,No,-0.00199792,-6.18707,0.00205573
8,1155,2,No,-0.021378,-3.85328,0.0212089
8,1156,2,No,-0.00409128,-5.48669,0.00414128
8,1157,2,No,-0.00167803,-6.35616,0.00173593
8,1158,2,No,-0.0102246,-4.58226,0.0102312
8,1159,2,No,-0.818964,-0.581301,0.559138
8,1160,2,Yes,-2.0489,-0.137904,0.87113
8,1161,2,Yes,-1.44939,-0.267429,0.7653
8,1162,2,No,-0.0367786,-3.31952,0.036168
8,1163,2,Yes,-1.77657,-0.185316,0.830793
8,1164,2,No,-0.0102852,-4.57635,0.0102917
8,1165,2,No,-0.0858997,-2.4965,0.0823677
8,1166,2,Yes,-1.99482,-0.146158,0.86397
8,1167,2,Yes,-2.02075,-0.142134,0.867453
8,1168,2,Yes,-3.03384,-0.0492656,0.951872
8,1169,2,Yes,-0.621727,-0.769936,0.463015
8,1170,2,Yes,-2.05169,-0.137492,0.871491
8,1171,2,No,-0.270856,-1.43829,0.237319
8,1172,2,Yes,-3.00667,-0.0506586,0.950547
8,1173,2,No,-0.225192,-1.60099,0.201684
8,1174,2,No,-0.609586,-0.784204,0.456456
8,1175,2,Yes,-2.91018,-0.0559434,0.945537
8,1176,2,No,-0.68831,-0.69789,0.497605
8,1177,2,Yes,-3.55826,-0.0288405,0.971514
8,1178,2,Yes,-2.35358,-0.099787,0.904977
8,1179,2,No,-0.11013,-2.26008,0.104336
8,1180,2,Yes,-4.24851,-0.0143289,0.985715
8,1181,2,Yes,-0.828415,-0.573911,0.563285
8,1182,2,Yes,-3.05913,-0.0480037,0.953074
8,1183,2,No,-0.0126125,-4.37462,0.0125922
8,1184,2,Yes,-3.73936,-0.0239952,0.976232
8,1185,2,No,-2.51711,-0.0840702,0.919312
8,1186,2,Yes,-2.09709,-0.130968,0.877194
8,1187,2,No,-0.454372,-1.00728,0.365191
8,1188,2,No,-0.333524,-1.25996,0.283648
8,1189,2,No,-0.0101825,-4.58631,0.0101897
8,1190,2,No,-0.000203153,-8.24492,0.000262573
8,1191,2,No,-0.000148427,-8.4811,0.000207337
8,1192,2,No,-0.000167145,-8.3913,0.000226818
8,1193,2,No,-0.000113553,-8.66163,0.000173091
8,1194,2,No,-0.0162425,-4.12453,0.0161701
8,1195,2,No,-0.0290617,-3.55076,0.0287012
8,1196,2,No,-0.000975727,-6.87391,0.00103436
8,1197,2,No,-0.00224927,-6.07232,0.00230569
8,1198,2,No,-0.00102626,-6.82626,0.00108485
8,1199,2,No,-0.00329417,-5.69943,0.00334769
8,1200,2,No,-0.000196595,-8.27107,0.000255795
8,1201,2,No,-0.000360315,-7.77614,0.000419604
8,1202,2,Yes,-4.66325,-0.00942106,0.990565
8,1203,2,Yes,-4.73892,-0.00872726,0.991252
8,1204,2,Yes,-4.94312,-0.0070986,0.992868
8,1205,2,Yes,-4.50434,-0.0110633,0.98894
8,1206,2,No,-0.000108308,-8.69352,0.000167659
8,1207,2,No,-0.000497942,-7.49273,0.000557085
8,1208,2,No,-6.43751e-05,-8.99691,0.000123785
8,1209,2,No,-0.000751838,-7.11747,0.000810767
8,1210,2,No,-0.000159396,-8.4303,0.000218144
8,1211,2,No,-0.000209234,-8.2219,0.000268688
8,1212,2,No,-0.0017003,-6.34343,0.00175816
8,1213,2,No,-0.00325715,-5.71031,0.00331146
8,1214,2,No,-0.698959,-0.687252,0.502927
8,1215,2,No,-0.012645,-4.3721,0.012624
8,1216,2,No,-0.00158913,-6.40868,0.0016471
8,1217,2,Yes,-0.888292,-0.529836,0.588667
8,1218,2,No,-0.257262,-1.48327,0.226881
8,1219,2,No,-0.54981,-0.860385,0.422975
8,1220,2,Yes,-0.493179,-0.943207,0.389354
8,1221,2,Yes,-4.26413,-0.0141039,0.985937
8,1222,2,Yes,-4.29369,-0.0136889,0.986346
8,1223,2,Yes,-2.7934,-0.0631034,0.938791
8,1224,2,No,-0.000506768,-7.47706,0.000565885
8,1225,2,No,-0.000587517,-7.34372,0.000646604
8,1226,2,No,-0.000321082,-7.87394,0.000380511
8,1227,2,No,-0.006582,-5.01767,0.00661956
8,1228,2,No,-0.00195277,-6.20962,0.00200987
8,1229,2,No,-0.00310031,-5.75885,0.00315456
8,1230,2,No,-0.0160483,-4.13642,0.015979
8,1231,2,No,-0.00508604,-5.27219,0.00513207
8,1232,2,No,-0.055548,-2.91705,0.0540898
8,1233,2,No,-0.00277367,-5.86766,0.00282933
8,1234,2,Yes,-2.85855,-0.0589987,0.942652
8,1235,2,Yes,-2.80255,-0.0625093,0.939349
8,1236,2,Yes,-3.61518,-0.0272201,0.973089
8,1237,2,Yes,-2.33135,-0.102149,0.902841
8,1238,2,No,-0.0643415,-2.7746,0.0623705
8,1239,2,No,-0.0183101,-4.00616,0.0182021
8,1240,2,Yes,-3.21769,-0.0408109,0.959955
8,1241,2,Yes,-2.24657,-0.111717,0.894245
8,1242,2,Yes,-4.75428,-0.00859258,0.991386
8,1243,2,Yes,-4.59813,-0.0100612,0.98993
8,1244,2,No,-0.00415933,-5.47024,0.00420997
8,1245,2,Yes,-3.52099,-0.0299552,0.970432
8,1246,2,Yes,-4.04367,-0.0176284,0.982468
8,1247,2,No,-0.00079926,-7.06026,0.000858507
8,1248,2,No,-0.00231964,-6.04209,0.00237646
8,1249,2,No,-0.215823,-1.63897,0.194169
8,1250,2,No,-0.000788403,-7.07356,0.00084716
8,1251,2,Yes,-4.63172,-0.00972586,0.990263
8,1252,2,Yes,-3.78781,-0.0228444,0.977356
8,1253,2,No,-0.00108862,-6.77023,0.00114736
8,1254,2,No,-0.00046252,-7.55836,0.000521698
8,1255,2,No,-0.00131025,-6.59376,0.0013688
8,1256,2,Yes,-1.27102,-0.329182,0.71947
8,1257,2,Yes,-0.817274,-0.582635,0.558392
8,1258,2,Yes,-5.27764,-0.00505747,0.994896
8,1259,2,Yes,-4.08233,-0.0169511,0.983133
8,1260,2,No,-0.000209652,-8.22175,0.000268728
8,1261,2,Yes,-3.55243,-0.029012,0.971347
8,1262,2,No,-0.000186997,-8.30945,0.000246164
8,1263,2,Yes,-5.37448,-0.00458407,0.995367
8,1264,2,No,-0.00149087,-6.46994,0.00154923
8,1265,2,Yes,-1.99712,-0.145797,0.864282
8,1266,2,No,-0.00350541,-5.63828,0.00355877
8,1267,2,Yes,-4.27886,-0.0138956,0.986142
8,1268,2,No,-0.000920004,-6.92868,0.000979231
8,1269,2,Yes,-3.99186,-0.0185775,0.981536
8,1270,2,No,-0.0212906,-3.85729,0.021124
8,1271,2,No,-0.101164,-2.34055,0.0962691
8,1272,2,No,-0.0103459,-4.57052,0.0103519
8,1273,2,Yes,-4.41613,-0.0120938,0.98792
8,1274,2,No,-0.00324423,-5.71427,0.00329837
8,1275,2,Yes,-3.95948,-0.0191972,0.980928
8,1276,2,No,-0.00168949,-6.34969,0.00174719
8,1277,2,No,-0.00369468,-5.5867,0.00374715
8,1278,2,No,-0.0841259,-2.51647,0.0807391
8,1279,2,No,-9.25703e-05,-8.7939,0.000151647
8,1280,2,No,-0.0765773,-2.6067,0.0737734
8,1281,2,Yes,-5.08511,-0.00614729,0.993812
8,1282,2,No,-4.96641,-0.00693239,0.993032
8,1283,2,No,-0.00134499,-6.56897,0.00140315
8,1284,2,No,-0.00023177,-8.14342,0.000290623
8,1285,2,No,-0.700473,-0.685758,0.503679
8,1286,2,Yes,-5.38156,-0.00455126,0.9954
8,1287,2,Yes,-3.29919,-0.0375499,0.963089
8,1288,2,No,-0.000229743,-8.14755,0.000289426
8,1289,2,No,-0.000179843,-8.34021,0.000238709
8,1290,2,Yes,-5.40229,-0.00445624,0.995494
8,1291,2,No,-5.84143e-05,-9.04637,0.000117811
8,1292,2,No,-0.000128516,-8.57842,0.000188111
8,1293,2,No,-0.000183003,-8.32388,0.000242638
8,1294,2,No,-7.42701e-05,-8.92269,0.000133321
8,1295,2,Yes,-4.14496,-0.0159111,0.984157
8,1296,2,Yes,-4.00418,-0.018347,0.981762
8,1297,2,No,-0.000119097,-8.63036,0.000178589
8,1298,2,No,-0.000185805,-8.31318,0.000245249
8,1299,2,No,-0.000381841,-7.72577,0.000441281
8,1300,2,Yes,-4.59293,-0.0101142,0.989878
8,1301,2,No,-0.0893583,-2.45876,0.0855362
8,1302,2,No,-1.58035,-0.230475,0.794109
8,1303,2,No,-0.00124795,-6.63996,0.001307
8,1304,2,No,-0.00176639,-6.30654,0.00182422
8,1305,2,No,-0.907941,-0.516333,0.59667
8,1306,2,Yes,-4.48868,-0.0112393,0.988765
8,1307,2,No,-0.00282484,-5.8497,0.00288058
8,1308,2,No,-0.00448013,-5.39709,0.00452946
8,1309,2,No,-0.00182007,-6.27738,0.00187821
8,1310,2,Yes,-3.3125,-0.0370433,0.963577
8,1311,2,Yes,-3.47696,-0.0313272,0.969101
8,1312,2,Yes,-4.04997,-0.0175155,0.982578
8,1313,2,Yes,-4.06483,-0.0172542,0.982835
8,1314,2,Yes,-0.775264,-0.617154,0.539445
8,1315,2,No,-0.233796,-1.56764,0.208524
8,1316,2,Yes,-2.34103,-0.101113,0.903777
8,1317,2,No,-0.0502953,-3.01368,0.0491075
8,1318,2,No,-0.000564556,-7.37948,0.000623889
8,1319,2,No,-0.290924,-1.3764,0.252472
8,1320,2,Yes,-5.72236,-0.0032172,0.996728
8,1321,2,No,-0.00105896,-6.79648,0.00111763
8,1322,2,Yes,-3.3593,-0.0353163,0.965243
8,1323,2,No,-0.915459,-0.511282,0.599691
8,1324,2,No,-0.214437,-1.64473,0.193053
8,1325,2,Yes,-3.32772,-0.0364724,0.964127
8,1326,2,Yes,-3.95111,-0.0193597,0.980768
8,1327,2,Yes,-2.80878,-0.0621087,0.939725
8,1328,2,Yes,-5.90546,-0.00266812,0.997276
8,1329,2,No,-0.014422,-4.24204,0.0143773
8,1330,2,No,-0.712949,-0.673615,0.509832
8,1331,2,Yes,-3.01486,-0.0502335,0.95095
8,1332,2,Yes,-0.555954,-0.852063,0.426509
8,1333,2,Yes,-3.16983,-0.0428566,0.957992
8,1334,2,Yes,-2.39034,-0.0960032,0.908407
8,1335,2,Yes,-2.39684,-0.0953505,0.909
8,1336,2,Yes,-2.26714,-0.109311,0.896398
8,1337,2,Yes,-3.26654,-0.0388225,0.961864
8,1338,2,Yes,-2.77208,-0.0645091,0.937472
8,1339,2,Yes,-4.32317,-0.0132858,0.986743
8,1340,2,Yes,-4.46565,-0.011503,0.988504
8,1341,2,Yes,-4.52641,-0.0108179,0.989181
8,1342,2,Yes,-4.41888,-0.0120602,0.987953
8,1343,2,Yes,-5.62123,-0.00356666,0.99638
8,1344,2,Yes,-3.26397,-0.0389249,0.961766
8,1345,2,Yes,-2.2253,-0.114263,0.891972
8,1346,2,No,-0.0374446,-3.30193,0.0368098
8,1347,2,Yes,-4.81645,-0.00806896,0.991905
8,1348,2,Yes,-2.88686,-0.0573027,0.944252
8,1349,2,Yes,-2.16475,-0.121852,0.885228
8,1350,2,No,-4.19513,-0.0151237,0.984932
8,1351,2,Yes,-0.721417,-0.66554,0.513965
8,1352,2,Yes,-0.0974888,-2.37572,0.0929418
8,1353,2,Yes,-4.94595,-0.00707741,0.992888
8,1354,2,No,-0.629181,-0.76136,0.467003
8,1355,2,Yes,-4.36225,-0.0127723,0.987251
8,1356,2,Yes,-3.07452,-0.0472524,0.953791
8,1357,2,Yes,-2.59547,-0.0774778,0.925393
8,1358,2,No,-0.300415,-1.34881,0.259533
8,1359,2,Yes,-4.39382,-0.0123698,0.987647
8,1360,2,No,-0.342781,-1.23696,0.290248
8,1361,2,Yes,-1.07941,-0.415115,0.660226
8,1362,2,Yes,-0.907041,-0.516942,0.596307
8,1363,2,No,-1.12446,-0.392704,0.67519
8,1364,2,Yes,-1.38903,-0.286692,0.750699
8,1365,2,Yes,-0.958887,-0.48331,0.616703
8,1366,2,Yes,-3.08423,-0.0467838,0.954237
8,1367,2,Yes,-0.273462,-1.42997,0.239303
8,1368,2,Yes,-3.61933,-0.0271058,0.973201
8,1369,2,Yes,-2.59342,-0.0776427,0.92524
8,1370,2,Yes,-2.13859,-0.125295,0.882185
8,0,3,No,-0.000604872,-7.31709,0.000664053
8,1,3,No,-0.000331516,-7.84607,0.000391265
8,2,3,No,-0.100387,-2.34787,0.0955664
8,3,3,Yes,-2.90609,-0.0561797,0.945314
8,4,3,No,-0.0103928,-4.56609,0.0103979
8,5,3,Yes,-2.25414,-0.110826,0.895043
8,6,3,No,-0.33047,-1.26772,0.281456
8,7,3,No,-0.0790399,-2.57628,0.0760522
8,8,3,No,-1.24008,-0.341507,0.710657
8,9,3,No,-0.0165086,-4.10847,0.0164319
8,10,3,No,-0.000633798,-7.27486,0.000692693
8,11,3,No,-0.00222334,-6.08363,0.00227975
8,12,3,No,-0.000999831,-6.85093,0.00105841
8,13,3,No,-0.0533949,-2.95548,0.0520505
8,14,3,Yes,-0.11739,-2.19984,0.110815
8,15,3,Yes,-1.02589,-0.443819,0.641544
8,16,3,No,-0.00199403,-6.18938,0.00205098
8,17,3,No,-0.000916066,-6.93308,0.000974937
8,18,3,Yes,-2.40406,-0.0946311,0.909654
8,19,3,Yes,-2.52991,-0.0829549,0.920339
8,20,3,Yes,-1.8248,-0.175774,0.838759
8,21,3,Yes,-4.37808,-0.012569,0.987451
8,22,3,Yes,-3.13086,-0.0446016,0.956322
8,23,3,Yes,-2.54098,-0.0820022,0.921215
8,24,3,Yes,-2.7245,-0.0677646,0.934425
8,25,3,Yes,-3.2699,-0.0386901,0.961992
8,26,3,No,-0.151788,-1.95978,0.140881
8,27,3,No,-0.0152356,-4.18779,0.0151789
8,28,3,No,-1.03528,-0.438609,0.644895
8,29,3,Yes,-0.90786,-0.516387,0.596637
8,30,3,Yes,-4.6434,-0.009612,0.990376
8,31,3,Yes,-2.5073,-0.0849357,0.918517
8,32,3,No,-0.434553,-1.04269,0.352484
8,33,3,Yes,-1.00947,-0.453111,0.63561
8,34,3,Yes,-0.305924,-1.33326,0.263601
8,35,3,No,-0.877601,-0.537376,0.584245
8,36,3,Yes,-3.26356,-0.0389405,0.96175
8,37,3,Yes,-4.63803,-0.00966484,0.990324
8,38,3,Yes,-1.1001,-0.404634,0.667182
8,39,3,No,-0.00209491,-6.14124,0.00215213
8,40,3,Yes,-3.1832,-0.0422738,0.95855
8,41,3,Yes,-2.16865,-0.121346,0.885675
8,42,3,No,-0.000182228,-8.32926,0.000241336
8,43,3,Yes,-3.57694,-0.0282987,0.972041
8,44,3,Yes,-4.84475,-0.00784126,0.992131
8,45,3,No,-0.495639,-0.939363,0.390854
8,46,3,No,-1.47219,-0.260539,0.770591
8,47,3,Yes,-3.65718,-0.0260827,0.974196
8,48,3,Yes,-3.93105,-0.0197587,0.980378
8,49,3,No,-0.00437033,-5.42153,0.00442012
8,50,3,No,-0.00636267,-5.0511,0.00640188
8,51,3,No,-0.0638519,-2.78199,0.0619117
8,52,3,No,-0.0172961,-4.06244,0.017206
8,53,3,No,-0.0194114,-3.94849,0.0192827
8,54,3,Yes,-4.63232,-0.00972027,0.990268
8,55,3,Yes,-0.953087,-0.486931,0.614474
8,56,3,Yes,-2.05727,-0.136672,0.872205
8,57,3,Yes,-3.15503,-0.0435106,0.957365
8,58,3,Yes,-4.88757,-0.00750904,0.992461
8,59,3,No,-0.000660995,-7.23607,0.000720096
8,60,3,Yes,-2.11234,-0.12885,0.879053
8,61,3,Yes,-5.01495,-0.00660054,0.993362
8,62,3,Yes,-4.89656,-0.00744064,0.992528
8,63,3,Yes,-0.276732,-1.41964,0.241787
8,64,3,Yes,-2.96951,-0.0526308,0.948675
8,65,3,Yes,-2.89448,-0.0568551,0.944676
8,66,3,Yes,-2.09997,-0.130565,0.877547
8,67,3,Yes,-4.9123,-0.00732265,0.992645
8,68,3,No,-0.332351,-1.26293,0.282806
8,69,3,No,-0.0539357,-2.94567,0.0525638
8,70,3,Yes,-3.86162,-0.021198,0.978967
8,71,3,No,-0.00267798,-5.90195,0.00273395
8,72,3,Yes,-0.967874,-0.477763,0.620132
8,73,3,No,-0.000201365,-8.25279,0.000260514
8,74,3,Yes,-2.28163,-0.107651,0.897888
8,75,3,No,-0.607889,-0.786229,0.455533
8,76,3,No,-0.0536874,-2.95017,0.0523278
8,77,3,No,-0.000346303,-7.81049,0.000405433
8,78,3,Yes,-4.75916,-0.00855002,0.991428
8,79,3,Yes,-3.68362,-0.025392,0.97487
8,80,3,Yes,-0.225834,-1.59846,0.202196
8,81,3,Yes,-0.375664,-1.16083,0.313207
8,82,3,No,-3.91451,-0.0200914,0.980051
8,83,3,Yes,-2.31921,-0.103465,0.901655
8,84,3,Yes,-2.28495,-0.107274,0.898227
8,85,3,Yes,-3.91606,-0.0200595,0.980082
8,86,3,Yes,-4.46848,-0.011471,0.988536
8,87,3,Yes,-4.30159,-0.0135802,0.986454
8,88,3,Yes,-2.73678,-0.0669085,0.935225
8,89,3,Yes,-2.68723,-0.0704337,0.931935
8,90,3,Yes,-2.64404,-0.073662,0.928931
8,91,3,Yes,-2.96637,-0.0528009,0.948513
8,92,3,Yes,-0.4023,-1.10479,0.33126
8,93,3,Yes,-2.94906,-0.0537483,0.947614
8,94,3,Yes,-0.492856,-0.943714,0.389157
8,95,3,Yes,-5.10664,-0.00601512,0.993944
8,96,3,Yes,-3.82571,-0.0219838,0.978198
8,97,3,No,-0.190496,-1.75152,0.1735
8,98,3,Yes,-3.39805,-0.033949,0.966563
8,99,3,No,-0.0734804,-2.64642,0.0709004
8,100,3,No,-0.318734,-1.29832,0.272974
8,101,3,Yes,-1.92001,-0.158464,0.853403
8,102,3,Yes,-2.28177,-0.107635,0.897902
8,103,3,Yes,-1.04378,-0.433964,0.647898
8,104,3,No,-0.186451,-1.77102,0.17015
8,105,3,No,-0.743524,-0.645075,0.524593
8,106,3,No,-0.000470033,-7.54343,0.000529546
8,107,3,No,-0.00626304,-5.06675,0.00630253
8,108,3,No,-0.0140599,-4.26715,0.0140208
8,109,3,No,-0.0433257,-3.15919,0.0424575
8,110,3,Yes,-4.08959,-0.0168282,0.983255
8,111,3,No,-0.00203506,-6.16939,0.00209238
8,112,3,No,-0.0123532,-4.39519,0.0123358
8,113,3,No,-0.419919,-1.07014,0.342939
8,114,3,Yes,-3.19616,-0.0417185,0.959083
8,115,3,No,-0.0002084,-8.22518,0.000267808
8,116,3,No,-0.00036276,-7.77111,0.00042172
8,117,3,Yes,-5.22443,-0.00533883,0.994617
8,118,3,No,-0.595354,-0.80142,0.448665
8,119,3,No,-0.000177638,-8.34758,0.000236955
8,120,3,Yes,-4.98104,-0.00683144,0.993133
8,121,3,Yes,-4.73554,-0.00875684,0.991223
8,122,3,No,-0.0274587,-3.60658,0.0271429
8,123,3,Yes,-4.44181,-0.0117846,0.988226
8,124,3,No,-0.00213648,-6.12225,0.00219339
8,125,3,No,-0.265961,-1.45419,0.233576
8,126,3,Yes,-2.81673,-0.061602,0.940202
8,127,3,Yes,-3.08109,-0.0469347,0.954094
8,128,3,No,-0.129357,-2.10867,0.121392
8,129,3,No,-0.000325375,-7.86284,0.000384758
8,130,3,No,-0.000225569,-8.16306,0.000284972
8,131,3,No,-0.000310708,-7.90115,0.000370295
8,132,3,No,-0.00145553,-6.49288,0.00151409
8,133,3,Yes,-2.789,-0.0633908,0.938521
8,134,3,Yes,-3.8476,-0.0215006,0.97867
8,135,3,No,-0.00077874,-7.08487,0.000837637
8,136,3,Yes,-0.327207,-1.2761,0.279108
8,137,3,Yes,-1.63305,-0.217254,0.804678
8,138,3,Yes,-0.262475,-1.46571,0.2309
8,139,3,Yes,-2.66731,-0.0719038,0.930566
8,140,3,No,-0.352921,-1.21259,0.297409
8,141,3,Yes,-3.09424,-0.0463058,0.954693
8,142,3,No,-0.00251,-5.96526,0.00256624
8,143,3,No,-3.19868,-0.0416108,0.959186
8,144,3,No,-7.14089e-05,-8.94331,0.0001306
8,145,3,Yes,-2.56789,-0.0797347,0.923307
8,146,3,Yes,-0.5997,-0.796104,0.451056
8,147,3,Yes,-2.00746,-0.144183,0.865678
8,148,3,Yes,-0.182853,-1.78876,0.167158
8,149,3,Yes,-3.41358,-0.0334166,0.967079
8,150,3,Yes,-2.91563,-0.0556296,0.945833
8,151,3,Yes,-0.454718,-1.00668,0.36541
8,152,3,Yes,-2.26434,-0.109637,0.896107
8,153,3,Yes,-2.0133,-0.143279,0.866461
8,154,3,No,-2.29189,-0.10649,0.898931
8,155,3,Yes,-3.24062,-0.039865,0.960863
8,156,3,Yes,-3.36544,-0.035097,0.965455
8,157,3,Yes,-1.37553,-0.291219,0.747308
8,158,3,Yes,-0.669428,-0.717321,0.488029
8,159,3,Yes,-1.69118,-0.203639,0.815709
8,160,3,Yes,-2.92877,-0.054883,0.94654
8,161,3,No,-2.19046,-0.118566,0.888141
8,162,3,No,-0.561788,-0.844272,0.429845
8,163,3,Yes,-1.09678,-0.406296,0.666074
8,164,3,Yes,-4.29095,-0.0137259,0.986309
8,165,3,No,-0.222079,-1.61341,0.199196
8,166,3,Yes,-4.38963,-0.0124224,0.987595
8,167,3,Yes,-1.64184,-0.215132,0.806388
8,168,3,No,-0.130787,-2.09838,0.122647
8,169,3,Yes,-2.05582,-0.136884,0.87202
8,170,3,Yes,-3.98897,-0.0186321,0.981482
8,171,3,Yes,-2.83363,-0.0605351,0.941205
8,172,3,No,-0.133767,-2.07732,0.125258
8,173,3,No,-0.00461365,-5.36825,0.00466201
8,174,3,Yes,-4.30327,-0.0135564,0.986477
8,175,3,Yes,-4.05315,-0.0174595,0.982633
8,176,3,No,-0.000581493,-7.35276,0.000640785
8,177,3,No,-0.00554679,-5.18657,0.00559081
8,178,3,Yes,-4.0924,-0.01678,0.983302
8,179,3,No,-0.0307555,-3.49504,0.0303456
8,180,3,No,-0.0230979,-3.77693,0.0228914
8,181,3,No,-0.186603,-1.77028,0.170276
8,182,3,Yes,-2.36418,-0.098681,0.905979
8,183,3,No,-0.67488,-0.711635,0.490812
8,184,3,No,-1.18663,-0.364115,0.694771
8,185,3,Yes,-3.91242,-0.0201336,0.980009
8,186,3,Yes,-2.78261,-0.0638104,0.938127
8,187,3,Yes,-0.570078,-0.833381,0.434552
8,188,3,Yes,-2.2818,-0.107631,0.897906
8,189,3,Yes,-2.55527,-0.0807899,0.922333
8,190,3,Yes,-2.48992,-0.0864921,0.917089
8,191,3,Yes,-1.50474,-0.251049,0.777939
8,192,3,No,-0.00161002,-6.39624,0.00166772
8,193,3,No,-0.00458168,-5.37509,0.00463022
8,194,3,Yes,-2.04812,-0.13802,0.871031
8,195,3,No,-0.000350775,-7.79843,0.000410355
8,196,3,No,-0.000454589,-7.57399,0.00051361
8,197,3,No,-0.000591692,-7.33717,0.000650849
8,198,3,Yes,-0.238657,-1.54941,0.212361
8,199,3,No,-0.000674535,-7.21769,0.000733448
8,200,3,No,-1.0436,-0.434061,0.647835
8,201,3,No,-0.0126441,-4.3721,0.0126239
8,202,3,Yes,-4.73951,-0.00872166,0.991258
8,203,3,No,-0.00030248,-7.92503,0.000361557
8,204,3,Yes,-0.846359,-0.560218,0.571051
8,205,3,No,-0.000271476,-8.01417,0.000330722
8,206,3,Yes,-3.43875,-0.0325702,0.967897
8,207,3,Yes,-5.35601,-0.00467108,0.995281
8,208,3,Yes,-4.08262,-0.0169466,0.983138
8,209,3,Yes,-4.69554,-0.00911816,0.990865
8,210,3,Yes,-0.599582,-0.796248,0.450991
8,211,3,Yes,-3.03272,-0.0493216,0.951819
8,212,3,Yes,-0.136464,-2.05869,0.127614
8,213,3,No,-6.09178e-05,-9.02705,0.00012011
8,214,3,No,-0.000527163,-7.44154,0.000586346
8,215,3,Yes,-4.01592,-0.0181304,0.981975
8,216,3,Yes,-5.23063,-0.00530467,0.99465
8,217,3,No,-0.00431885,-5.43331,0.00436836
8,218,3,Yes,-3.21001,-0.041132,0.959646
8,219,3,Yes,-2.98036,-0.0520464,0.949229
8,220,3,Yes,-4.15831,-0.015697,0.984367
8,221,3,Yes,-1.09468,-0.407347,0.665374
8,222,3,No,-1.03455,-0.43901,0.644636
8,223,3,Yes,-4.76419,-0.00850619,0.991471
8,224,3,Yes,-2.48706,-0.0867523,0.916851
8,225,3,Yes,-0.541886,-0.871296,0.418384
8,226,3,No,-0.0409234,-3.21497,0.0401541
8,227,3,No,-0.541973,-0.871177,0.418434
8,228,3,Yes,-2.53826,-0.0822349,0.921001
8,229,3,Yes,-5.19843,-0.00548062,0.994475
8,230,3,No,-0.000509929,-7.4713,0.000569152
8,231,3,Yes,-2.47745,-0.0876272,0.916048
8,232,3,Yes,-2.60543,-0.0766786,0.926133
8,233,3,Yes,-4.51676,-0.0109245,0.989076
8,234,3,No,-0.162395,-1.89743,0.149944
8,235,3,Yes,-2.60458,-0.0767463,0.92607
8,236,3,No,-0.000422448,-7.63861,0.000481469
8,237,3,No,-0.000472717,-7.53868,0.000532068
8,238,3,No,-0.00391779,-5.5291,0.00396934
8,239,3,No,-0.128205,-2.11705,0.120379
8,240,3,Yes,-4.31793,-0.0133572,0.986673
8,241,3,No,-9.2153e-05,-8.79624,0.000151292
8,242,3,Yes,-0.297644,-1.35676,0.257478
8,243,3,Yes,-0.31567,-1.30653,0.270743
8,244,3,No,-0.00229682,-6.05192,0.00235321
8,245,3,No,-0.502506,-0.928753,0.395023
8,246,3,Yes,-3.30978,-0.0371466,0.963478
8,247,3,No,-0.357163,-1.20264,0.300383
8,248,3,Yes,-4.72141,-0.00888288,0.991098
8,249,3,No,-0.682384,-0.703909,0.494619
8,250,3,Yes,-2.89412,-0.0568757,0.944655
8,251,3,Yes,-1.20067,-0.35801,0.699025
8,252,3,Yes,-3.01155,-0.0504058,0.950787
8,253,3,No,-0.00213684,-6.12187,0.00219422
8,254,3,No,-0.0265698,-3.63897,0.0262778
8,255,3,No,-0.000856587,-6.9965,0.000915024
8,256,3,Yes,-1.4762,-0.259347,0.77151
8,257,3,Yes,-5.28358,-0.00502733,0.994926
8,258,3,Yes,-3.34467,-0.0358473,0.96473
8,259,3,Yes,-3.5371,-0.0294679,0.970904
8,260,3,No,-0.0216521,-3.84067,0.021478
8,261,3,Yes,-0.524384,-0.896147,0.408115
8,262,3,Yes,-2.95489,-0.0534274,0.947919
8,263,3,Yes,-1.56985,-0.233216,0.791936
8,264,3,No,-0.000584654,-7.34799,0.000643845
8,265,3,Yes,-4.69395,-0.0091332,0.99085
8,266,3,No,-0.000307607,-7.91084,0.000366723
8,267,3,Yes,-3.91611,-0.0200592,0.980083
8,268,3,No,-0.000160111,-8.42547,0.000219199
8,269,3,Yes,-2.23104,-0.113569,0.892589
8,270,3,No,-0.0307228,-3.49612,0.030313
8,271,3,Yes,-2.05483,-0.13703,0.871893
8,272,3,No,-0.829223,-0.573285,0.563637
8,273,3,No,-0.00361744,-5.60749,0.00367003
8,274,3,No,-0.00305786,-5.77236,0.00311223
8,275,3,No,-0.00188779,-6.2424,0.00194506
8,276,3,Yes,-1.63932,-0.215737,0.8059
8,277,3,No,-0.102424,-2.3288,0.097407
8,278,3,Yes,-4.4683,-0.0114733,0.988534
8,279,3,No,-0.0232489,-3.77051,0.0230389
8,280,3,No,-0.000222231,-8.17567,0.000281401
8,281,3,No,-0.00309738,-5.75972,0.00315182
8,282,3,No,-0.000973997,-6.87497,0.00103327
8,283,3,Yes,-4.25445,-0.0142421,0.9858
8,284,3,Yes,-3.5927,-0.0278494,0.972478
8,285,3,Yes,-3.42556,-0.0330108,0.967471
8,286,3,No,-0.00268976,-5.8978,0.00274531
8,287,3,Yes,-3.7518,-0.0236952,0.976526
8,288,3,No,-0.000151884,-8.46433,0.000210844
8,289,3,No,-1.47117,-0.260842,0.770357
8,290,3,Yes,-0.32028,-1.29421,0.274097
8,291,3,Yes,-5.08615,-0.00614123,0.993819
8,292,3,No,-0.000779575,-7.08396,0.000838395
8,293,3,Yes,-4.41236,-0.0121407,0.987874
8,294,3,Yes,-5.1505,-0.00575323,0.994204
8,295,3,Yes,-5.10704,-0.00601308,0.993946
8,296,3,No,-0.17138,-1.84796,0.157548
8,297,3,No,-0.0157241,-4.15658,0.0156601
8,298,3,No,-0.00414897,-5.47279,0.00419924
8,299,3,No,-0.154186,-1.94529,0.142938
8,300,3,Yes,-1.88103,-0.165315,0.847576
8,301,3,Yes,-2.05334,-0.137249,0.871702
8,302,3,Yes,-2.60073,-0.0770533,0.925785
8,303,3,Yes,-0.514732,-0.910315,0.402374
8,304,3,Yes,-2.72421,-0.0677849,0.934406
8,305,3,Yes,-1.97718,-0.148965,0.861549
8,306,3,Yes,-3.11592,-0.045289,0.955665
8,307,3,Yes,-0.939889,-0.495301,0.609352
8,308,3,Yes,-0.993618,-0.462315,0.629787
8,309,3,No,-3.13583,-0.044374,0.956539
8,310,3,No,-0.0681848,-2.71853,0.0659677
8,311,3,No,-0.00829996,-4.78848,0.00832462
8,312,3,Yes,-2.28345,-0.107444,0.898074
8,313,3,No,-0.0049506,-5.29884,0.00499707
8,314,3,Yes,-5.35568,-0.00467318,0.995279
8,315,3,No,-0.000382616,-7.7242,0.000441974
8,316,3,No,-0.00171719,-6.33374,0.00177527
8,317,3,Yes,-4.83157,-0.00794681,0.992027
8,318,3,Yes,-5.31437,-0.00487327,0.99508
8,319,3,No,-0.0433238,-3.15924,0.0424554
8,320,3,No,-0.0121481,-4.41174,0.0121333
8,321,3,No,-0.000669823,-7.22356,0.000729159
8,322,3,No,-0.000828192,-7.02718,0.000887374
8,323,3,No,-0.00114327,-6.72362,0.00120211
8,324,3,No,-0.000230935,-8.14519,0.00029011
8,325,3,No,-0.0054962,-5.19568,0.00554009
8,326,3,No,-0.00940223,-4.66525,0.00941633
8,327,3,Yes,-3.92804,-0.0198181,0.980319
8,328,3,Yes,-4.33892,-0.0130764,0.98695
8,329,3,Yes,-4.81273,-0.00809895,0.991875
8,330,3,No,-0.611761,-0.78162,0.457637
8,331,3,No,-0.0532608,-2.95792,0.0519236
8,332,3,No,-0.155537,-1.93722,0.144096
8,333,3,Yes,-1.07563,-0.417068,0.658937
8,334,3,Yes,-4.66192,-0.00943352,0.990552
8,335,3,Yes,-4.11662,-0.0163738,0.983702
8,336,3,Yes,-3.85646,-0.0213093,0.978859
8,337,3,Yes,-2.73536,-0.067008,0.935133
8,338,3,Yes,-3.83082,-0.0218697,0.97831
8,339,3,No,-0.000282089,-7.98313,0.000341149
8,340,3,No,-0.000294788,-7.94653,0.000353868
8,341,3,No,-1.74354,-0.19218,0.82511
8,342,3,No,-1.11667,-0.396469,0.672652
8,343,3,No,-0.00250468,-5.96734,0.0025609
8,344,3,Yes,-4.20875,-0.0149166,0.985136
8,345,3,Yes,-0.353451,-1.21134,0.297781
8,346,3,Yes,-2.41586,-0.0934664,0.910715
8,347,3,No,-0.15095,-1.96491,0.14016
8,348,3,No,-0.00128017,-6.61597,0.00133873
8,349,3,No,-0.179091,-1.80771,0.164019
8,350,3,Yes,-0.57322,-0.829308,0.436326
8,351,3,No,-0.825459,-0.57621,0.561992
8,352,3,No,-0.251107,-1.50454,0.222107
8,353,3,Yes,-1.08018,-0.414719,0.660487
8,354,3,No,-0.207217,-1.67549,0.187205
8,355,3,No,-0.134305,-2.07357,0.125729
8,356,3,Yes,-1.22064,-0.349533,0.704975
8,357,3,Yes,-0.691256,-0.694925,0.499083
8,358,3,No,-0.133877,-2.07655,0.125355
8,359,3,No,-0.289897,-1.37945,0.251703
8,360,3,Yes,-1.19035,-0.362487,0.695902
8,361,3,Yes,-3.03474,-0.0492197,0.951916
8,362,3,Yes,-2.18361,-0.119431,0.887372
8,363,3,No,-0.000349463,-7.8023,0.000408771
8,364,3,No,-0.000465382,-7.55224,0.000524902
8,365,3,Yes,-3.31078,-0.0371087,0.963515
8,366,3,Yes,-3.17748,-0.0425223,0.958312
8,367,3,No,-1.05268,-0.429157,0.65102
8,368,3,Yes,-3.86656,-0.0210914,0.979071
8,369,3,Yes,-2.39424,-0.0956107,0.908764
8,370,3,Yes,-2.72232,-0.0679182,0.934282
8,371,3,No,-0.0885802,-2.46711,0.0848247
8,372,3,Yes,-3.54706,-0.0291719,0.971192
8,373,3,Yes,-4.13994,-0.0159917,0.984077
8,374,3,Yes,-3.31671,-0.0368843,0.96373
8,375,3,Yes,-3.73229,-0.024169,0.976063
8,376,3,Yes,-2.75014,-0.0659903,0.936085
8,377,3,Yes,-1.38261,-0.288835,0.749092
8,378,3,No,-0.0160094,-4.13884,0.0159404
8,379,3,Yes,-1.2174,-0.350894,0.704017
8,380,3,Yes,-3.58487,-0.0280708,0.972261
8,381,3,Yes,-0.285513,-1.39259,0.248416
8,382,3,No,-1.6166,-0.221287,0.80144
8,383,3,Yes,-0.939353,-0.495645,0.609142
8,384,3,Yes,-4.17092,-0.0154985,0.984563
8,385,3,No,-0.00361738,-5.60731,0.0036707
8,386,3,Yes,-4.59669,-0.0100766,0.989915
8,387,3,No,-0.000125654,-8.59514,0.000184992
8,388,3,No,-0.000397284,-7.69122,0.000456793
8,389,3,No,-0.000134477,-8.5506,0.000193417
8,390,3,Yes,-4.58763,-0.0101697,0.989824
8,391,3,Yes,-3.96077,-0.0191721,0.980953
8,392,3,Yes,-4.56923,-0.0103601,0.989635
8,393,3,No,-0.0034325,-5.65894,0.00348599
8,394,3,Yes,-2.00498,-0.144568,0.865345
8,395,3,No,-0.21403,-1.64644,0.192724
8,396,3,No,-0.0605317,-2.83369,0.0587922
8,397,3,No,-0.0212514,-3.85908,0.0210861
8,398,3,Yes,-2.98266,-0.051924,0.949345
8,399,3,No,-0.000352504,-7.79585,0.000411413
8,400,3,No,-0.00130339,-6.59877,0.00136196
8,401,3,No,-0.16584,-1.87812,0.152868
8,402,3,Yes,-3.23412,-0.0401299,0.960607
8,403,3,Yes,-1.79968,-0.180674,0.834658
8,404,3,Yes,-3.03038,-0.0494406,0.951705
8,405,3,Yes,-3.83713,-0.0217305,0.978446
8,406,3,Yes,-5.18026,-0.00558221,0.994374
8,407,3,No,-1.07631,-0.416718,0.659168
8,408,3,Yes,-4.0465,-0.0175782,0.982518
8,409,3,Yes,-4.40969,-0.0121739,0.987842
8,410,3,Yes,-3.88925,-0.0206119,0.979541
8,411,3,Yes,-1.50902,-0.249832,0.778886
8,412,3,Yes,-3.09838,-0.0461107,0.95488
8,413,3,Yes,-3.20879,-0.041183,0.959597
8,414,3,Yes,-0.241517,-1.53887,0.214611
8,415,3,Yes,-1.54316,-0.240348,0.786307
8,416,3,Yes,-3.46428,-0.0317341,0.968706
8,417,3,Yes,-0.863892,-0.547247,0.578506
8,418,3,No,-0.0258144,-3.66736,0.0255422
8,419,3,No,-0.0290055,-3.55268,0.0286462
8,420,3,No,-0.264993,-1.45737,0.232834
8,421,3,Yes,-0.0594233,-2.8516,0.0577482
8,422,3,No,-0.0111508,-4.49644,0.011148
8,423,3,No,-0.0300156,-3.51898,0.0296279
8,424,3,No,-0.103393,-2.31986,0.098281
8,425,3,No,-0.119879,-2.18009,0.113025
8,426,3,No,-0.0034679,-5.649,0.00352081
8,427,3,No,-0.00125063,-6.63851,0.00130889
8,428,3,Yes,-3.73021,-0.0242193,0.976014
8,429,3,Yes,-2.72578,-0.067675,0.934509
8,430,3,No,-0.482945,-0.959472,0.383073
8,431,3,No,-1.172,-0.370612,0.690271
8,432,3,Yes,-0.445253,-1.02333,0.359375
8,433,3,No,-0.0196332,-3.93727,0.0195003
8,434,3,No,-0.0944058,-2.40632,0.0901411
8,435,3,Yes,-2.16689,-0.121574,0.885473
8,436,3,No,-0.306594,-1.33139,0.264093
8,437,3,No,-0.0277082,-3.59768,0.0273855
8,438,3,No,-9.13781e-05,-8.7995,0.000150799
8,439,3,Yes,-3.27869,-0.0383446,0.962325
8,440,3,No,-0.000487327,-7.5113,0.000546838
8,441,3,No,-0.00049013,-7.50755,0.000548894
8,442,3,No,-0.430078,-1.05096,0.34958
8,443,3,Yes,-3.39186,-0.0341638,0.966356
8,444,3,Yes,-4.35907,-0.0128126,0.987211
8,445,3,Yes,-3.79742,-0.0226229,0.977573
8,446,3,No,-4.60183,-0.0100244,0.989967
8,447,3,Yes,-1.10881,-0.400319,0.670067
8,448,3,No,-0.0709521,-2.68014,0.0685496
8,449,3,No,-0.111543,-2.24804,0.1056
8,450,3,No,-0.0590511,-2.85769,0.0573975
8,451,3,Yes,-2.74035,-0.0666623,0.935456
8,452,3,No,-2.66469,-0.0721001,0.930383
8,453,3,Yes,-3.45228,-0.0321242,0.968329
8,454,3,No,-0.00392934,-5.52627,0.00398057
8,455,3,No,-0.000924836,-6.92431,0.000983523
8,456,3,Yes,-4.66525,-0.00940127,0.990584
8,457,3,No,-0.00166829,-6.36179,0.00172617
8,458,3,No,-0.000135431,-8.54353,0.00019479
8,459,3,Yes,-3.208,-0.0412159,0.959565
8,460,3,No,-0.551284,-0.858375,0.423825
8,461,3,Yes,-2.79143,-0.063232,0.93867
8,462,3,No,-0.132261,-2.0879,0.123939
8,463,3,No,-0.00262832,-5.9203,0.00268423
8,464,3,No,-0.000377607,-7.73576,0.000436895
8,465,3,No,-0.00357342,-5.61964,0.00362573
8,466,3,No,-0.000246376,-8.09164,0.000306069
8,467,3,No,-0.020556,-3.89193,0.0204048
8,468,3,Yes,-3.18035,-0.042399,0.958431
8,469,3,No,-0.00902854,-4.70527,0.00904697
8,470,3,No,-0.449002,-1.01668,0.361773
8,471,3,No,-0.0603009,-2.8374,0.0585743
8,472,3,No,-0.000497465,-7.49329,0.000556775
8,473,3,No,-0.00148627,-6.47317,0.00154423
8,474,3,No,-0.00860022,-4.75336,0.00862221
8,475,3,Yes,-3.32409,-0.0366081,0.963997
8,476,3,No,-0.994226,-0.461958,0.630012
8,477,3,Yes,-2.38425,-0.0966209,0.907847
8,478,3,Yes,-4.41752,-0.0120777,0.987937
8,479,3,No,-0.00139077,-6.53683,0.00144899
8,480,3,No,-0.000662129,-7.23407,0.000721533
8,481,3,No,-0.00264667,-5.91328,0.00270313
8,482,3,No,-0.00238918,-6.0134,0.00244562
8,483,3,No,-0.00100126,-6.84891,0.00106054
8,484,3,Yes,-3.16882,-0.0429012,0.957949
8,485,3,Yes,-3.70442,-0.0248623,0.975387
8,486,3,Yes,-2.72799,-0.0675208,0.934653
8,487,3,Yes,-3.81743,-0.0221684,0.978017
8,488,3,No,-1.32842,-0.307663,0.73512
8,489,3,No,-0.0930101,-2.42053,0.0888694
8,490,3,No,-0.0208268,-3.87902,0.0206698
8,491,3,Yes,-3.40638,-0.0336619,0.966841
8,492,3,No,-0.00312554,-5.75087,0.00317983
8,493,3,Yes,-3.58027,-0.0282031,0.972133
8,494,3,Yes,-3.93882,-0.0196028,0.98053
8,495,3,Yes,-2.15372,-0.12329,0.883956
8,496,3,Yes,-1.43898,-0.270642,0.762845
8,497,3,Yes,-0.321233,-1.29169,0.274789
8,498,3,Yes,-4.6317,-0.00972623,0.990262
8,499,3,Yes,-3.16291,-0.0431603,0.9577
8,500,3,Yes,-3.6197,-0.0270948,0.973211
8,501,3,Yes,-0.091478,-2.43637,0.0874727
8,502,3,Yes,-0.267846,-1.44803,0.235019
8,503,3,No,-0.709581,-0.676864,0.508179
8,504,3,Yes,-3.56676,-0.0285928,0.971754
8,505,3,Yes,-2.42535,-0.0925405,0.911558
8,506,3,Yes,-2.37074,-0.0980012,0.906594
8,507,3,No,-1.89451,-0.162911,0.849617
8,508,3,Yes,-3.77938,-0.0230416,0.977164
8,509,3,Yes,-4.40312,-0.0122547,0.987762
8,510,3,No,-0.086502,-2.48981,0.0829205
8,511,3,No,-2.44189,-0.0909509,0.913009
8,512,3,Yes,-4.13965,-0.0159964,0.984073
8,513,3,No,-0.00482152,-5.32478,0.00486915
8,514,3,Yes,-1.85009,-0.170984,0.842786
8,515,3,No,-0.437691,-1.03695,0.354513
8,516,3,Yes,-2.41617,-0.093437,0.910742
8,517,3,No,-0.920709,-0.507794,0.601787
8,518,3,No,-1.34971,-0.300101,0.7407
8,519,3,Yes,-3.52008,-0.029983,0.970405
8,520,3,Yes,-4.05872,-0.0173618,0.98273
8,521,3,No,-0.418088,-1.07366,0.341734
8,522,3,Yes,-1.78426,-0.183758,0.832088
8,523,3,No,-0.642885,-0.745946,0.474258
8,524,3,No,-2.47235,-0.0880968,0.915618
8,525,3,No,-0.00135519,-6.56145,0.00141375
8,526,3,Yes,-4.26091,-0.0141501,0.985891
8,527,3,Yes,-2.11711,-0.128198,0.879628
8,528,3,No,-0.232684,-1.57187,0.207643
8,529,3,No,-0.00112645,-6.73738,0.00118568
8,530,3,Yes,-3.27503,-0.0384882,0.962187
8,531,3,No,-0.470902,-0.979177,0.375598
8,532,3,No,-1.60212,-0.224909,0.798543
8,533,3,No,-9.11397e-05,-8.8014,0.000150513
8,534,3,No,-5.73413e-05,-9.05547,0.000116744
8,535,3,No,-4.95923e-05,-9.12874,0.000108496
8,536,3,No,-6.13351e-05,-9.02159,0.000120766
8,537,3,No,-0.0420882,-3.18751,0.041272
8,538,3,No,-0.00995581,-4.60861,0.00996511
8,539,3,Yes,-3.38453,-0.03442,0.966108
8,540,3,Yes,-0.143809,-2.00988,0.133997
8,541,3,No,-0.0491718,-3.03568,0.0480393
8,542,3,No,-0.00031673,-7.88514,0.000376272
8,543,3,No,-0.0861688,-2.49351,0.0826145
8,544,3,Yes,-3.01665,-0.0501416,0.951038
8,545,3,No,-0.000153613,-8.45468,0.000212889
8,546,3,No,-0.000233558,-8.13661,0.000292611
8,547,3,Yes,-2.78128,-0.0638982,0.938045
8,548,3,Yes,-2.56889,-0.0796508,0.923384
8,549,3,Yes,-3.48994,-0.0309158,0.969499
8,550,3,No,-0.000181334,-8.33217,0.000240635
8,551,3,No,-0.0018639,-6.2545,0.00192167
8,552,3,No,-0.674334,-0.712201,0.490534
8,553,3,No,-0.000291271,-7.95512,0.00035084
8,554,3,No,-1.22559,-0.34747,0.706432
8,555,3,Yes,-0.218415,-1.62828,0.196255
8,556,3,Yes,-1.43212,-0.272786,0.761212
8,557,3,No,-0.0201381,-3.91223,0.0199948
8,558,3,No,-0.00840905,-4.77556,0.00843283
8,559,3,Yes,-3.11758,-0.0452114,0.955739
8,560,3,No,-0.00195169,-6.20989,0.00200933
8,561,3,Yes,-2.43221,-0.0918775,0.912163
8,562,3,Yes,-2.75708,-0.0655179,0.936527
8,563,3,Yes,-4.55242,-0.0105378,0.989459
8,564,3,Yes,-5.34205,-0.00473791,0.995214
8,565,3,Yes,-3.31983,-0.0367673,0.963843
8,566,3,No,-0.210958,-1.65941,0.19024
8,567,3,Yes,-0.626613,-0.7643,0.465632
8,568,3,Yes,-0.0748462,-2.62869,0.0721685
8,569,3,Yes,-0.879441,-0.536069,0.585009
8,570,3,Yes,-0.645248,-0.743333,0.475498
8,571,3,Yes,-2.03899,-0.139378,0.869848
8,572,3,Yes,-3.24525,-0.0396758,0.961044
8,573,3,No,-0.413029,-1.08348,0.338396
8,574,3,No,-0.000226404,-8.16071,0.000285642
8,575,3,Yes,-5.38156,-0.00455162,0.9954
8,576,3,Yes,-0.7654,-0.625655,0.53488
8,577,3,No,-0.0480916,-3.05732,0.0470108
8,578,3,Yes,-3.61181,-0.0273125,0.972999
8,579,3,No,-0.196373,-1.72398,0.178343
8,580,3,No,-0.0165366,-4.10681,0.0164592
8,581,3,No,-0.00331713,-5.69257,0.00337071
8,582,3,No,-0.0137075,-4.2923,0.0136727
8,583,3,Yes,-2.70826,-0.0689147,0.933351
8,584,3,Yes,-4.4174,-0.012079,0.987935
8,585,3,Yes,-1.52954,-0.244082,0.783377
8,586,3,No,-0.0230527,-3.77885,0.0228477
8,587,3,No,-0.0310663,-3.48517,0.0306467
8,588,3,No,-0.0210464,-3.86868,0.0208847
8,589,3,No,-0.00717094,-4.93305,0.00720407
8,590,3,Yes,-4.3503,-0.012927,0.987098
8,591,3,No,-0.039694,-3.2448,0.0389739
8,592,3,No,-0.010279,-4.57707,0.0102844
8,593,3,Yes,-0.0401733,-3.23307,0.0394339
8,594,3,No,-3.1984,-0.041623,0.959175
8,595,3,No,-0.600807,-0.794759,0.451663
8,596,3,Yes,-1.09194,-0.408727,0.664456
8,597,3,Yes,-4.35959,-0.0128062,0.987217
8,598,3,Yes,-0.332813,-1.26176,0.283138
8,599,3,Yes,-1.50157,-0.251958,0.777232
8,600,3,Yes,-0.35577,-1.20589,0.299408
8,601,3,Yes,-0.720606,-0.666307,0.513572
8,602,3,No,-0.287928,-1.38532,0.250229
8,603,3,Yes,-4.31821,-0.0133535,0.986677
8,604,3,No,-0.871225,-0.541938,0.581586
8,605,3,No,-0.00296053,-5.80409,0.00301503
8,606,3,No,-0.000527163,-7.44136,0.000586452
8,607,3,No,-0.0131827,-4.33087,0.0131553
8,608,3,Yes,-0.726672,-0.660596,0.516513
8,609,3,No,-0.000515355,-7.46211,0.000574411
8,610,3,No,-0.101156,-2.34063,0.0962614
8,611,3,Yes,-1.94844,-0.15366,0.857513
8,612,3,Yes,-0.872528,-0.541002,0.582131
8,613,3,Yes,-1.82136,-0.176435,0.838204
8,614,3,Yes,-4.72384,-0.00886117,0.991119
8,615,3,No,-1.8933,-0.163126,0.849435
8,616,3,Yes,-1.7046,-0.200631,0.818166
8,617,3,Yes,-4.95895,-0.00698533,0.99298
8,618,3,Yes,-1.6646,-0.209743,0.810745
8,619,3,Yes,-3.16492,-0.0430719,0.957785
8,620,3,Yes,-4.65588,-0.00949134,0.990495
8,621,3,No,-0.134444,-2.07261,0.12585
8,622,3,Yes,-3.67043,-0.0257342,0.974536
8,623,3,Yes,-0.598618,-0.797423,0.450462
8,624,3,Yes,-3.11349,-0.0454022,0.955557
8,625,3,Yes,-1.87657,-0.16612,0.846895
8,626,3,Yes,-5.36814,-0.00461377,0.995337
8,627,3,No,-0.000163926,-8.40531,0.000223663
8,628,3,Yes,-3.51768,-0.030056,0.970333
8,629,3,Yes,-2.2484,-0.1115,0.894439
8,630,3,Yes,-0.878988,-0.53639,0.584822
8,631,3,Yes,-2.80052,-0.0626407,0.939225
8,632,3,Yes,-1.54251,-0.240526,0.786169
8,633,3,Yes,-0.761399,-0.629148,0.533015
8,634,3,Yes,-2.06118,-0.1361,0.872704
8,635,3,No,-0.00560457,-5.1763,0.00564851
8,636,3,No,-0.459099,-0.999112,0.368184
8,637,3,Yes,-2.49229,-0.0862784,0.917285
8,638,3,Yes,-2.39942,-0.095092,0.909235
8,639,3,Yes,-0.296197,-1.36095,0.256403
8,640,3,No,-0.000619246,-7.29536,0.000678639
8,641,3,No,-0.29014,-1.37872,0.251885
8,642,3,No,-0.269101,-1.44396,0.235979
8,643,3,Yes,-3.84,-0.0216671,0.978508
8,644,3,Yes,-3.54092,-0.0293535,0.971015
8,645,3,Yes,-2.32053,-0.103321,0.901785
8,646,3,Yes,-1.61299,-0.222183,0.800721
8,647,3,Yes,-0.435721,-1.04055,0.35324
8,648,3,No,-0.00118039,-6.69317,0.00123927
8,649,3,No,-1.67858,-0.206508,0.813372
8,650,3,No,-0.189882,-1.75445,0.172992
8,651,3,Yes,-2.92595,-0.0550425,0.946389
8,652,3,No,-0.854054,-0.554476,0.574339
8,653,3,No,-0.000297114,-7.94056,0.000355987
8,654,3,Yes,-0.897475,-0.52347,0.592426
8,655,3,Yes,-3.82475,-0.022005,0.978177
8,656,3,No,-2.38098,-0.0969533,0.907545
8,657,3,Yes,-1.11505,-0.397258,0.672121
8,658,3,Yes,-4.5764,-0.010285,0.989709
8,659,3,Yes,-0.675602,-0.710886,0.49118
8,660,3,Yes,-4.32398,-0.0132754,0.986754
8,661,3,No,-1.54734,-0.239215,0.7872
8,662,3,Yes,-2.3226,-0.103095,0.901987
8,663,3,No,-0.0598072,-2.84535,0.0581103
8,664,3,No,-0.00104768,-6.80662,0.00110636
8,665,3,No,-0.000128099,-8.58492,0.000186893
8,666,3,Yes,-4.30478,-0.0135359,0.986497
8,667,3,Yes,-2.33806,-0.10143,0.903491
8,668,3,Yes,-4.17205,-0.0154801,0.98458
8,669,3,Yes,-2.9465,-0.0538904,0.94748
8,670,3,Yes,-1.11151,-0.398991,0.670957
8,671,3,No,-0.0058073,-5.14128,0.00584985
8,672,3,No,-0.00451635,-5.3892,0.00456537
8,673,3,No,-0.000388102,-7.7123,0.000447266
8,674,3,No,-0.000254067,-8.06804,0.000313377
8,675,3,No,-0.000110036,-8.68459,0.000169163
8,676,3,No,-7.89197e-05,-8.88717,0.000138142
8,677,3,Yes,-1.59759,-0.226052,0.797629
8,678,3,No,-0.00819047,-4.80159,0.0082162
8,679,3,No,-2.87218,-0.0581756,0.943428
8,680,3,No,-0.00202133,-6.17596,0.00207868
8,681,3,No,-0.00154937,-6.43311,0.00160735
8,682,3,No,-0.0326497,-3.43637,0.0321794
8,683,3,Yes,-1.53161,-0.243511,0.783825
8,684,3,No,-0.870643,-0.542356,0.581342
8,685,3,No,-0.175533,-1.82604,0.16104
8,686,3,No,-0.00611958,-5.08962,0.00615999
8,687,3,No,-0.00118051,-6.69347,0.0012389
8,688,3,No,-0.000190992,-8.29353,0.000250116
8,689,3,Yes,-4.91752,-0.00728429,0.992683
8,690,3,No,-0.0753134,-2.6227,0.0726023
8,691,3,Yes,-1.49987,-0.252445,0.776854
8,692,3,No,-0.000128337,-8.58156,0.000187521
8,693,3,No,-0.00156292,-6.42464,0.00162102
8,694,3,No,-0.00482637,-5.32376,0.00487409
8,695,3,No,-0.000372956,-7.74734,0.000431866
8,696,3,Yes,-1.07102,-0.419461,0.657363
8,697,3,No,-0.00120605,-6.67272,0.00126487
8,698,3,No,-0.000256571,-8.06085,0.000315641
8,699,3,No,-0.00750862,-4.88756,0.00753934
8,700,3,No,-0.00139339,-6.53492,0.00145176
8,701,3,Yes,-2.39159,-0.0958778,0.908521
8,702,3,Yes,-1.94269,-0.154619,0.856691
8,703,3,No,-0.135209,-2.06731,0.126518
8,704,3,No,-0.0103141,-4.57364,0.0103197
8,705,3,No,-0.0569926,-2.89212,0.0554549
8,706,3,No,-0.748995,-0.640143,0.527186
8,707,3,No,-0.000713364,-7.16551,0.000772737
8,708,3,No,-0.000380827,-7.72843,0.000440107
8,709,3,Yes,-5.10558,-0.00602123,0.993937
8,710,3,Yes,-1.06272,-0.423818,0.654505
8,711,3,No,-0.00336964,-5.67707,0.00342338
8,712,3,No,-0.0112971,-4.48351,0.011293
8,713,3,No,-0.441313,-1.03039,0.356846
8,714,3,Yes,-2.54791,-0.0814122,0.92176
8,715,3,Yes,-2.28003,-0.107832,0.897725
8,716,3,Yes,-2.57696,-0.0789845,0.924
8,717,3,No,-0.000239699,-8.11448,0.000299159
8,718,3,No,-0.000723027,-7.15319,0.000782314
8,719,3,No,-0.000410045,-7.66461,0.000469112
8,720,3,No,-0.000832189,-7.02333,0.000890804
8,721,3,No,-0.00155862,-6.42737,0.0016166
8,722,3,No,-0.00235764,-6.02633,0.00241419
8,723,3,No,-0.621335,-0.770391,0.462805
8,724,3,No,-0.000808924,-7.05001,0.000867347
8,725,3,No,-0.165009,-1.88274,0.152164
8,726,3,No,-1.5828,-0.229842,0.794613
8,727,3,Yes,-4.66804,-0.00937558,0.99061
8,728,3,Yes,-4.86992,-0.00764435,0.992326
8,729,3,No,-0.0043119,-5.43471,0.00436225
8,730,3,Yes,-4.80204,-0.00818644,0.991787
8,731,3,Yes,-2.41557,-0.0934949,0.910689
8,732,3,Yes,-3.59486,-0.027788,0.972537
8,733,3,Yes,-4.49436,-0.0111751,0.988829
8,734,3,Yes,-0.727301,-0.660008,0.516817
8,735,3,No,-0.0180535,-4.02009,0.0179503
8,736,3,Yes,-0.715966,-0.670723,0.511309
8,737,3,No,-0.299866,-1.35038,0.259126
8,738,3,Yes,-0.438617,-1.03527,0.35511
8,739,3,No,-0.00116136,-6.70855,0.00122037
8,740,3,No,-1.15112,-0.380123,0.683737
8,741,3,Yes,-1.51007,-0.249533,0.779119
8,742,3,Yes,-3.08185,-0.0468983,0.954128
8,743,3,Yes,-2.60085,-0.0770449,0.925794
8,744,3,No,-0.248328,-1.51433,0.219942
8,745,3,Yes,-1.82703,-0.175345,0.839118
8,746,3,Yes,-1.28924,-0.322164,0.724537
8,747,3,Yes,-2.13698,-0.125509,0.881996
8,748,3,Yes,-0.174752,-1.83013,0.160384
8,749,3,No,-0.00105902,-6.79616,0.00111799
8,750,3,Yes,-4.12339,-0.0162617,0.983811
8,751,3,Yes,-3.62654,-0.0269075,0.973394
8,752,3,No,-0.131229,-2.09522,0.123035
8,753,3,No,-0.504422,-0.925825,0.396181
8,754,3,Yes,-3.29312,-0.0377831,0.962864
8,755,3,Yes,-4.67531,-0.00930651,0.990678
8,756,3,Yes,-4.67265,-0.00933172,0.990653
8,757,3,Yes,-3.79462,-0.0226875,0.97751
8,758,3,Yes,-3.2923,-0.037815,0.962834
8,759,3,No,-0.000574635,-7.36461,0.000633236
8,760,3,No,-1.84001,-0.172875,0.841194
8,761,3,No,-0.00417423,-5.46683,0.00422436
8,762,3,No,-0.23843,-1.55025,0.212183
8,763,3,Yes,-3.8215,-0.0220768,0.978106
8,764,3,Yes,-5.11028,-0.00599305,0.993966
8,765,3,No,-0.00170161,-6.34267,0.00175949
8,766,3,Yes,-4.6393,-0.00965148,0.990336
8,767,3,Yes,-2.35358,-0.099786,0.904977
8,768,3,Yes,-4.06219,-0.0173,0.98279
8,769,3,Yes,-3.16692,-0.0429847,0.957869
8,770,3,Yes,-0.383447,-1.14397,0.318532
8,771,3,No,-1.12688,-0.391539,0.675976
8,772,3,Yes,-3.61466,-0.0272343,0.973076
8,773,3,No,-0.0156337,-4.16231,0.0155706
8,774,3,Yes,-4.36634,-0.012719,0.987303
8,775,3,No,-0.0178965,-4.02875,0.0177956
8,776,3,Yes,-1.87219,-0.166914,0.846222
8,777,3,No,-0.175131,-1.82814,0.160703
8,778,3,No,-1.31187,-0.313694,0.730699
8,779,3,Yes,-3.90155,-0.0203568,0.979791
8,780,3,Yes,-3.03715,-0.0490978,0.952032
8,781,3,Yes,-4.73803,-0.00873489,0.991245
8,782,3,No,-1.73396,-0.194221,0.823427
8,783,3,No,-0.0171021,-4.07358,0.0170153
8,784,3,No,-0.000118143,-8.63719,0.000177375
8,785,3,No,-0.751829,-0.637608,0.528524
8,786,3,No,-0.00061179,-7.30755,0.000670421
8,787,3,No,-0.00303669,-5.77916,0.00309114
8,788,3,No,-0.0119333,-4.42937,0.0119212
8,789,3,No,-0.00893622,-4.71547,0.00895513
8,790,3,Yes,-3.36726,-0.0350309,0.965518
8,791,3,No,-0.127678,-2.12091,0.119915
8,792,3,No,-0.208715,-1.66902,0.188421
8,793,3,No,-0.0284125,-3.57297,0.0280707
8,794,3,No,-0.0134037,-4.31442,0.0133735
8,795,3,No,-0.150275,-1.96906,0.139579
8,796,3,Yes,-1.19863,-0.358891,0.69841
8,797,3,Yes,-0.914171,-0.512143,0.599175
8,798,3,No,-2.46663,-0.088626,0.915135
8,799,3,No,-2.72873,-0.0674677,0.934702
8,800,3,Yes,-2.05863,-0.136472,0.872379
8,801,3,No,-0.000611969,-7.30664,0.000671026
8,802,3,Yes,-5.10178,-0.0060451,0.993914
8,803,3,No,-0.892959,-0.526589,0.590582
8,804,3,No,-0.118935,-2.18753,0.112187
8,805,3,Yes,-0.350678,-1.21791,0.295831
8,806,3,No,-0.00187429,-6.24914,0.001932
8,807,3,Yes,-3.2386,-0.0399473,0.960783
8,808,3,No,-0.00151642,-6.45331,0.0015752
8,809,3,Yes,-3.92805,-0.0198184,0.980319
8,810,3,Yes,-0.154228,-1.94503,0.142975
8,811,3,No,-0.652192,-0.735729,0.479128
8,812,3,No,-0.000434076,-7.61399,0.000493468
8,813,3,No,-0.72453,-0.662606,0.515476
8,814,3,No,-0.0199926,-3.91937,0.0198524
8,815,3,No,-0.0826424,-2.53351,0.0793749
8,816,3,Yes,-2.67809,-0.0711048,0.93131
8,817,3,Yes,-3.02649,-0.0496384,0.951517
8,818,3,Yes,-1.32028,-0.310614,0.732954
8,819,3,No,-0.0559424,-2.91018,0.0544626
8,820,3,Yes,-2.03198,-0.140431,0.868932
8,821,3,Yes,-3.46256,-0.0317892,0.968653
8,822,3,Yes,-4.27965,-0.0138843,0.986153
8,823,3,Yes,-3.02383,-0.0497742,0.951388
8,824,3,Yes,-5.10497,-0.00602543,0.993934
8,825,3,Yes,-1.35335,-0.298831,0.741641
8,826,3,Yes,-0.0195928,-3.93933,0.0194601
8,827,3,No,-0.00210734,-6.13546,0.00216461
8,828,3,Yes,-3.38509,-0.0343999,0.966127
8,829,3,Yes,-3.26887,-0.0387306,0.961953
8,830,3,No,-0.000129589,-8.57578,0.000188609
8,831,3,No,-1.98219,-0.148161,0.862241
8,832,3,Yes,-3.4744,-0.0314094,0.969021
8,833,3,Yes,-4.8808,-0.00756003,0.992409
8,834,3,Yes,-2.12288,-0.127409,0.880321
8,835,3,Yes,-3.57889,-0.0282423,0.972095
8,836,3,Yes,-2.10537,-0.129815,0.878207
8,837,3,Yes,-3.05875,-0.0480222,0.953056
8,838,3,Yes,-2.65807,-0.0725968,0.929921
8,839,3,No,-0.000183182,-8.32415,0.000242573
8,840,3,Yes,-0.703427,-0.682856,0.505143
8,841,3,No,-1.2206,-0.349549,0.704964
8,842,3,No,-8.26155e-05,-8.86345,0.000141458
8,843,3,Yes,-4.02238,-0.0180124,0.982091
8,844,3,Yes,-1.37038,-0.292964,0.746005
8,845,3,No,-0.00445343,-5.40291,0.0045032
8,846,3,Yes,-0.168302,-1.86458,0.154951
8,847,3,No,-0.00138951,-6.53755,0.00144794
8,848,3,No,-0.00320572,-5.72595,0.00326006
8,849,3,Yes,-2.73148,-0.0672773,0.934881
8,850,3,No,-0.000335809,-7.83646,0.000395043
8,851,3,Yes,-3.82442,-0.0220125,0.97817
8,852,3,No,-0.124761,-2.14258,0.117344
8,853,3,Yes,-0.568568,-0.835349,0.433698
8,854,3,Yes,-4.76801,-0.00847355,0.991503
8,855,3,No,-0.477671,-0.968026,0.37981
8,856,3,No,-0.0493498,-3.03215,0.0482088
8,857,3,No,-0.123521,-2.15195,0.11625
8,858,3,No,-0.127798,-2.12002,0.120022
8,859,3,Yes,-0.652004,-0.735933,0.47903
8,860,3,No,-0.420592,-1.06886,0.343381
8,861,3,Yes,-3.43844,-0.0325798,0.967887
8,862,3,No,-0.0670136,-2.73526,0.0648732
8,863,3,No,-0.0023286,-6.03849,0.00238502
8,864,3,Yes,-3.86146,-0.021201,0.978964
8,865,3,No,-0.00111141,-6.75055,0.00117017
8,866,3,No,-0.000868519,-6.98253,0.000927897
8,867,3,No,-0.000867624,-6.9838,0.000926721
8,868,3,Yes,-1.03512,-0.438698,0.644838
8,869,3,Yes,-0.585157,-0.814094,0.443015
8,870,3,No,-0.00204223,-6.16628,0.0020989
8,871,3,No,-0.0126441,-4.37213,0.0126236
8,872,3,Yes,-3.07756,-0.047105,0.953931
8,873,3,Yes,-2.79123,-0.0632447,0.938658
8,874,3,Yes,-2.51352,-0.0843853,0.919022
8,875,3,No,-0.16758,-1.86853,0.154341
8,876,3,Yes,-1.80314,-0.179991,0.835228
8,877,3,No,-0.0161728,-4.12882,0.0161009
8,878,3,Yes,-4.65494,-0.00949977,0.990486
8,879,3,Yes,-2.19919,-0.117471,0.889114
8,880,3,Yes,-4.895,-0.00745241,0.992517
8,881,3,No,-0.0150134,-4.2023,0.0149602
8,882,3,Yes,-4.504,-0.011066,0.988936
8,883,3,Yes,-4.86831,-0.00765624,0.992314
8,884,3,Yes,-1.26047,-0.333322,0.716497
8,885,3,Yes,-2.4696,-0.0883508,0.915386
8,886,3,Yes,-4.93077,-0.0071869,0.99278
8,887,3,No,-1.06821,-0.420932,0.656396
8,888,3,Yes,-0.947757,-0.490288,0.612414
8,889,3,Yes,-0.285358,-1.39306,0.248299
8,890,3,Yes,-1.03382,-0.439413,0.644376
8,891,3,Yes,-4.19011,-0.0152005,0.984856
8,892,3,Yes,-4.82099,-0.00803183,0.991942
8,893,3,Yes,-4.65526,-0.00949766,0.990489
8,894,3,Yes,-3.97263,-0.0189428,0.981177
8,895,3,Yes,-3.93471,-0.0196851,0.98045
8,896,3,No,-0.000165953,-8.39885,0.000225112
8,897,3,No,-0.000318936,-7.88104,0.000377819
8,898,3,Yes,-2.98243,-0.0519365,0.949334
8,899,3,No,-0.000682647,-7.20597,0.000742097
8,900,3,No,-0.000439741,-7.60219,0.000499329
8,901,3,Yes,-4.74915,-0.00863719,0.991341
8,902,3,Yes,-1.16588,-0.37337,0.68837
8,903,3,No,-0.11386,-2.22862,0.10767
8,904,3,Yes,-4.55999,-0.0104575,0.989539
8,905,3,Yes,-4.49925,-0.01112,0.988883
8,906,3,Yes,-4.23781,-0.0144845,0.985562
8,907,3,No,-0.0804528,-2.55927,0.0773566
8,908,3,No,-0.381502,-1.14815,0.317205
8,909,3,No,-0.345085,-1.23135,0.291882
8,910,3,Yes,-1.71873,-0.197519,0.820717
8,911,3,No,-0.000523943,-7.44713,0.000583076
8,912,3,Yes,-0.333339,-1.26043,0.283515
8,913,3,No,-0.136151,-2.06083,0.127341
8,914,3,No,-0.00234354,-6.03209,0.00240033
8,915,3,Yes,-3.55396,-0.028968,0.971391
8,916,3,No,-0.012096,-4.41599,0.0120819
8,917,3,Yes,-1.90513,-0.161043,0.851205
8,918,3,Yes,-3.04928,-0.0484902,0.95261
8,919,3,Yes,-4.67407,-0.0093183,0.990666
8,920,3,Yes,-2.41801,-0.0932562,0.910906
8,921,3,No,-0.0143324,-4.24821,0.014289
8,922,3,No,-0.125478,-2.13721,0.117977
8,923,3,Yes,-3.92664,-0.0198457,0.980291
8,924,3,Yes,-4.40199,-0.0122685,0.987748
8,925,3,Yes,-0.377856,-1.15604,0.314711
8,926,3,Yes,-4.88149,-0.00755462,0.992415
8,927,3,Yes,-3.20806,-0.0412136,0.959567
8,928,3,No,-0.00118135,-6.6921,0.0012406
8,929,3,No,-0.000450713,-7.58168,0.000509675
8,930,3,Yes,-2.26625,-0.109414,0.896306
8,931,3,No,-0.0593364,-2.85301,0.0576669
8,932,3,No,-0.026714,-3.63363,0.0264186
8,933,3,Yes,-2.28692,-0.10705,0.898427
8,934,3,No,-0.00195772,-6.20712,0.00201491
8,935,3,No,-0.00379938,-5.55915,0.0038518
8,936,3,Yes,-3.54376,-0.0292698,0.971097
8,937,3,No,-0.0024371,-5.99395,0.00249365
8,938,3,No,-0.0189157,-3.97402,0.0187965
8,939,3,No,-0.00116523,-6.70563,0.00122393
8,940,3,Yes,-3.42526,-0.033021,0.967461
8,941,3,No,-0.010715,-4.53579,0.0107178
8,942,3,No,-0.0133338,-4.31964,0.0133039
8,943,3,Yes,-5.20603,-0.00543831,0.994517
8,944,3,Yes,-0.267853,-1.448,0.235025
8,945,3,No,-0.0615691,-2.81722,0.059768
8,946,3,Yes,-2.04364,-0.138683,0.870452
8,947,3,Yes,-0.500527,-0.931791,0.393825
8,948,3,Yes,-3.60717,-0.0274423,0.972873
8,949,3,Yes,-4.6135,-0.00990668,0.990083
8,950,3,No,-0.00162286,-6.3885,0.00168067
8,951,3,Yes,-3.09735,-0.0461584,0.954834
8,952,3,Yes,-1.12903,-0.390508,0.676673
8,953,3,Yes,-1.45773,-0.264887,0.767249
8,954,3,Yes,-3.83451,-0.0217885,0.978389
8,955,3,Yes,-1.0072,-0.454416,0.634782
8,956,3,Yes,-4.01889,-0.0180763,0.982028
8,957,3,Yes,-3.25994,-0.039085,0.961612
8,958,3,Yes,-4.12622,-0.0162152,0.983857
8,959,3,No,-0.00901795,-4.70645,0.00903623
8,960,3,No,-0.00216133,-6.11116,0.00221785
8,961,3,Yes,-3.44284,-0.0324352,0.968028
8,962,3,No,-0.00271438,-5.88886,0.00276998
8,963,3,No,-0.0757709,-2.61687,0.0730265
8,964,3,No,-0.459566,-0.998311,0.368479
8,965,3,No,-0.00267249,-5.90395,0.00272848
8,966,3,No,-0.0185981,-3.99076,0.0184845
8,967,3,No,-0.0672363,-2.73206,0.0650814
8,968,3,No,-1.56718,-0.23392,0.791379
8,969,3,Yes,-1.4467,-0.268255,0.764668
8,970,3,Yes,-4.05552,-0.0174178,0.982675
8,971,3,Yes,-3.66832,-0.0257895,0.974482
8,972,3,No,-0.0364912,-3.32721,0.035891
8,973,3,No,-0.237879,-1.5523,0.211748
8,974,3,Yes,-1.34882,-0.300412,0.740469
8,975,3,No,-0.331882,-1.26412,0.282471
8,976,3,No,-0.400697,-1.10804,0.330187
8,977,3,Yes,-1.0516,-0.429736,0.650643
8,978,3,Yes,-3.32553,-0.0365546,0.964049
8,979,3,Yes,-0.277321,-1.41779,0.242234
8,980,3,Yes,-0.49568,-0.939297,0.390879
8,981,3,Yes,-0.295287,-1.36359,0.255726
8,982,3,Yes,-0.24246,-1.53543,0.215351
8,983,3,Yes,-2.84627,-0.0597512,0.941943
8,984,3,No,-0.410416,-1.08861,0.336665
8,985,3,No,-0.905521,-0.517971,0.595693
8,986,3,Yes,-0.866166,-0.545593,0.579464
8,987,3,Yes,-0.894715,-0.525374,0.5913
8,988,3,Yes,-3.4107,-0.0335144,0.966984
8,989,3,Yes,-1.36305,-0.295475,0.744135
8,990,3,Yes,-0.788643,-0.605873,0.545565
8,991,3,Yes,-0.805767,-0.59183,0.553281
8,992,3,No,-0.672887,-0.713707,0.489797
8,993,3,Yes,-2.02805,-0.141026,0.868416
8,994,3,Yes,-1.27372,-0.328129,0.720228
8,995,3,Yes,-0.748798,-0.640319,0.527093
8,996,3,Yes,-3.15031,-0.0437216,0.957164
8,997,3,Yes,-2.58684,-0.0781764,0.924747
8,998,3,Yes,-4.16066,-0.0156603,0.984404
8,999,3,Yes,-4.35267,-0.0128961,0.987128
8,1000,3,Yes,-1.70738,-0.200014,0.818671
8,1001,3,Yes,-2.23623,-0.112946,0.893146
8,1002,3,Yes,-3.81938,-0.0221251,0.97806
8,1003,3,Yes,-4.65662,-0.00948388,0.990502
8,1004,3,Yes,-4.62748,-0.00976788,0.990221
8,1005,3,No,-0.60404,-0.790849,0.453433
8,1006,3,Yes,-0.975152,-0.473332,0.622887
8,1007,3,Yes,-2.39529,-0.095506,0.908859
8,1008,3,Yes,-1.73516,-0.193964,0.823639
8,1009,3,Yes,-4.5497,-0.0105667,0.98943
8,1010,3,Yes,-3.80697,-0.0224057,0.977786
8,1011,3,Yes,-4.51079,-0.010991,0.989011
8,1012,3,Yes,-4.09937,-0.0166625,0.983418
8,1013,3,Yes,-2.8206,-0.0613555,0.940433
8,1014,3,Yes,-4.52627,-0.0108201,0.98918
8,1015,3,No,-0.0469422,-3.08091,0.0459146
8,1016,3,Yes,-1.71095,-0.199225,0.819317
8,1017,3,Yes,-2.28334,-0.107457,0.898062
8,1018,3,Yes,-2.93061,-0.054779,0.946639
8,1019,3,Yes,-3.96281,-0.0191324,0.980992
8,1020,3,No,-0.000663978,-7.23243,0.000722716
8,1021,3,No,-0.00704895,-4.95009,0.00708233
8,1022,3,No,-0.00666144,-5.00585,0.00669827
8,1023,3,Yes,-4.48692,-0.0112586,0.988745
8,1024,3,Yes,-2.92671,-0.0549981,0.94643
8,1025,3,Yes,-0.569042,-0.834732,0.433965
8,1026,3,Yes,-3.38786,-0.0343039,0.966221
8,1027,3,Yes,-1.712,-0.198995,0.819506
8,1028,3,Yes,-1.76416,-0.187864,0.828679
8,1029,3,Yes,-1.70186,-0.201241,0.817667
8,1030,3,Yes,-2.14765,-0.124089,0.883249
8,1031,3,Yes,-0.207835,-1.67282,0.187707
8,1032,3,No,-0.0198332,-3.92725,0.0196965
8,1033,3,No,-0.0488972,-3.04113,0.0477779
8,1034,3,No,-1.56694,-0.233982,0.791329
8,1035,3,Yes,-1.76324,-0.188054,0.828521
8,1036,3,Yes,-3.10638,-0.0457336,0.95524
8,1037,3,Yes,-3.24741,-0.0395893,0.961128
8,1038,3,No,-0.00762405,-4.87248,0.00765394
8,1039,3,No,-0.146345,-1.99363,0.136191
8,1040,3,No,-0.0323628,-3.44502,0.0319022
8,1041,3,Yes,-3.63142,-0.0267742,0.973523
8,1042,3,Yes,-3.77609,-0.0231181,0.977089
8,1043,3,No,-0.525652,-0.894311,0.408865
8,1044,3,Yes,-2.6096,-0.0763461,0.92644
8,1045,3,Yes,-1.44884,-0.267597,0.765171
8,1046,3,No,-0.0108534,-4.5232,0.0108536
8,1047,3,No,-0.0168304,-4.0894,0.0167483
8,1048,3,No,-0.000305282,-7.91594,0.000364859
8,1049,3,No,-0.000249775,-8.08119,0.000309286
8,1050,3,No,-0.000148427,-8.48003,0.000207559
8,1051,3,No,-0.000306653,-7.91199,0.000366302
8,1052,3,No,-0.000141869,-8.51223,0.000200983
8,1053,3,No,-0.000347019,-7.80911,0.000405996
8,1054,3,No,-0.0343575,-3.38629,0.0338319
8,1055,3,No,-0.00217776,-6.10365,0.00223457
8,1056,3,No,-0.00292909,-5.81437,0.00298419
8,1057,3,No,-0.00163408,-6.38151,0.00169247
8,1058,3,No,-0.000337658,-7.83146,0.000397022
8,1059,3,No,-0.000184434,-8.32012,0.000243551
8,1060,3,No,-0.00324734,-5.71337,0.00330134
8,1061,3,Yes,-2.32182,-0.10318,0.901911
8,1062,3,Yes,-4.77721,-0.00839511,0.991581
8,1063,3,No,-4.02156,-0.0180277,0.982076
8,1064,3,Yes,-4.96693,-0.00692915,0.993036
8,1065,3,No,-1.99384,-0.146313,0.863837
8,1066,3,No,-0.000189084,-8.29994,0.000248516
8,1067,3,No,-0.000154626,-8.4494,0.000214017
8,1068,3,No,-0.0487666,-3.04374,0.0476536
8,1069,3,No,-0.00122706,-6.65645,0.00128563
8,1070,3,No,-0.000113315,-8.66234,0.000172969
8,1071,3,No,-6.18119e-05,-9.02097,0.000120841
8,1072,3,No,-0.00680384,-4.9849,0.00684005
8,1073,3,No,-4.74464e-05,-9.14561,0.000106681
8,1074,3,No,-0.000467469,-7.54953,0.000526324
8,1075,3,No,-0.000150573,-8.46708,0.000210266
8,1076,3,No,-0.512505,-0.913631,0.401042
8,1077,3,No,-0.00768586,-4.86447,0.00771546
8,1078,3,No,-0.241001,-1.54076,0.214205
8,1079,3,No,-0.0014547,-6.49352,0.00151312
8,1080,3,No,-0.0022602,-6.06726,0.00231738
8,1081,3,No,-0.00400043,-5.50854,0.00405179
8,1082,3,Yes,-0.232983,-1.57073,0.20788
8,1083,3,No,-0.00538611,-5.21564,0.00543064
8,1084,3,Yes,-4.01939,-0.0180666,0.982037
8,1085,3,Yes,-4.79938,-0.00820946,0.991766
8,1086,3,Yes,-5.33538,-0.00476995,0.995182
8,1087,3,Yes,-0.128044,-2.11823,0.120237
8,1088,3,No,-0.136675,-2.05724,0.127798
8,1089,3,Yes,-0.763304,-0.627482,0.533903
8,1090,3,Yes,-1.11363,-0.397953,0.671654
8,1091,3,Yes,-4.139,-0.0160069,0.984062
8,1092,3,Yes,-2.8592,-0.0589601,0.942689
8,1093,3,No,-0.000678113,-7.21273,0.000737101
8,1094,3,No,-0.000938916,-6.9095,0.000998192
8,1095,3,No,-0.00187883,-6.24705,0.00193604
8,1096,3,No,-0.0246994,-3.71084,0.0244554
8,1097,3,No,-0.00245192,-5.98809,0.00250831
8,1098,3,No,-0.0249732,-3.69999,0.0247223
8,1099,3,Yes,-0.148549,-1.97977,0.138093
8,1100,3,No,-0.956723,-0.484656,0.615873
8,1101,3,Yes,-4.01878,-0.0180782,0.982026
8,1102,3,Yes,-4.79552,-0.00824191,0.991734
8,1103,3,Yes,-4.42145,-0.0120291,0.987984
8,1104,3,Yes,-0.895479,-0.524846,0.591612
8,1105,3,No,-0.514596,-0.910516,0.402293
8,1106,3,Yes,-0.433401,-1.04481,0.351738
8,1107,3,No,-0.643387,-0.74539,0.474521
8,1108,3,Yes,-4.20005,-0.0150475,0.985006
8,1109,3,Yes,-4.18136,-0.0153353,0.984723
8,1110,3,Yes,-5.24552,-0.0052251,0.994729
8,1111,3,Yes,-4.18502,-0.0152791,0.984779
8,1112,3,Yes,-3.3929,-0.0341277,0.966391
8,1113,3,Yes,-3.01846,-0.0500486,0.951126
8,1114,3,Yes,-2.95604,-0.0533639,0.947978
8,1115,3,Yes,-1.93645,-0.155668,0.855794
8,1116,3,No,-0.043569,-3.15371,0.0426908
8,1117,3,Yes,-2.52635,-0.0832634,0.920055
8,1118,3,Yes,-4.5081,-0.0110204,0.988981
8,1119,3,Yes,-2.27427,-0.108491,0.897134
8,1120,3,Yes,-1.93122,-0.156551,0.855037
8,1121,3,Yes,-2.82974,-0.0607793,0.940975
8,1122,3,Yes,-4.34178,-0.0130386,0.986987
8,1123,3,Yes,-0.647546,-0.740804,0.476702
8,1124,3,Yes,-3.92891,-0.0198003,0.980336
8,1125,3,Yes,-2.19014,-0.118606,0.888105
8,1126,3,Yes,-3.40311,-0.0337743,0.966732
8,1127,3,No,-1.52197,-0.246185,0.781732
8,1128,3,No,-0.373065,-1.16655,0.31142
8,1129,3,No,-0.626434,-0.764504,0.465537
8,1130,3,No,-1.53458,-0.242693,0.784467
8,1131,3,Yes,-3.52936,-0.0297013,0.970678
8,1132,3,Yes,-1.47677,-0.25918,0.771639
8,1133,3,Yes,-3.91152,-0.0201525,0.979991
8,1134,3,Yes,-4.66116,-0.00944062,0.990545
8,1135,3,Yes,-4.06948,-0.017173,0.982915
8,1136,3,Yes,-4.10094,-0.0166355,0.983444
8,1137,3,Yes,-4.05214,-0.0174778,0.982616
8,1138,3,Yes,-0.293399,-1.3691,0.25432
8,1139,3,No,-0.688596,-0.697602,0.497749
8,1140,3,Yes,-4.11706,-0.016366,0.983709
8,1141,3,Yes,-3.1911,-0.0419346,0.958876
8,1142,3,Yes,-4.22134,-0.0147276,0.985322
8,1143,3,Yes,-5.29087,-0.00499067,0.994963
8,1144,3,Yes,-4.22318,-0.0147,0.985349
8,1145,3,No,-0.463377,-0.991813,0.370882
8,1146,3,Yes,-2.33166,-0.102117,0.902871
8,1147,3,Yes,-3.58358,-0.0281077,0.972226
8,1148,3,Yes,-2.98056,-0.0520364,0.949239
8,1149,3,Yes,-3.29403,-0.0377484,0.962898
8,1150,3,Yes,-0.354396,-1.20911,0.298445
8,1151,3,Yes,-2.8758,-0.0579591,0.943632
8,1152,3,Yes,-2.20355,-0.11693,0.889596
8,1153,3,No,-0.117288,-2.20066,0.110723
8,1154,3,No,-0.000999115,-6.85131,0.00105801
8,1155,3,No,-0.00554115,-5.18767,0.0055847
8,1156,3,No,-0.00236421,-6.02354,0.00242094
8,1157,3,No,-0.00184474,-6.2645,0.00190256
8,1158,3,No,-0.00953539,-4.65123,0.0095493
8,1159,3,No,-0.539351,-0.874832,0.416908
8,1160,3,Yes,-2.06164,-0.136032,0.872763
8,1161,3,Yes,-1.44018,-0.270269,0.763129
8,1162,3,No,-0.0341081,-3.39344,0.0335908
8,1163,3,Yes,-1.97572,-0.1492,0.861346
8,1164,3,No,-0.0144774,-4.23823,0.0144323
8,1165,3,No,-0.121018,-2.17119,0.114035
8,1166,3,Yes,-2.22983,-0.113714,0.89246
8,1167,3,Yes,-1.86189,-0.168797,0.844631
8,1168,3,Yes,-3.21295,-0.0410079,0.959765
8,1169,3,Yes,-0.539738,-0.87429,0.417134
8,1170,3,Yes,-1.98665,-0.147451,0.862854
8,1171,3,No,-0.125373,-2.13799,0.117885
8,1172,3,Yes,-3.27645,-0.0384322,0.96224
8,1173,3,No,-0.35151,-1.21593,0.296417
8,1174,3,No,-0.546206,-0.865323,0.420891
8,1175,3,Yes,-2.63204,-0.0745865,0.928073
8,1176,3,No,-0.737579,-0.650493,0.521758
8,1177,3,Yes,-3.83269,-0.0218282,0.97835
8,1178,3,Yes,-2.56128,-0.0802851,0.922799
8,1179,3,No,-0.156992,-1.92862,0.14534
8,1180,3,Yes,-4.47741,-0.0113679,0.988638
8,1181,3,Yes,-0.717452,-0.669304,0.512034
8,1182,3,Yes,-3.48832,-0.030967,0.96945
8,1183,3,No,-0.0198157,-3.92814,0.019679
8,1184,3,Yes,-4.21253,-0.0148595,0.985192
8,1185,3,No,-2.04179,-0.13896,0.870212
8,1186,3,Yes,-1.86762,-0.167747,0.845518
8,1187,3,No,-0.291138,-1.37577,0.252631
8,1188,3,No,-0.16321,-1.89282,0.150638
8,1189,3,No,-0.0174605,-4.05306,0.017368
8,1190,3,No,-0.000396688,-7.6922,0.000456346
8,1191,3,No,-0.000390666,-7.70559,0.000450277
8,1192,3,No,-0.000280002,-7.98782,0.000339555
8,1193,3,No,-0.000265872,-8.031,0.000325204
8,1194,3,No,-0.0107704,-4.53076,0.0107718
8,1195,3,No,-0.0246883,-3.71131,0.0244441
8,1196,3,No,-0.000664813,-7.23072,0.000723957
8,1197,3,No,-0.00138552,-6.54015,0.00144418
8,1198,3,No,-0.000725771,-7.14947,0.000785236
8,1199,3,No,-0.00242981,-5.99704,0.00248595
8,1200,3,No,-0.00025991,-8.05003,0.000319072
8,1201,3,No,-0.000551853,-7.40016,0.000611117
8,1202,3,Yes,-4.7902,-0.00828572,0.99169
8,1203,3,Yes,-4.82898,-0.00796694,0.992006
8,1204,3,Yes,-5.16557,-0.00566642,0.99429
8,1205,3,Yes,-4.8113,-0.00811096,0.991863
8,1206,3,No,-0.000136981,-8.53505,0.000196449
8,1207,3,No,-0.000595091,-7.33122,0.000654738
8,1208,3,No,-4.95923e-05,-9.12553,0.000108845
8,1209,3,No,-0.0011425,-6.72424,0.00120136
8,1210,3,No,-0.000224377,-8.16836,0.000283465
8,1211,3,No,-0.000122197,-8.61544,0.000181274
8,1212,3,No,-0.00208553,-6.14551,0.00214296
8,1213,3,No,-0.00578236,-5.14555,0.00582492
8,1214,3,No,-0.50423,-0.926117,0.396065
8,1215,3,No,-0.0188195,-3.97907,0.0187019
8,1216,3,No,-0.00320357,-5.72657,0.00325805
8,1217,3,Yes,-1.06104,-0.424704,0.653925
8,1218,3,No,-0.178291,-1.8118,0.163351
8,1219,3,No,-0.458559,-1.00004,0.367843
8,1220,3,Yes,-0.542561,-0.870359,0.418777
8,1221,3,Yes,-4.68874,-0.00918072,0.990802
8,1222,3,Yes,-4.52104,-0.0108771,0.989123
8,1223,3,Yes,-3.02424,-0.0497534,0.951408
8,1224,3,No,-0.00041881,-7.64549,0.000478166
8,1225,3,No,-0.000583461,-7.35023,0.000642405
8,1226,3,No,-0.000256929,-8.05872,0.000316314
8,1227,3,No,-0.00948226,-4.6568,0.00949626
8,1228,3,No,-0.00257191,-5.9414,0.00262819
8,1229,3,No,-0.00338226,-5.67342,0.00343589
8,1230,3,No,-0.0164016,-4.11489,0.0163267
8,1231,3,No,-0.00651912,-5.02707,0.0065576
8,1232,3,No,-0.0523805,-2.97413,0.0510887
8,1233,3,No,-0.00329393,-5.69937,0.00334786
8,1234,3,Yes,-3.27585,-0.0384551,0.962218
8,1235,3,Yes,-3.94929,-0.0193954,0.980733
8,1236,3,Yes,-4.17861,-0.0153779,0.984681
8,1237,3,Yes,-2.25735,-0.11045,0.895379
8,1238,3,No,-0.0863825,-2.49113,0.0828112
8,1239,3,No,-0.0191249,-3.96315,0.019002
8,1240,3,Yes,-3.56227,-0.0287235,0.971627
8,1241,3,Yes,-2.12406,-0.127249,0.880462
8,1242,3,Yes,-4.94838,-0.00706,0.992905
8,1243,3,Yes,-4.76229,-0.00852212,0.991454
8,1244,3,No,-0.00260477,-5.92895,0.00266112
8,1245,3,Yes,-3.64399,-0.0264349,0.973854
8,1246,3,Yes,-4.43451,-0.0118719,0.98814
8,1247,3,No,-0.000749213,-7.12012,0.000808618
8,1248,3,No,-0.00097519,-6.87458,0.00103367
8,1249,3,No,-0.0963375,-2.38703,0.0918965
8,1250,3,No,-0.00077194,-7.0931,0.000830765
8,1251,3,Yes,-4.87053,-0.00763979,0.992331
8,1252,3,Yes,-4.3175,-0.0133622,0.986668
8,1253,3,No,-0.00125773,-6.63289,0.00131627
8,1254,3,No,-0.000448685,-7.58506,0.000507954
8,1255,3,No,-0.00100079,-6.84966,0.00105976
8,1256,3,Yes,-1.02671,-0.44336,0.641839
8,1257,3,Yes,-0.491701,-0.94553,0.388451
8,1258,3,Yes,-5.42794,-0.00434172,0.995608
8,1259,3,Yes,-4.76112,-0.00853246,0.991445
8,1260,3,No,-0.00020685,-8.23221,0.000265933
8,1261,3,Yes,-3.43758,-0.0326083,0.967859
8,1262,3,No,-0.000196536,-8.27204,0.000255549
8,1263,3,Yes,-5.39944,-0.00446923,0.995481
8,1264,3,No,-0.00185172,-6.26088,0.00190945
8,1265,3,Yes,-2.50319,-0.0853015,0.918181
8,1266,3,No,-0.00449282,-5.3943,0.00454214
8,1267,3,Yes,-4.63031,-0.00973899,0.990249
8,1268,3,No,-0.000656582,-7.2422,0.000715691
8,1269,3,Yes,-4.3884,-0.0124378,0.98758
8,1270,3,No,-0.0337057,-3.40509,0.0332018
8,1271,3,No,-0.0993571,-2.35767,0.0946348
8,1272,3,No,-0.0109711,-4.51251,0.0109702
8,1273,3,Yes,-4.4794,-0.0113443,0.98866
8,1274,3,No,-0.00341593,-5.66377,0.00346921
8,1275,3,Yes,-4.27438,-0.0139587,0.98608
8,1276,3,No,-0.00247122,-5.98044,0.00252756
8,1277,3,No,-0.0031885,-5.73121,0.00324296
8,1278,3,No,-0.0944297,-2.40609,0.0901621
8,1279,3,No,-0.000137935,-8.53199,0.00019705
8,1280,3,No,-0.0548174,-2.92991,0.0533986
8,1281,3,Yes,-5.29828,-0.00495252,0.995
8,1282,3,No,-4.8174,-0.00806067,0.991913
8,1283,3,No,-0.00131419,-6.59097,0.00137263
8,1284,3,No,-0.000292702,-7.95109,0.000352256
8,1285,3,No,-0.29527,-1.36364,0.255713
8,1286,3,Yes,-5.32027,-0.00484332,0.995109
8,1287,3,Yes,-3.2989,-0.0375609,0.963078
8,1288,3,No,-0.000365801,-7.76264,0.000425309
8,1289,3,No,-0.000158621,-8.43241,0.000217684
8,1290,3,Yes,-5.15676,-0.0057169,0.99424
8,1291,3,No,-5.29899e-05,-9.09556,0.000112156
8,1292,3,No,-0.00022545,-8.1624,0.000285159
8,1293,3,No,-0.000261818,-8.04346,0.000321178
8,1294,3,No,-5.92488e-05,-9.0384,0.000118754
8,1295,3,Yes,-4.22881,-0.0146167,0.985431
8,1296,3,Yes,-4.24715,-0.0143481,0.985696
8,1297,3,No,-9.1855e-05,-8.79855,0.000150943
8,1298,3,No,-0.000261579,-8.04361,0.000321128
8,1299,3,No,-0.000627476,-7.28344,0.000686777
8,1300,3,Yes,-4.51667,-0.010925,0.989075
8,1301,3,No,-0.0824191,-2.53612,0.0791685
8,1302,3,No,-1.40452,-0.2816,0.754531
8,1303,3,No,-0.00187931,-6.24648,0.00193714
8,1304,3,No,-0.00370389,-5.58419,0.00375655
8,1305,3,No,-1.0897,-0.409862,0.663703
8,1306,3,Yes,-4.57071,-0.0103447,0.98965
8,1307,3,No,-0.00444924,-5.40396,0.00449847
8,1308,3,No,-0.00347101,-5.64809,0.00352402
8,1309,3,No,-0.00284982,-5.84128,0.00290494
8,1310,3,Yes,-3.48472,-0.031081,0.96934
8,1311,3,Yes,-3.28525,-0.0380876,0.962571
8,1312,3,Yes,-3.56966,-0.0285083,0.971836
8,1313,3,Yes,-4.08629,-0.0168832,0.9832
8,1314,3,Yes,-1.2585,-0.334105,0.715936
8,1315,3,No,-0.183072,-1.78766,0.167341
8,1316,3,Yes,-2.78427,-0.0637012,0.93823
8,1317,3,No,-0.182664,-1.7897,0.167001
8,1318,3,No,-0.000636124,-7.27144,0.000695069
8,1319,3,No,-0.307603,-1.32859,0.264836
8,1320,3,Yes,-5.23186,-0.00529766,0.994657
8,1321,3,No,-0.000933964,-6.91491,0.000992815
8,1322,3,Yes,-3.70788,-0.0247743,0.975472
8,1323,3,No,-0.781014,-0.612273,0.542085
8,1324,3,No,-0.0701633,-2.69093,0.067814
8,1325,3,Yes,-3.5505,-0.0290686,0.971292
8,1326,3,Yes,-3.28153,-0.0382328,0.962431
8,1327,3,Yes,-2.77302,-0.0644463,0.937531
8,1328,3,Yes,-5.75813,-0.0031021,0.996843
8,1329,3,No,-0.0212608,-3.85864,0.0210953
8,1330,3,No,-0.322944,-1.28719,0.276028
8,1331,3,Yes,-2.44986,-0.0901938,0.9137
8,1332,3,Yes,-0.331512,-1.26506,0.282205
8,1333,3,Yes,-3.27391,-0.0385322,0.962144
8,1334,3,Yes,-2.54407,-0.0817378,0.921459
8,1335,3,Yes,-2.37733,-0.0973247,0.907208
8,1336,3,Yes,-2.42096,-0.0929672,0.911169
8,1337,3,Yes,-3.54945,-0.0290996,0.971261
8,1338,3,Yes,-2.40234,-0.0948018,0.9095
8,1339,3,Yes,-3.46417,-0.0317372,0.968703
8,1340,3,Yes,-3.9706,-0.0189811,0.981139
8,1341,3,Yes,-3.52827,-0.0297335,0.970646
8,1342,3,Yes,-3.88015,-0.0208028,0.979354
8,1343,3,Yes,-5.05424,-0.00634257,0.993618
8,1344,3,Yes,-3.48909,-0.0309426,0.969473
8,1345,3,Yes,-2.04185,-0.138952,0.870219
8,1346,3,No,-0.0345774,-3.38004,0.0340442
8,1347,3,Yes,-5.1173,-0.00595054,0.994008
8,1348,3,Yes,-3.08349,-0.0468195,0.954203
8,1349,3,Yes,-1.91626,-0.159111,0.852852
8,1350,3,No,-4.18262,-0.0153157,0.984743
8,1351,3,Yes,-0.570029,-0.833444,0.434524
8,1352,3,Yes,-0.215814,-1.639,0.194162
8,1353,3,Yes,-4.74982,-0.00863052,0.991347
8,1354,3,No,-0.851069,-0.556695,0.573067
8,1355,3,Yes,-4.71511,-0.00893959,0.991042
8,1356,3,Yes,-3.42505,-0.0330278,0.967454
8,1357,3,Yes,-2.80409,-0.0624109,0.939442
8,1358,3,No,-0.318923,-1.29782,0.273111
8,1359,3,Yes,-4.44484,-0.0117482,0.988262
8,1360,3,No,-0.396599,-1.1164,0.327436
8,1361,3,Yes,-0.815117,-0.584345,0.557438
8,1362,3,Yes,-0.71513,-0.671523,0.5109
8,1363,3,No,-0.975594,-0.473063,0.623054
8,1364,3,Yes,-1.0313,-0.440808,0.643479
8,1365,3,Yes,-0.68896,-0.697234,0.497932
8,1366,3,Yes,-2.9975,-0.0511377,0.950091
8,1367,3,Yes,-0.297595,-1.3569,0.257442
8,1368,3,Yes,-4.05027,-0.0175105,0.982583
8,1369,3,Yes,-2.2894,-0.106771,0.898678
8,1370,3,Yes,-2.41089,-0.0939545,0.91027
8,0,4,No,-0.00024274,-8.10458,0.000302134
8,1,4,No,-0.000120528,-8.62761,0.000179081
8,2,4,No,-0.0156422,-4.16178,0.0155789
8,3,4,Yes,-2.62311,-0.0752814,0.927428
8,4,4,No,-0.00710142,-4.94275,0.00713454
8,5,4,Yes,-2.71278,-0.0685929,0.933652
8,6,4,No,-0.328901,-1.27174,0.280328
8,7,4,No,-0.0497833,-3.02364,0.0486212
8,8,4,No,-1.27212,-0.328751,0.71978
8,9,4,No,-0.0342873,-3.38831,0.0337637
8,10,4,No,-0.0012162,-6.66504,0.00127464
8,11,4,No,-0.00483973,-5.32103,0.00488745
8,12,4,No,-0.000648232,-7.25335,0.000707759
8,13,4,No,-0.032915,-3.42842,0.0324363
8,14,4,Yes,-0.0772736,-2.598,0.0744182
8,15,4,Yes,-1.65573,-0.211826,0.809058
8,16,4,No,-0.00322629,-5.7196,0.00328081
8,17,4,No,-0.0010098,-6.84114,0.00106882
8,18,4,Yes,-2.6899,-0.0702388,0.932116
8,19,4,Yes,-2.79655,-0.0628988,0.938983
8,20,4,Yes,-1.64899,-0.213424,0.807766
8,21,4,Yes,-4.28306,-0.0138367,0.9862
8,22,4,Yes,-2.81346,-0.0618095,0.940006
8,23,4,Yes,-2.87781,-0.0578393,0.943746
8,24,4,Yes,-2.4951,-0.0860254,0.917517
8,25,4,Yes,-2.99389,-0.0513284,0.949911
8,26,4,No,-0.134683,-2.07095,0.126059
8,27,4,No,-0.0190068,-3.96929,0.0188858
8,28,4,No,-1.00477,-0.455818,0.633892
8,29,4,Yes,-0.949966,-0.488893,0.613269
8,30,4,Yes,-4.28701,-0.0137814,0.986255
8,31,4,Yes,-2.45148,-0.0900414,0.91384
8,32,4,No,-0.492065,-0.944958,0.388673
8,33,4,Yes,-0.993092,-0.462624,0.629592
8,34,4,Yes,-0.527256,-0.891996,0.409813
8,35,4,No,-1.15865,-0.376663,0.686107
8,36,4,Yes,-2.97213,-0.0524886,0.948809
8,37,4,Yes,-4.75195,-0.00861278,0.991366
8,38,4,Yes,-1.91121,-0.159985,0.852107
8,39,4,No,-0.000875976,-6.97485,0.000935052
8,40,4,Yes,-2.8209,-0.0613356,0.940451
8,41,4,Yes,-2.23659,-0.112904,0.893184
8,42,4,No,-2.88491e-05,-9.33736,8.80667e-05
8,43,4,Yes,-3.56429,-0.0286648,0.971685
8,44,4,Yes,-4.7072,-0.0090111,0.99097
8,45,4,No,-0.320101,-1.29469,0.273967
8,46,4,No,-1.55016,-0.238453,0.787799
8,47,4,Yes,-3.12983,-0.0446474,0.956278
8,48,4,Yes,-3.82084,-0.022092,0.978092
8,49,4,No,-0.0140329,-4.26914,0.013993
8,50,4,No,-0.0142771,-4.25204,0.0142344
8,51,4,No,-0.0295073,-3.53579,0.0291341
8,52,4,No,-0.00526896,-5.23726,0.00531448
8,53,4,No,-0.00758766,-4.87721,0.00761775
8,54,4,Yes,-4.47689,-0.0113739,0.988632
8,55,4,Yes,-0.953748,-0.486516,0.614728
8,56,4,Yes,-1.37093,-0.292778,0.746145
8,57,4,Yes,-3.75843,-0.0235359,0.976681
8,58,4,Yes,-4.62284,-0.00981368,0.990176
8,59,4,No,-0.000153136,-8.45605,0.000212599
8,60,4,Yes,-2.07423,-0.13421,0.874355
8,61,4,Yes,-5.01233,-0.00661842,0.993345
8,62,4,Yes,-4.76123,-0.0085327,0.991445
8,63,4,Yes,-0.274525,-1.42659,0.240112
8,64,4,Yes,-2.59379,-0.0776121,0.925268
8,65,4,Yes,-2.85792,-0.0590379,0.942615
8,66,4,Yes,-1.46426,-0.262913,0.768764
8,67,4,Yes,-4.61037,-0.00993787,0.990052
8,68,4,No,-0.337584,-1.24978,0.28655
8,69,4,No,-0.0570708,-2.89079,0.0555289
8,70,4,Yes,-3.77358,-0.0231779,0.977032
8,71,4,No,-0.00152113,-6.45073,0.00157928
8,72,4,Yes,-1.10293,-0.403227,0.668121
8,73,4,No,-2.02658e-05,-9.43574,7.98149e-05
8,74,4,Yes,-2.43905,-0.0912229,0.912761
8,75,4,No,-0.784606,-0.609249,0.543727
8,76,4,No,-0.0646809,-2.76951,0.0626889
8,77,4,No,-0.000131973,-8.56166,0.00019129
8,78,4,Yes,-4.59693,-0.0100737,0.989918
8,79,4,Yes,-3.87525,-0.0209068,0.979252
8,80,4,Yes,-0.217175,-1.63337,0.195259
8,81,4,Yes,-0.223686,-1.60698,0.200481
8,82,4,No,-3.55742,-0.0288655,0.971489
8,83,4,Yes,-2.31201,-0.104253,0.900944
8,84,4,Yes,-2.26639,-0.109399,0.896321
8,85,4,Yes,-3.29178,-0.0378344,0.962815
8,86,4,Yes,-4.24148,-0.0144308,0.985615
8,87,4,Yes,-4.71924,-0.008902,0.991079
8,88,4,Yes,-2.17501,-0.120528,0.8864
8,89,4,Yes,-2.7785,-0.064083,0.937872
8,90,4,Yes,-2.77491,-0.0643212,0.937648
8,91,4,Yes,-2.57837,-0.0788686,0.924107
8,92,4,Yes,-0.565723,-0.839077,0.432084
8,93,4,Yes,-2.77676,-0.0641981,0.937764
8,94,4,Yes,-0.547789,-0.863147,0.421807
8,95,4,Yes,-5.00578,-0.00666282,0.993301
8,96,4,Yes,-3.63787,-0.0265997,0.973693
8,97,4,No,-0.179051,-1.80791,0.163986
8,98,4,Yes,-3.32082,-0.0367308,0.963879
8,99,4,No,-0.0146169,-4.22881,0.0145688
8,100,4,No,-0.150284,-1.96901,0.139587
8,101,4,Yes,-1.91929,-0.158589,0.853297
8,102,4,Yes,-2.15634,-0.122947,0.884258
8,103,4,Yes,-1.1596,-0.376226,0.686407
8,104,4,No,-0.226548,-1.59564,0.202766
8,105,4,No,-0.779826,-0.613277,0.541541
8,106,4,No,-8.28539e-05,-8.85695,0.00014238
8,107,4,No,-0.027494,-3.6053,0.0271776
8,108,4,No,-0.0119601,-4.42716,0.0119477
8,109,4,No,-0.0281309,-3.58277,0.0277969
8,110,4,Yes,-3.6293,-0.0268322,0.973467
8,111,4,No,-0.00212968,-6.12522,0.00218687
8,112,4,No,-0.0174876,-4.05162,0.0173932
8,113,4,No,-0.384441,-1.14185,0.319209
8,114,4,Yes,-2.94117,-0.0541864,0.947199
8,115,4,No,-4.13069e-05,-9.20603,0.000100426
8,116,4,No,-5.03672e-05,-9.11738,0.000109735
8,117,4,Yes,-4.92132,-0.00725637,0.992711
8,118,4,No,-0.354377,-1.20916,0.298431
8,119,4,No,-0.000121005,-8.62033,0.000180391
8,120,4,Yes,-4.80531,-0.00816066,0.991814
8,121,4,Yes,-4.85552,-0.00775625,0.992215
8,122,4,No,-0.0216075,-3.84272,0.021434
8,123,4,Yes,-3.65517,-0.026137,0.974144
8,124,4,No,-0.0012893,-6.609,0.0013481
8,125,4,No,-0.241469,-1.53905,0.214573
8,126,4,Yes,-3.10319,-0.0458834,0.955097
8,127,4,Yes,-3.64906,-0.0262995,0.973986
8,128,4,No,-0.164661,-1.88468,0.151869
8,129,4,No,-3.26639e-05,-9.29566,9.18169e-05
8,130,4,No,-0.000109977,-8.68094,0.000169782
8,131,4,No,-6.46731e-05,-8.99151,0.000124454
8,132,4,No,-0.000863687,-6.98837,0.000922495
8,133,4,Yes,-1.61662,-0.221283,0.801443
8,134,4,Yes,-4.05426,-0.0174399,0.982653
8,135,4,No,-0.00138217,-6.54264,0.0014406
8,136,4,Yes,-0.473827,-0.974333,0.377422
8,137,4,Yes,-1.45046,-0.267102,0.76555
8,138,4,Yes,-0.257629,-1.48203,0.227163
8,139,4,Yes,-2.84018,-0.060128,0.941589
8,140,4,No,-0.404894,-1.09958,0.332991
8,141,4,Yes,-3.39054,-0.034209,0.966312
8,142,4,No,-0.00251108,-5.96486,0.00256725
8,143,4,No,-3.48438,-0.0310922,0.969329
8,144,4,No,-7.27179e-06,-9.61888,6.64581e-05
8,145,4,Yes,-1.92604,-0.157431,0.854285
8,146,4,Yes,-2.1629,-0.122092,0.885015
8,147,4,Yes,-1.87991,-0.165518,0.847405
8,148,4,Yes,-0.355723,-1.206,0.299374
8,149,4,Yes,-3.88295,-0.0207444,0.979411
8,150,4,Yes,-2.55452,-0.0808517,0.922275
8,151,4,Yes,-0.548914,-0.86161,0.422457
8,152,4,Yes,-1.71714,-0.197867,0.820431
8,153,4,Yes,-2.18659,-0.119053,0.887708
8,154,4,No,-2.37914,-0.0971403,0.907375
8,155,4,Yes,-3.76599,-0.0233565,0.976857
8,156,4,Yes,-3.65069,-0.0262557,0.974028
8,157,4,Yes,-1.50253,-0.25168,0.777448
8,158,4,Yes,-2.14875,-0.123944,0.883377
8,159,4,Yes,-1.54364,-0.240217,0.786411
8,160,4,Yes,-3.32384,-0.036617,0.963988
8,161,4,No,-3.15028,-0.043724,0.957162
8,162,4,No,-0.523897,-0.896856,0.407826
8,163,4,Yes,-1.06114,-0.424653,0.653959
8,164,4,Yes,-4.30531,-0.0135284,0.986504
8,165,4,No,-0.372822,-1.16709,0.311253
8,166,4,Yes,-4.20603,-0.0149576,0.985095
8,167,4,Yes,-1.66301,-0.210114,0.810444
8,168,4,No,-0.145644,-1.9981,0.135585
8,169,4,Yes,-2.06852,-0.135035,0.873634
8,170,4,Yes,-3.84499,-0.0215585,0.978615
8,171,4,Yes,-2.81122,-0.0619526,0.939872
8,172,4,No,-0.121332,-2.16876,0.114313
8,173,4,No,-0.0181253,-4.0162,0.0180203
8,174,4,Yes,-4.63365,-0.00970721,0.990281
8,175,4,Yes,-4.19766,-0.0150845,0.98497
8,176,4,No,-0.00118457,-6.68991,0.00124332
8,177,4,No,-0.0195561,-3.94116,0.0194245
8,178,4,Yes,-3.82672,-0.0219612,0.97822
8,179,4,No,-0.00862162,-4.75091,0.00864329
8,180,4,No,-0.0133543,-4.31809,0.0133246
8,181,4,No,-0.0409768,-3.21369,0.0402057
8,182,4,Yes,-2.99546,-0.0512451,0.94999
8,183,4,No,-0.823674,-0.577603,0.561209
8,184,4,No,-1.20138,-0.357703,0.699239
8,185,4,Yes,-4.22622,-0.0146556,0.985393
8,186,4,Yes,-2.64726,-0.0734158,0.929159
8,187,4,Yes,-0.483897,-0.95794,0.38366
8,188,4,Yes,-2.21026,-0.116099,0.890334
8,189,4,Yes,-2.39377,-0.095659,0.90872
8,190,4,Yes,-1.94846,-0.153659,0.857514
8,191,4,Yes,-1.46689,-0.262124,0.769371
8,192,4,No,-0.000528714,-7.43994,0.000587287
8,193,4,No,-0.0149998,-4.20326,0.0149458
8,194,4,Yes,-2.73238,-0.0672147,0.93494
8,195,4,No,-0.000175372,-8.35948,0.000234152
8,196,4,No,-0.000138054,-8.52804,0.000197832
8,197,4,No,-0.000168457,-8.3852,0.000228207
8,198,4,Yes,-0.173837,-1.83493,0.159616
8,199,4,No,-0.000338969,-7.82808,0.000398365
8,200,4,No,-1.03965,-0.436214,0.646441
8,201,4,No,-0.00875323,-4.7359,0.00877404
8,202,4,Yes,-4.86162,-0.00770874,0.992262
8,203,4,No,-0.00031357,-7.89461,0.000372727
8,204,4,Yes,-0.87897,-0.536403,0.584814
8,205,4,No,-5.51954e-05,-9.07271,0.000114749
8,206,4,Yes,-3.3214,-0.0367094,0.9639
8,207,4,Yes,-5.17003,-0.00564101,0.994316
8,208,4,Yes,-3.8826,-0.0207522,0.979404
8,209,4,Yes,-4.58388,-0.0102077,0.989785
8,210,4,Yes,-0.33814,-1.2484,0.286947
8,211,4,Yes,-2.72466,-0.0677537,0.934436
8,212,4,Yes,-0.10311,-2.32247,0.0980254
8,213,4,No,-1.08481e-05,-9.56833,6.99042e-05
8,214,4,No,-0.000714438,-7.16435,0.000773632
8,215,4,Yes,-4.30213,-0.0135719,0.986461
8,216,4,Yes,-5.07491,-0.0062117,0.993749
8,217,4,No,-0.00589088,-5.1272,0.00593279
8,218,4,Yes,-3.3261,-0.0365338,0.964069
8,219,4,Yes,-3.35659,-0.0354144,0.965148
8,220,4,Yes,-3.72075,-0.0244529,0.975786
8,221,4,Yes,-1.49329,-0.254341,0.775381
8,222,4,No,-1.63193,-0.217524,0.804461
8,223,4,Yes,-4.89366,-0.00746238,0.992506
8,224,4,Yes,-2.66308,-0.0722204,0.930271
8,225,4,Yes,-0.363868,-1.1872,0.305058
8,226,4,No,-0.0353705,-3.35783,0.0348088
8,227,4,No,-0.593773,-0.803366,0.447793
8,228,4,Yes,-2.3343,-0.101832,0.903128
8,229,4,Yes,-5.09586,-0.00608084,0.993878
8,230,4,No,-0.000123389,-8.60567,0.000183053
8,231,4,Yes,-2.29408,-0.106244,0.899152
8,232,4,Yes,-2.69725,-0.0697051,0.932614
8,233,4,Yes,-4.15144,-0.0158073,0.984259
8,234,4,No,-0.239553,-1.54609,0.213067
8,235,4,Yes,-3.10852,-0.0456332,0.955336
8,236,4,No,-9.01859e-05,-8.80717,0.000149647
8,237,4,No,-9.56104e-05,-8.77049,0.000155238
8,238,4,No,-0.00625848,-5.06743,0.00629824
8,239,4,No,-0.0767587,-2.60442,0.0739415
8,240,4,Yes,-3.81379,-0.0222514,0.977937
8,241,4,No,-1.07289e-05,-9.57021,6.97724e-05
8,242,4,Yes,-0.265083,-1.45707,0.232903
8,243,4,Yes,-0.311141,-1.31883,0.267432
8,244,4,No,-0.00137334,-6.54862,0.001432
8,245,4,No,-0.676614,-0.709838,0.491695
8,246,4,Yes,-3.27236,-0.0385925,0.962085
8,247,4,No,-0.291473,-1.37477,0.252882
8,248,4,Yes,-4.28001,-0.0138801,0.986158
8,249,4,No,-0.460795,-0.996209,0.369255
8,250,4,Yes,-3.05857,-0.0480312,0.953048
8,251,4,Yes,-1.46584,-0.262438,0.769129
8,252,4,Yes,-3.53323,-0.0295852,0.970791
8,253,4,No,-0.00253151,-5.95699,0.00258752
8,254,4,No,-0.0401455,-3.23373,0.0394078
8,255,4,No,-0.000231889,-8.14219,0.000290981
8,256,4,Yes,-1.44738,-0.268046,0.764827
8,257,4,Yes,-5.10841,-0.00600474,0.993955
8,258,4,Yes,-4.01645,-0.0181211,0.981984
8,259,4,Yes,-3.17031,-0.0428354,0.958012
8,260,4,No,-0.0485579,-3.04793,0.0474543
8,261,4,Yes,-0.651652,-0.736316,0.478847
8,262,4,Yes,-3.15399,-0.0435568,0.957321
8,263,4,Yes,-1.18159,-0.366337,0.693228
8,264,4,No,-0.000245482,-8.09485,0.000305088
8,265,4,Yes,-4.1467,-0.0158822,0.984184
8,266,4,No,-0.000352922,-7.79359,0.000412346
8,267,4,Yes,-4.0262,-0.0179428,0.982159
8,268,4,No,-0.000231412,-8.14203,0.000291029
8,269,4,Yes,-2.55487,-0.0808227,0.922303
8,270,4,No,-0.0455332,-3.11067,0.0445686
8,271,4,Yes,-2.21752,-0.11521,0.891127
8,272,4,No,-1.03131,-0.440802,0.643483
8,273,4,No,-0.0122907,-4.40019,0.0122743
8,274,4,No,-0.0194577,-3.94616,0.0193275
8,275,4,No,-0.00351043,-5.6369,0.00356368
8,276,4,Yes,-1.80513,-0.179599,0.835556
8,277,4,No,-0.204331,-1.68812,0.184856
8,278,4,Yes,-4.61179,-0.00992366,0.990067
8,279,4,No,-0.0406408,-3.22175,0.0398828
8,280,4,No,-3.00412e-05,-9.32815,8.88814e-05
8,281,4,No,-0.0083216,-4.78588,0.00834629
8,282,4,No,-0.000677338,-7.2137,0.000736387
8,283,4,Yes,-3.82973,-0.021894,0.978286
8,284,4,Yes,-3.75775,-0.0235521,0.976665
8,285,4,Yes,-3.53715,-0.0294667,0.970906
8,286,4,No,-0.00183518,-6.26932,0.0018934
8,287,4,Yes,-3.43991,-0.0325327,0.967934
8,288,4,No,-1.00732e-05,-9.57056,6.97484e-05
8,289,4,No,-1.48212,-0.257602,0.772857
8,290,4,Yes,-0.365978,-1.1824,0.306523
8,291,4,Yes,-4.99758,-0.00671712,0.993246
8,292,4,No,-0.000577974,-7.35806,0.000637394
8,293,4,Yes,-4.11354,-0.0164249,0.983651
8,294,4,Yes,-4.57874,-0.0102609,0.989733
8,295,4,Yes,-4.82872,-0.00796916,0.992004
8,296,4,No,-0.0565448,-2.89978,0.0550319
8,297,4,No,-0.0049763,-5.29365,0.00502307
8,298,4,No,-0.00166059,-6.36626,0.00171848
8,299,4,No,-0.0971063,-2.37947,0.0925942
8,300,4,Yes,-2.22081,-0.114808,0.891485
8,301,4,Yes,-2.31743,-0.10366,0.901479
8,302,4,Yes,-1.46339,-0.263173,0.768563
8,303,4,Yes,-0.783522,-0.61016,0.543232
8,304,4,Yes,-2.15337,-0.123336,0.883915
8,305,4,Yes,-2.62855,-0.0748572,0.927822
8,306,4,Yes,-3.4815,-0.0311834,0.96924
8,307,4,Yes,-1.00345,-0.456579,0.63341
8,308,4,Yes,-0.971158,-0.475758,0.621378
8,309,4,No,-3.39515,-0.0340493,0.966467
8,310,4,No,-0.00668682,-5.00204,0.00672379
8,311,4,No,-0.00280923,-5.8554,0.00286422
8,312,4,Yes,-2.07897,-0.133532,0.874949
8,313,4,No,-0.00971274,-4.63306,0.00972443
8,314,4,Yes,-4.47777,-0.0113638,0.988642
8,315,4,No,-5.44205e-05,-9.08057,0.000113849
8,316,4,No,-0.000435268,-7.61288,0.000494019
8,317,4,Yes,-4.37518,-0.0126059,0.987415
8,318,4,Yes,-4.90665,-0.00736462,0.992603
8,319,4,No,-0.0291724,-3.54703,0.0288084
8,320,4,No,-0.00970173,-4.63417,0.0097136
8,321,4,No,-8.70266e-05,-8.82812,0.000146544
8,322,4,No,-5.6626e-05,-9.06073,0.000116131
8,323,4,No,-0.000157607,-8.43509,0.0002171
8,324,4,No,-4.14857e-05,-9.2021,0.000100821
8,325,4,No,-0.00323317,-5.71764,0.00328725
8,326,4,No,-0.0239953,-3.73938,0.0237674
8,327,4,Yes,-4.59536,-0.0100901,0.989902
8,328,4,Yes,-4.29754,-0.0136359,0.986399
8,329,4,Yes,-4.81715,-0.00806355,0.991911
8,330,4,No,-0.847883,-0.559075,0.571704
8,331,4,No,-0.0756755,-2.61808,0.0729385
8,332,4,No,-0.207859,-1.67271,0.187726
8,333,4,Yes,-1.11118,-0.399154,0.670848
8,334,4,Yes,-4.73842,-0.00873122,0.991248
8,335,4,Yes,-4.12537,-0.0162295,0.983844
8,336,4,Yes,-3.92989,-0.0197812,0.980355
8,337,4,Yes,-2.74842,-0.0661078,0.935975
8,338,4,Yes,-3.93606,-0.019658,0.980476
8,339,4,No,-2.0087e-05,-9.44696,7.89248e-05
8,340,4,No,-7.73102e-05,-8.89728,0.000136752
8,341,4,No,-2.35637,-0.0994943,0.905242
8,342,4,No,-1.15587,-0.377937,0.685233
8,343,4,No,-0.00104792,-6.80651,0.00110648
8,344,4,Yes,-3.46311,-0.0317729,0.96867
8,345,4,Yes,-0.335644,-1.25463,0.285164
8,346,4,Yes,-2.12938,-0.12653,0.881095
8,347,4,No,-0.0863392,-2.49162,0.082771
8,348,4,No,-0.000583402,-7.35068,0.000642115
8,349,4,No,-0.142506,-2.01834,0.132868
8,350,4,Yes,-0.305462,-1.33455,0.263261
8,351,4,No,-0.514713,-0.910341,0.402363
8,352,4,No,-0.171776,-1.84585,0.157881
8,353,4,Yes,-0.744262,-0.644407,0.524943
8,354,4,No,-0.0607886,-2.82959,0.0590333
8,355,4,No,-0.164092,-1.88786,0.151387
8,356,4,Yes,-1.15702,-0.377408,0.685596
8,357,4,Yes,-0.893931,-0.525917,0.590979
8,358,4,No,-0.15401,-1.94634,0.142787
8,359,4,No,-0.350276,-1.21886,0.295548
8,360,4,Yes,-1.12123,-0.394257,0.674141
8,361,4,Yes,-3.21516,-0.0409154,0.959854
8,362,4,Yes,-2.1363,-0.125599,0.881916
8,363,4,No,-0.000125953,-8.59408,0.000185189
8,364,4,No,-0.000116713,-8.64471,0.000176046
8,365,4,Yes,-3.49774,-0.0306724,0.969736
8,366,4,Yes,-3.16612,-0.0430196,0.957836
8,367,4,No,-1.3825,-0.288871,0.749065
8,368,4,Yes,-3.4713,-0.0315083,0.968925
8,369,4,Yes,-2.6892,-0.0702904,0.932068
8,370,4,Yes,-2.87262,-0.0581499,0.943453
8,371,4,No,-0.122003,-2.16357,0.114907
8,372,4,Yes,-3.51125,-0.0302535,0.970142
8,373,4,Yes,-3.69594,-0.0250762,0.975177
8,374,4,Yes,-3.33748,-0.0361113,0.964476
8,375,4,Yes,-4.07263,-0.0171191,0.982968
8,376,4,Yes,-2.11414,-0.128605,0.87927
8,377,4,Yes,-1.19119,-0.362119,0.696159
8,378,4,No,-0.170392,-1.85326,0.156716
8,379,4,Yes,-1.25813,-0.334252,0.715831
8,380,4,Yes,-2.40693,-0.094346,0.909914
8,381,4,Yes,-0.281584,-1.40457,0.245457
8,382,4,No,-1.50716,-0.250358,0.778476
8,383,4,Yes,-1.32677,-0.308259,0.734682
8,384,4,Yes,-3.82033,-0.0221039,0.978081
8,385,4,No,-0.00449528,-5.3938,0.00454438
8,386,4,Yes,-4.51152,-0.0109824,0.989019
8,387,4,No,-5.4659e-05,-9.0813,0.000113767
8,388,4,No,-0.000172988,-8.36639,0.00023254
8,389,4,No,-5.09037e-05,-9.11257,0.000110264
8,390,4,Yes,-4.3331,-0.0131534,0.986874
8,391,4,Yes,-3.7228,-0.0244026,0.975835
8,392,4,Yes,-4.59699,-0.0100735,0.989919
8,393,4,No,-0.00741512,-4.89987,0.00744709
8,394,4,Yes,-1.59495,-0.226724,0.797094
8,395,4,No,-0.114251,-2.22539,0.108019
8,396,4,No,-0.0485737,-3.04761,0.0474692
8,397,4,No,-0.0178503,-4.03126,0.0177509
8,398,4,Yes,-3.13436,-0.0444421,0.956475
8,399,4,No,-0.000359182,-7.77818,0.000418749
8,400,4,No,-0.000683541,-7.20493,0.000742872
8,401,4,No,-0.137578,-2.0511,0.128585
8,402,4,Yes,-2.47728,-0.0876436,0.916033
8,403,4,Yes,-1.86554,-0.168127,0.845197
8,404,4,Yes,-3.24317,-0.0397611,0.960962
8,405,4,Yes,-4.06738,-0.0172102,0.982879
8,406,4,Yes,-4.9755,-0.00686901,0.993095
8,407,4,No,-1.55187,-0.237994,0.788161
8,408,4,Yes,-4.10515,-0.0165642,0.983514
8,409,4,Yes,-4.21613,-0.0148054,0.985245
8,410,4,Yes,-3.65641,-0.0261037,0.974176
8,411,4,Yes,-1.3932,-0.285314,0.751734
8,412,4,Yes,-3.06503,-0.0477137,0.95335
8,413,4,Yes,-2.46654,-0.0886335,0.915127
8,414,4,Yes,-0.242542,-1.53513,0.215415
8,415,4,Yes,-1.48354,-0.257183,0.77318
8,416,4,Yes,-3.58564,-0.028049,0.972283
8,417,4,Yes,-0.917127,-0.510171,0.600358
8,418,4,No,-0.0265444,-3.63992,0.0262528
8,419,4,No,-0.108362,-2.27539,0.10275
8,420,4,No,-0.461473,-0.995051,0.369683
8,421,4,Yes,-0.0629492,-2.79577,0.0610643
8,422,4,No,-0.0158209,-4.15056,0.0157547
8,423,4,No,-0.0278183,-3.59378,0.0274925
8,424,4,No,-0.137785,-2.0497,0.128766
8,425,4,No,-0.0262679,-3.65021,0.0259841
8,426,4,No,-0.00663102,-5.01037,0.00666801
8,427,4,No,-0.00213911,-6.12104,0.00219604
8,428,4,Yes,-4.03844,-0.0177222,0.982376
8,429,4,Yes,-2.58697,-0.0781647,0.924757
8,430,4,No,-0.426233,-1.05816,0.347074
8,431,4,No,-0.931242,-0.500885,0.605959
8,432,4,Yes,-0.526646,-0.892876,0.409452
8,433,4,No,-0.0226439,-3.79652,0.0224475
8,434,4,No,-0.0766371,-2.60594,0.073829
8,435,4,Yes,-2.07084,-0.134699,0.873927
8,436,4,No,-0.304396,-1.33754,0.262474
8,437,4,No,-0.013818,-4.28436,0.0137816
8,438,4,No,-0.000206253,-8.23274,0.00026579
8,439,4,Yes,-3.18939,-0.0420078,0.958805
8,440,4,No,-0.000180738,-8.33264,0.000240522
8,441,4,No,-0.00012166,-8.61616,0.000181144
8,442,4,No,-0.444777,-1.02418,0.35907
8,443,4,Yes,-3.45217,-0.0321281,0.968325
8,444,4,Yes,-3.89212,-0.0205523,0.979599
8,445,4,Yes,-3.5625,-0.0287164,0.971634
8,446,4,No,-4.66109,-0.0094411,0.990544
8,447,4,Yes,-1.2374,-0.3426,0.70988
8,448,4,No,-0.0528453,-2.96554,0.0515296
8,449,4,No,-0.101833,-2.3343,0.096873
8,450,4,No,-0.0400621,-3.23577,0.0393275
8,451,4,Yes,-2.49657,-0.0858925,0.917638
8,452,4,No,-2.81925,-0.0614407,0.940353
8,453,4,Yes,-3.69426,-0.0251192,0.975136
8,454,4,No,-0.0235457,-3.75805,0.0233278
8,455,4,No,-0.000373433,-7.74448,0.000433101
8,456,4,Yes,-4.82383,-0.00800924,0.991965
8,457,4,No,-0.00287546,-5.83251,0.00293054
8,458,4,No,-7.37337e-05,-8.92905,0.000132476
8,459,4,Yes,-3.21839,-0.0407811,0.959983
8,460,4,No,-1.11671,-0.39645,0.672665
8,461,4,Yes,-2.37558,-0.0975043,0.907045
8,462,4,No,-0.096343,-2.38698,0.0919016
8,463,4,No,-0.0121483,-4.41171,0.0121337
8,464,4,No,-0.000612327,-7.30655,0.00067109
8,465,4,No,-0.00184133,-6.26627,0.00189919
8,466,4,No,-8.76227e-05,-8.82597,0.000146861
8,467,4,No,-0.0225017,-3.80273,0.0223085
8,468,4,Yes,-3.24827,-0.039555,0.961161
8,469,4,No,-0.014121,-4.26294,0.0140801
8,470,4,No,-0.466637,-0.98631,0.372929
8,471,4,No,-0.626862,-0.764014,0.465766
8,472,4,No,-3.72536e-05,-9.24524,9.65648e-05
8,473,4,No,-0.00124061,-6.6455,0.00129978
8,474,4,No,-0.0195088,-3.94358,0.0193775
8,475,4,Yes,-3.18876,-0.0420355,0.958779
8,476,4,No,-0.953333,-0.486776,0.614568
8,477,4,Yes,-2.23559,-0.113024,0.893077
8,478,4,Yes,-4.29293,-0.013699,0.986336
8,479,4,No,-0.00494545,-5.29978,0.00499241
8,480,4,No,-0.00139513,-6.53392,0.00145321
8,481,4,No,-0.00185023,-6.26154,0.00190818
8,482,4,No,-0.00637995,-5.04849,0.00641866
8,483,4,No,-0.000610359,-7.30833,0.000669897
8,484,4,Yes,-3.32839,-0.0364482,0.964151
8,485,4,Yes,-3.71433,-0.0246137,0.97563
8,486,4,Yes,-2.75259,-0.0658227,0.936241
8,487,4,Yes,-3.5977,-0.0277079,0.972615
8,488,4,No,-0.952642,-0.487209,0.614302
8,489,4,No,-0.068125,-2.71939,0.0659114
8,490,4,No,-0.00901904,-4.70636,0.0090371
8,491,4,Yes,-3.08925,-0.0465433,0.954467
8,492,4,No,-0.0218112,-3.83346,0.0216334
8,493,4,Yes,-3.62337,-0.0269946,0.973309
8,494,4,Yes,-4.02802,-0.0179094,0.982192
8,495,4,Yes,-2.11877,-0.12797,0.879828
8,496,4,Yes,-1.3625,-0.295664,0.743994
8,497,4,Yes,-0.452714,-1.01017,0.364137
8,498,4,Yes,-4.86872,-0.00765372,0.992317
8,499,4,Yes,-3.20812,-0.0412108,0.95957
8,500,4,Yes,-3.45881,-0.0319112,0.968535
8,501,4,Yes,-0.0683468,-2.71624,0.0661187
8,502,4,Yes,-0.249914,-1.50873,0.221178
8,503,4,No,-0.684847,-0.701397,0.495863
8,504,4,Yes,-3.37479,-0.0347636,0.965777
8,505,4,Yes,-2.61605,-0.0758357,0.926914
8,506,4,Yes,-1.75837,-0.189064,0.827685
8,507,4,No,-1.16204,-0.375113,0.687171
8,508,4,Yes,-3.82599,-0.0219768,0.978204
8,509,4,Yes,-4.2492,-0.0143193,0.985725
8,510,4,No,-0.18434,-1.78138,0.168396
8,511,4,No,-2.06444,-0.135626,0.873118
8,512,4,Yes,-4.14561,-0.0159003,0.984167
8,513,4,No,-0.00554289,-5.18735,0.00558648
8,514,4,Yes,-2.55722,-0.0806254,0.922485
8,515,4,No,-0.657204,-0.730308,0.481732
8,516,4,Yes,-2.21735,-0.115229,0.891109
8,517,4,No,-1.11977,-0.394967,0.673663
8,518,4,No,-1.59563,-0.226552,0.797231
8,519,4,Yes,-3.60181,-0.0275927,0.972727
8,520,4,Yes,-4.48452,-0.0112864,0.988718
8,521,4,No,-0.401133,-1.10716,0.330478
8,522,4,Yes,-1.10244,-0.403468,0.667961
8,523,4,No,-0.614579,-0.77829,0.459164
8,524,4,No,-2.68577,-0.0705395,0.931836
8,525,4,No,-0.00103635,-6.81635,0.00109564
8,526,4,Yes,-4.34573,-0.0129856,0.987039
8,527,4,Yes,-2.17508,-0.120519,0.886408
8,528,4,No,-0.322007,-1.28965,0.27535
8,529,4,No,-0.00125547,-6.63476,0.00131381
8,530,4,Yes,-3.50027,-0.0305931,0.969812
8,531,4,No,-0.399772,-1.10992,0.329566
8,532,4,No,-1.93593,-0.155755,0.855718
8,533,4,No,-0.000137458,-8.5333,0.000196794
8,534,4,No,-1.31131e-05,-9.53423,7.23284e-05
8,535,4,No,-2.70013e-05,-9.35885,8.61944e-05
8,536,4,No,-3.80285e-05,-9.23704,9.73595e-05
8,537,4,No,-0.0116274,-4.45507,0.0116188
8,538,4,No,-0.0190673,-3.96617,0.0189447
8,539,4,Yes,-2.0791,-0.133512,0.874965
8,540,4,Yes,-0.241903,-1.53746,0.214914
8,541,4,No,-0.101399,-2.33835,0.0964809
8,542,4,No,-8.47018e-05,-8.84297,0.000144385
8,543,4,No,-0.0930496,-2.42012,0.0889058
8,544,4,Yes,-2.61015,-0.0763034,0.92648
8,545,4,No,-1.8716e-05,-9.4593,7.79569e-05
8,546,4,No,-0.000265634,-8.03121,0.000325135
8,547,4,Yes,-3.149,-0.0437805,0.957107
8,548,4,Yes,-2.72493,-0.0677358,0.934453
8,549,4,Yes,-3.73452,-0.0241132,0.976117
8,550,4,No,-1.91333e-05,-9.45055,7.86418e-05
8,551,4,No,-0.00137334,-6.54856,0.00143209
8,552,4,No,-0.858333,-0.551317,0.576157
8,553,4,No,-6.87861e-05,-8.964,0.000127926
8,554,4,No,-1.52006,-0.246721,0.781313
8,555,4,Yes,-0.319995,-1.29497,0.27389
8,556,4,Yes,-1.60665,-0.223769,0.799453
8,557,4,No,-0.00397643,-5.51459,0.00402735
8,558,4,No,-0.00774352,-4.85713,0.0077723
8,559,4,Yes,-3.01094,-0.0504367,0.950757
8,560,4,No,-0.000946731,-6.90179,0.00100593
8,561,4,Yes,-2.17972,-0.119926,0.886934
8,562,4,Yes,-2.91812,-0.055487,0.945968
8,563,4,Yes,-4.75746,-0.00856553,0.991413
8,564,4,Yes,-5.15082,-0.00575179,0.994206
8,565,4,Yes,-3.727,-0.0242986,0.975937
8,566,4,No,-1.72426,-0.196315,0.821706
8,567,4,Yes,-2.34676,-0.100506,0.904327
8,568,4,Yes,-0.549951,-0.860192,0.423056
8,569,4,Yes,-0.910948,-0.514306,0.597881
8,570,4,Yes,-1.62082,-0.220244,0.802276
8,571,4,Yes,-2.09368,-0.131447,0.876774
8,572,4,Yes,-3.0284,-0.0495408,0.95161
8,573,4,No,-0.336908,-1.25147,0.286067
8,574,4,No,-6.10966e-05,-9.02416,0.000120457
8,575,4,Yes,-5.02154,-0.0065565,0.993406
8,576,4,Yes,-1.00222,-0.457295,0.632956
8,577,4,No,-0.05063,-3.00721,0.0494265
8,578,4,Yes,-3.07094,-0.0474249,0.953625
8,579,4,No,-0.146595,-1.99206,0.136406
8,580,4,No,-0.00662166,-5.01172,0.00665902
8,581,4,No,-0.00205836,-6.15829,0.00211574
8,582,4,No,-0.00958504,-4.64613,0.00959806
8,583,4,Yes,-2.86323,-0.0587152,0.942919
8,584,4,Yes,-3.96309,-0.0191267,0.980997
8,585,4,Yes,-1.22104,-0.349366,0.705094
8,586,4,No,-0.0222016,-3.81597,0.0220149
8,587,4,No,-0.0547642,-2.93085,0.0533483
8,588,4,No,-0.00645979,-5.03625,0.00649767
8,589,4,No,-0.0127964,-4.36029,0.0127739
8,590,4,Yes,-4.1386,-0.0160139,0.984056
8,591,4,No,-0.0147215,-4.22171,0.0146727
8,592,4,No,-0.0943762,-2.40663,0.0901134
8,593,4,Yes,-0.0950159,-2.40019,0.0906953
8,594,4,No,-2.66952,-0.0717389,0.930719
8,595,4,No,-0.459829,-0.997861,0.368645
8,596,4,Yes,-1.01946,-0.447432,0.63923
8,597,4,Yes,-4.61483,-0.00989356,0.990097
8,598,4,Yes,-0.378095,-1.15552,0.314875
8,599,4,Yes,-2.18739,-0.118954,0.887797
8,600,4,Yes,-0.512324,-0.9139,0.400934
8,601,4,Yes,-0.377527,-1.15676,0.314486
8,602,4,No,-0.266448,-1.45259,0.23395
8,603,4,Yes,-4.02714,-0.0179263,0.982176
8,604,4,No,-0.747909,-0.641118,0.526672
8,605,4,No,-0.0013232,-6.58476,0.00138117
8,606,4,No,-0.000667377,-7.22752,0.000726275
8,607,4,No,-0.0136951,-4.29317,0.0136608
8,608,4,Yes,-0.542655,-0.870228,0.418831
8,609,4,No,-0.000179784,-8.33848,0.00023912
8,610,4,No,-0.082774,-2.532,0.079495
8,611,4,Yes,-2.00999,-0.143791,0.866017
8,612,4,Yes,-0.587135,-0.811613,0.444115
8,613,4,Yes,-1.76578,-0.187529,0.828957
8,614,4,Yes,-4.54599,-0.0106069,0.989391
8,615,4,No,-1.97106,-0.149951,0.860699
8,616,4,Yes,-1.87692,-0.166058,0.846948
8,617,4,Yes,-4.84416,-0.00784582,0.992126
8,618,4,Yes,-1.82535,-0.175667,0.838848
8,619,4,Yes,-3.28647,-0.0380404,0.962617
8,620,4,Yes,-4.11175,-0.0164547,0.983622
8,621,4,No,-0.10968,-2.26395,0.103932
8,622,4,Yes,-3.83673,-0.0217391,0.978437
8,623,4,Yes,-0.555377,-0.85284,0.426178
8,624,4,Yes,-3.21555,-0.0408995,0.959869
8,625,4,Yes,-1.81735,-0.17721,0.837554
8,626,4,Yes,-5.1528,-0.00574052,0.994217
8,627,4,No,-2.6286e-05,-9.36971,8.52629e-05
8,628,4,Yes,-3.30006,-0.0375161,0.963121
8,629,4,Yes,-1.4784,-0.258698,0.772011
8,630,4,Yes,-0.741339,-0.647059,0.523553
8,631,4,Yes,-2.5444,-0.0817107,0.921484
8,632,4,Yes,-1.37723,-0.290644,0.747737
8,633,4,Yes,-0.598055,-0.798112,0.450152
8,634,4,Yes,-1.74014,-0.1929,0.824515
8,635,4,No,-0.00434998,-5.42623,0.00439941
8,636,4,No,-0.427639,-1.05552,0.347991
8,637,4,Yes,-2.49548,-0.0859923,0.917548
8,638,4,Yes,-2.50355,-0.0852688,0.918211
8,639,4,Yes,-0.235619,-1.56075,0.209965
8,640,4,No,-0.000999712,-6.85055,0.00105881
8,641,4,No,-0.234386,-1.56541,0.208991
8,642,4,No,-0.264816,-1.45795,0.232699
8,643,4,Yes,-3.36723,-0.0350318,0.965517
8,644,4,Yes,-3.60182,-0.0275916,0.972728
8,645,4,Yes,-2.71398,-0.0685072,0.933732
8,646,4,Yes,-1.64519,-0.214328,0.807036
8,647,4,Yes,-0.655318,-0.732341,0.480754
8,648,4,No,-0.00129748,-6.60351,0.00135552
8,649,4,No,-1.87023,-0.16727,0.845922
8,650,4,No,-0.261719,-1.46824,0.230318
8,651,4,Yes,-3.46109,-0.0318382,0.968606
8,652,4,No,-1.12612,-0.391901,0.675732
8,653,4,No,-4.387e-05,-9.17464,0.000103628
8,654,4,Yes,-0.837725,-0.566753,0.567331
8,655,4,Yes,-4.10241,-0.0166105,0.983468
8,656,4,No,-2.33671,-0.101575,0.90336
8,657,4,Yes,-1.06265,-0.423853,0.654482
8,658,4,Yes,-4.79201,-0.00827136,0.991705
8,659,4,Yes,-0.753429,-0.636184,0.529278
8,660,4,Yes,-4.10978,-0.0164871,0.98359
8,661,4,No,-1.17452,-0.369481,0.691052
8,662,4,Yes,-2.57715,-0.0789682,0.924015
8,663,4,No,-0.0695985,-2.69872,0.0672876
8,664,4,No,-0.000806478,-7.05176,0.000865829
8,665,4,No,-2.50939e-05,-9.37911,8.44654e-05
8,666,4,Yes,-4.31179,-0.0134403,0.986591
8,667,4,Yes,-2.96365,-0.0529487,0.948373
8,668,4,Yes,-3.78092,-0.023005,0.9772
8,669,4,Yes,-2.85648,-0.0591259,0.942532
8,670,4,Yes,-1.16762,-0.372583,0.688912
8,671,4,No,-0.00409798,-5.48488,0.00414879
8,672,4,No,-0.0170156,-4.0786,0.0169301
8,673,4,No,-0.000487804,-7.5115,0.000546728
8,674,4,No,-5.97256e-05,-9.03648,0.000118981
8,675,4,No,-6.94418e-05,-8.95636,0.000128907
8,676,4,No,-4.08896e-05,-9.2078,0.000100248
8,677,4,Yes,-1.96052,-0.151668,0.859223
8,678,4,No,-0.0130196,-4.34324,0.0129936
8,679,4,No,-2.37551,-0.0975113,0.907038
8,680,4,No,-0.00618015,-5.07993,0.00621995
8,681,4,No,-0.000857244,-6.99493,0.000916464
8,682,4,No,-0.0724487,-2.66004,0.0699412
8,683,4,Yes,-1.41307,-0.278836,0.75662
8,684,4,No,-0.877146,-0.5377,0.584056
8,685,4,No,-0.237477,-1.5538,0.211431
8,686,4,No,-0.0151789,-4.19152,0.0151224
8,687,4,No,-0.000615309,-7.30152,0.00067447
8,688,4,No,-7.0336e-05,-8.95164,0.000129517
8,689,4,Yes,-4.96734,-0.00692639,0.993039
8,690,4,No,-0.171443,-1.84762,0.157602
8,691,4,Yes,-1.79462,-0.18168,0.833819
8,692,4,No,-1.46032e-05,-9.50785,7.42618e-05
8,693,4,No,-0.00220548,-6.09122,0.00226252
8,694,4,No,-0.00594526,-5.11809,0.0059871
8,695,4,No,-0.000674833,-7.21687,0.00073405
8,696,4,Yes,-1.27733,-0.326732,0.721235
8,697,4,No,-0.000248821,-8.08519,0.00030805
8,698,4,No,-3.06373e-05,-9.31279,9.02566e-05
8,699,4,No,-0.00136469,-6.55474,0.00142327
8,700,4,No,-0.00263041,-5.91952,0.00268633
8,701,4,Yes,-2.22701,-0.114056,0.892156
8,702,4,Yes,-1.67277,-0.207845,0.812285
8,703,4,No,-0.0622377,-2.80677,0.0603961
8,704,4,No,-0.143207,-2.01377,0.133477
8,705,4,No,-0.020608,-3.88945,0.0204553
8,706,4,No,-0.605716,-0.788832,0.454348
8,707,4,No,-0.000691653,-7.19476,0.000750462
8,708,4,No,-4.85194e-05,-9.13345,0.000107985
8,709,4,Yes,-4.93074,-0.00718744,0.992779
8,710,4,Yes,-1.0065,-0.454817,0.634527
8,711,4,No,-0.0106676,-4.5403,0.0106696
8,712,4,No,-0.010403,-4.56516,0.0104076
8,713,4,No,-0.169528,-1.85793,0.155986
8,714,4,Yes,-2.94801,-0.0538072,0.947559
8,715,4,Yes,-2.36991,-0.0980866,0.906517
8,716,4,Yes,-2.48157,-0.0872497,0.916393
8,717,4,No,-2.98624e-05,-9.33254,8.84918e-05
8,718,4,No,-0.000232306,-8.13906,0.000291894
8,719,4,No,-0.000521319,-7.45158,0.000580489
8,720,4,No,-0.000726368,-7.14921,0.00078544
8,721,4,No,-0.000332053,-7.84572,0.0003914
8,722,4,No,-0.00112955,-6.7354,0.00118802
8,723,4,No,-0.695517,-0.690665,0.501213
8,724,4,No,-0.000406884,-7.67153,0.000465876
8,725,4,No,-0.199201,-1.71107,0.180663
8,726,4,No,-0.889372,-0.529083,0.58911
8,727,4,Yes,-4.60514,-0.00999042,0.99
8,728,4,Yes,-4.48406,-0.0112918,0.988713
8,729,4,No,-0.00489124,-5.31061,0.00493864
8,730,4,Yes,-4.73421,-0.00876808,0.991211
8,731,4,Yes,-1.92425,-0.157738,0.854023
8,732,4,Yes,-3.94025,-0.0195753,0.980558
8,733,4,Yes,-4.11529,-0.0163956,0.98368
8,734,4,Yes,-0.319365,-1.29664,0.273432
8,735,4,No,-0.00439853,-5.41526,0.00444792
8,736,4,Yes,-0.872391,-0.541101,0.582073
8,737,4,No,-0.173003,-1.83933,0.158915
8,738,4,Yes,-0.572975,-0.829624,0.436188
8,739,4,No,-0.000217342,-8.1906,0.000277232
8,740,4,No,-0.804559,-0.592807,0.552741
8,741,4,Yes,-1.56555,-0.23435,0.791039
8,742,4,Yes,-3.32448,-0.0365935,0.964011
8,743,4,Yes,-2.94961,-0.0537184,0.947643
8,744,4,No,-0.291166,-1.37568,0.252653
8,745,4,Yes,-1.94518,-0.154204,0.857047
8,746,4,Yes,-0.963622,-0.480377,0.618514
8,747,4,Yes,-2.05805,-0.136557,0.872305
8,748,4,Yes,-0.183247,-1.78679,0.167487
8,749,4,No,-0.000455245,-7.57181,0.000514727
8,750,4,Yes,-3.49091,-0.0308862,0.969528
8,751,4,Yes,-3.61904,-0.027114,0.973193
8,752,4,No,-0.0959657,-2.39072,0.0915587
8,753,4,No,-0.38027,-1.1508,0.316364
8,754,4,Yes,-2.92832,-0.0549067,0.946516
8,755,4,Yes,-4.31801,-0.0133562,0.986674
8,756,4,Yes,-4.52536,-0.0108301,0.98917
8,757,4,Yes,-4.17848,-0.0153806,0.984679
8,758,4,Yes,-3.14077,-0.0441502,0.956753
8,759,4,No,-0.000165357,-8.40154,0.000224507
8,760,4,No,-2.77109,-0.0645763,0.93741
8,761,4,No,-0.0167631,-4.09337,0.0166819
8,762,4,No,-0.405676,-1.09802,0.333513
8,763,4,Yes,-3.49684,-0.0306996,0.969709
8,764,4,Yes,-4.80489,-0.00816402,0.991811
8,765,4,No,-0.000859272,-6.99306,0.000918174
8,766,4,Yes,-4.78895,-0.00829624,0.991679
8,767,4,Yes,-2.26483,-0.109579,0.896158
8,768,4,Yes,-3.20111,-0.0415074,0.959285
8,769,4,Yes,-3.09452,-0.046293,0.954706
8,770,4,Yes,-0.471143,-0.978776,0.375749
8,771,4,No,-0.885463,-0.531818,0.587501
8,772,4,Yes,-4.03614,-0.0177628,0.982336
8,773,4,No,-0.0056738,-5.1643,0.00571675
8,774,4,Yes,-4.09665,-0.016708,0.983373
8,775,4,No,-0.0302895,-3.51008,0.0298928
8,776,4,Yes,-1.52452,-0.245474,0.782288
8,777,4,No,-0.202205,-1.69755,0.18312
8,778,4,No,-1.59681,-0.226252,0.79747
8,779,4,Yes,-3.57982,-0.0282158,0.972121
8,780,4,Yes,-2.82699,-0.0609526,0.940813
8,781,4,Yes,-4.41628,-0.0120921,0.987922
8,782,4,No,-1.68573,-0.204875,0.814701
8,783,4,No,-0.0182418,-4.00987,0.0181346
8,784,4,No,-4.78041e-05,-9.14465,0.000106783
8,785,4,No,-0.899181,-0.522298,0.593121
8,786,4,No,-0.000913441,-6.93598,0.000972108
8,787,4,No,-0.00329369,-5.69956,0.00334725
8,788,4,No,-0.023648,-3.75376,0.023428
8,789,4,No,-0.0161523,-4.13007,0.0160808
8,790,4,Yes,-3.17776,-0.0425107,0.958324
8,791,4,No,-0.0435565,-3.154,0.0426784
8,792,4,No,-0.169491,-1.85812,0.155956
8,793,4,No,-0.0355304,-3.35336,0.0349647
8,794,4,No,-0.00918956,-4.6878,0.00920642
8,795,4,No,-0.114058,-2.22699,0.107847
8,796,4,Yes,-1.19011,-0.362592,0.69583
8,797,4,Yes,-0.839008,-0.565776,0.567886
8,798,4,No,-1.94893,-0.153579,0.857582
8,799,4,No,-2.81858,-0.0614838,0.940313
8,800,4,Yes,-2.52401,-0.0834671,0.919867
8,801,4,No,-6.64018e-05,-8.98285,0.000125537
8,802,4,Yes,-4.63017,-0.00974043,0.990247
8,803,4,No,-0.905597,-0.51792,0.595723
8,804,4,No,-0.0711461,-2.67753,0.0687288
8,805,4,Yes,-0.370372,-1.17254,0.309563
8,806,4,No,-0.0024423,-5.99193,0.00249869
8,807,4,Yes,-3.46807,-0.0316125,0.968825
8,808,4,No,-0.000426145,-7.63038,0.000485447
8,809,4,Yes,-3.57951,-0.0282255,0.972112
8,810,4,Yes,-0.141043,-2.02793,0.1316
8,811,4,No,-0.940284,-0.495048,0.609506
8,812,4,No,-0.00063678,-7.2695,0.00069642
8,813,4,No,-0.607196,-0.787059,0.455155
8,814,4,No,-0.180483,-1.80064,0.165183
8,815,4,No,-0.105597,-2.29987,0.100266
8,816,4,Yes,-2.90714,-0.0561184,0.945371
8,817,4,Yes,-3.14158,-0.0441144,0.956788
8,818,4,Yes,-1.4289,-0.273796,0.760442
8,819,4,No,-0.0490039,-3.03902,0.0478788
8,820,4,Yes,-2.01798,-0.142559,0.867085
8,821,4,Yes,-3.09579,-0.0462323,0.954763
8,822,4,Yes,-4.21106,-0.0148816,0.98517
8,823,4,Yes,-3.34736,-0.0357501,0.964825
8,824,4,Yes,-4.97084,-0.00690244,0.993063
8,825,4,Yes,-0.974972,-0.47344,0.622819
8,826,4,Yes,-0.0212442,-3.85946,0.0210781
8,827,4,No,-0.00100478,-6.84613,0.0010635
8,828,4,Yes,-3.29605,-0.0376707,0.962973
8,829,4,Yes,-4.14074,-0.0159792,0.98409
8,830,4,No,-4.39296e-05,-9.18028,0.000103045
8,831,4,No,-1.3828,-0.288771,0.74914
8,832,4,Yes,-3.77757,-0.0230842,0.977123
8,833,4,Yes,-4.57741,-0.0102753,0.989719
8,834,4,Yes,-2.1223,-0.127489,0.880251
8,835,4,Yes,-3.02039,-0.0499501,0.951221
8,836,4,Yes,-1.89412,-0.16298,0.849558
8,837,4,Yes,-3.25875,-0.039133,0.961566
8,838,4,Yes,-3.0667,-0.0476316,0.953428
8,839,4,No,-7.0336e-05,-8.95269,0.00012938
8,840,4,Yes,-0.765472,-0.625593,0.534913
8,841,4,No,-1.11534,-0.397115,0.672217
8,842,4,No,-4.32739e-05,-9.18657,0.0001024
8,843,4,Yes,-3.27351,-0.0385475,0.962129
8,844,4,Yes,-1.61707,-0.221172,0.801531
8,845,4,No,-0.00623425,-5.07132,0.00627377
8,846,4,Yes,-0.0942503,-2.4079,0.089999
8,847,4,No,-0.00058036,-7.35465,0.000639572
8,848,4,No,-0.000954607,-6.89385,0.00101394
8,849,4,Yes,-2.63085,-0.0746785,0.927987
8,850,4,No,-0.000130066,-8.57002,0.000189698
8,851,4,Yes,-3.34654,-0.0357792,0.964796
8,852,4,No,-0.173802,-1.83511,0.159586
8,853,4,Yes,-0.545655,-0.866082,0.420572
8,854,4,Yes,-4.50289,-0.011079,0.988924
8,855,4,No,-0.58273,-0.817154,0.441661
8,856,4,No,-0.01686,-4.08766,0.0167775
8,857,4,No,-0.198508,-1.71421,0.180095
8,858,4,No,-0.161997,-1.89969,0.149607
8,859,4,Yes,-0.578211,-0.822897,0.439132
8,860,4,No,-0.440826,-1.03127,0.356533
8,861,4,Yes,-3.40119,-0.0338407,0.966668
8,862,4,No,-0.0778344,-2.59105,0.0749371
8,863,4,No,-0.00171815,-6.3333,0.00177605
8,864,4,Yes,-4.02896,-0.0178928,0.982208
8,865,4,No,-0.000120409,-8.6222,0.000180052
8,866,4,No,-0.000136206,-8.54182,0.000195124
8,867,4,No,-7.39125e-05,-8.92241,0.000133359
8,868,4,Yes,-0.824592,-0.576886,0.561612
8,869,4,Yes,-0.602133,-0.793153,0.45239
8,870,4,No,-0.00162232,-6.38869,0.00168035
8,871,4,No,-0.0037563,-5.57048,0.00380844
8,872,4,Yes,-3.17465,-0.0426466,0.958194
8,873,4,Yes,-2.85867,-0.058992,0.942659
8,874,4,Yes,-2.5073,-0.0849356,0.918517
8,875,4,No,-0.135044,-2.06845,0.126374
8,876,4,Yes,-2.06126,-0.136089,0.872714
8,877,4,No,-0.0203449,-3.90214,0.0201975
8,878,4,Yes,-4.55767,-0.0104822,0.989514
8,879,4,Yes,-1.82274,-0.176168,0.838427
8,880,4,Yes,-4.69008,-0.00916857,0.990815
8,881,4,No,-0.0111082,-4.50017,0.0111064
8,882,4,Yes,-4.41311,-0.0121315,0.987883
8,883,4,Yes,-4.68642,-0.00920279,0.990781
8,884,4,Yes,-1.09858,-0.405391,0.666677
8,885,4,Yes,-2.17986,-0.119908,0.886949
8,886,4,Yes,-4.28223,-0.013848,0.986189
8,887,4,No,-0.886212,-0.531293,0.58781
8,888,4,Yes,-0.587647,-0.810974,0.444399
8,889,4,Yes,-0.306031,-1.33296,0.263679
8,890,4,Yes,-1.75204,-0.190386,0.826591
8,891,4,Yes,-4.22638,-0.0146532,0.985396
8,892,4,Yes,-4.78961,-0.00829053,0.991685
8,893,4,Yes,-4.38906,-0.0124302,0.987588
8,894,4,Yes,-4.22831,-0.0146244,0.985424
8,895,4,Yes,-3.94447,-0.0194904,0.98064
8,896,4,No,-0.000110513,-8.67785,0.000170306
8,897,4,No,-0.000109559,-8.68834,0.000168529
8,898,4,Yes,-2.75478,-0.0656737,0.936381
8,899,4,No,-6.15735e-05,-9.02284,0.000120617
8,900,4,No,-9.90082e-05,-8.75031,0.000158402
8,901,4,Yes,-4.6905,-0.00916436,0.990818
8,902,4,Yes,-1.27593,-0.327274,0.720844
8,903,4,No,-0.0183818,-4.00232,0.0182721
8,904,4,Yes,-4.24461,-0.0143854,0.985659
8,905,4,Yes,-4.27329,-0.0139737,0.986065
8,906,4,Yes,-3.98692,-0.0186712,0.981444
8,907,4,No,-0.0694137,-2.70129,0.0671149
8,908,4,No,-0.46709,-0.985548,0.373213
8,909,4,No,-0.389793,-1.13053,0.322843
8,910,4,Yes,-1.58967,-0.228075,0.796018
8,911,4,No,-0.000178711,-8.34379,0.000237854
8,912,4,Yes,-0.607132,-0.787133,0.455121
8,913,4,No,-0.168942,-1.8611,0.155492
8,914,4,No,-0.00086142,-6.99082,0.000920237
8,915,4,Yes,-4.08266,-0.016946,0.983139
8,916,4,No,-0.00313032,-5.74928,0.00318488
8,917,4,Yes,-1.66535,-0.209567,0.810887
8,918,4,Yes,-3.88403,-0.0207216,0.979433
8,919,4,Yes,-4.40012,-0.0122924,0.987725
8,920,4,Yes,-2.43964,-0.0911653,0.912813
8,921,4,No,-0.0118253,-4.4384,0.0118142
8,922,4,No,-0.0751826,-2.62437,0.0724811
8,923,4,Yes,-3.49965,-0.0306116,0.969794
8,924,4,Yes,-4.46151,-0.0115528,0.988456
8,925,4,Yes,-0.326987,-1.27667,0.278949
8,926,4,Yes,-4.78809,-0.00830375,0.991672
8,927,4,Yes,-2.33722,-0.10152,0.903409
8,928,4,No,-0.000160528,-8.42367,0.000219595
8,929,4,No,-3.29619e-05,-9.28359,9.2931e-05
8,930,4,Yes,-2.3929,-0.0957465,0.908641
8,931,4,No,-0.0156104,-4.16375,0.0155482
8,932,4,No,-0.0152941,-4.18399,0.0152367
8,933,4,Yes,-2.35381,-0.0997621,0.904999
8,934,4,No,-0.000390487,-7.70689,0.000449689
8,935,4,No,-0.0017735,-6.30311,0.00183049
8,936,4,Yes,-3.16925,-0.042882,0.957967
8,937,4,No,-0.000496809,-7.49487,0.000555898
8,938,4,No,-0.00651006,-5.02856,0.00654783
8,939,4,No,-0.000671731,-7.22055,0.000731353
8,940,4,Yes,-2.87092,-0.0582526,0.943356
8,941,4,No,-0.00555967,-5.18434,0.00560331
8,942,4,No,-0.0553824,-2.91994,0.0539334
8,943,4,Yes,-5.07856,-0.00618945,0.993771
8,944,4,Yes,-0.244471,-1.52813,0.216927
8,945,4,No,-0.0558302,-2.91214,0.054356
8,946,4,Yes,-1.8925,-0.163267,0.849314
8,947,4,Yes,-0.47065,-0.979596,0.375441
8,948,4,Yes,-3.86873,-0.0210447,0.979116
8,949,4,Yes,-4.45512,-0.0116275,0.988382
8,950,4,No,-0.00134421,-6.56938,0.00140258
8,951,4,Yes,-3.62604,-0.0269212,0.97338
8,952,4,Yes,-1.06661,-0.421769,0.655847
8,953,4,Yes,-1.5822,-0.229997,0.794489
8,954,4,Yes,-3.63494,-0.0266792,0.973616
8,955,4,Yes,-0.86763,-0.544531,0.580079
8,956,4,Yes,-4.19517,-0.0151222,0.984933
8,957,4,Yes,-3.66824,-0.025792,0.97448
8,958,4,Yes,-4.0183,-0.0180871,0.982018
8,959,4,No,-0.0330799,-3.42349,0.0325964
8,960,4,No,-0.00184044,-6.26673,0.00189831
8,961,4,Yes,-3.57762,-0.0282797,0.972059
8,962,4,No,-0.00111392,-6.74818,0.00117294
8,963,4,No,-0.056888,-2.8939,0.0553566
8,964,4,No,-0.67458,-0.711946,0.49066
8,965,4,No,-0.0012418,-6.64545,0.00129984
8,966,4,No,-0.0236913,-3.75196,0.0234704
8,967,4,No,-0.0606584,-2.83167,0.0589109
8,968,4,No,-1.31682,-0.311877,0.732029
8,969,4,Yes,-1.15404,-0.378775,0.68466
8,970,4,Yes,-3.83899,-0.0216901,0.978486
8,971,4,Yes,-3.47525,-0.0313823,0.969048
8,972,4,No,-0.013879,-4.28001,0.0138417
8,973,4,No,-0.0424955,-3.17811,0.041662
8,974,4,Yes,-1.54319,-0.24034,0.786314
8,975,4,No,-0.388124,-1.13404,0.321712
8,976,4,No,-0.40032,-1.1088,0.329934
8,977,4,Yes,-1.08925,-0.410092,0.66355
8,978,4,Yes,-3.13663,-0.0443391,0.956573
8,979,4,Yes,-0.184909,-1.77857,0.168869
8,980,4,Yes,-0.393134,-1.12356,0.325101
8,981,4,Yes,-0.362457,-1.19042,0.304077
8,982,4,Yes,-0.256248,-1.48674,0.226096
8,983,4,Yes,-2.5528,-0.0809977,0.922141
8,984,4,No,-0.34895,-1.22204,0.294613
8,985,4,No,-0.948819,-0.489618,0.612824
8,986,4,Yes,-1.01884,-0.447782,0.639007
8,987,4,Yes,-0.940372,-0.494991,0.60954
8,988,4,Yes,-3.21808,-0.0407937,0.959971
8,989,4,Yes,-1.4847,-0.256846,0.773442
8,990,4,Yes,-0.61783,-0.774475,0.460919
8,991,4,Yes,-0.756597,-0.633375,0.530766
8,992,4,No,-0.445132,-1.02355,0.359298
8,993,4,Yes,-1.71131,-0.199147,0.819381
8,994,4,Yes,-1.59986,-0.225481,0.798086
8,995,4,Yes,-0.969624,-0.476692,0.620797
8,996,4,Yes,-3.02453,-0.0497386,0.951422
8,997,4,Yes,-2.98697,-0.0516944,0.949563
8,998,4,Yes,-4.16923,-0.0155246,0.984537
8,999,4,Yes,-4.1169,-0.0163689,0.983706
8,1000,4,Yes,-1.67242,-0.207926,0.812219
8,1001,4,Yes,-2.29327,-0.106335,0.89907
8,1002,4,Yes,-3.85289,-0.0213866,0.978783
8,1003,4,Yes,-4.52334,-0.0108524,0.989148
8,1004,4,Yes,-4.7817,-0.00835814,0.991619
8,1005,4,No,-0.343725,-1.23466,0.290918
8,1006,4,Yes,-0.947779,-0.490275,0.612422
8,1007,4,Yes,-2.68808,-0.0703711,0.931993
8,1008,4,Yes,-1.02222,-0.445875,0.640226
8,1009,4,Yes,-4.35099,-0.0129179,0.987107
8,1010,4,Yes,-3.94698,-0.0194414,0.980688
8,1011,4,Yes,-4.19167,-0.0151761,0.98488
8,1012,4,Yes,-3.86542,-0.021117,0.979047
8,1013,4,Yes,-1.9852,-0.147681,0.862655
8,1014,4,Yes,-4.61481,-0.00989386,0.990097
8,1015,4,No,-0.0187043,-3.98514,0.0185888
8,1016,4,Yes,-1.97622,-0.149118,0.861416
8,1017,4,Yes,-3.03832,-0.0490398,0.952087
8,1018,4,Yes,-3.04364,-0.0487726,0.952342
8,1019,4,Yes,-4.40956,-0.0121746,0.98784
8,1020,4,No,-0.00186528,-6.25394,0.00192274
8,1021,4,No,-0.0156426,-4.16177,0.0155791
8,1022,4,No,-0.00762099,-4.87288,0.00765088
8,1023,4,Yes,-4.44006,-0.0118058,0.988205
8,1024,4,Yes,-2.66645,-0.0719677,0.930506
8,1025,4,Yes,-0.527747,-0.89129,0.410102
8,1026,4,Yes,-3.54026,-0.0293737,0.970996
8,1027,4,Yes,-1.25846,-0.334122,0.715925
8,1028,4,Yes,-1.59935,-0.225607,0.797985
8,1029,4,Yes,-2.00014,-0.145324,0.864691
8,1030,4,Yes,-2.1227,-0.127435,0.880299
8,1031,4,Yes,-0.219704,-1.62301,0.197292
8,1032,4,No,-0.0137097,-4.29212,0.0136751
8,1033,4,No,-0.102486,-2.32822,0.0974634
8,1034,4,No,-1.87159,-0.167024,0.84613
8,1035,4,Yes,-2.02466,-0.141541,0.867969
8,1036,4,Yes,-3.07685,-0.0471387,0.953899
8,1037,4,Yes,-3.17697,-0.0425453,0.958291
8,1038,4,No,-0.00195939,-6.20619,0.00201679
8,1039,4,No,-0.0179378,-4.02646,0.0178363
8,1040,4,No,-0.104551,-2.3093,0.0993247
8,1041,4,Yes,-3.80876,-0.0223647,0.977826
8,1042,4,Yes,-3.07983,-0.046995,0.954036
8,1043,4,No,-0.817704,-0.582296,0.558582
8,1044,4,Yes,-2.69807,-0.0696456,0.932669
8,1045,4,Yes,-1.57223,-0.232593,0.79243
8,1046,4,No,-0.00376312,-5.56872,0.00381515
8,1047,4,No,-0.00838159,-4.77878,0.00840578
8,1048,4,No,-4.96519e-05,-9.12362,0.000109053
8,1049,4,No,-7.65353e-05,-8.90088,0.000136261
8,1050,4,No,-3.39156e-05,-9.28197,9.30818e-05
8,1051,4,No,-8.16021e-05,-8.86872,0.000140714
8,1052,4,No,-3.20082e-05,-9.30148,9.12834e-05
8,1053,4,No,-0.000128039,-8.58044,0.00018773
8,1054,4,No,-0.0327925,-3.43205,0.0323186
8,1055,4,No,-0.00210017,-6.13899,0.00215698
8,1056,4,No,-0.00203489,-6.16943,0.0020923
8,1057,4,No,-0.000791863,-7.06962,0.000850504
8,1058,4,No,-0.000156176,-8.44393,0.000215191
8,1059,4,No,-4.58966e-05,-9.16244,0.0001049
8,1060,4,No,-0.00338925,-5.67137,0.00344294
8,1061,4,Yes,-2.89339,-0.056918,0.944615
8,1062,4,Yes,-4.50092,-0.0111009,0.988902
8,1063,4,No,-4.16195,-0.01564,0.984424
8,1064,4,Yes,-4.93968,-0.00712291,0.992843
8,1065,4,No,-2.15887,-0.122617,0.884551
8,1066,4,No,-0.000156236,-8.44291,0.000215409
8,1067,4,No,-7.24819e-05,-8.93756,0.000131353
8,1068,4,No,-0.052272,-2.97615,0.0509858
8,1069,4,No,-0.00127898,-6.61683,0.00133758
8,1070,4,No,-0.000115401,-8.65284,0.00017462
8,1071,4,No,-3.70152e-05,-9.25029,9.60778e-05
8,1072,4,No,-0.159048,-1.91661,0.147096
8,1073,4,No,-3.22466e-05,-9.29732,9.16646e-05
8,1074,4,No,-0.000273384,-8.00754,0.000332922
8,1075,4,No,-0.000114507,-8.65605,0.00017406
8,1076,4,No,-0.856841,-0.552416,0.575524
8,1077,4,No,-0.0167969,-4.0914,0.0167148
8,1078,4,No,-0.349738,-1.22015,0.295169
8,1079,4,No,-0.00398702,-5.51192,0.00403809
8,1080,4,No,-0.0095934,-4.64527,0.00960639
8,1081,4,No,-0.0110052,-4.50949,0.0110034
8,1082,4,Yes,-0.491647,-0.945614,0.388418
8,1083,4,No,-0.0147403,-4.22051,0.0146903
8,1084,4,Yes,-3.79548,-0.0226685,0.977529
8,1085,4,Yes,-4.93368,-0.00716661,0.9928
8,1086,4,Yes,-4.90199,-0.00739951,0.992569
8,1087,4,Yes,-0.091678,-2.43428,0.0876554
8,1088,4,No,-0.166883,-1.87237,0.153751
8,1089,4,Yes,-0.929635,-0.50193,0.605326
8,1090,4,Yes,-1.2697,-0.329694,0.719101
8,1091,4,Yes,-4.05398,-0.0174455,0.982648
8,1092,4,Yes,-2.88937,-0.057155,0.944392
8,1093,4,No,-0.000859212,-6.99323,0.000918023
8,1094,4,No,-0.00241918,-6.00088,0.00247643
8,1095,4,No,-0.00122109,-6.66083,0.00128
8,1096,4,No,-0.021971,-3.82626,0.0217896
8,1097,4,No,-0.00124968,-6.639,0.00130826
8,1098,4,No,-0.0101656,-4.58797,0.0101729
8,1099,4,Yes,-0.156652,-1.93063,0.145049
8,1100,4,No,-1.00379,-0.456383,0.633534
8,1101,4,Yes,-3.71272,-0.0246529,0.97559
8,1102,4,Yes,-4.14531,-0.0159054,0.984162
8,1103,4,Yes,-3.69509,-0.0250979,0.975156
8,1104,4,Yes,-0.693949,-0.692229,0.50043
8,1105,4,No,-0.406053,-1.09726,0.333764
8,1106,4,Yes,-0.652988,-0.734864,0.479542
8,1107,4,No,-0.731381,-0.656208,0.518784
8,1108,4,Yes,-4.07082,-0.0171502,0.982938
8,1109,4,Yes,-4.33308,-0.0131544,0.986874
8,1110,4,Yes,-4.79631,-0.00823518,0.99174
8,1111,4,Yes,-3.96856,-0.0190213,0.981101
8,1112,4,Yes,-3.31227,-0.0370525,0.963569
8,1113,4,Yes,-2.78029,-0.0639637,0.937983
8,1114,4,Yes,-3.5478,-0.0291493,0.971214
8,1115,4,Yes,-2.30621,-0.104893,0.900368
8,1116,4,No,-0.098204,-2.36877,0.0935903
8,1117,4,Yes,-2.44957,-0.0902221,0.913674
8,1118,4,Yes,-4.49992,-0.0111117,0.988891
8,1119,4,Yes,-2.61387,-0.0760078,0.926754
8,1120,4,Yes,-2.0201,-0.142235,0.867365
8,1121,4,Yes,-2.54492,-0.0816668,0.921525
8,1122,4,Yes,-4.18817,-0.0152301,0.984827
8,1123,4,Yes,-0.59393,-0.803173,0.447879
8,1124,4,Yes,-4.00411,-0.0183481,0.981761
8,1125,4,Yes,-2.06603,-0.135394,0.873319
8,1126,4,Yes,-3.6867,-0.0253134,0.974947
8,1127,4,No,-2.1058,-0.129755,0.878259
8,1128,4,No,-0.339767,-1.24437,0.288106
8,1129,4,No,-0.657923,-0.729536,0.482104
8,1130,4,No,-1.38462,-0.288164,0.749595
8,1131,4,Yes,-3.1001,-0.0460279,0.954958
8,1132,4,Yes,-2.44196,-0.0909441,0.913015
8,1133,4,Yes,-4.38699,-0.0124563,0.987563
8,1134,4,Yes,-4.69759,-0.00909915,0.990883
8,1135,4,Yes,-3.96513,-0.0190874,0.981036
8,1136,4,Yes,-3.77596,-0.0231215,0.977086
8,1137,4,Yes,-4.00495,-0.0183334,0.981776
8,1138,4,Yes,-0.248572,-1.51347,0.220132
8,1139,4,No,-0.529227,-0.889166,0.410975
8,1140,4,Yes,-3.39091,-0.0341969,0.966324
8,1141,4,Yes,-2.56907,-0.0796363,0.923398
8,1142,4,Yes,-4.12802,-0.0161862,0.983886
8,1143,4,Yes,-4.88553,-0.00752436,0.992445
8,1144,4,Yes,-4.29609,-0.0136553,0.986379
8,1145,4,No,-0.536033,-0.879491,0.41497
8,1146,4,Yes,-2.63047,-0.074708,0.92796
8,1147,4,Yes,-3.86942,-0.0210308,0.979131
8,1148,4,Yes,-3.25286,-0.0393698,0.961339
8,1149,4,Yes,-3.72029,-0.0244644,0.975775
8,1150,4,Yes,-0.350546,-1.21822,0.295738
8,1151,4,Yes,-3.1857,-0.0421665,0.958653
8,1152,4,Yes,-2.38125,-0.0969242,0.907571
8,1153,4,No,-0.0808511,-2.55454,0.0777237
8,1154,4,No,-0.00104339,-6.81014,0.00110247
8,1155,4,No,-0.0461308,-3.09794,0.0451393
8,1156,4,No,-0.0234974,-3.76003,0.0232816
8,1157,4,No,-0.0056467,-5.16906,0.00568959
8,1158,4,No,-0.00962205,-4.64232,0.00963478
8,1159,4,No,-0.508413,-0.919774,0.398586
8,1160,4,Yes,-1.41085,-0.279551,0.756079
8,1161,4,Yes,-0.95779,-0.483991,0.616283
8,1162,4,No,-0.0558017,-2.91263,0.0543297
8,1163,4,Yes,-1.73249,-0.194538,0.823167
8,1164,4,No,-0.0174116,-4.05587,0.0173194
8,1165,4,No,-0.114712,-2.22159,0.10843
8,1166,4,Yes,-2.00766,-0.144151,0.865706
8,1167,4,Yes,-2.11622,-0.128318,0.879521
8,1168,4,Yes,-3.36568,-0.0350879,0.965464
8,1169,4,Yes,-0.595857,-0.800801,0.448943
8,1170,4,Yes,-2.02866,-0.140934,0.868496
8,1171,4,No,-0.220457,-1.61996,0.197896
8,1172,4,Yes,-3.32897,-0.0364264,0.964172
8,1173,4,No,-0.23565,-1.56064,0.20999
8,1174,4,No,-0.479071,-0.965742,0.380678
8,1175,4,Yes,-2.74602,-0.066272,0.935821
8,1176,4,No,-0.709852,-0.676601,0.508312
8,1177,4,Yes,-3.7708,-0.0232426,0.976968
8,1178,4,Yes,-2.70065,-0.0694605,0.932842
8,1179,4,No,-0.0906671,-2.44487,0.0867326
8,1180,4,Yes,-4.80535,-0.00816018,0.991815
8,1181,4,Yes,-0.542033,-0.871092,0.41847
8,1182,4,Yes,-2.96667,-0.0527844,0.948529
8,1183,4,No,-0.00518855,-5.25259,0.00523364
8,1184,4,Yes,-3.93688,-0.0196417,0.980492
8,1185,4,No,-2.53415,-0.0825889,0.920676
8,1186,4,Yes,-2.15537,-0.123074,0.884146
8,1187,4,No,-0.432267,-1.0469,0.351002
8,1188,4,No,-0.247893,-1.51588,0.219602
8,1189,4,No,-0.00471102,-5.34761,0.00475923
8,1190,4,No,-0.000123807,-8.6056,0.000183068
8,1191,4,No,-7.58796e-05,-8.90879,0.000135187
8,1192,4,No,-6.15139e-05,-9.02221,0.000120692
8,1193,4,No,-2.94451e-05,-9.33292,8.84582e-05
8,1194,4,No,-0.007022,-4.95375,0.00705645
8,1195,4,No,-0.023052,-3.7789,0.0228465
8,1196,4,No,-0.000140975,-8.51687,0.000200052
8,1197,4,No,-0.000395436,-7.69589,0.000454664
8,1198,4,No,-0.000395615,-7.695,0.000455071
8,1199,4,No,-0.00178556,-6.29617,0.00184324
8,1200,4,No,-0.000163211,-8.41378,0.000221777
8,1201,4,No,-0.000225808,-8.1639,0.000284734
8,1202,4,Yes,-4.84697,-0.00782353,0.992148
8,1203,4,Yes,-4.95146,-0.00703851,0.992927
8,1204,4,Yes,-5.0438,-0.00641048,0.993551
8,1205,4,Yes,-4.812,-0.00810495,0.991869
8,1206,4,No,-4.32143e-05,-9.18964,0.000102085
8,1207,4,No,-0.000561455,-7.38518,0.000620343
8,1208,4,No,-4.0532e-05,-9.21654,9.93759e-05
8,1209,4,No,-0.000314881,-7.89038,0.000374305
8,1210,4,No,-0.000132212,-8.5581,0.000191972
8,1211,4,No,-0.000197967,-8.26732,0.000256756
8,1212,4,No,-0.0101571,-4.5888,0.0101644
8,1213,4,No,-0.0120182,-4.42245,0.0120041
8,1214,4,No,-1.33928,-0.303778,0.737981
8,1215,4,No,-0.0432487,-3.16092,0.0423842
8,1216,4,No,-0.0107818,-4.52973,0.0107829
8,1217,4,Yes,-0.928841,-0.502448,0.605012
8,1218,4,No,-0.151521,-1.96141,0.140651
8,1219,4,No,-0.277892,-1.41601,0.242666
8,1220,4,Yes,-0.368274,-1.17723,0.308113
8,1221,4,Yes,-4.6673,-0.0093828,0.990603
8,1222,4,Yes,-4.01642,-0.0181214,0.981984
8,1223,4,Yes,-2.71106,-0.0687152,0.933537
8,1224,4,No,-0.000647337,-7.25529,0.000706388
8,1225,4,No,-0.000666602,-7.2278,0.000726075
8,1226,4,No,-0.000426383,-7.63028,0.000485497
8,1227,4,No,-0.0140457,-4.26818,0.0140064
8,1228,4,No,-0.00201261,-6.18021,0.00206988
8,1229,4,No,-0.00428772,-5.44043,0.00433738
8,1230,4,No,-0.0316854,-3.46578,0.0312466
8,1231,4,No,-0.00345163,-5.65353,0.00350492
8,1232,4,No,-0.0591857,-2.8555,0.0575238
8,1233,4,No,-0.00364903,-5.59898,0.00370141
8,1234,4,Yes,-1.70509,-0.200522,0.818255
8,1235,4,Yes,-3.11215,-0.0454636,0.955498
8,1236,4,Yes,-3.71515,-0.0245925,0.97565
8,1237,4,Yes,-1.91615,-0.15913,0.852836
8,1238,4,No,-0.0830999,-2.52822,0.0797958
8,1239,4,No,-0.0533972,-2.95543,0.052053
8,1240,4,Yes,-3.59585,-0.0277599,0.972564
8,1241,4,Yes,-1.90215,-0.161565,0.850761
8,1242,4,Yes,-4.7126,-0.00896196,0.991019
8,1243,4,Yes,-4.30402,-0.0135459,0.986487
8,1244,4,No,-0.00112919,-6.7354,0.00118803
8,1245,4,Yes,-3.02578,-0.0496744,0.951483
8,1246,4,Yes,-3.9846,-0.0187148,0.981401
8,1247,4,No,-0.000644415,-7.25888,0.000703851
8,1248,4,No,-0.000482676,-7.5209,0.000541612
8,1249,4,No,-0.235533,-1.56108,0.209897
8,1250,4,No,-0.00102632,-6.82624,0.00108487
8,1251,4,Yes,-4.53031,-0.0107758,0.989223
8,1252,4,Yes,-3.29935,-0.0375432,0.963095
8,1253,4,No,-0.00220309,-6.09224,0.0022602
8,1254,4,No,-0.00088564,-6.96411,0.000945145
8,1255,4,No,-0.000349702,-7.80193,0.000408923
8,1256,4,Yes,-1.97976,-0.14855,0.861906
8,1257,4,Yes,-1.31461,-0.312684,0.731438
8,1258,4,Yes,-4.48268,-0.0113069,0.988698
8,1259,4,Yes,-3.60702,-0.0274462,0.972869
8,1260,4,No,-0.000135014,-8.54793,0.000193934
8,1261,4,Yes,-3.09353,-0.0463388,0.954661
8,1262,4,No,-0.000150275,-8.47063,0.000209521
8,1263,4,Yes,-4.74977,-0.00863082,0.991347
8,1264,4,No,-0.00131103,-6.59287,0.00137002
8,1265,4,Yes,-1.76924,-0.186816,0.829547
8,1266,4,No,-0.00323676,-5.71658,0.00329075
8,1267,4,Yes,-4.56136,-0.0104436,0.989553
8,1268,4,No,-0.000352445,-7.79566,0.000411495
8,1269,4,Yes,-4.21277,-0.0148558,0.985196
8,1270,4,No,-0.0529611,-2.96341,0.0516394
8,1271,4,No,-0.123982,-2.14846,0.116656
8,1272,4,No,-0.00413922,-5.47504,0.00418982
8,1273,4,Yes,-3.57421,-0.0283765,0.971964
8,1274,4,No,-0.00178693,-6.29564,0.00184422
8,1275,4,Yes,-3.86153,-0.0211995,0.978966
8,1276,4,No,-0.000910816,-6.93848,0.000969686
8,1277,4,No,-0.00881938,-4.72845,0.00883965
8,1278,4,No,-0.0762933,-2.61027,0.0735101
8,1279,4,No,-3.96379e-05,-9.21838,9.91936e-05
8,1280,4,No,-0.138938,-2.04193,0.12977
8,1281,4,Yes,-4.64263,-0.00961862,0.990368
8,1282,4,No,-4.31292,-0.0134243,0.986606
8,1283,4,No,-0.000989271,-6.86068,0.00104814
8,1284,4,No,-0.000194211,-8.28043,0.000253414
8,1285,4,No,-0.393819,-1.12214,0.325564
8,1286,4,Yes,-5.00565,-0.00666234,0.9933
8,1287,4,Yes,-2.7719,-0.0645212,0.93746
8,1288,4,No,-8.51191e-05,-8.84362,0.000144292
8,1289,4,No,-0.000156296,-8.44346,0.000215291
8,1290,4,Yes,-4.80628,-0.00815152,0.991822
8,1291,4,No,-9.59639e-06,-9.58622,6.86643e-05
8,1292,4,No,-4.76849e-05,-9.14243,0.00010702
8,1293,4,No,-5.34072e-05,-9.08949,0.000112838
8,1294,4,No,-4.73272e-05,-9.14816,0.000106409
8,1295,4,Yes,-3.96438,-0.0191022,0.981021
8,1296,4,Yes,-4.26438,-0.0141004,0.98594
8,1297,4,No,-0.000120647,-8.62259,0.000179983
8,1298,4,No,-0.000140915,-8.51692,0.000200043
8,1299,4,No,-0.000371764,-7.74817,0.000431507
8,1300,4,Yes,-3.76805,-0.0233067,0.976904
8,1301,4,No,-0.0962925,-2.38748,0.0918556
8,1302,4,No,-1.36658,-0.294263,0.745036
8,1303,4,No,-0.00417249,-5.46713,0.00422306
8,1304,4,No,-0.00893604,-4.71545,0.00895534
8,1305,4,No,-1.04695,-0.432242,0.649014
8,1306,4,Yes,-4.28536,-0.0138048,0.986232
8,1307,4,No,-0.0134071,-4.31422,0.0133761
8,1308,4,No,-0.00782305,-4.84703,0.00785119
8,1309,4,No,-0.00815086,-4.80645,0.00817639
8,1310,4,Yes,-4.00031,-0.0184182,0.981691
8,1311,4,Yes,-3.37521,-0.0347483,0.965791
8,1312,4,Yes,-3.9902,-0.0186083,0.981505
8,1313,4,Yes,-3.72476,-0.0243535,0.975883
8,1314,4,Yes,-1.47436,-0.259892,0.771089
8,1315,4,No,-0.253796,-1.49518,0.224195
8,1316,4,Yes,-2.5369,-0.0823515,0.920893
8,1317,4,No,-0.111532,-2.24813,0.10559
8,1318,4,No,-0.00117305,-6.69937,0.00123161
8,1319,4,No,-0.848825,-0.558369,0.572108
8,1320,4,Yes,-5.20987,-0.00541727,0.994538
8,1321,4,No,-0.00165635,-6.36871,0.00171426
8,1322,4,Yes,-3.70133,-0.0249398,0.975311
8,1323,4,No,-0.860471,-0.549747,0.577062
8,1324,4,No,-0.110387,-2.25788,0.104566
8,1325,4,Yes,-3.26911,-0.0387212,0.961962
8,1326,4,Yes,-4.21133,-0.0148769,0.985174
8,1327,4,Yes,-3.0668,-0.0476269,0.953433
8,1328,4,Yes,-5.2672,-0.0051112,0.994842
8,1329,4,No,-0.0201261,-3.91282,0.0199828
8,1330,4,No,-0.533922,-0.882475,0.413733
8,1331,4,Yes,-2.87757,-0.0578535,0.943732
8,1332,4,Yes,-0.475954,-0.970834,0.378745
8,1333,4,Yes,-2.97372,-0.0524027,0.94889
8,1334,4,Yes,-2.4534,-0.0898604,0.914005
8,1335,4,Yes,-2.63547,-0.0743207,0.928319
8,1336,4,Yes,-2.35781,-0.0993434,0.905378
8,1337,4,Yes,-2.92367,-0.0551707,0.946267
8,1338,4,Yes,-2.29136,-0.106551,0.898877
8,1339,4,Yes,-3.96179,-0.0191516,0.980972
8,1340,4,Yes,-4.11446,-0.0164089,0.983666
8,1341,4,Yes,-3.3803,-0.0345679,0.965965
8,1342,4,Yes,-3.69293,-0.0251527,0.975103
8,1343,4,Yes,-5.3024,-0.00493179,0.995021
8,1344,4,Yes,-3.51343,-0.0301862,0.970207
8,1345,4,Yes,-2.18427,-0.119348,0.887446
8,1346,4,No,-0.0557607,-2.91333,0.0542911
8,1347,4,Yes,-4.94106,-0.00711306,0.992853
8,1348,4,Yes,-3.02148,-0.0498943,0.951274
8,1349,4,Yes,-2.18073,-0.119798,0.887048
8,1350,4,No,-4.26128,-0.0141446,0.985897
8,1351,4,Yes,-0.805202,-0.592286,0.553029
8,1352,4,Yes,-0.265767,-1.45482,0.233428
8,1353,4,Yes,-5.43095,-0.00432843,0.995621
8,1354,4,No,-0.653521,-0.734286,0.47982
8,1355,4,Yes,-4.46558,-0.0115049,0.988503
8,1356,4,Yes,-3.49497,-0.0307587,0.969652
8,1357,4,Yes,-3.4014,-0.0338332,0.966675
8,1358,4,No,-0.322183,-1.28919,0.275477
8,1359,4,Yes,-4.42046,-0.0120409,0.987972
8,1360,4,No,-0.357067,-1.20286,0.300316
8,1361,4,Yes,-1.04088,-0.435542,0.646876
8,1362,4,Yes,-1.03825,-0.436981,0.645946
8,1363,4,No,-1.16219,-0.375043,0.687219
8,1364,4,Yes,-2.45167,-0.0900236,0.913856
8,1365,4,Yes,-1.6208,-0.22025,0.802271
8,1366,4,Yes,-3.44438,-0.0323835,0.968077
8,1367,4,Yes,-0.450249,-1.01449,0.362568
8,1368,4,Yes,-3.93894,-0.0195996,0.980532
8,1369,4,Yes,-2.24921,-0.111404,0.894524
8,1370,4,Yes,-2.91256,-0.0558059,0.945667
8,0,5,No,-0.000217938,-8.19009,0.000277374
8,1,5,No,-0.000154805,-8.45082,0.000213713
8,2,5,No,-0.0378427,-3.29157,0.0371931
8,3,5,Yes,-2.66521,-0.0720607,0.93042
8,4,5,No,-0.0158908,-4.14618,0.0158238
8,5,5,Yes,-2.54763,-0.0814362,0.921737
8,6,5,No,-0.336004,-1.25373,0.285422
8,7,5,No,-0.0575536,-2.88261,0.0559848
8,8,5,No,-1.3283,-0.307705,0.735089
8,9,5,No,-0.0102377,-4.58099,0.0102441
8,10,5,No,-0.00108098,-6.77684,0.00113981
8,11,5,No,-0.00486536,-5.31589,0.00491262
8,12,5,No,-0.000889816,-6.96007,0.000948976
8,13,5,No,-0.0548345,-2.92962,0.0534142
8,14,5,Yes,-0.108948,-2.27029,0.103276
8,15,5,Yes,-1.17568,-0.368965,0.691409
8,16,5,No,-0.00157325,-6.41843,0.00163112
8,17,5,No,-0.00110616,-6.75499,0.00116498
8,18,5,Yes,-2.71711,-0.068285,0.933939
8,19,5,Yes,-2.60361,-0.0768232,0.925999
8,20,5,Yes,-1.73882,-0.193183,0.824283
8,21,5,Yes,-4.07178,-0.0171336,0.982954
8,22,5,Yes,-2.71224,-0.0686306,0.933616
8,23,5,Yes,-2.64867,-0.073308,0.929259
8,24,5,Yes,-2.65784,-0.0726137,0.929905
8,25,5,Yes,-3.02521,-0.0497031,0.951455
8,26,5,No,-0.113989,-2.22756,0.107785
8,27,5,No,-0.0166666,-4.09906,0.0165872
8,28,5,No,-0.899234,-0.522262,0.593143
8,29,5,Yes,-0.980092,-0.470352,0.624745
8,30,5,Yes,-4.27898,-0.0138943,0.986144
8,31,5,Yes,-2.25929,-0.110223,0.895581
8,32,5,No,-0.437744,-1.03686,0.354547
8,33,5,Yes,-1.18172,-0.366282,0.693267
8,34,5,Yes,-0.510739,-0.916273,0.399983
8,35,5,No,-1.04173,-0.435078,0.647176
8,36,5,Yes,-3.1314,-0.0445763,0.956346
8,37,5,Yes,-4.53341,-0.0107419,0.989257
8,38,5,Yes,-1.60764,-0.223521,0.799651
8,39,5,No,-0.001153,-6.71618,0.00121108
8,40,5,Yes,-3.07675,-0.0471428,0.953894
8,41,5,Yes,-2.49975,-0.0856083,0.9179
8,42,5,No,-1.4186e-05,-9.52491,7.30064e-05
8,43,5,Yes,-3.58372,-0.0281041,0.972229
8,44,5,Yes,-4.70126,-0.00906511,0.990917
8,45,5,No,-0.324335,-1.28355,0.277034
8,46,5,No,-1.34923,-0.300267,0.740576
8,47,5,Yes,-3.49993,-0.0306035,0.969802
8,48,5,Yes,-3.62806,-0.0268666,0.973434
8,49,5,No,-0.00734529,-4.90927,0.00737745
8,50,5,No,-0.00984787,-4.61934,0.00985871
8,51,5,No,-0.026652,-3.63593,0.0263579
8,52,5,No,-0.0102891,-4.57596,0.0102958
8,53,5,No,-0.00687945,-4.97395,0.00691537
8,54,5,Yes,-4.5647,-0.0104076,0.989588
8,55,5,Yes,-0.932789,-0.49988,0.606568
8,56,5,Yes,-1.56647,-0.234107,0.791231
8,57,5,Yes,-3.77312,-0.0231877,0.977021
8,58,5,Yes,-4.48385,-0.0112938,0.988711
8,59,5,No,-0.000128635,-8.5803,0.000187757
8,60,5,Yes,-2.0731,-0.134373,0.874212
8,61,5,Yes,-5.17976,-0.00558652,0.994371
8,62,5,Yes,-4.93645,-0.00714638,0.99282
8,63,5,Yes,-0.323324,-1.2862,0.276304
8,64,5,Yes,-2.91491,-0.0556709,0.945795
8,65,5,Yes,-2.93132,-0.0547391,0.946677
8,66,5,Yes,-1.40805,-0.280455,0.755395
8,67,5,Yes,-4.77339,-0.00842733,0.991549
8,68,5,No,-0.378386,-1.15489,0.315074
8,69,5,No,-0.0383648,-3.27816,0.0376954
8,70,5,Yes,-3.58684,-0.0280159,0.972316
8,71,5,No,-0.00185017,-6.262,0.00190731
8,72,5,Yes,-1.07737,-0.41617,0.659529
8,73,5,No,-2.64648e-05,-9.36551,8.56219e-05
8,74,5,Yes,-2.54891,-0.0813274,0.921838
8,75,5,No,-0.674376,-0.712157,0.490556
8,76,5,No,-0.0432852,-3.16012,0.0424182
8,77,5,No,-9.68622e-05,-8.76718,0.000155754
8,78,5,Yes,-4.95282,-0.00702927,0.992937
8,79,5,Yes,-3.9645,-0.0190992,0.981024
8,80,5,Yes,-0.208329,-1.67068,0.188108
8,81,5,Yes,-0.328093,-1.27381,0.279747
8,82,5,No,-3.54512,-0.029229,0.971137
8,83,5,Yes,-2.12813,-0.126699,0.880948
8,84,5,Yes,-2.41631,-0.0934225,0.910755
8,85,5,Yes,-3.46318,-0.0317699,0.968672
8,86,5,Yes,-4.3457,-0.0129863,0.987038
8,87,5,Yes,-4.43813,-0.0118283,0.988183
8,88,5,Yes,-2.39998,-0.0950366,0.909286
8,89,5,Yes,-2.35787,-0.0993369,0.905384
8,90,5,Yes,-2.9489,-0.0537573,0.947606
8,91,5,Yes,-2.63649,-0.0742421,0.928392
8,92,5,Yes,-0.726774,-0.660501,0.516562
8,93,5,Yes,-2.99699,-0.0511651,0.950066
8,94,5,Yes,-0.452004,-1.01141,0.363686
8,95,5,Yes,-4.93523,-0.00715503,0.992812
8,96,5,Yes,-3.57576,-0.0283321,0.972008
8,97,5,No,-0.133503,-2.07916,0.125027
8,98,5,Yes,-3.41703,-0.0332994,0.967192
8,99,5,No,-0.0290855,-3.54995,0.0287243
8,100,5,No,-0.271471,-1.43632,0.237787
8,101,5,Yes,-1.95625,-0.15237,0.85862
8,102,5,Yes,-2.41948,-0.0931124,0.911037
8,103,5,Yes,-1.22605,-0.347276,0.706569
8,104,5,No,-0.277495,-1.41725,0.242365
8,105,5,No,-0.727982,-0.659372,0.517146
8,106,5,No,-9.99024e-05,-8.74451,0.000159324
8,107,5,No,-0.0156115,-4.16373,0.0155486
8,108,5,No,-0.0126623,-4.37075,0.012641
8,109,5,No,-0.0211328,-3.86465,0.020969
8,110,5,Yes,-3.7498,-0.0237427,0.976479
8,111,5,No,-0.000990285,-6.85947,0.00104941
8,112,5,No,-0.00864693,-4.74796,0.00866881
8,113,5,No,-0.395153,-1.11938,0.326463
8,114,5,Yes,-2.92761,-0.0549491,0.946478
8,115,5,No,-6.92034e-05,-8.9633,0.000128016
8,116,5,No,-8.16021e-05,-8.86421,0.00014135
8,117,5,Yes,-4.8022,-0.00818554,0.991789
8,118,5,No,-0.409163,-1.09108,0.335833
8,119,5,No,-0.000112421,-8.66788,0.000172014
8,120,5,Yes,-5.0886,-0.00612612,0.993834
8,121,5,Yes,-4.7937,-0.00825663,0.991719
8,122,5,No,-0.00778244,-4.85209,0.00781156
8,123,5,Yes,-3.89019,-0.0205926,0.97956
8,124,5,No,-0.000462878,-7.55685,0.000522486
8,125,5,No,-0.257938,-1.48098,0.227402
8,126,5,Yes,-3.17826,-0.042489,0.958344
8,127,5,Yes,-3.77989,-0.0230296,0.977176
8,128,5,No,-0.174532,-1.83128,0.1602
8,129,5,No,-3.30215e-05,-9.28778,9.25432e-05
8,130,5,No,-7.15877e-05,-8.94138,0.000130853
8,131,5,No,-6.8965e-05,-8.95964,0.000128485
8,132,5,No,-0.000646562,-7.25634,0.000705645
8,133,5,Yes,-2.05486,-0.137024,0.871897
8,134,5,Yes,-4.01749,-0.0181016,0.982003
8,135,5,No,-0.000956814,-6.89251,0.0010153
8,136,5,Yes,-0.476538,-0.969876,0.379108
8,137,5,Yes,-1.52713,-0.24475,0.782854
8,138,5,Yes,-0.263016,-1.46391,0.231315
8,139,5,Yes,-2.73086,-0.0673202,0.934841
8,140,5,No,-0.331151,-1.26598,0.281945
8,141,5,Yes,-3.63715,-0.0266189,0.973674
8,142,5,No,-0.00247773,-5.97799,0.00253375
8,143,5,No,-3.60382,-0.0275361,0.972782
8,144,5,No,-3.09945e-06,-9.68684,6.20915e-05
8,145,5,Yes,-2.3223,-0.103129,0.901958
8,146,5,Yes,-1.98091,-0.148367,0.862064
8,147,5,Yes,-2.05286,-0.137319,0.87164
8,148,5,Yes,-0.260861,-1.47111,0.229657
8,149,5,Yes,-3.56487,-0.0286482,0.971701
8,150,5,Yes,-3.20298,-0.0414273,0.959362
8,151,5,Yes,-0.577466,-0.823849,0.438714
8,152,5,Yes,-1.90462,-0.161132,0.851129
8,153,5,Yes,-2.0194,-0.142342,0.867273
8,154,5,No,-2.87505,-0.058004,0.94359
8,155,5,Yes,-3.59865,-0.0276815,0.972641
8,156,5,Yes,-3.07289,-0.0473314,0.953716
8,157,5,Yes,-1.50257,-0.251667,0.777457
8,158,5,Yes,-1.97047,-0.150046,0.860617
8,159,5,Yes,-1.99228,-0.146559,0.863624
8,160,5,Yes,-3.05586,-0.0481641,0.952921
8,161,5,No,-2.53033,-0.0829196,0.920372
8,162,5,No,-0.536863,-0.878323,0.415455
8,163,5,Yes,-1.12101,-0.394367,0.674067
8,164,5,Yes,-4.40918,-0.0121799,0.987836
8,165,5,No,-0.401592,-1.10623,0.330786
8,166,5,Yes,-4.49761,-0.0111383,0.988865
8,167,5,Yes,-1.75588,-0.189584,0.827254
8,168,5,No,-0.091959,-2.43136,0.0879116
8,169,5,Yes,-2.0643,-0.135646,0.873101
8,170,5,Yes,-3.98256,-0.0187532,0.981363
8,171,5,Yes,-2.77263,-0.0644724,0.937507
8,172,5,No,-0.11008,-2.26052,0.10429
8,173,5,No,-0.00742377,-4.89874,0.00745555
8,174,5,Yes,-4.73033,-0.00880254,0.991177
8,175,5,Yes,-4.40134,-0.0122762,0.98774
8,176,5,No,-0.00207138,-6.15216,0.00212874
8,177,5,No,-0.0119193,-4.43053,0.0119075
8,178,5,Yes,-3.69735,-0.0250404,0.975212
8,179,5,No,-0.00932113,-4.67374,0.00933671
8,180,5,No,-0.0185641,-3.99257,0.0184512
8,181,5,No,-0.0513161,-2.99411,0.050078
8,182,5,Yes,-2.8993,-0.0565729,0.944942
8,183,5,No,-0.784694,-0.609175,0.543768
8,184,5,No,-1.13629,-0.387056,0.679013
8,185,5,Yes,-4.36572,-0.0127269,0.987295
8,186,5,Yes,-2.83124,-0.0606854,0.941064
8,187,5,Yes,-0.413156,-1.08323,0.338479
8,188,5,Yes,-2.48836,-0.086633,0.916959
8,189,5,Yes,-2.26946,-0.109043,0.896638
8,190,5,Yes,-1.75718,-0.189312,0.82748
8,191,5,Yes,-1.44221,-0.26964,0.76361
8,192,5,No,-0.000770926,-7.09419,0.000829865
8,193,5,No,-0.00674305,-4.99388,0.00677888
8,194,5,Yes,-2.03536,-0.139922,0.869375
8,195,5,No,-0.00017889,-8.34521,0.000237517
8,196,5,No,-0.000111944,-8.67194,0.000171316
8,197,5,No,-0.000152123,-8.46156,0.00021143
8,198,5,Yes,-0.232691,-1.57185,0.207648
8,199,5,No,-0.000343143,-7.81898,0.000402008
8,200,5,No,-0.990028,-0.46443,0.628456
8,201,5,No,-0.0100937,-4.5949,0.0101026
8,202,5,Yes,-4.96193,-0.00696468,0.993001
8,203,5,No,-0.000243693,-8.10272,0.000302697
8,204,5,Yes,-0.934639,-0.498681,0.607295
8,205,5,No,-8.13637e-05,-8.87055,0.000140457
8,206,5,Yes,-3.50617,-0.0304103,0.96999
8,207,5,Yes,-5.44137,-0.00428365,0.995667
8,208,5,Yes,-4.0378,-0.0177337,0.982365
8,209,5,Yes,-4.56261,-0.0104298,0.989566
8,210,5,Yes,-0.373156,-1.16635,0.311483
8,211,5,Yes,-2.90211,-0.0564096,0.945096
8,212,5,Yes,-0.158013,-1.92264,0.146212
8,213,5,No,-1.19209e-06,-9.7222,5.99347e-05
8,214,5,No,-0.00109261,-6.76654,0.0011516
8,215,5,Yes,-3.99312,-0.0185536,0.981559
8,216,5,Yes,-5.01843,-0.00657714,0.993385
8,217,5,No,-0.00613877,-5.08657,0.00617883
8,218,5,Yes,-3.48675,-0.0310173,0.969402
8,219,5,Yes,-3.10919,-0.0456023,0.955366
8,220,5,Yes,-4.08334,-0.0169336,0.98315
8,221,5,Yes,-1.19783,-0.359236,0.698168
8,222,5,No,-1.22576,-0.347396,0.706484
8,223,5,Yes,-4.72484,-0.00885173,0.991128
8,224,5,Yes,-2.7302,-0.0673665,0.934797
8,225,5,Yes,-0.43171,-1.04793,0.350641
8,226,5,No,-0.0292971,-3.54282,0.0289299
8,227,5,No,-0.579086,-0.82178,0.439623
8,228,5,Yes,-2.42276,-0.092792,0.911329
8,229,5,Yes,-5.24436,-0.00523199,0.994723
8,230,5,No,-0.000165119,-8.40061,0.000224716
8,231,5,Yes,-2.48627,-0.0868233,0.916785
8,232,5,Yes,-2.79119,-0.0632483,0.938655
8,233,5,Yes,-4.06743,-0.0172097,0.98288
8,234,5,No,-0.25926,-1.4765,0.228423
8,235,5,Yes,-3.1154,-0.0453127,0.955642
8,236,5,No,-9.73391e-05,-8.76258,0.000156471
8,237,5,No,-0.000119932,-8.6245,0.00017964
8,238,5,No,-0.0054105,-5.21108,0.00545545
8,239,5,No,-0.102832,-2.32504,0.0977742
8,240,5,Yes,-3.96085,-0.0191704,0.980954
8,241,5,No,-4.52996e-06,-9.6566,6.39982e-05
8,242,5,Yes,-0.297715,-1.35656,0.25753
8,243,5,Yes,-0.315279,-1.30758,0.270458
8,244,5,No,-0.00202037,-6.17667,0.00207722
8,245,5,No,-0.692413,-0.693764,0.499662
8,246,5,Yes,-3.35057,-0.0356328,0.964938
8,247,5,No,-0.37856,-1.15451,0.315194
8,248,5,Yes,-4.25239,-0.0142729,0.985771
8,249,5,No,-0.476524,-0.969901,0.379098
8,250,5,Yes,-2.96496,-0.0528774,0.94844
8,251,5,Yes,-1.40151,-0.282584,0.753789
8,252,5,Yes,-3.26895,-0.0387278,0.961956
8,253,5,No,-0.00131133,-6.59317,0.0013696
8,254,5,No,-0.0364875,-3.32731,0.0358872
8,255,5,No,-0.000298902,-7.93423,0.000358248
8,256,5,Yes,-1.39542,-0.284581,0.752286
8,257,5,Yes,-5.02649,-0.00652392,0.993439
8,258,5,Yes,-3.53129,-0.0296427,0.970735
8,259,5,Yes,-3.43591,-0.0326644,0.967806
8,260,5,No,-0.0197995,-3.92898,0.0196625
8,261,5,Yes,-0.619218,-0.772854,0.461666
8,262,5,Yes,-3.10176,-0.0459505,0.955033
8,263,5,Yes,-1.49259,-0.254547,0.775222
8,264,5,No,-0.000189918,-8.29636,0.000249408
8,265,5,Yes,-4.67474,-0.00931156,0.990673
8,266,5,No,-0.000302837,-7.92302,0.000362283
8,267,5,Yes,-3.9396,-0.0195868,0.980545
8,268,5,No,-0.00024262,-8.10436,0.0003022
8,269,5,Yes,-2.3023,-0.105327,0.899977
8,270,5,No,-0.0362176,-3.3346,0.0356266
8,271,5,Yes,-2.39129,-0.095908,0.908494
8,272,5,No,-0.995778,-0.461047,0.630586
8,273,5,No,-0.00340325,-5.66738,0.00345669
8,274,5,No,-0.00436931,-5.42176,0.00441908
8,275,5,No,-0.0035191,-5.6347,0.00357152
8,276,5,Yes,-1.51267,-0.248796,0.779693
8,277,5,No,-0.139554,-2.03781,0.130306
8,278,5,Yes,-4.47443,-0.0114019,0.988604
8,279,5,No,-0.0170208,-4.07833,0.0169348
8,280,5,No,-6.93822e-05,-8.96304,0.000128049
8,281,5,No,-0.00440691,-5.41345,0.00445598
8,282,5,No,-0.000396211,-7.6938,0.000455614
8,283,5,Yes,-4.21136,-0.014877,0.985175
8,284,5,Yes,-3.46347,-0.031761,0.968681
8,285,5,Yes,-3.47371,-0.0314319,0.969
8,286,5,No,-0.00165349,-6.37036,0.00171145
8,287,5,Yes,-3.62415,-0.0269731,0.97333
8,288,5,No,-1.48417e-05,-9.50366,7.45742e-05
8,289,5,No,-1.67532,-0.207257,0.812763
8,290,5,Yes,-0.532734,-0.88416,0.413037
8,291,5,Yes,-5.17671,-0.00560313,0.994354
8,292,5,No,-0.000803615,-7.05535,0.000862732
8,293,5,Yes,-4.20221,-0.0150151,0.985038
8,294,5,Yes,-4.75103,-0.00861987,0.991358
8,295,5,Yes,-4.64708,-0.00957601,0.990411
8,296,5,No,-0.10114,-2.34078,0.0962465
8,297,5,No,-0.00678457,-4.98766,0.00682123
8,298,5,No,-0.00189394,-6.2389,0.00195188
8,299,5,No,-0.116581,-2.20636,0.110095
8,300,5,Yes,-2.06748,-0.135185,0.873503
8,301,5,Yes,-2.29866,-0.105733,0.899612
8,302,5,Yes,-1.79184,-0.182234,0.833357
8,303,5,Yes,-0.613857,-0.779143,0.458772
8,304,5,Yes,-2.37308,-0.0977608,0.906812
8,305,5,Yes,-2.57473,-0.0791687,0.92383
8,306,5,Yes,-3.51738,-0.0300655,0.970325
8,307,5,Yes,-1.09546,-0.406958,0.665634
8,308,5,Yes,-1.05904,-0.425766,0.653231
8,309,5,No,-2.96705,-0.052763,0.948548
8,310,5,No,-0.0185162,-3.99511,0.0184043
8,311,5,No,-0.00305224,-5.77414,0.00310667
8,312,5,Yes,-2.24819,-0.111526,0.894416
8,313,5,No,-0.00697921,-4.95983,0.00701373
8,314,5,Yes,-4.36369,-0.0127524,0.987269
8,315,5,No,-5.37648e-05,-9.08569,0.000113269
8,316,5,No,-0.000184851,-8.31731,0.000244238
8,317,5,Yes,-4.43434,-0.011874,0.988138
8,318,5,Yes,-4.83813,-0.007894,0.992079
8,319,5,No,-0.0369973,-3.31372,0.0363785
8,320,5,No,-0.00295419,-5.806,0.00300928
8,321,5,No,-0.000126906,-8.58689,0.000186524
8,322,5,No,-9.83525e-05,-8.75374,0.00015786
8,323,5,No,-0.000249954,-8.08042,0.000309522
8,324,5,No,-3.87438e-05,-9.23263,9.77896e-05
8,325,5,No,-0.003598,-5.61282,0.00365054
8,326,5,No,-0.0285804,-3.56721,0.028233
8,327,5,Yes,-4.49131,-0.0112099,0.988795
8,328,5,Yes,-4.34676,-0.0129735,0.987052
8,329,5,Yes,-4.97093,-0.00690094,0.993064
8,330,5,No,-0.62785,-0.762882,0.466293
8,331,5,No,-0.0707077,-2.68348,0.0683212
8,332,5,No,-0.228165,-1.58931,0.204054
8,333,5,Yes,-1.01011,-0.452747,0.635842
8,334,5,Yes,-4.79573,-0.00823932,0.991736
8,335,5,Yes,-4.46589,-0.0115007,0.988506
8,336,5,Yes,-4.07375,-0.0170998,0.982988
8,337,5,Yes,-2.75238,-0.0658372,0.936228
8,338,5,Yes,-3.93182,-0.0197421,0.980393
8,339,5,No,-4.79233e-05,-9.14151,0.000107119
8,340,5,No,-0.000121839,-8.6179,0.000180829
8,341,5,No,-2.24339,-0.112094,0.893908
8,342,5,No,-0.849328,-0.557994,0.572323
8,343,5,No,-0.00102817,-6.82411,0.00108717
8,344,5,Yes,-3.69699,-0.0250502,0.975203
8,345,5,Yes,-0.301347,-1.34616,0.260222
8,346,5,Yes,-2.31402,-0.104033,0.901143
8,347,5,No,-0.110281,-2.25879,0.10447
8,348,5,No,-0.000505814,-7.47888,0.000564854
8,349,5,No,-0.150015,-1.97067,0.139355
8,350,5,Yes,-0.359729,-1.19669,0.302175
8,351,5,No,-0.75103,-0.638322,0.528147
8,352,5,No,-0.218493,-1.62796,0.196318
8,353,5,Yes,-0.997371,-0.460115,0.631174
8,354,5,No,-0.0878512,-2.47501,0.0841568
8,355,5,No,-0.172953,-1.83959,0.158873
8,356,5,Yes,-1.20724,-0.355193,0.700997
8,357,5,Yes,-0.799361,-0.597033,0.55041
8,358,5,No,-0.164333,-1.88651,0.151591
8,359,5,No,-0.316403,-1.30455,0.271277
8,360,5,Yes,-1.13208,-0.389057,0.677656
8,361,5,Yes,-3.13218,-0.0445409,0.95638
8,362,5,Yes,-1.96762,-0.150509,0.860219
8,363,5,No,-0.000107533,-8.70184,0.000166271
8,364,5,No,-8.76227e-05,-8.82861,0.000146473
8,365,5,Yes,-3.59464,-0.0277937,0.972531
8,366,5,Yes,-3.28356,-0.0381541,0.962508
8,367,5,No,-1.72713,-0.195695,0.822216
8,368,5,Yes,-3.84103,-0.0216446,0.97853
8,369,5,Yes,-2.42631,-0.0924485,0.911643
8,370,5,Yes,-2.81612,-0.0616402,0.940166
8,371,5,No,-0.0872705,-2.48135,0.0836252
8,372,5,Yes,-3.4189,-0.0332351,0.967254
8,373,5,Yes,-4.14793,-0.0158625,0.984204
8,374,5,Yes,-3.62917,-0.0268356,0.973463
8,375,5,Yes,-3.8086,-0.0223679,0.977822
8,376,5,Yes,-2.16494,-0.121826,0.885251
8,377,5,Yes,-1.1825,-0.365938,0.693505
8,378,5,No,-0.0980293,-2.37047,0.0934312
8,379,5,Yes,-1.14778,-0.381673,0.682677
8,380,5,Yes,-3.12162,-0.045025,0.955917
8,381,5,Yes,-0.275774,-1.42265,0.24106
8,382,5,No,-1.44724,-0.268088,0.764795
8,383,5,Yes,-1.29963,-0.318243,0.727384
8,384,5,Yes,-3.76126,-0.0234683,0.976747
8,385,5,No,-0.00519071,-5.25202,0.0052366
8,386,5,Yes,-4.14656,-0.0158845,0.984182
8,387,5,No,-3.48693e-05,-9.26986,9.42163e-05
8,388,5,No,-0.000212513,-8.21038,0.0002718
8,389,5,No,-3.24255e-05,-9.29885,9.1524e-05
8,390,5,Yes,-4.53021,-0.0107767,0.989222
8,391,5,Yes,-3.77315,-0.0231874,0.977022
8,392,5,Yes,-4.36561,-0.0127287,0.987294
8,393,5,No,-0.00504363,-5.28031,0.00509055
8,394,5,Yes,-1.52283,-0.245945,0.781919
8,395,5,No,-0.100743,-2.34452,0.0958878
8,396,5,No,-0.0495669,-3.02788,0.0484153
8,397,5,No,-0.0261043,-3.65638,0.0258243
8,398,5,Yes,-3.13619,-0.0443587,0.956554
8,399,5,No,-0.000222946,-8.17055,0.000282845
8,400,5,No,-0.000604395,-7.31865,0.000663016
8,401,5,No,-0.120122,-2.17818,0.113241
8,402,5,Yes,-2.63962,-0.0740006,0.928616
8,403,5,Yes,-1.44974,-0.267322,0.765382
8,404,5,Yes,-2.60748,-0.0765157,0.926284
8,405,5,Yes,-4.0392,-0.0177083,0.982389
8,406,5,Yes,-4.9242,-0.00723565,0.992732
8,407,5,No,-1.38923,-0.286629,0.750746
8,408,5,Yes,-3.84061,-0.0216542,0.978521
8,409,5,Yes,-4.05432,-0.0174392,0.982654
8,410,5,Yes,-3.94739,-0.0194327,0.980696
8,411,5,Yes,-1.59888,-0.225726,0.79789
8,412,5,Yes,-3.13811,-0.0442712,0.956638
8,413,5,Yes,-2.74001,-0.0666856,0.935434
8,414,5,Yes,-0.208624,-1.66941,0.188347
8,415,5,Yes,-1.38175,-0.289124,0.748875
8,416,5,Yes,-3.27178,-0.0386157,0.962063
8,417,5,Yes,-1.05856,-0.426018,0.653065
8,418,5,No,-0.0121642,-4.41045,0.012149
8,419,5,No,-0.0742227,-2.63674,0.0715902
8,420,5,No,-0.187454,-1.76614,0.170981
8,421,5,Yes,-0.0479928,-3.05935,0.0469156
8,422,5,No,-0.00762537,-4.87232,0.00765511
8,423,5,No,-0.0113908,-4.47543,0.0113846
8,424,5,No,-0.120769,-2.17313,0.113814
8,425,5,No,-0.0268754,-3.62772,0.0265751
8,426,5,No,-0.00430819,-5.43573,0.00435778
8,427,5,No,-0.00171057,-6.33774,0.0017682
8,428,5,Yes,-4.01593,-0.0181304,0.981975
8,429,5,Yes,-2.58904,-0.0779972,0.924912
8,430,5,No,-0.434617,-1.04258,0.352525
8,431,5,No,-1.02928,-0.441932,0.642756
8,432,5,Yes,-0.466589,-0.986389,0.372899
8,433,5,No,-0.00854509,-4.75971,0.00856758
8,434,5,No,-0.0787305,-2.58005,0.0757659
8,435,5,Yes,-2.01588,-0.142883,0.866804
8,436,5,No,-0.321077,-1.29211,0.274675
8,437,5,No,-0.0117243,-4.44688,0.0117144
8,438,5,No,-0.000153553,-8.45573,0.000212666
8,439,5,Yes,-3.09314,-0.0463581,0.954643
8,440,5,No,-0.000114984,-8.65498,0.000174247
8,441,5,No,-0.000144015,-8.49912,0.000203635
8,442,5,No,-0.443196,-1.02701,0.358057
8,443,5,Yes,-3.45351,-0.0320841,0.968367
8,444,5,Yes,-4.03135,-0.0178489,0.982251
8,445,5,Yes,-3.39276,-0.0341323,0.966386
8,446,5,No,-4.73654,-0.0087477,0.991232
8,447,5,Yes,-1.23892,-0.341981,0.71032
8,448,5,No,-0.0584494,-2.86763,0.0568301
8,449,5,No,-0.145556,-1.99865,0.13551
8,450,5,No,-0.0605751,-2.83299,0.058833
8,451,5,Yes,-2.45236,-0.0899594,0.913915
8,452,5,No,-2.49799,-0.085766,0.917755
8,453,5,Yes,-3.75208,-0.0236882,0.976532
8,454,5,No,-0.0181284,-4.01604,0.0180231
8,455,5,No,-0.000400027,-7.68548,0.000459421
8,456,5,Yes,-4.79305,-0.00826168,0.991713
8,457,5,No,-0.00276172,-5.87206,0.00281691
8,458,5,No,-3.65979e-05,-9.25307,9.58114e-05
8,459,5,Yes,-3.33365,-0.0362531,0.964339
8,460,5,No,-1.03738,-0.437457,0.645638
8,461,5,Yes,-2.41909,-0.0931504,0.911003
8,462,5,No,-0.0871217,-2.48298,0.0834888
8,463,5,No,-0.00629783,-5.06133,0.00633674
8,464,5,No,-0.00121966,-6.66214,0.00127833
8,465,5,No,-0.00195581,-6.20804,0.00201306
8,466,5,No,-7.4747e-05,-8.92038,0.000133629
8,467,5,No,-0.0239373,-3.74175,0.0237111
8,468,5,Yes,-3.075,-0.0472286,0.953813
8,469,5,No,-0.00657888,-5.01822,0.00661592
8,470,5,No,-0.468869,-0.982567,0.374327
8,471,5,No,-0.601898,-0.793436,0.452261
8,472,5,No,-2.70609e-05,-9.35854,8.62211e-05
8,473,5,No,-0.000805702,-7.05265,0.000865062
8,474,5,No,-0.00863082,-4.74992,0.00865189
8,475,5,Yes,-3.21958,-0.0407303,0.960031
8,476,5,No,-1.14274,-0.384027,0.681073
8,477,5,Yes,-2.32082,-0.10329,0.901812
8,478,5,Yes,-3.95043,-0.0193736,0.980755
8,479,5,No,-0.00398696,-5.51206,0.00403755
8,480,5,No,-0.000979546,-6.8703,0.0010381
8,481,5,No,-0.00218427,-6.10037,0.0022419
8,482,5,No,-0.0028754,-5.83248,0.00293062
8,483,5,No,-0.000270463,-8.01545,0.000330301
8,484,5,Yes,-3.14712,-0.0438647,0.957027
8,485,5,Yes,-3.65977,-0.0260147,0.974263
8,486,5,Yes,-2.60145,-0.0769963,0.925839
8,487,5,Yes,-3.30996,-0.0371395,0.963484
8,488,5,No,-1.414,-0.278536,0.756846
8,489,5,No,-0.0893515,-2.45883,0.0855301
8,490,5,No,-0.00868204,-4.74399,0.00870332
8,491,5,Yes,-3.09636,-0.0462061,0.954789
8,492,5,No,-0.0121606,-4.41071,0.0121458
8,493,5,Yes,-3.4027,-0.0337884,0.966719
8,494,5,Yes,-4.01679,-0.0181149,0.98199
8,495,5,Yes,-2.35449,-0.0996909,0.905064
8,496,5,Yes,-1.36064,-0.296303,0.743518
8,497,5,Yes,-0.442003,-1.02915,0.35729
8,498,5,Yes,-4.73798,-0.00873513,0.991244
8,499,5,Yes,-3.36126,-0.0352459,0.965311
8,500,5,Yes,-3.52544,-0.0298194,0.970563
8,501,5,Yes,-0.101435,-2.33801,0.0965137
8,502,5,Yes,-0.280049,-1.40931,0.244298
8,503,5,No,-0.853319,-0.555021,0.574027
8,504,5,Yes,-2.93079,-0.0547682,0.946648
8,505,5,Yes,-2.43613,-0.0915008,0.912506
8,506,5,Yes,-1.80233,-0.180149,0.835096
8,507,5,No,-1.14663,-0.382208,0.682312
8,508,5,Yes,-3.89856,-0.0204188,0.97973
8,509,5,Yes,-4.09484,-0.0167375,0.983343
8,510,5,No,-0.173792,-1.83516,0.159578
8,511,5,No,-2.16908,-0.12129,0.885724
8,512,5,Yes,-4.03905,-0.0177109,0.982387
8,513,5,No,-0.00350666,-5.63789,0.00356016
8,514,5,Yes,-1.92074,-0.158338,0.853511
8,515,5,No,-0.548912,-0.861611,0.422456
8,516,5,Yes,-2.52404,-0.083465,0.919869
8,517,5,No,-0.978198,-0.471491,0.624034
8,518,5,No,-1.49147,-0.254868,0.774973
8,519,5,Yes,-3.69601,-0.0250754,0.975179
8,520,5,Yes,-4.40172,-0.0122726,0.987745
8,521,5,No,-0.444526,-1.02463,0.35891
8,522,5,Yes,-1.20561,-0.355892,0.700507
8,523,5,No,-0.785348,-0.608626,0.544066
8,524,5,No,-2.57616,-0.0790498,0.923939
8,525,5,No,-0.000846744,-7.00647,0.000905951
8,526,5,Yes,-4.10878,-0.0165044,0.983573
8,527,5,Yes,-2.29824,-0.105778,0.899571
8,528,5,No,-0.356663,-1.2038,0.300034
8,529,5,No,-0.0012048,-6.67394,0.00126334
8,530,5,Yes,-3.29006,-0.0379009,0.962751
8,531,5,No,-0.388988,-1.13222,0.322297
8,532,5,No,-1.74524,-0.191819,0.825408
8,533,5,No,-0.000110394,-8.68208,0.000169588
8,534,5,No,-1.96696e-06,-9.70574,6.0929e-05
8,535,5,No,-1.68087e-05,-9.48184,7.62189e-05
8,536,5,No,-2.12791e-05,-9.4251,8.06685e-05
8,537,5,No,-0.0138323,-4.28334,0.0137956
8,538,5,No,-0.0185511,-3.9933,0.0184377
8,539,5,Yes,-2.75764,-0.0654795,0.936563
8,540,5,Yes,-0.11137,-2.2495,0.105445
8,541,5,No,-0.091788,-2.43314,0.0877557
8,542,5,No,-7.90389e-05,-8.88612,0.000138287
8,543,5,No,-0.0645028,-2.77218,0.0625217
8,544,5,Yes,-2.72797,-0.067522,0.934652
8,545,5,No,-4.06512e-05,-9.2125,9.97788e-05
8,546,5,No,-0.000200292,-8.25692,0.000259443
8,547,5,Yes,-3.09102,-0.0464583,0.954547
8,548,5,Yes,-2.19271,-0.118283,0.888392
8,549,5,Yes,-3.95248,-0.0193338,0.980794
8,550,5,No,-3.14717e-05,-9.30539,9.09277e-05
8,551,5,No,-0.000764782,-7.10075,0.000824441
8,552,5,No,-1.11137,-0.39906,0.670911
8,553,5,No,-9.32856e-05,-8.78527,0.000152961
8,554,5,No,-1.78892,-0.182818,0.83287
8,555,5,Yes,-0.369176,-1.17521,0.308737
8,556,5,Yes,-1.33826,-0.304141,0.737714
8,557,5,No,-0.00924779,-4.68152,0.00926433
8,558,5,No,-0.00653472,-5.02482,0.00657238
8,559,5,Yes,-2.90396,-0.0563018,0.945198
8,560,5,No,-0.000799856,-7.06001,0.000858714
8,561,5,Yes,-2.25892,-0.110267,0.895543
8,562,5,Yes,-2.98869,-0.0516032,0.949649
8,563,5,Yes,-4.64973,-0.00955037,0.990436
8,564,5,Yes,-5.38107,-0.00455414,0.995397
8,565,5,Yes,-3.5697,-0.0285072,0.971837
8,566,5,No,-1.40163,-0.282545,0.753818
8,567,5,Yes,-2.22628,-0.114144,0.892077
8,568,5,Yes,-0.474851,-0.972647,0.378059
8,569,5,Yes,-0.95284,-0.487086,0.614378
8,570,5,Yes,-0.835267,-0.568631,0.566267
8,571,5,Yes,-2.10736,-0.129539,0.878449
8,572,5,Yes,-3.21449,-0.0409432,0.959827
8,573,5,No,-0.364701,-1.1853,0.305636
8,574,5,No,-7.02167e-05,-8.95336,0.000129295
8,575,5,Yes,-4.93362,-0.00716673,0.9928
8,576,5,Yes,-0.905016,-0.518314,0.595488
8,577,5,No,-0.0510093,-2.99994,0.049787
8,578,5,Yes,-2.64063,-0.0739229,0.928688
8,579,5,No,-0.182123,-1.7924,0.166551
8,580,5,No,-0.0066312,-5.01031,0.00666841
8,581,5,No,-0.00151415,-6.45527,0.00157212
8,582,5,No,-0.0110084,-4.50915,0.0110071
8,583,5,Yes,-2.77926,-0.0640316,0.937919
8,584,5,Yes,-3.95315,-0.0193203,0.980807
8,585,5,Yes,-1.17418,-0.369635,0.690945
8,586,5,No,-0.0232678,-3.76972,0.0230572
8,587,5,No,-0.0478666,-3.0619,0.0467959
8,588,5,No,-0.00839541,-4.77712,0.00841973
8,589,5,No,-0.0050108,-5.28685,0.00505738
8,590,5,Yes,-4.17204,-0.0154806,0.98458
8,591,5,No,-0.0166464,-4.10027,0.0165672
8,592,5,No,-0.063357,-2.78952,0.061447
8,593,5,Yes,-0.0481879,-3.05538,0.047102
8,594,5,No,-2.81672,-0.061602,0.940201
8,595,5,No,-0.577593,-0.823686,0.438785
8,596,5,Yes,-1.02433,-0.444691,0.640985
8,597,5,Yes,-4.61492,-0.00989236,0.990098
8,598,5,Yes,-0.337088,-1.25102,0.286196
8,599,5,Yes,-1.61556,-0.221545,0.801233
8,600,5,Yes,-0.47932,-0.965338,0.380832
8,601,5,Yes,-0.380235,-1.15088,0.316339
8,602,5,No,-0.208248,-1.67103,0.188042
8,603,5,Yes,-4.01523,-0.0181428,0.981962
8,604,5,No,-0.580132,-0.820449,0.440208
8,605,5,No,-0.00179529,-6.29087,0.00185304
8,606,5,No,-0.000653361,-7.2467,0.000712481
8,607,5,No,-0.0114157,-4.47323,0.0114097
8,608,5,Yes,-0.720851,-0.666075,0.513691
8,609,5,No,-0.000157488,-8.43628,0.000216842
8,610,5,No,-0.119619,-2.18214,0.112794
8,611,5,Yes,-1.90727,-0.16067,0.851523
8,612,5,Yes,-0.81196,-0.586858,0.556039
8,613,5,Yes,-1.86397,-0.168415,0.844953
8,614,5,Yes,-4.59813,-0.0100615,0.98993
8,615,5,No,-1.96362,-0.151161,0.859659
8,616,5,Yes,-1.88995,-0.16372,0.848929
8,617,5,Yes,-5.04402,-0.00640928,0.993553
8,618,5,Yes,-1.56385,-0.2348,0.790683
8,619,5,Yes,-3.1837,-0.0422529,0.95857
8,620,5,Yes,-4.36771,-0.0127012,0.987321
8,621,5,No,-0.0890814,-2.46172,0.0852834
8,622,5,Yes,-3.62193,-0.0270337,0.973271
8,623,5,Yes,-0.479451,-0.965125,0.380913
8,624,5,Yes,-3.12248,-0.0449857,0.955955
8,625,5,Yes,-1.82427,-0.175875,0.838673
8,626,5,Yes,-5.43191,-0.00432471,0.995625
8,627,5,No,-1.91333e-05,-9.4547,7.83156e-05
8,628,5,Yes,-3.21675,-0.0408485,0.959917
8,629,5,Yes,-1.51004,-0.249543,0.779112
8,630,5,Yes,-0.835671,-0.568322,0.566442
8,631,5,Yes,-2.6011,-0.0770238,0.925813
8,632,5,Yes,-1.48135,-0.257829,0.772682
8,633,5,Yes,-0.680326,-0.706016,0.493578
8,634,5,Yes,-2.03337,-0.140222,0.869114
8,635,5,No,-0.00367625,-5.59163,0.00372872
8,636,5,No,-0.42627,-1.05809,0.347098
8,637,5,Yes,-2.50088,-0.0855071,0.917992
8,638,5,Yes,-2.3502,-0.100142,0.904656
8,639,5,Yes,-0.257135,-1.48371,0.226782
8,640,5,No,-0.000857602,-6.99464,0.000916726
8,641,5,No,-0.232852,-1.57124,0.207776
8,642,5,No,-0.245093,-1.52589,0.217414
8,643,5,Yes,-3.72299,-0.024397,0.97584
8,644,5,Yes,-3.63316,-0.0267268,0.973569
8,645,5,Yes,-2.42895,-0.0921926,0.911876
8,646,5,Yes,-1.70453,-0.200647,0.818153
8,647,5,Yes,-0.873317,-0.540436,0.58246
8,648,5,No,-0.0015249,-6.44837,0.001583
8,649,5,No,-1.74768,-0.191304,0.825833
8,650,5,No,-0.241684,-1.53826,0.214742
8,651,5,Yes,-3.01252,-0.0503554,0.950835
8,652,5,No,-0.913704,-0.512456,0.598988
8,653,5,No,-4.70888e-05,-9.14923,0.000106295
8,654,5,Yes,-0.863475,-0.547551,0.57833
8,655,5,Yes,-3.73039,-0.0242157,0.976018
8,656,5,No,-2.58251,-0.0785293,0.924421
8,657,5,Yes,-1.06768,-0.42121,0.656214
8,658,5,Yes,-4.72194,-0.00887753,0.991103
8,659,5,Yes,-0.717073,-0.669665,0.51185
8,660,5,Yes,-3.97552,-0.0188874,0.981232
8,661,5,No,-1.10955,-0.399951,0.670313
8,662,5,Yes,-2.4626,-0.0889993,0.914792
8,663,5,No,-0.0596043,-2.84865,0.0579189
8,664,5,No,-0.000724936,-7.15108,0.000783973
8,665,5,No,-2.30077e-05,-9.41237,8.1702e-05
8,666,5,Yes,-4.24191,-0.0144252,0.985621
8,667,5,Yes,-2.74748,-0.0661719,0.935915
8,668,5,Yes,-3.63943,-0.0265573,0.973734
8,669,5,Yes,-3.42177,-0.0331388,0.967347
8,670,5,Yes,-1.35164,-0.299426,0.7412
8,671,5,No,-0.00634395,-5.05409,0.00638281
8,672,5,No,-0.0114846,-4.46734,0.0114771
8,673,5,No,-0.000322454,-7.87183,0.000381313
8,674,5,No,-6.90246e-05,-8.96131,0.00012827
8,675,5,No,-4.27971e-05,-9.18555,0.000102504
8,676,5,No,-2.44382e-05,-9.39055,8.35045e-05
8,677,5,Yes,-1.70859,-0.199747,0.81889
8,678,5,No,-0.00635625,-5.05216,0.00639511
8,679,5,No,-2.56777,-0.0797433,0.923298
8,680,5,No,-0.00199099,-6.19086,0.00204795
8,681,5,No,-0.000518695,-7.45599,0.000577933
8,682,5,No,-0.0596218,-2.84838,0.0579348
8,683,5,Yes,-1.42703,-0.274386,0.759993
8,684,5,No,-0.826777,-0.575183,0.562569
8,685,5,No,-0.146539,-1.99241,0.136359
8,686,5,No,-0.00791106,-4.83596,0.00793862
8,687,5,No,-0.000762813,-7.10414,0.00082165
8,688,5,No,-3.62999e-05,-9.25411,9.57121e-05
8,689,5,Yes,-5.16464,-0.0056717,0.994285
8,690,5,No,-0.154937,-1.94079,0.143581
8,691,5,Yes,-1.71245,-0.198896,0.819587
8,692,5,No,-1.38284e-05,-9.52227,7.31991e-05
8,693,5,No,-0.00150108,-6.46347,0.00155928
8,694,5,No,-0.00252135,-5.96091,0.00257741
8,695,5,No,-0.00131897,-6.58742,0.00137751
8,696,5,Yes,-1.63888,-0.215844,0.805814
8,697,5,No,-0.000331695,-7.84649,0.000391098
8,698,5,No,-6.32425e-05,-9.00546,0.000122731
8,699,5,No,-0.00262874,-5.9203,0.00268423
8,700,5,No,-0.00243053,-5.9968,0.00248655
8,701,5,Yes,-2.33765,-0.101473,0.903452
8,702,5,Yes,-1.65364,-0.21232,0.808659
8,703,5,No,-0.0880915,-2.4724,0.084377
8,704,5,No,-0.0566682,-2.89768,0.0551481
8,705,5,No,-0.0196198,-3.93796,0.0194868
8,706,5,No,-0.668619,-0.718172,0.487614
8,707,5,No,-0.000400445,-7.6852,0.000459551
8,708,5,No,-4.8877e-05,-9.13401,0.000107925
8,709,5,Yes,-5.1954,-0.00549758,0.994458
8,710,5,Yes,-1.02381,-0.444986,0.640796
8,711,5,No,-0.00499205,-5.29053,0.0050388
8,712,5,No,-0.0153803,-4.17846,0.0153212
8,713,5,No,-0.267579,-1.4489,0.234815
8,714,5,Yes,-2.9089,-0.0560167,0.945468
8,715,5,Yes,-2.20675,-0.116532,0.889949
8,716,5,Yes,-2.56421,-0.0800401,0.923025
8,717,5,No,-5.63876e-05,-9.06726,0.000115375
8,718,5,No,-0.000144015,-8.49892,0.000203675
8,719,5,No,-0.000410224,-7.66343,0.000469668
8,720,5,No,-0.00107137,-6.78557,0.0011299
8,721,5,No,-0.000384941,-7.71857,0.00044447
8,722,5,No,-0.00146914,-6.48412,0.00152741
8,723,5,No,-0.598104,-0.798051,0.450179
8,724,5,No,-0.00038035,-7.73033,0.000439275
8,725,5,No,-0.147349,-1.98729,0.137058
8,726,5,No,-0.898256,-0.522933,0.592744
8,727,5,Yes,-4.52053,-0.0108825,0.989117
8,728,5,Yes,-4.34778,-0.0129596,0.987065
8,729,5,No,-0.00623725,-5.0708,0.00627701
8,730,5,Yes,-4.73614,-0.00875119,0.991228
8,731,5,Yes,-1.93031,-0.156706,0.854905
8,732,5,Yes,-4.00245,-0.0183795,0.98173
8,733,5,Yes,-3.85314,-0.0213809,0.978788
8,734,5,Yes,-0.473695,-0.974552,0.377339
8,735,5,No,-0.00403005,-5.50126,0.00408139
8,736,5,Yes,-0.790497,-0.604332,0.546407
8,737,5,No,-0.217498,-1.63204,0.195518
8,738,5,Yes,-0.498601,-0.934762,0.392656
8,739,5,No,-0.00035799,-7.7814,0.000417402
8,740,5,No,-0.790621,-0.604229,0.546464
8,741,5,Yes,-1.49416,-0.254089,0.775576
8,742,5,Yes,-2.99558,-0.0512392,0.949995
8,743,5,Yes,-2.79683,-0.0628805,0.939001
8,744,5,No,-0.244821,-1.52687,0.217201
8,745,5,Yes,-1.98477,-0.14775,0.862595
8,746,5,Yes,-1.09386,-0.407762,0.665098
8,747,5,Yes,-2.07407,-0.134234,0.874334
8,748,5,Yes,-0.173554,-1.83642,0.159378
8,749,5,No,-0.00084066,-7.01317,0.000899896
8,750,5,Yes,-3.98126,-0.0187775,0.981339
8,751,5,Yes,-3.68628,-0.0253236,0.974936
8,752,5,No,-0.110469,-2.25718,0.104639
8,753,5,No,-0.40945,-1.09052,0.336023
8,754,5,Yes,-3.04412,-0.0487482,0.952364
8,755,5,Yes,-4.42504,-0.0119861,0.988027
8,756,5,Yes,-4.4622,-0.0115442,0.988464
8,757,5,Yes,-3.83893,-0.021691,0.978485
8,758,5,Yes,-3.218,-0.0407961,0.959967
8,759,5,No,-0.000162197,-8.41575,0.000221341
8,760,5,No,-1.98116,-0.148326,0.862099
8,761,5,No,-0.0108425,-4.52419,0.0108428
8,762,5,No,-0.302632,-1.34251,0.261173
8,763,5,Yes,-3.89781,-0.0204341,0.979715
8,764,5,Yes,-5.02116,-0.0065601,0.993403
8,765,5,No,-0.000811012,-7.04694,0.00087002
8,766,5,Yes,-4.91816,-0.00727996,0.992688
8,767,5,Yes,-2.37157,-0.097916,0.906672
8,768,5,Yes,-3.68239,-0.0254241,0.974839
8,769,5,Yes,-2.63817,-0.0741127,0.928512
8,770,5,Yes,-0.367565,-1.17882,0.307623
8,771,5,No,-0.825362,-0.576285,0.561949
8,772,5,Yes,-3.77121,-0.0232325,0.976977
8,773,5,No,-0.00559486,-5.17809,0.00563842
8,774,5,Yes,-4.00752,-0.0182848,0.981823
8,775,5,No,-0.0118408,-4.43711,0.0118294
8,776,5,Yes,-1.71982,-0.19728,0.820912
8,777,5,No,-0.178205,-1.81224,0.163278
8,778,5,No,-1.41835,-0.277143,0.757902
8,779,5,Yes,-3.5395,-0.0293966,0.970974
8,780,5,Yes,-2.83881,-0.0602134,0.941508
8,781,5,Yes,-4.65393,-0.00950988,0.990476
8,782,5,No,-1.58782,-0.228547,0.795642
8,783,5,No,-0.0142599,-4.25322,0.0142175
8,784,5,No,-4.06512e-05,-9.21144,9.98845e-05
8,785,5,No,-1.18568,-0.364532,0.694481
8,786,5,No,-0.00141793,-6.51804,0.00147647
8,787,5,No,-0.00318659,-5.732,0.0032404
8,788,5,No,-0.0161993,-4.1272,0.016127
8,789,5,No,-0.00648907,-5.03173,0.00652709
8,790,5,Yes,-3.44744,-0.0322834,0.968175
8,791,5,No,-0.0554986,-2.91793,0.0540422
8,792,5,No,-0.129573,-2.10711,0.121582
8,793,5,No,-0.0309827,-3.48783,0.0305654
8,794,5,No,-0.00922307,-4.6842,0.00923956
8,795,5,No,-0.160648,-1.90739,0.148459
8,796,5,Yes,-1.19916,-0.358661,0.69857
8,797,5,Yes,-0.81406,-0.585185,0.55697
8,798,5,No,-1.91978,-0.158505,0.853369
8,799,5,No,-2.79631,-0.0629133,0.938969
8,800,5,Yes,-2.07279,-0.134417,0.874174
8,801,5,No,-8.82784e-05,-8.82041,0.000147679
8,802,5,Yes,-4.71853,-0.00890801,0.991072
8,803,5,No,-0.851098,-0.556673,0.573079
8,804,5,No,-0.073073,-2.65178,0.0705217
8,805,5,Yes,-0.356481,-1.20423,0.299905
8,806,5,No,-0.00161313,-6.39392,0.00167159
8,807,5,Yes,-3.54502,-0.029232,0.971134
8,808,5,No,-0.000731259,-7.14335,0.000790055
8,809,5,Yes,-3.64116,-0.0265108,0.97378
8,810,5,Yes,-0.116615,-2.20608,0.110125
8,811,5,No,-0.99973,-0.45874,0.632043
8,812,5,No,-0.000808089,-7.05061,0.00086683
8,813,5,No,-0.591887,-0.805698,0.44675
8,814,5,No,-0.312187,-1.31597,0.268198
8,815,5,No,-0.0942523,-2.40788,0.090001
8,816,5,Yes,-2.99435,-0.0513039,0.949934
8,817,5,Yes,-3.38537,-0.034391,0.966137
8,818,5,Yes,-1.23788,-0.342405,0.710019
8,819,5,No,-0.0895665,-2.45653,0.0857271
8,820,5,Yes,-1.79439,-0.181725,0.833781
8,821,5,Yes,-3.10642,-0.0457313,0.955242
8,822,5,Yes,-4.02874,-0.0178963,0.982204
8,823,5,Yes,-3.01561,-0.0501961,0.950987
8,824,5,Yes,-5.06339,-0.00628475,0.993676
8,825,5,Yes,-0.994932,-0.461542,0.630273
8,826,5,Yes,-0.00731383,-4.91359,0.00734562
8,827,5,No,-0.000951385,-6.89734,0.0010104
8,828,5,Yes,-3.28315,-0.0381701,0.962492
8,829,5,Yes,-4.07567,-0.0170664,0.98302
8,830,5,No,-3.08757e-05,-9.30958,9.05474e-05
8,831,5,No,-1.2781,-0.326434,0.721449
8,832,5,Yes,-3.60833,-0.02741,0.972904
8,833,5,Yes,-4.44526,-0.0117439,0.988267
8,834,5,Yes,-1.89774,-0.16234,0.850102
8,835,5,Yes,-3.56217,-0.0287264,0.971625
8,836,5,Yes,-1.94634,-0.154011,0.857212
8,837,5,Yes,-3.12477,-0.0448807,0.956056
8,838,5,Yes,-2.92358,-0.0551766,0.946262
8,839,5,No,-5.17382e-05,-9.1058,0.000111014
8,840,5,Yes,-0.674425,-0.712107,0.490581
8,841,5,No,-1.1063,-0.401554,0.66924
8,842,5,No,-2.02658e-05,-9.44368,7.91834e-05
8,843,5,Yes,-3.77181,-0.0232181,0.976991
8,844,5,Yes,-1.42691,-0.274424,0.759965
8,845,5,No,-0.00785213,-4.84334,0.00788023
8,846,5,Yes,-0.147706,-1.98505,0.137366
8,847,5,No,-0.000473015,-7.53785,0.000532512
8,848,5,No,-0.00151367,-6.4554,0.00157192
8,849,5,Yes,-2.46503,-0.0887735,0.914999
8,850,5,No,-8.89937e-05,-8.81732,0.000148136
8,851,5,Yes,-3.25212,-0.0393994,0.96131
8,852,5,No,-0.163151,-1.89316,0.150587
8,853,5,Yes,-0.538808,-0.875592,0.416591
8,854,5,Yes,-4.38012,-0.0125434,0.987477
8,855,5,No,-0.628886,-0.761698,0.466846
8,856,5,No,-0.0165448,-4.10632,0.0164672
8,857,5,No,-0.136449,-2.05878,0.127601
8,858,5,No,-0.107522,-2.28276,0.101997
8,859,5,Yes,-0.646438,-0.742022,0.476122
8,860,5,No,-0.444496,-1.02468,0.35889
8,861,5,Yes,-3.41685,-0.033305,0.967186
8,862,5,No,-0.026563,-3.63924,0.0262707
8,863,5,No,-0.00294009,-5.8106,0.00299546
8,864,5,Yes,-4.25247,-0.0142716,0.985772
8,865,5,No,-0.00025359,-8.06914,0.000313033
8,866,5,No,-0.000229623,-8.14918,0.000288955
8,867,5,No,-0.000131198,-8.56494,0.000190663
8,868,5,Yes,-0.790855,-0.604034,0.54657
8,869,5,Yes,-0.467012,-0.985677,0.373165
8,870,5,No,-0.00236767,-6.02218,0.00242424
8,871,5,No,-0.00290105,-5.8239,0.00295588
8,872,5,Yes,-2.90444,-0.0562739,0.945224
8,873,5,Yes,-2.89728,-0.0566909,0.94483
8,874,5,Yes,-2.50761,-0.0849081,0.918543
8,875,5,No,-0.122834,-2.1572,0.115642
8,876,5,Yes,-1.90883,-0.160398,0.851755
8,877,5,No,-0.0151513,-4.19332,0.0150952
8,878,5,Yes,-4.76763,-0.00847692,0.9915
8,879,5,Yes,-2.00786,-0.144121,0.865732
8,880,5,Yes,-4.36067,-0.0127926,0.987231
8,881,5,No,-0.00802203,-4.82214,0.00804908
8,882,5,Yes,-4.54358,-0.0106322,0.989365
8,883,5,Yes,-4.65983,-0.00945241,0.990533
8,884,5,Yes,-1.21833,-0.350501,0.704294
8,885,5,Yes,-2.26907,-0.109089,0.896598
8,886,5,Yes,-4.41926,-0.0120552,0.987958
8,887,5,No,-0.994552,-0.461766,0.630133
8,888,5,Yes,-0.689872,-0.696315,0.498389
8,889,5,Yes,-0.29077,-1.37685,0.252356
8,890,5,Yes,-1.30404,-0.316596,0.728582
8,891,5,Yes,-3.83179,-0.0218485,0.978331
8,892,5,Yes,-4.9575,-0.00699529,0.99297
8,893,5,Yes,-4.20643,-0.0149509,0.985101
8,894,5,Yes,-4.3075,-0.0134989,0.986534
8,895,5,Yes,-3.79818,-0.022605,0.97759
8,896,5,No,-9.35241e-05,-8.78537,0.000152945
8,897,5,No,-0.000136027,-8.54166,0.000195154
8,898,5,Yes,-2.43848,-0.0912771,0.912711
8,899,5,No,-7.88004e-05,-8.88852,0.000137956
8,900,5,No,-6.06198e-05,-9.02852,0.000119933
8,901,5,Yes,-4.65253,-0.0095236,0.990463
8,902,5,Yes,-1.16504,-0.37375,0.688109
8,903,5,No,-0.0319159,-3.45869,0.0314692
8,904,5,Yes,-4.06181,-0.017308,0.982783
8,905,5,Yes,-4.24012,-0.0144504,0.985595
8,906,5,Yes,-4.04474,-0.0176094,0.982487
8,907,5,No,-0.118445,-2.19142,0.111752
8,908,5,No,-0.378768,-1.15406,0.315336
8,909,5,No,-0.231461,-1.57656,0.206673
8,910,5,Yes,-1.51212,-0.248953,0.779571
8,911,5,No,-0.000108308,-8.69296,0.000167753
8,912,5,Yes,-0.621595,-0.77009,0.462944
8,913,5,No,-0.201507,-1.70067,0.182551
8,914,5,No,-0.000622049,-7.29148,0.000681276
8,915,5,Yes,-3.89841,-0.0204222,0.979727
8,916,5,No,-0.00569424,-5.16062,0.00573782
8,917,5,Yes,-1.83799,-0.173257,0.840873
8,918,5,Yes,-3.31642,-0.0368956,0.96372
8,919,5,Yes,-4.56492,-0.0104061,0.98959
8,920,5,Yes,-2.33127,-0.102159,0.902833
8,921,5,No,-0.00573105,-5.15436,0.00577385
8,922,5,No,-0.109725,-2.26357,0.103973
8,923,5,Yes,-4.00337,-0.0183615,0.981747
8,924,5,Yes,-4.48135,-0.0113225,0.988683
8,925,5,Yes,-0.378338,-1.15499,0.315042
8,926,5,Yes,-4.64759,-0.0095712,0.990416
8,927,5,Yes,-2.5174,-0.0840445,0.919336
8,928,5,No,-0.000387982,-7.71158,0.000447585
8,929,5,No,-8.97686e-05,-8.81199,0.000148928
8,930,5,Yes,-2.35998,-0.0991175,0.905583
8,931,5,No,-0.0165521,-4.10589,0.0164744
8,932,5,No,-0.0082639,-4.79276,0.00828905
8,933,5,Yes,-2.19051,-0.118558,0.888147
8,934,5,No,-0.00068211,-7.20751,0.000740955
8,935,5,No,-0.00164059,-6.37792,0.00169855
8,936,5,Yes,-3.39276,-0.034132,0.966386
8,937,5,No,-0.000961885,-6.8873,0.0010206
8,938,5,No,-0.0119597,-4.42717,0.0119475
8,939,5,No,-0.000912665,-6.93687,0.000971243
8,940,5,Yes,-2.96057,-0.0531163,0.948214
8,941,5,No,-0.00961284,-4.64329,0.00962545
8,942,5,No,-0.0360999,-3.33778,0.0355135
8,943,5,Yes,-5.31673,-0.00486171,0.995091
8,944,5,Yes,-0.181107,-1.7975,0.165703
8,945,5,No,-0.0243244,-3.72595,0.0240887
8,946,5,Yes,-2.15103,-0.123644,0.883643
8,947,5,Yes,-0.447035,-1.02016,0.360516
8,948,5,Yes,-3.78505,-0.0229084,0.977294
8,949,5,Yes,-4.57166,-0.010335,0.98966
8,950,5,No,-0.00294295,-5.80973,0.00299805
8,951,5,Yes,-3.76916,-0.0232811,0.97693
8,952,5,Yes,-1.1376,-0.38644,0.679432
8,953,5,Yes,-1.42268,-0.275764,0.758948
8,954,5,Yes,-3.9374,-0.0196307,0.980502
8,955,5,Yes,-0.865096,-0.54637,0.579014
8,956,5,Yes,-4.11162,-0.0164564,0.98362
8,957,5,Yes,-3.33821,-0.0360851,0.964502
8,958,5,Yes,-4.03516,-0.0177806,0.982318
8,959,5,No,-0.0166881,-4.09782,0.0166079
8,960,5,No,-0.000942913,-6.90566,0.00100203
8,961,5,Yes,-3.41426,-0.0333929,0.967101
8,962,5,No,-0.00084233,-7.0111,0.000901761
8,963,5,No,-0.107849,-2.27988,0.10229
8,964,5,No,-0.521794,-0.899915,0.40658
8,965,5,No,-0.00412054,-5.47947,0.00417129
8,966,5,No,-0.0151709,-4.19204,0.0151146
8,967,5,No,-0.0244163,-3.72223,0.0241787
8,968,5,No,-1.33948,-0.303707,0.738034
8,969,5,Yes,-1.18197,-0.366173,0.693343
8,970,5,Yes,-3.54023,-0.0293751,0.970995
8,971,5,Yes,-3.22587,-0.0404699,0.960281
8,972,5,No,-0.0274633,-3.60643,0.027147
8,973,5,No,-0.0681569,-2.71893,0.0659412
8,974,5,Yes,-1.4956,-0.253676,0.775898
8,975,5,No,-0.403334,-1.10271,0.33195
8,976,5,No,-0.409365,-1.09068,0.335968
8,977,5,Yes,-1.06916,-0.420433,0.656724
8,978,5,Yes,-3.10199,-0.045939,0.955043
8,979,5,Yes,-0.245929,-1.52289,0.218068
8,980,5,Yes,-0.394207,-1.12134,0.325825
8,981,5,Yes,-0.360488,-1.19494,0.302705
8,982,5,Yes,-0.269879,-1.44144,0.236573
8,983,5,Yes,-2.57941,-0.0787831,0.924186
8,984,5,No,-0.437178,-1.03789,0.354181
8,985,5,No,-0.865065,-0.546393,0.579001
8,986,5,Yes,-0.88241,-0.533967,0.58624
8,987,5,Yes,-0.829421,-0.573132,0.563724
8,988,5,Yes,-3.39479,-0.0340628,0.966454
8,989,5,Yes,-1.605,-0.224182,0.799123
8,990,5,Yes,-0.650812,-0.737231,0.478409
8,991,5,Yes,-0.808122,-0.589933,0.554332
8,992,5,No,-0.459112,-0.999091,0.368193
8,993,5,Yes,-1.90237,-0.161526,0.850794
8,994,5,Yes,-1.34538,-0.301621,0.739575
8,995,5,Yes,-0.862909,-0.547964,0.578092
8,996,5,Yes,-2.82951,-0.0607937,0.940962
8,997,5,Yes,-2.60813,-0.0764634,0.926332
8,998,5,Yes,-3.99676,-0.0184857,0.981626
8,999,5,Yes,-3.99015,-0.0186096,0.981504
8,1000,5,Yes,-1.70136,-0.201352,0.817576
8,1001,5,Yes,-2.24142,-0.112328,0.893699
8,1002,5,Yes,-3.81272,-0.0222752,0.977913
8,1003,5,Yes,-4.68896,-0.00917891,0.990804
8,1004,5,Yes,-4.7599,-0.00854365,0.991434
8,1005,5,No,-0.417337,-1.07511,0.34124
8,1006,5,Yes,-0.909799,-0.515079,0.597418
8,1007,5,Yes,-2.68929,-0.0702827,0.932075
8,1008,5,Yes,-1.07141,-0.419258,0.657495
8,1009,5,Yes,-4.33984,-0.0130642,0.986962
8,1010,5,Yes,-4.0563,-0.0174039,0.982688
8,1011,5,Yes,-4.0626,-0.0172939,0.982797
8,1012,5,Yes,-4.05699,-0.0173921,0.9827
8,1013,5,Yes,-1.7607,-0.188578,0.828086
8,1014,5,Yes,-4.45149,-0.0116693,0.988339
8,1015,5,No,-0.023155,-3.77451,0.0229469
8,1016,5,Yes,-2.0428,-0.138809,0.870343
8,1017,5,Yes,-2.88013,-0.057702,0.943876
8,1018,5,Yes,-3.09225,-0.0464001,0.954603
8,1019,5,Yes,-4.18809,-0.015231,0.984826
8,1020,5,No,-0.00114799,-6.71986,0.00120663
8,1021,5,No,-0.0158343,-4.14972,0.0157679
8,1022,5,No,-0.00794327,-4.83193,0.00797067
8,1023,5,Yes,-4.38008,-0.012543,0.987476
8,1024,5,Yes,-2.48167,-0.0872412,0.916402
8,1025,5,Yes,-0.670967,-0.71571,0.488816
8,1026,5,Yes,-3.44665,-0.0323095,0.96815
8,1027,5,Yes,-1.08088,-0.414363,0.660722
8,1028,5,Yes,-1.63504,-0.216772,0.805066
8,1029,5,Yes,-1.91118,-0.159989,0.852103
8,1030,5,Yes,-2.12072,-0.127704,0.880062
8,1031,5,Yes,-0.231049,-1.57814,0.206346
8,1032,5,No,-0.00988929,-4.61522,0.00989945
8,1033,5,No,-0.0704402,-2.68713,0.0680718
8,1034,5,No,-1.61031,-0.222852,0.800186
8,1035,5,Yes,-2.02568,-0.141386,0.868104
8,1036,5,Yes,-3.18488,-0.0422021,0.958619
8,1037,5,Yes,-3.36504,-0.0351104,0.965441
8,1038,5,No,-0.00195444,-6.20858,0.00201197
8,1039,5,No,-0.050493,-3.00986,0.0492957
8,1040,5,No,-0.0915682,-2.43542,0.0875554
8,1041,5,Yes,-4.02207,-0.0180175,0.982085
8,1042,5,Yes,-3.66441,-0.0258917,0.974382
8,1043,5,No,-0.907307,-0.516761,0.596414
8,1044,5,Yes,-2.73795,-0.0668282,0.935301
8,1045,5,Yes,-1.51584,-0.247902,0.78039
8,1046,5,No,-0.00389529,-5.53474,0.003947
8,1047,5,No,-0.00816,-4.80528,0.0081859
8,1048,5,No,-5.9368e-05,-9.03581,0.000119062
8,1049,5,No,-7.9933e-05,-8.88047,0.000139071
8,1050,5,No,-2.41998e-05,-9.38436,8.4023e-05
8,1051,5,No,-8.41653e-05,-8.84858,0.000143577
8,1052,5,No,-3.62999e-05,-9.25694,9.54409e-05
8,1053,5,No,-7.11109e-05,-8.94178,0.0001308
8,1054,5,No,-0.0340868,-3.39407,0.0335697
8,1055,5,No,-0.00190827,-6.232,0.0019654
8,1056,5,No,-0.00206923,-6.15318,0.00212659
8,1057,5,No,-0.000625687,-7.2867,0.000684546
8,1058,5,No,-0.000185566,-8.31557,0.000244663
8,1059,5,No,-6.56865e-05,-8.9908,0.000124543
8,1060,5,No,-0.00415196,-5.47198,0.00420264
8,1061,5,Yes,-2.35399,-0.0997429,0.905017
8,1062,5,Yes,-4.88695,-0.00751313,0.992456
8,1063,5,No,-4.3547,-0.0128696,0.987154
8,1064,5,Yes,-5.1075,-0.00601026,0.993949
8,1065,5,No,-2.0232,-0.141763,0.867776
8,1066,5,No,-0.000130066,-8.5727,0.000189189
8,1067,5,No,-5.79374e-05,-9.05335,0.000116991
8,1068,5,No,-0.0520555,-2.98019,0.0507802
8,1069,5,No,-0.000831711,-7.02326,0.000890861
8,1070,5,No,-0.000101452,-8.7361,0.00016067
8,1071,5,No,-1.6749e-05,-9.48767,7.57759e-05
8,1072,5,No,-0.122497,-2.15977,0.115345
8,1073,5,No,-1.37092e-05,-9.52437,7.30452e-05
8,1074,5,No,-0.000162972,-8.41173,0.000222233
8,1075,5,No,-6.06794e-05,-9.03136,0.000119592
8,1076,5,No,-0.719129,-0.667709,0.512852
8,1077,5,No,-0.00794423,-4.83186,0.00797117
8,1078,5,No,-0.316583,-1.30407,0.271409
8,1079,5,No,-0.00170734,-6.33956,0.00176497
8,1080,5,No,-0.00495401,-5.29803,0.00500115
8,1081,5,No,-0.00641258,-5.04352,0.00645063
8,1082,5,Yes,-0.453705,-1.00844,0.364767
8,1083,5,No,-0.00675175,-4.99257,0.00678781
8,1084,5,Yes,-4.13501,-0.0160719,0.983998
8,1085,5,Yes,-4.89598,-0.00744569,0.992524
8,1086,5,Yes,-4.94585,-0.00707861,0.992888
8,1087,5,Yes,-0.13616,-2.06077,0.127348
8,1088,5,No,-0.186294,-1.77178,0.17002
8,1089,5,Yes,-0.853285,-0.555046,0.574012
8,1090,5,Yes,-1.22152,-0.349165,0.705235
8,1091,5,Yes,-4.00189,-0.01839,0.98172
8,1092,5,Yes,-2.97882,-0.0521294,0.94915
8,1093,5,No,-0.00122443,-6.65841,0.00128311
8,1094,5,No,-0.00118212,-6.69214,0.00124055
8,1095,5,No,-0.000735792,-7.13689,0.000795172
8,1096,5,No,-0.0245428,-3.71713,0.0243023
8,1097,5,No,-0.000968329,-6.88072,0.00102734
8,1098,5,No,-0.00869809,-4.74217,0.00871915
8,1099,5,Yes,-0.142809,-2.01636,0.133132
8,1100,5,No,-1.04612,-0.432689,0.648724
8,1101,5,Yes,-3.5619,-0.028734,0.971617
8,1102,5,Yes,-4.05012,-0.017513,0.982581
8,1103,5,Yes,-4.55392,-0.0105211,0.989475
8,1104,5,Yes,-0.875607,-0.538796,0.583416
8,1105,5,No,-0.499443,-0.933462,0.393167
8,1106,5,Yes,-0.690378,-0.695805,0.498643
8,1107,5,No,-0.708594,-0.67782,0.507693
8,1108,5,Yes,-3.85833,-0.0212687,0.978898
8,1109,5,Yes,-4.40064,-0.0122853,0.987731
8,1110,5,Yes,-5.11844,-0.00594424,0.994015
8,1111,5,Yes,-4.02854,-0.0179008,0.982201
8,1112,5,Yes,-3.46319,-0.03177,0.968672
8,1113,5,Yes,-2.81608,-0.0616421,0.940163
8,1114,5,Yes,-3.15059,-0.0437089,0.957176
8,1115,5,Yes,-1.87622,-0.166183,0.846842
8,1116,5,No,-0.0867049,-2.48757,0.0831071
8,1117,5,Yes,-2.29632,-0.105994,0.899378
8,1118,5,Yes,-4.30384,-0.0135485,0.986484
8,1119,5,Yes,-2.45493,-0.0897167,0.914136
8,1120,5,Yes,-1.87095,-0.167139,0.846031
8,1121,5,Yes,-2.8127,-0.061858,0.939961
8,1122,5,Yes,-4.09255,-0.0167775,0.983304
8,1123,5,Yes,-0.579918,-0.820721,0.440088
8,1124,5,Yes,-3.91367,-0.0201088,0.980034
8,1125,5,Yes,-2.0398,-0.139257,0.869953
8,1126,5,Yes,-3.67841,-0.0255269,0.974738
8,1127,5,No,-1.94343,-0.154496,0.856797
8,1128,5,No,-0.385982,-1.13857,0.320257
8,1129,5,No,-0.607128,-0.787138,0.455119
8,1130,5,No,-1.37923,-0.289972,0.748241
8,1131,5,Yes,-3.10051,-0.0460094,0.954976
8,1132,5,Yes,-1.84368,-0.172184,0.841775
8,1133,5,Yes,-4.17282,-0.0154677,0.984592
8,1134,5,Yes,-4.57994,-0.0102484,0.989745
8,1135,5,Yes,-4.01176,-0.0182064,0.9819
8,1136,5,Yes,-3.76479,-0.0233847,0.976829
8,1137,5,Yes,-3.96428,-0.0191037,0.981019
8,1138,5,Yes,-0.222362,-1.61227,0.199422
8,1139,5,No,-0.570428,-0.832927,0.434749
8,1140,5,Yes,-3.54799,-0.0291436,0.971219
8,1141,5,Yes,-2.83486,-0.0604586,0.941277
8,1142,5,Yes,-4.0528,-0.017466,0.982627
8,1143,5,Yes,-4.91765,-0.0072838,0.992684
8,1144,5,Yes,-4.01915,-0.0180707,0.982033
8,1145,5,No,-0.536017,-0.879515,0.41496
8,1146,5,Yes,-2.6204,-0.0754942,0.927231
8,1147,5,Yes,-3.88981,-0.0206004,0.979552
8,1148,5,Yes,-3.17088,-0.042811,0.958036
8,1149,5,Yes,-3.45701,-0.0319705,0.968478
8,1150,5,Yes,-0.334268,-1.25808,0.284181
8,1151,5,Yes,-3.13918,-0.044222,0.956685
8,1152,5,Yes,-2.29019,-0.106682,0.898759
8,1153,5,No,-0.111251,-2.25051,0.105339
8,1154,5,No,-0.00117997,-6.69389,0.00123838
8,1155,5,No,-0.0283925,-3.57368,0.0280507
8,1156,5,No,-0.00815687,-4.8057,0.00818247
8,1157,5,No,-0.00324728,-5.71343,0.00330113
8,1158,5,No,-0.00740119,-4.90173,0.00743324
8,1159,5,No,-0.669419,-0.717331,0.488024
8,1160,5,Yes,-1.36714,-0.29407,0.745181
8,1161,5,Yes,-0.983368,-0.468389,0.625973
8,1162,5,No,-0.0538931,-2.94644,0.0525232
8,1163,5,Yes,-1.61291,-0.222204,0.800705
8,1164,5,No,-0.0175981,-4.04535,0.0175025
8,1165,5,No,-0.135619,-2.06448,0.126877
8,1166,5,Yes,-2.02306,-0.141783,0.867758
8,1167,5,Yes,-1.88452,-0.164689,0.848107
8,1168,5,Yes,-3.25506,-0.0392809,0.961424
8,1169,5,Yes,-0.497013,-0.937224,0.391691
8,1170,5,Yes,-2.16917,-0.121279,0.885734
8,1171,5,No,-0.136898,-2.05572,0.127993
8,1172,5,Yes,-3.29203,-0.0378261,0.962824
8,1173,5,No,-0.265922,-1.45432,0.233546
8,1174,5,No,-0.490345,-0.947669,0.387621
8,1175,5,Yes,-2.94701,-0.0538622,0.947507
8,1176,5,No,-0.730594,-0.656938,0.518406
8,1177,5,Yes,-3.7227,-0.0244046,0.975833
8,1178,5,Yes,-2.42457,-0.0926175,0.911489
8,1179,5,No,-0.121027,-2.17112,0.114042
8,1180,5,Yes,-4.58464,-0.0101995,0.989793
8,1181,5,Yes,-0.660693,-0.726569,0.483537
8,1182,5,Yes,-3.50947,-0.0303081,0.970089
8,1183,5,No,-0.00663834,-5.00924,0.00667555
8,1184,5,Yes,-4.21878,-0.0147659,0.985284
8,1185,5,No,-2.74237,-0.066523,0.935586
8,1186,5,Yes,-2.10034,-0.130514,0.877592
8,1187,5,No,-0.587828,-0.810746,0.4445
8,1188,5,No,-0.336116,-1.25345,0.285502
8,1189,5,No,-0.00662022,-5.01198,0.00665732
8,1190,5,No,-9.87102e-05,-8.75304,0.000157971
8,1191,5,No,-6.96206e-05,-8.95766,0.000128739
8,1192,5,No,-9.81141e-05,-8.75561,0.000157565
8,1193,5,No,-3.74324e-05,-9.24625,9.64666e-05
8,1194,5,No,-0.0109339,-4.51587,0.0109334
8,1195,5,No,-0.0344812,-3.38278,0.033951
8,1196,5,No,-0.000176565,-8.35134,0.000236065
8,1197,5,No,-0.000560023,-7.38752,0.000618891
8,1198,5,No,-0.00049019,-7.50655,0.000549441
8,1199,5,No,-0.0030862,-5.7633,0.00314055
8,1200,5,No,-0.00014169,-8.51366,0.000200695
8,1201,5,No,-0.000304805,-7.91648,0.000364661
8,1202,5,Yes,-5.03559,-0.00646471,0.993498
8,1203,5,Yes,-5.15535,-0.00572589,0.994232
8,1204,5,Yes,-5.37546,-0.00458006,0.995372
8,1205,5,Yes,-4.92478,-0.00723163,0.992736
8,1206,5,No,-2.81338e-05,-9.34513,8.73848e-05
8,1207,5,No,-0.000409687,-7.66549,0.000468698
8,1208,5,No,-2.93259e-05,-9.32937,8.87727e-05
8,1209,5,No,-0.000333663,-7.84191,0.000392893
8,1210,5,No,-9.37625e-05,-8.78243,0.000153395
8,1211,5,No,-0.000181274,-8.33236,0.00024059
8,1212,5,No,-0.00619503,-5.07751,0.00623506
8,1213,5,No,-0.00691018,-4.96963,0.00694534
8,1214,5,No,-0.732031,-0.655605,0.519097
8,1215,5,No,-0.0289137,-3.55578,0.0285574
8,1216,5,No,-0.00322348,-5.72067,0.00327732
8,1217,5,Yes,-0.968466,-0.477401,0.620357
8,1218,5,No,-0.198558,-1.71398,0.180136
8,1219,5,No,-0.371708,-1.16956,0.310485
8,1220,5,Yes,-0.411123,-1.08722,0.337134
8,1221,5,Yes,-4.5814,-0.0102331,0.98976
8,1222,5,Yes,-4.37899,-0.0125574,0.987463
8,1223,5,Yes,-2.70274,-0.06931,0.932983
8,1224,5,No,-0.00136588,-6.5545,0.00142362
8,1225,5,No,-0.000910577,-6.93839,0.000969769
8,1226,5,No,-0.000377369,-7.73619,0.000436708
8,1227,5,No,-0.00916712,-4.69019,0.0091844
8,1228,5,No,-0.00125726,-6.63375,0.00131514
8,1229,5,No,-0.00336647,-5.67803,0.00342008
8,1230,5,No,-0.0126243,-4.3737,0.0126037
8,1231,5,No,-0.00356008,-5.62308,0.00361327
8,1232,5,No,-0.06212,-2.8086,0.0602857
8,1233,5,No,-0.002128,-6.12593,0.00218534
8,1234,5,Yes,-2.00521,-0.144532,0.865376
8,1235,5,Yes,-2.90341,-0.0563341,0.945167
8,1236,5,Yes,-3.78708,-0.0228617,0.97734
8,1237,5,Yes,-1.94218,-0.154705,0.856617
8,1238,5,No,-0.0795521,-2.57008,0.0765248
8,1239,5,No,-0.0249403,-3.70129,0.0246902
8,1240,5,Yes,-3.364,-0.0351482,0.965405
8,1241,5,Yes,-2.0016,-0.145095,0.864889
8,1242,5,Yes,-4.7549,-0.00858693,0.991391
8,1243,5,Yes,-4.53644,-0.0107087,0.989289
8,1244,5,No,-0.00159235,-6.40681,0.00165019
8,1245,5,Yes,-3.21196,-0.0410498,0.959725
8,1246,5,Yes,-4.01073,-0.0182261,0.981881
8,1247,5,No,-0.00123983,-6.64626,0.00129879
8,1248,5,No,-0.000513089,-7.46621,0.000572057
8,1249,5,No,-0.239528,-1.54618,0.213047
8,1250,5,No,-0.000994223,-6.85576,0.00105331
8,1251,5,Yes,-4.67008,-0.00935626,0.990629
8,1252,5,Yes,-4.02014,-0.0180525,0.982051
8,1253,5,No,-0.00147057,-6.48321,0.0015288
8,1254,5,No,-0.000883791,-6.96685,0.000942559
8,1255,5,No,-0.000570997,-7.37054,0.000629489
8,1256,5,Yes,-1.45578,-0.265478,0.766795
8,1257,5,Yes,-0.928053,-0.502963,0.6047
8,1258,5,Yes,-4.8572,-0.00774208,0.992228
8,1259,5,Yes,-4.19212,-0.0151688,0.984887
8,1260,5,No,-0.00018038,-8.3368,0.000239524
8,1261,5,Yes,-3.43368,-0.0327379,0.967734
8,1262,5,No,-0.000139365,-8.52691,0.000198055
8,1263,5,Yes,-5.07275,-0.00622465,0.993735
8,1264,5,No,-0.00145171,-6.49572,0.0015098
8,1265,5,Yes,-1.85685,-0.169728,0.843845
8,1266,5,No,-0.00348555,-5.644,0.00353848
8,1267,5,Yes,-4.67524,-0.00930747,0.990677
8,1268,5,No,-0.00062682,-7.28428,0.000686203
8,1269,5,Yes,-4.30337,-0.0135552,0.986478
8,1270,5,No,-0.0459754,-3.10122,0.0449916
8,1271,5,No,-0.112982,-2.23593,0.106886
8,1272,5,No,-0.00764279,-4.87001,0.00767286
8,1273,5,Yes,-4.0872,-0.0168675,0.983215
8,1274,5,No,-0.00144544,-6.50014,0.00150314
8,1275,5,Yes,-3.99644,-0.018492,0.98162
8,1276,5,No,-0.00110568,-6.75598,0.00116383
8,1277,5,No,-0.00615394,-5.08408,0.00619423
8,1278,5,No,-0.150025,-1.9706,0.139365
8,1279,5,No,-4.30355e-05,-9.185,0.00010256
8,1280,5,No,-0.10494,-2.30579,0.0996744
8,1281,5,Yes,-4.82925,-0.00796441,0.992008
8,1282,5,No,-4.8018,-0.00818854,0.991786
8,1283,5,No,-0.00151678,-6.45344,0.00157499
8,1284,5,No,-0.000126966,-8.59013,0.000185921
8,1285,5,No,-0.470095,-0.980519,0.375094
8,1286,5,Yes,-5.38229,-0.00454755,0.995403
8,1287,5,Yes,-3.17055,-0.0428249,0.958022
8,1288,5,No,-0.000115044,-8.65137,0.000174877
8,1289,5,No,-9.31068e-05,-8.78838,0.000152486
8,1290,5,Yes,-4.78637,-0.00831739,0.991658
8,1291,5,No,-8.88113e-06,-9.58908,6.84681e-05
8,1292,5,No,-6.58653e-05,-8.98829,0.000124856
8,1293,5,No,-6.16331e-05,-9.02167,0.000120757
8,1294,5,No,-2.84914e-05,-9.34105,8.77416e-05
8,1295,5,Yes,-4.26591,-0.0140782,0.985962
8,1296,5,Yes,-4.17263,-0.0154711,0.984589
8,1297,5,No,-0.000101929,-8.7342,0.000160976
8,1298,5,No,-6.87861e-05,-8.96019,0.000128414
8,1299,5,No,-0.000201246,-8.25129,0.000260907
8,1300,5,Yes,-4.32284,-0.0132907,0.986739
8,1301,5,No,-0.0933229,-2.41732,0.0891546
8,1302,5,No,-1.44877,-0.267618,0.765155
8,1303,5,No,-0.00207628,-6.15011,0.00213312
8,1304,5,No,-0.0040045,-5.50765,0.00405538
8,1305,5,No,-1.0621,-0.424145,0.654291
8,1306,5,Yes,-4.24582,-0.0143673,0.985677
8,1307,5,No,-0.00799151,-4.82588,0.00801898
8,1308,5,No,-0.00804126,-4.81982,0.00806773
8,1309,5,No,-0.00498606,-5.29164,0.00503322
8,1310,5,Yes,-3.6898,-0.0252324,0.975024
8,1311,5,Yes,-3.74522,-0.023853,0.976371
8,1312,5,Yes,-4.23508,-0.0145237,0.985522
8,1313,5,Yes,-3.96625,-0.019065,0.981057
8,1314,5,Yes,-1.43995,-0.27034,0.763074
8,1315,5,No,-0.254774,-1.4918,0.224954
8,1316,5,Yes,-2.6848,-0.0706105,0.931769
8,1317,5,No,-0.133621,-2.07834,0.12513
8,1318,5,No,-0.0011416,-6.725,0.00120045
8,1319,5,No,-0.299111,-1.35254,0.258567
8,1320,5,Yes,-5.34078,-0.0047436,0.995208
8,1321,5,No,-0.00125445,-6.63542,0.00131294
8,1322,5,Yes,-3.90067,-0.0203753,0.979773
8,1323,5,No,-0.908778,-0.515767,0.597007
8,1324,5,No,-0.080458,-2.5592,0.0773618
8,1325,5,Yes,-3.48948,-0.0309302,0.969485
8,1326,5,Yes,-4.18715,-0.0152451,0.984811
8,1327,5,Yes,-2.79665,-0.0628912,0.93899
8,1328,5,Yes,-5.6078,-0.00361595,0.996331
8,1329,5,No,-0.0137618,-4.28836,0.0137266
8,1330,5,No,-0.312908,-1.314,0.268726
8,1331,5,Yes,-2.77735,-0.064158,0.937801
8,1332,5,Yes,-0.474091,-0.973899,0.377586
8,1333,5,Yes,-2.95481,-0.0534311,0.947915
8,1334,5,Yes,-2.47194,-0.0881332,0.915584
8,1335,5,Yes,-2.36392,-0.0987078,0.905955
8,1336,5,Yes,-2.33997,-0.101227,0.903675
8,1337,5,Yes,-3.27388,-0.0385323,0.962143
8,1338,5,Yes,-2.4701,-0.088304,0.915428
8,1339,5,Yes,-4.29062,-0.0137304,0.986304
8,1340,5,Yes,-4.05708,-0.01739,0.982701
8,1341,5,Yes,-3.55258,-0.0290074,0.971351
8,1342,5,Yes,-3.98123,-0.0187778,0.981339
8,1343,5,Yes,-5.31557,-0.00486626,0.995086
8,1344,5,Yes,-3.4317,-0.0328051,0.96767
8,1345,5,Yes,-1.88535,-0.16454,0.848234
8,1346,5,No,-0.0434373,-3.15667,0.0425646
8,1347,5,Yes,-5.11905,-0.00594064,0.994019
8,1348,5,Yes,-3.19566,-0.0417399,0.959063
8,1349,5,Yes,-2.00715,-0.144231,0.865636
8,1350,5,No,-4.49091,-0.0112135,0.98879
8,1351,5,Yes,-0.806924,-0.590897,0.553798
8,1352,5,Yes,-0.212138,-1.6544,0.191195
8,1353,5,Yes,-5.23067,-0.00530419,0.99465
8,1354,5,No,-0.667545,-0.719301,0.487064
8,1355,5,Yes,-4.85558,-0.00775559,0.992216
8,1356,5,Yes,-3.40955,-0.0335544,0.966946
8,1357,5,Yes,-3.01791,-0.0500774,0.951099
8,1358,5,No,-0.291512,-1.37466,0.252911
8,1359,5,Yes,-4.36948,-0.0126779,0.987343
8,1360,5,No,-0.398791,-1.11192,0.328908
8,1361,5,Yes,-1.19645,-0.359831,0.697754
8,1362,5,Yes,-1.02282,-0.445541,0.64044
8,1363,5,No,-1.26104,-0.333097,0.716659
8,1364,5,Yes,-2.25515,-0.110707,0.895148
8,1365,5,Yes,-1.1914,-0.362029,0.696221
8,1366,5,Yes,-3.2791,-0.0383283,0.96234
8,1367,5,Yes,-0.307767,-1.32813,0.264956
8,1368,5,Yes,-4.05055,-0.0175053,0.982588
8,1369,5,Yes,-2.37238,-0.0978319,0.906747
8,1370,5,Yes,-3.08868,-0.0465712,0.954441
8,0,6,No,-6.92034e-05,-8.96307,0.000128046
8,1,6,No,-4.50621e-05,-9.17481,0.00010361
8,2,6,No,-0.0352469,-3.36123,0.0346906
8,3,6,Yes,-2.43162,-0.0919356,0.91211
8,4,6,No,-0.00963745,-4.64076,0.00964975
8,5,6,Yes,-2.59945,-0.0771572,0.92569
8,6,6,No,-0.283201,-1.39962,0.246676
8,7,6,No,-0.0431496,-3.16317,0.0422889
8,8,6,No,-1.23247,-0.344624,0.708445
8,9,6,No,-0.0145066,-4.23631,0.01446
8,10,6,No,-0.00143279,-6.50815,0.00149115
8,11,6,No,-0.00290864,-5.82139,0.00296332
8,12,6,No,-0.000689804,-7.19672,0.000748996
8,13,6,No,-0.045219,-3.11743,0.0442684
8,14,6,Yes,-0.111871,-2.24526,0.105893
8,15,6,Yes,-1.04468,-0.43347,0.648218
8,16,6,No,-0.00284384,-5.8433,0.00289909
8,17,6,No,-0.00161683,-6.3919,0.00167498
8,18,6,Yes,-2.57374,-0.0792498,0.923754
8,19,6,Yes,-2.74746,-0.0661739,0.935913
8,20,6,Yes,-1.86821,-0.167639,0.84561
8,21,6,Yes,-4.37699,-0.0125818,0.987438
8,22,6,Yes,-3.02142,-0.0498977,0.951271
8,23,6,Yes,-2.75711,-0.0655159,0.936529
8,24,6,Yes,-2.5914,-0.077804,0.92509
8,25,6,Yes,-3.09,-0.0465075,0.954501
8,26,6,No,-0.0816699,-2.54488,0.0784781
8,27,6,No,-0.0112904,-4.48419,0.0112854
8,28,6,No,-0.973922,-0.474076,0.622423
8,29,6,Yes,-0.980112,-0.47034,0.624753
8,30,6,Yes,-4.36997,-0.0126723,0.987349
8,31,6,Yes,-2.49724,-0.0858336,0.917693
8,32,6,No,-0.474938,-0.972504,0.378113
8,33,6,Yes,-1.51235,-0.248887,0.779622
8,34,6,Yes,-0.795636,-0.600085,0.548733
8,35,6,No,-1.01139,-0.452012,0.636309
8,36,6,Yes,-3.12201,-0.0450066,0.955934
8,37,6,Yes,-4.58071,-0.0102402,0.989753
8,38,6,Yes,-1.85435,-0.170191,0.843454
8,39,6,No,-0.000677159,-7.21398,0.000736178
8,40,6,Yes,-3.10724,-0.0456926,0.955279
8,41,6,Yes,-2.40822,-0.0942186,0.91003
8,42,6,No,-3.48693e-05,-9.26975,9.42264e-05
8,43,6,Yes,-3.91407,-0.0201006,0.980042
8,44,6,Yes,-4.52995,-0.0107801,0.989219
8,45,6,No,-0.320733,-1.29302,0.274425
8,46,6,No,-1.24869,-0.338024,0.713136
8,47,6,Yes,-3.70256,-0.0249087,0.975341
8,48,6,Yes,-3.7084,-0.0247614,0.975485
8,49,6,No,-0.00640706,-5.04421,0.00644619
8,50,6,No,-0.00992065,-4.61204,0.00993089
8,51,6,No,-0.0403333,-3.22918,0.0395876
8,52,6,No,-0.00945861,-4.6593,0.00947251
8,53,6,No,-0.00768514,-4.86451,0.00771512
8,54,6,Yes,-4.49767,-0.0111373,0.988866
8,55,6,Yes,-0.982629,-0.468832,0.625696
8,56,6,Yes,-1.52525,-0.245273,0.782445
8,57,6,Yes,-3.62549,-0.0269364,0.973366
8,58,6,Yes,-4.58981,-0.0101468,0.989846
8,59,6,No,-0.000525851,-7.44326,0.000585337
8,60,6,Yes,-2.28993,-0.10671,0.898732
8,61,6,Yes,-4.89527,-0.00745109,0.992519
8,62,6,Yes,-4.52985,-0.0107811,0.989218
8,63,6,Yes,-0.28012,-1.40909,0.244351
8,64,6,Yes,-2.64295,-0.073746,0.928853
8,65,6,Yes,-2.79338,-0.0631045,0.938789
8,66,6,Yes,-1.61617,-0.221394,0.801353
8,67,6,Yes,-4.56569,-0.0103977,0.989598
8,68,6,No,-0.461693,-0.994678,0.369821
8,69,6,No,-0.0496932,-3.0254,0.0485356
8,70,6,Yes,-3.88782,-0.0206425,0.979511
8,71,6,No,-0.000800751,-7.05872,0.000859831
8,72,6,Yes,-1.2311,-0.345187,0.708046
8,73,6,No,-2.00274e-05,-9.43977,7.9494e-05
8,74,6,Yes,-2.39962,-0.0950731,0.909253
8,75,6,No,-0.471565,-0.978076,0.376012
8,76,6,No,-0.0410488,-3.21198,0.0402746
8,77,6,No,-6.61037e-05,-8.98457,0.000125321
8,78,6,Yes,-4.60966,-0.00994509,0.990045
8,79,6,Yes,-3.98262,-0.0187527,0.981364
8,80,6,Yes,-0.229806,-1.58294,0.205359
8,81,6,Yes,-0.324602,-1.28286,0.277227
8,82,6,No,-3.47147,-0.0315034,0.96893
8,83,6,Yes,-2.33282,-0.101992,0.902984
8,84,6,Yes,-2.16601,-0.121688,0.885373
8,85,6,Yes,-3.26232,-0.0389904,0.961703
8,86,6,Yes,-4.21244,-0.0148611,0.985191
8,87,6,Yes,-4.39244,-0.0123876,0.98763
8,88,6,Yes,-2.99789,-0.0511176,0.950111
8,89,6,Yes,-2.8533,-0.0593207,0.942349
8,90,6,Yes,-2.60499,-0.0767126,0.926101
8,91,6,Yes,-2.88227,-0.0575744,0.943996
8,92,6,Yes,-0.500741,-0.931462,0.393954
8,93,6,Yes,-2.46765,-0.0885303,0.915221
8,94,6,Yes,-0.424696,-1.06106,0.34607
8,95,6,Yes,-4.68832,-0.00918517,0.990798
8,96,6,Yes,-3.99131,-0.0185882,0.981526
8,97,6,No,-0.20313,-1.69344,0.183876
8,98,6,Yes,-3.16835,-0.0429221,0.95793
8,99,6,No,-0.0333931,-3.41426,0.0328986
8,100,6,No,-0.229421,-1.58443,0.205053
8,101,6,Yes,-2.05506,-0.136997,0.871922
8,102,6,Yes,-2.20367,-0.116914,0.889609
8,103,6,Yes,-1.28624,-0.323309,0.723708
8,104,6,No,-0.133781,-2.07723,0.12527
8,105,6,No,-0.802651,-0.594353,0.551887
8,106,6,No,-0.000204882,-8.23889,0.000264162
8,107,6,No,-0.0105314,-4.55303,0.0105347
8,108,6,No,-0.0122709,-4.40175,0.0122551
8,109,6,No,-0.0312873,-3.47823,0.0308602
8,110,6,Yes,-3.77864,-0.0230584,0.977148
8,111,6,No,-0.00162447,-6.38717,0.00168292
8,112,6,No,-0.00863406,-4.7495,0.00865555
8,113,6,No,-0.448605,-1.01738,0.361519
8,114,6,Yes,-3.02224,-0.0498555,0.951311
8,115,6,No,-2.36037e-05,-9.40383,8.24033e-05
8,116,6,No,-0.000126489,-8.58925,0.000186085
8,117,6,Yes,-4.93264,-0.00717442,0.992793
8,118,6,No,-0.389451,-1.13125,0.322611
8,119,6,No,-0.000183838,-8.32003,0.000243574
8,120,6,Yes,-4.79849,-0.00821721,0.991758
8,121,6,Yes,-4.548,-0.0105852,0.989412
8,122,6,No,-0.00747727,-4.89167,0.00750839
8,123,6,Yes,-3.978,-0.01884,0.981278
8,124,6,No,-0.00213613,-6.12233,0.00219321
8,125,6,No,-0.35208,-1.21458,0.296817
8,126,6,Yes,-2.79133,-0.0632391,0.938664
8,127,6,Yes,-3.39482,-0.0340614,0.966455
8,128,6,No,-0.16823,-1.86498,0.154891
8,129,6,No,-0.000125297,-8.59567,0.000184893
8,130,6,No,-9.32856e-05,-8.78821,0.000152511
8,131,6,No,-0.00011564,-8.65017,0.000175087
8,132,6,No,-0.000468125,-7.54747,0.000527413
8,133,6,Yes,-2.46709,-0.0885825,0.915173
8,134,6,Yes,-3.97221,-0.0189512,0.981169
8,135,6,No,-0.000485419,-7.51544,0.000544578
8,136,6,Yes,-0.469091,-0.982193,0.374467
8,137,6,Yes,-1.45201,-0.266627,0.765914
8,138,6,Yes,-0.259034,-1.47726,0.228249
8,139,6,Yes,-2.74082,-0.066629,0.935487
8,140,6,No,-0.313723,-1.31179,0.269321
8,141,6,Yes,-3.6217,-0.0270399,0.973264
8,142,6,No,-0.00148538,-6.47345,0.00154379
8,143,6,No,-3.31532,-0.0369364,0.96368
8,144,6,No,4.05311e-06,-9.80364,5.5247e-05
8,145,6,Yes,-2.49874,-0.0856992,0.917816
8,146,6,Yes,-2.24159,-0.112307,0.893717
8,147,6,Yes,-1.977,-0.148993,0.861524
8,148,6,Yes,-0.315432,-1.30717,0.270569
8,149,6,Yes,-3.73255,-0.0241625,0.97607
8,150,6,Yes,-3.19901,-0.0415959,0.9592
8,151,6,Yes,-0.580192,-0.820373,0.440242
8,152,6,Yes,-2.53065,-0.0828898,0.920397
8,153,6,Yes,-2.07268,-0.134434,0.874159
8,154,6,No,-3.00365,-0.0508158,0.950397
8,155,6,Yes,-3.61763,-0.027153,0.973155
8,156,6,Yes,-3.44328,-0.0324199,0.968042
8,157,6,Yes,-1.68735,-0.204507,0.815001
8,158,6,Yes,-2.13806,-0.125364,0.882123
8,159,6,Yes,-1.77301,-0.186045,0.830188
8,160,6,Yes,-2.96793,-0.0527158,0.948593
8,161,6,No,-3.69417,-0.0251226,0.975133
8,162,6,No,-0.602122,-0.793167,0.452384
8,163,6,Yes,-1.27846,-0.326292,0.721551
8,164,6,Yes,-4.27801,-0.013907,0.986131
8,165,6,No,-0.567314,-0.836988,0.432987
8,166,6,Yes,-4.21122,-0.0148795,0.985173
8,167,6,Yes,-1.97672,-0.149038,0.861486
8,168,6,No,-0.151032,-1.96441,0.140231
8,169,6,Yes,-2.02145,-0.14203,0.867544
8,170,6,Yes,-3.83746,-0.0217237,0.978453
8,171,6,Yes,-3.04789,-0.0485606,0.952544
8,172,6,No,-0.0857864,-2.49776,0.0822639
8,173,6,No,-0.00432016,-5.43288,0.00437024
8,174,6,Yes,-4.34608,-0.0129824,0.987043
8,175,6,Yes,-3.99825,-0.0184578,0.981653
8,176,6,No,-0.00228863,-6.05535,0.00234514
8,177,6,No,-0.0121139,-4.41448,0.0121002
8,178,6,Yes,-3.59871,-0.0276794,0.972643
8,179,6,No,-0.0112972,-4.48357,0.0112924
8,180,6,No,-0.0130269,-4.34266,0.0130012
8,181,6,No,-0.0607638,-2.82998,0.0590103
8,182,6,Yes,-2.80521,-0.0623377,0.93951
8,183,6,No,-0.83211,-0.571057,0.564895
8,184,6,No,-1.22672,-0.347001,0.706763
8,185,6,Yes,-4.09858,-0.0166752,0.983405
8,186,6,Yes,-2.40098,-0.0949367,0.909377
8,187,6,Yes,-0.5799,-0.820744,0.440078
8,188,6,Yes,-2.22597,-0.114181,0.892044
8,189,6,Yes,-2.33795,-0.101441,0.903481
8,190,6,Yes,-2.20687,-0.116517,0.889962
8,191,6,Yes,-1.49801,-0.252979,0.776439
8,192,6,No,-0.000218773,-8.18668,0.000278319
8,193,6,No,-0.00301392,-5.78657,0.00306831
8,194,6,Yes,-2.51815,-0.0839789,0.919396
8,195,6,No,-4.78041e-05,-9.13956,0.000107328
8,196,6,No,-0.000282327,-7.9816,0.000341674
8,197,6,No,-0.000716227,-7.16193,0.000775506
8,198,6,Yes,-0.248683,-1.51307,0.220219
8,199,6,No,-0.000124522,-8.60101,0.00018391
8,200,6,No,-1.10661,-0.401404,0.66934
8,201,6,No,-0.0100514,-4.59918,0.0100595
8,202,6,Yes,-4.69718,-0.00910294,0.99088
8,203,6,No,-0.000476474,-7.53231,0.000535466
8,204,6,Yes,-0.846546,-0.560077,0.571132
8,205,6,No,-5.99641e-05,-9.03381,0.0001193
8,206,6,Yes,-3.59363,-0.0278227,0.972503
8,207,6,Yes,-5.20738,-0.005431,0.994524
8,208,6,Yes,-3.78733,-0.0228557,0.977345
8,209,6,Yes,-4.51069,-0.0109919,0.98901
8,210,6,Yes,-0.328168,-1.27362,0.2798
8,211,6,Yes,-2.81691,-0.0615902,0.940213
8,212,6,Yes,-0.139221,-2.04004,0.130016
8,213,6,No,-1.78814e-06,-9.70056,6.12456e-05
8,214,6,No,-0.00127379,-6.62077,0.00133233
8,215,6,Yes,-4.08917,-0.0168346,0.983248
8,216,6,Yes,-4.9125,-0.00732169,0.992646
8,217,6,No,-0.00637389,-5.04942,0.00641268
8,218,6,Yes,-3.38285,-0.0344787,0.966051
8,219,6,Yes,-3.42724,-0.032954,0.967526
8,220,6,Yes,-3.9621,-0.0191462,0.980978
8,221,6,Yes,-1.36826,-0.293686,0.745466
8,222,6,No,-1.10273,-0.403325,0.668056
8,223,6,Yes,-4.81811,-0.0080549,0.991919
8,224,6,Yes,-2.57198,-0.079395,0.923621
8,225,6,Yes,-0.502772,-0.928345,0.395184
8,226,6,No,-0.0491893,-3.03534,0.0480553
8,227,6,No,-0.50392,-0.926591,0.395878
8,228,6,Yes,-2.42081,-0.0929827,0.911155
8,229,6,Yes,-4.81566,-0.00807491,0.991899
8,230,6,No,-0.000288647,-7.96241,0.000348292
8,231,6,Yes,-2.51386,-0.0843564,0.91905
8,232,6,Yes,-2.49159,-0.0863418,0.917227
8,233,6,Yes,-4.09416,-0.0167504,0.983331
8,234,6,No,-0.17376,-1.83533,0.159552
8,235,6,Yes,-2.93408,-0.0545832,0.946824
8,236,6,No,-0.000119038,-8.6294,0.00017876
8,237,6,No,-0.000308859,-7.90737,0.000367999
8,238,6,No,-0.00444576,-5.40473,0.004495
8,239,6,No,-0.0845363,-2.51182,0.0811157
8,240,6,Yes,-4.34264,-0.0130272,0.986998
8,241,6,No,-1.90735e-06,-9.71001,6.06693e-05
8,242,6,Yes,-0.258933,-1.4776,0.228171
8,243,6,Yes,-0.278094,-1.41538,0.242819
8,244,6,No,-0.000436163,-7.6096,0.000495641
8,245,6,No,-0.671546,-0.715105,0.489112
8,246,6,Yes,-3.23131,-0.0402451,0.960497
8,247,6,No,-0.370146,-1.17304,0.309408
8,248,6,Yes,-4.43678,-0.0118446,0.988167
8,249,6,No,-0.495272,-0.939933,0.390631
8,250,6,Yes,-3.0076,-0.05061,0.950593
8,251,6,Yes,-1.35599,-0.297912,0.742323
8,252,6,Yes,-3.35132,-0.0356054,0.964964
8,253,6,No,-0.00282531,-5.84977,0.0028804
8,254,6,No,-0.0183186,-4.00571,0.0182103
8,255,6,No,-0.000198384,-8.26367,0.000257696
8,256,6,Yes,-1.38977,-0.286448,0.750882
8,257,6,Yes,-5.04569,-0.00639836,0.993563
8,258,6,Yes,-3.47005,-0.0315491,0.968886
8,259,6,Yes,-3.58956,-0.0279369,0.972391
8,260,6,No,-0.0224735,-3.80396,0.022281
8,261,6,Yes,-0.65503,-0.732653,0.480604
8,262,6,Yes,-3.13658,-0.0443402,0.956572
8,263,6,Yes,-1.41585,-0.277944,0.757294
8,264,6,No,-0.000203273,-8.24488,0.000262585
8,265,6,Yes,-4.42113,-0.012033,0.98798
8,266,6,No,-0.000296875,-7.93973,0.000356281
8,267,6,Yes,-3.81239,-0.0222824,0.977906
8,268,6,No,-0.000764662,-7.10205,0.00082337
8,269,6,Yes,-2.64254,-0.0737766,0.928824
8,270,6,No,-0.0323648,-3.44496,0.0319041
8,271,6,Yes,-2.46238,-0.0890199,0.914773
8,272,6,No,-0.838534,-0.566137,0.567681
8,273,6,No,-0.00404483,-5.49765,0.00409614
8,274,6,No,-0.00664506,-5.00828,0.00668199
8,275,6,No,-0.00104028,-6.81378,0.00109846
8,276,6,Yes,-1.61721,-0.221137,0.801559
8,277,6,No,-0.16425,-1.88698,0.15152
8,278,6,Yes,-4.40527,-0.0122274,0.987788
8,279,6,No,-0.0163589,-4.11753,0.0162837
8,280,6,No,-3.54058e-05,-9.26435,9.47366e-05
8,281,6,No,-0.00359633,-5.6133,0.00364878
8,282,6,No,-0.000473134,-7.53733,0.000532784
8,283,6,Yes,-4.03991,-0.017695,0.982402
8,284,6,Yes,-3.79331,-0.0227181,0.97748
8,285,6,Yes,-3.61896,-0.0271152,0.973191
8,286,6,No,-0.00193527,-6.21817,0.00199277
8,287,6,Yes,-3.32295,-0.0366507,0.963956
8,288,6,No,-4.12473e-05,-9.20622,0.000100406
8,289,6,No,-1.36801,-0.293774,0.745401
8,290,6,Yes,-0.404873,-1.09962,0.332978
8,291,6,Yes,-4.84275,-0.00785645,0.992115
8,292,6,No,-0.000638808,-7.26711,0.000698084
8,293,6,Yes,-3.95991,-0.0191882,0.980936
8,294,6,Yes,-4.55063,-0.0105573,0.98944
8,295,6,Yes,-4.6847,-0.00921813,0.990765
8,296,6,No,-0.0732683,-2.6492,0.0707033
8,297,6,No,-0.00366937,-5.59343,0.003722
8,298,6,No,-0.00098044,-6.86848,0.00103999
8,299,6,No,-0.140183,-2.03362,0.130853
8,300,6,Yes,-2.15423,-0.123224,0.884014
8,301,6,Yes,-2.37845,-0.0972104,0.907312
8,302,6,Yes,-2.21829,-0.115113,0.891212
8,303,6,Yes,-0.586496,-0.812414,0.44376
8,304,6,Yes,-2.83524,-0.0604346,0.941299
8,305,6,Yes,-2.59059,-0.0778718,0.925029
8,306,6,Yes,-3.43295,-0.0327624,0.96771
8,307,6,Yes,-0.906423,-0.517361,0.596057
8,308,6,Yes,-0.903352,-0.519447,0.594815
8,309,6,No,-3.57778,-0.0282743,0.972064
8,310,6,No,-0.015931,-4.1437,0.0158631
8,311,6,No,-0.00303944,-5.77812,0.00309434
8,312,6,Yes,-2.59964,-0.0771426,0.925704
8,313,6,No,-0.0038637,-5.54288,0.003915
8,314,6,Yes,-4.87534,-0.00760195,0.992368
8,315,6,No,-0.000129768,-8.57077,0.000189556
8,316,6,No,-0.000650498,-7.25076,0.00070959
8,317,6,Yes,-4.43643,-0.0118485,0.988163
8,318,6,Yes,-5.03991,-0.00643567,0.993526
8,319,6,No,-0.0334274,-3.41324,0.0329322
8,320,6,No,-0.00816751,-4.80442,0.00819296
8,321,6,No,-0.00028191,-7.98371,0.000340951
8,322,6,No,-0.000115938,-8.64719,0.000175609
8,323,6,No,-0.000349225,-7.80224,0.000408794
8,324,6,No,-6.22292e-05,-9.0166,0.000121371
8,325,6,No,-0.00290757,-5.82174,0.00296229
8,326,6,No,-0.00923841,-4.68256,0.00925472
8,327,6,Yes,-3.99699,-0.0184814,0.98163
8,328,6,Yes,-3.94083,-0.0195631,0.980569
8,329,6,Yes,-4.52952,-0.0107843,0.989215
8,330,6,No,-0.577832,-0.82338,0.438919
8,331,6,No,-0.0606579,-2.83166,0.0589115
8,332,6,No,-0.214469,-1.6446,0.193078
8,333,6,Yes,-1.13434,-0.387985,0.678383
8,334,6,Yes,-4.68792,-0.00918836,0.990795
8,335,6,Yes,-4.22158,-0.014724,0.985325
8,336,6,Yes,-3.87675,-0.0208755,0.979283
8,337,6,Yes,-2.49243,-0.0862661,0.917296
8,338,6,Yes,-3.8361,-0.021753,0.978424
8,339,6,No,-1.65106e-05,-9.48926,7.56559e-05
8,340,6,No,-2.86702e-05,-9.34262,8.7604e-05
8,341,6,No,-2.18352,-0.119443,0.887362
8,342,6,No,-0.991722,-0.463431,0.629084
8,343,6,No,-0.000664574,-7.23094,0.000723799
8,344,6,Yes,-3.53568,-0.0295112,0.970863
8,345,6,Yes,-0.327131,-1.27629,0.279053
8,346,6,Yes,-2.34273,-0.100933,0.90394
8,347,6,No,-0.109058,-2.26933,0.103375
8,348,6,No,-0.000245363,-8.09598,0.000304743
8,349,6,No,-0.126327,-2.13088,0.118726
8,350,6,Yes,-0.376202,-1.15965,0.313577
8,351,6,No,-0.750829,-0.6385,0.528053
8,352,6,No,-0.14048,-2.03166,0.13111
8,353,6,Yes,-0.867678,-0.544497,0.580099
8,354,6,No,-0.0718743,-2.6677,0.0694074
8,355,6,No,-0.130688,-2.09909,0.122561
8,356,6,Yes,-1.61187,-0.222463,0.800497
8,357,6,Yes,-0.85259,-0.555563,0.573716
8,358,6,No,-0.263718,-1.46158,0.231856
8,359,6,No,-0.379539,-1.15239,0.315864
8,360,6,Yes,-1.20709,-0.355259,0.700951
8,361,6,Yes,-3.16086,-0.0432519,0.957613
8,362,6,Yes,-1.90581,-0.160924,0.851307
8,363,6,No,-8.08868e-05,-8.87507,0.000139824
8,364,6,No,-0.000111646,-8.67303,0.00017113
8,365,6,Yes,-3.68948,-0.0252414,0.975016
8,366,6,Yes,-3.12112,-0.0450488,0.955895
8,367,6,No,-1.16555,-0.373521,0.688266
8,368,6,Yes,-3.88434,-0.0207155,0.97944
8,369,6,Yes,-2.46252,-0.0890072,0.914785
8,370,6,Yes,-2.75271,-0.0658155,0.936249
8,371,6,No,-0.155204,-1.9392,0.143811
8,372,6,Yes,-3.58172,-0.0281616,0.972174
8,373,6,Yes,-3.99437,-0.0185301,0.981582
8,374,6,Yes,-3.39823,-0.033943,0.966569
8,375,6,Yes,-4.08268,-0.0169456,0.983139
8,376,6,Yes,-2.12897,-0.126585,0.881047
8,377,6,Yes,-1.33359,-0.305807,0.736485
8,378,6,No,-0.0224891,-3.80328,0.0222962
8,379,6,Yes,-1.33528,-0.305202,0.736931
8,380,6,Yes,-3.41818,-0.0332598,0.96723
8,381,6,Yes,-0.283104,-1.39992,0.246603
8,382,6,No,-1.83296,-0.174212,0.840069
8,383,6,Yes,-1.09658,-0.406394,0.666009
8,384,6,Yes,-3.95625,-0.0192593,0.980866
8,385,6,No,-0.0031531,-5.74213,0.00320775
8,386,6,Yes,-4.65506,-0.0094991,0.990487
8,387,6,No,-4.8877e-05,-9.13131,0.000108218
8,388,6,No,-0.000409926,-7.66463,0.000469103
8,389,6,No,-4.13069e-05,-9.20117,0.000100915
8,390,6,Yes,-4.37156,-0.012652,0.987369
8,391,6,Yes,-4.13736,-0.0160335,0.984036
8,392,6,Yes,-4.656,-0.00948972,0.990496
8,393,6,No,-0.0108189,-4.52637,0.0108192
8,394,6,Yes,-1.63123,-0.217696,0.804323
8,395,6,No,-0.098141,-2.36939,0.0935322
8,396,6,No,-0.0224507,-3.80498,0.0222583
8,397,6,No,-0.0224423,-3.80531,0.022251
8,398,6,Yes,-3.03926,-0.0489923,0.952132
8,399,6,No,-0.000288111,-7.96459,0.000347534
8,400,6,No,-0.000556922,-7.39246,0.000615842
8,401,6,No,-0.0939233,-2.41121,0.0897014
8,402,6,Yes,-2.61515,-0.075906,0.926848
8,403,6,Yes,-1.77342,-0.185959,0.830259
8,404,6,Yes,-2.91469,-0.0556839,0.945782
8,405,6,Yes,-3.76127,-0.0234678,0.976747
8,406,6,Yes,-5.04249,-0.0064184,0.993543
8,407,6,No,-1.46834,-0.261689,0.769705
8,408,6,Yes,-3.96267,-0.019135,0.980989
8,409,6,Yes,-4.28854,-0.0137595,0.986276
8,410,6,Yes,-3.46561,-0.0316914,0.968748
8,411,6,Yes,-1.38909,-0.286672,0.750714
8,412,6,Yes,-3.10879,-0.0456215,0.955348
8,413,6,Yes,-2.78537,-0.0636295,0.938297
8,414,6,Yes,-0.216618,-1.63567,0.19481
8,415,6,Yes,-1.23521,-0.343498,0.709244
8,416,6,Yes,-3.24192,-0.0398107,0.960914
8,417,6,Yes,-1.28894,-0.32228,0.724453
8,418,6,No,-0.0133325,-4.31972,0.0133028
8,419,6,No,-0.0313138,-3.4774,0.0308858
8,420,6,No,-0.222853,-1.6103,0.199815
8,421,6,Yes,-0.0504688,-3.01032,0.0492729
8,422,6,No,-0.0104738,-4.55842,0.010478
8,423,6,No,-0.0137857,-4.28668,0.0137497
8,424,6,No,-0.14984,-1.97175,0.139204
8,425,6,No,-0.0302954,-3.50988,0.0298987
8,426,6,No,-0.00179261,-6.29239,0.00185021
8,427,6,No,-0.000728634,-7.14637,0.000787673
8,428,6,Yes,-3.88102,-0.0207848,0.979372
8,429,6,Yes,-2.49959,-0.0856232,0.917886
8,430,6,No,-0.473958,-0.974118,0.377503
8,431,6,No,-1.06309,-0.423622,0.654633
8,432,6,Yes,-0.457231,-1.00233,0.367003
8,433,6,No,-0.0152787,-4.18501,0.0152211
8,434,6,No,-0.056928,-2.89321,0.0553945
8,435,6,Yes,-1.77999,-0.184621,0.831371
8,436,6,No,-0.288037,-1.38499,0.250311
8,437,6,No,-0.0106344,-4.54334,0.0106371
8,438,6,No,-0.000682468,-7.20693,0.000741385
8,439,6,Yes,-3.4896,-0.0309265,0.969489
8,440,6,No,-0.000506112,-7.47729,0.000565756
8,441,6,No,-0.000227954,-8.15451,0.000287418
8,442,6,No,-0.412087,-1.08532,0.337772
8,443,6,Yes,-3.21056,-0.0411082,0.959668
8,444,6,Yes,-3.99493,-0.0185194,0.981592
8,445,6,Yes,-3.61336,-0.0272703,0.97304
8,446,6,No,-4.43081,-0.0119164,0.988096
8,447,6,Yes,-1.2302,-0.345559,0.707783
8,448,6,No,-0.0420425,-3.18858,0.0412278
8,449,6,No,-0.101295,-2.33933,0.0963866
8,450,6,No,-0.0330012,-3.42584,0.03252
8,451,6,Yes,-2.28769,-0.106963,0.898506
8,452,6,No,-2.67536,-0.0713055,0.931122
8,453,6,Yes,-3.52008,-0.0299826,0.970405
8,454,6,No,-0.00473007,-5.34384,0.00477723
8,455,6,No,-0.000150275,-8.47139,0.000209362
8,456,6,Yes,-4.75168,-0.00861416,0.991363
8,457,6,No,-0.00135597,-6.56109,0.00141426
8,458,6,No,-4.17241e-05,-9.20017,0.000101016
8,459,6,Yes,-3.15873,-0.0433468,0.957523
8,460,6,No,-1.27669,-0.326978,0.721057
8,461,6,Yes,-2.57907,-0.0788102,0.92416
8,462,6,No,-0.0790808,-2.57579,0.0760891
8,463,6,No,-0.00568771,-5.16188,0.00573057
8,464,6,No,-0.000707161,-7.1746,0.000765743
8,465,6,No,-0.00107429,-6.78272,0.00113312
8,466,6,No,-5.32284e-05,-9.08921,0.00011287
8,467,6,No,-0.0356728,-3.34944,0.0351018
8,468,6,Yes,-3.24923,-0.0395154,0.961198
8,469,6,No,-0.00623695,-5.07089,0.00627649
8,470,6,No,-0.465582,-0.988085,0.372267
8,471,6,No,-0.0634169,-2.7886,0.0615033
8,472,6,No,-6.5448e-05,-8.99195,0.0001244
8,473,6,No,-0.000928893,-6.92014,0.000987629
8,474,6,No,-0.00714872,-4.93613,0.00718195
8,475,6,Yes,-3.52884,-0.0297172,0.970663
8,476,6,No,-1.06818,-0.420944,0.656388
8,477,6,Yes,-2.12456,-0.127182,0.880522
8,478,6,Yes,-4.48211,-0.0113137,0.988691
8,479,6,No,-0.00156967,-6.42043,0.00162785
8,480,6,No,-0.00180467,-6.28605,0.001862
8,481,6,No,-0.00174663,-6.31731,0.00180468
8,482,6,No,-0.0024858,-5.97475,0.002542
8,483,6,No,-0.0008857,-6.96448,0.0009448
8,484,6,Yes,-3.58302,-0.0281245,0.97221
8,485,6,Yes,-3.92552,-0.0198685,0.980269
8,486,6,Yes,-2.9697,-0.0526201,0.948684
8,487,6,Yes,-3.44814,-0.0322605,0.968197
8,488,6,No,-1.41047,-0.279674,0.755985
8,489,6,No,-0.058948,-2.8594,0.0572995
8,490,6,No,-0.00750184,-4.88843,0.00753279
8,491,6,Yes,-3.15888,-0.0433396,0.957529
8,492,6,No,-0.0108415,-4.52429,0.0108417
8,493,6,Yes,-3.72819,-0.024269,0.975965
8,494,6,Yes,-3.82044,-0.022101,0.978083
8,495,6,Yes,-2.17666,-0.120317,0.886587
8,496,6,Yes,-1.13349,-0.388384,0.678112
8,497,6,Yes,-0.356608,-1.20393,0.299994
8,498,6,Yes,-4.51597,-0.0109336,0.989068
8,499,6,Yes,-3.3267,-0.03651,0.964091
8,500,6,Yes,-3.62725,-0.0268879,0.973412
8,501,6,Yes,-0.0606557,-2.83171,0.0589083
8,502,6,Yes,-0.299681,-1.35091,0.258989
8,503,6,No,-0.814306,-0.584989,0.557079
8,504,6,Yes,-3.29953,-0.0375365,0.963102
8,505,6,Yes,-2.69048,-0.070196,0.932156
8,506,6,Yes,-2.20381,-0.116897,0.889625
8,507,6,No,-1.33883,-0.303936,0.737864
8,508,6,Yes,-3.99659,-0.0184886,0.981623
8,509,6,Yes,-4.18014,-0.0153544,0.984705
8,510,6,No,-0.126224,-2.13164,0.118635
8,511,6,No,-2.11116,-0.129014,0.87891
8,512,6,Yes,-4.27466,-0.0139545,0.986084
8,513,6,No,-0.00182031,-6.27739,0.00187818
8,514,6,Yes,-2.05853,-0.136488,0.872366
8,515,6,No,-0.549508,-0.860797,0.4228
8,516,6,Yes,-2.76852,-0.0647484,0.937249
8,517,6,No,-1.02056,-0.446811,0.639627
8,518,6,No,-1.424,-0.275347,0.759264
8,519,6,Yes,-3.68388,-0.0253863,0.974876
8,520,6,Yes,-4.22575,-0.0146623,0.985386
8,521,6,No,-0.422976,-1.06431,0.344945
8,522,6,Yes,-1.6691,-0.208696,0.811594
8,523,6,No,-0.9702,-0.476342,0.621015
8,524,6,No,-2.52893,-0.0830399,0.92026
8,525,6,No,-0.000758518,-7.10872,0.000817893
8,526,6,Yes,-4.22298,-0.0147032,0.985346
8,527,6,Yes,-2.55652,-0.0806848,0.922431
8,528,6,No,-0.35886,-1.1987,0.301569
8,529,6,No,-0.000664276,-7.23161,0.000723311
8,530,6,Yes,-3.20694,-0.0412601,0.959522
8,531,6,No,-0.474571,-0.973107,0.377885
8,532,6,No,-1.71768,-0.197748,0.820528
8,533,6,No,-0.000120468,-8.62384,0.000179757
8,534,6,No,2.02656e-06,-9.76542,5.73994e-05
8,535,6,No,-3.07565e-05,-9.31482,9.00742e-05
8,536,6,No,-1.48417e-05,-9.50297,7.46257e-05
8,537,6,No,-0.0162908,-4.12164,0.0162169
8,538,6,No,-0.0198176,-3.92807,0.0196805
8,539,6,Yes,-3.28239,-0.0381991,0.962464
8,540,6,Yes,-0.129465,-2.10789,0.121487
8,541,6,No,-0.0922429,-2.42842,0.0881706
8,542,6,No,-4.7208e-05,-9.14475,0.000106773
8,543,6,No,-0.0820148,-2.54083,0.0787962
8,544,6,Yes,-2.79874,-0.0627565,0.939117
8,545,6,No,-2.26498e-06,-9.69555,6.15529e-05
8,546,6,No,-0.000171736,-8.37353,0.000230886
8,547,6,Yes,-3.21282,-0.0410126,0.959759
8,548,6,Yes,-2.69341,-0.0699832,0.932354
8,549,6,Yes,-3.48587,-0.031045,0.969375
8,550,6,No,-7.37337e-05,-8.92357,0.000133204
8,551,6,No,-0.00101618,-6.83524,0.00107514
8,552,6,No,-0.869897,-0.542894,0.58103
8,553,6,No,-0.000119991,-8.62505,0.000179541
8,554,6,No,-1.51504,-0.248128,0.780214
8,555,6,Yes,-0.296523,-1.36,0.256645
8,556,6,Yes,-1.34359,-0.302253,0.739108
8,557,6,No,-0.00461342,-5.36821,0.0046622
8,558,6,No,-0.00966845,-4.63751,0.00968122
8,559,6,Yes,-3.08589,-0.0467041,0.954313
8,560,6,No,-0.000429842,-7.62232,0.000489376
8,561,6,Yes,-2.32423,-0.102919,0.902147
8,562,6,Yes,-2.99483,-0.0512788,0.949958
8,563,6,Yes,-4.45703,-0.0116049,0.988404
8,564,6,Yes,-5.05771,-0.00632062,0.99364
8,565,6,Yes,-3.29333,-0.0377751,0.962872
8,566,6,No,-1.86939,-0.167424,0.845791
8,567,6,Yes,-2.22811,-0.113923,0.892275
8,568,6,Yes,-0.405331,-1.0987,0.333283
8,569,6,Yes,-0.828933,-0.57351,0.563511
8,570,6,Yes,-1.23806,-0.34233,0.710072
8,571,6,Yes,-2.2494,-0.111382,0.894544
8,572,6,Yes,-3.44219,-0.0324561,0.968007
8,573,6,No,-0.359069,-1.19821,0.301715
8,574,6,No,-1.25171e-05,-9.53944,7.19528e-05
8,575,6,Yes,-5.03063,-0.00649675,0.993466
8,576,6,Yes,-0.917408,-0.509984,0.60047
8,577,6,No,-0.0413197,-3.20554,0.0405348
8,578,6,Yes,-3.09187,-0.0464184,0.954586
8,579,6,No,-0.122471,-2.15998,0.11532
8,580,6,No,-0.00511096,-5.26731,0.00515716
8,581,6,No,-0.00272896,-5.88355,0.0027847
8,582,6,No,-0.0113466,-4.47926,0.0113411
8,583,6,Yes,-2.8862,-0.0573415,0.944216
8,584,6,Yes,-4.39417,-0.0123659,0.987652
8,585,6,Yes,-1.35636,-0.297783,0.742419
8,586,6,No,-0.0181835,-4.01303,0.0180775
8,587,6,No,-0.0478106,-3.06304,0.0467425
8,588,6,No,-0.01111,-4.50009,0.0111073
8,589,6,No,-0.00335146,-5.68234,0.00340536
8,590,6,Yes,-3.84328,-0.0215954,0.978578
8,591,6,No,-0.0160292,-4.13763,0.0159597
8,592,6,No,-0.0165414,-4.10656,0.0164634
8,593,6,Yes,-0.0634634,-2.78789,0.0615472
8,594,6,No,-2.98033,-0.0520487,0.949227
8,595,6,No,-0.567579,-0.836644,0.433137
8,596,6,Yes,-1.24998,-0.337506,0.713506
8,597,6,Yes,-4.5089,-0.0110119,0.98899
8,598,6,Yes,-0.32923,-1.27089,0.280565
8,599,6,Yes,-2.11759,-0.128132,0.879686
8,600,6,Yes,-0.467432,-0.984972,0.373428
8,601,6,Yes,-0.517544,-0.906151,0.404053
8,602,6,No,-0.367125,-1.17981,0.307318
8,603,6,Yes,-4.12305,-0.0162675,0.983806
8,604,6,No,-0.7828,-0.610767,0.542902
8,605,6,No,-0.000655508,-7.2434,0.000714831
8,606,6,No,-0.000333424,-7.8437,0.000392192
8,607,6,No,-0.0217825,-3.83474,0.0216056
8,608,6,Yes,-0.737535,-0.650533,0.521737
8,609,6,No,-0.000437594,-7.60703,0.000496915
8,610,6,No,-0.0854381,-2.50166,0.0819441
8,611,6,Yes,-1.89107,-0.163521,0.849099
8,612,6,Yes,-0.71302,-0.673547,0.509867
8,613,6,Yes,-2.05253,-0.137368,0.871598
8,614,6,Yes,-4.34432,-0.0130055,0.98702
8,615,6,No,-2.11216,-0.128877,0.879031
8,616,6,Yes,-1.92589,-0.157458,0.854263
8,617,6,Yes,-4.58857,-0.0101593,0.989833
8,618,6,Yes,-2.02712,-0.141167,0.868294
8,619,6,Yes,-3.13547,-0.0443911,0.956523
8,620,6,Yes,-4.21081,-0.0148849,0.985166
8,621,6,No,-0.0621208,-2.80859,0.0602864
8,622,6,Yes,-3.82983,-0.0218909,0.978288
8,623,6,Yes,-0.418916,-1.07207,0.342279
8,624,6,Yes,-3.09669,-0.0461901,0.954804
8,625,6,Yes,-2.04052,-0.13915,0.870047
8,626,6,Yes,-5.08552,-0.00614483,0.993815
8,627,6,No,-4.34527e-05,-9.18322,0.000102743
8,628,6,Yes,-3.36902,-0.0349684,0.965579
8,629,6,Yes,-1.67608,-0.207082,0.812906
8,630,6,Yes,-0.706238,-0.68011,0.506532
8,631,6,Yes,-2.73945,-0.0667245,0.935398
8,632,6,Yes,-1.39822,-0.28366,0.752979
8,633,6,Yes,-0.682981,-0.703301,0.49492
8,634,6,Yes,-1.8154,-0.177589,0.837237
8,635,6,No,-0.00308309,-5.76432,0.00313734
8,636,6,No,-0.466907,-0.985854,0.373099
8,637,6,Yes,-2.42013,-0.0930486,0.911095
8,638,6,Yes,-2.2543,-0.110806,0.895059
8,639,6,Yes,-0.206445,-1.67885,0.186577
8,640,6,No,-0.00143941,-6.50386,0.00149756
8,641,6,No,-0.194735,-1.73157,0.176996
8,642,6,No,-0.284398,-1.39597,0.247578
8,643,6,Yes,-3.70845,-0.0247594,0.975486
8,644,6,Yes,-3.7543,-0.0236341,0.976585
8,645,6,Yes,-2.61142,-0.0762018,0.926574
8,646,6,Yes,-1.66118,-0.210544,0.810096
8,647,6,Yes,-0.68351,-0.702758,0.495188
8,648,6,No,-0.000855633,-6.99664,0.000914894
8,649,6,No,-1.85026,-0.170951,0.842813
8,650,6,No,-0.293575,-1.36859,0.25445
8,651,6,Yes,-2.9586,-0.0532248,0.948111
8,652,6,No,-0.91102,-0.514257,0.59791
8,653,6,No,-0.000181811,-8.32962,0.00024125
8,654,6,Yes,-0.813901,-0.585311,0.5569
8,655,6,Yes,-4.18126,-0.0153374,0.984722
8,656,6,No,-2.49799,-0.0857669,0.917754
8,657,6,Yes,-0.916369,-0.510675,0.600055
8,658,6,Yes,-4.43066,-0.0119176,0.988094
8,659,6,Yes,-0.682531,-0.703759,0.494693
8,660,6,Yes,-4.19288,-0.0151572,0.984898
8,661,6,No,-1.56829,-0.233627,0.791611
8,662,6,Yes,-2.48774,-0.0866893,0.916907
8,663,6,No,-0.098835,-2.36268,0.0941621
8,664,6,No,-0.000829802,-7.02534,0.000889009
8,665,6,No,-9.53679e-06,-9.58784,6.85533e-05
8,666,6,Yes,-4.2737,-0.0139681,0.986071
8,667,6,Yes,-2.80687,-0.0622316,0.93961
8,668,6,Yes,-3.91493,-0.0200828,0.980059
8,669,6,Yes,-3.17445,-0.0426546,0.958185
8,670,6,Yes,-1.23237,-0.344666,0.708416
8,671,6,No,-0.00114805,-6.71985,0.00120665
8,672,6,No,-0.00461294,-5.36846,0.00466105
8,673,6,No,-0.000448089,-7.58635,0.000507297
8,674,6,No,-9.87102e-05,-8.75336,0.00015792
8,675,6,No,-5.86527e-05,-9.04476,0.000118001
8,676,6,No,-3.15314e-05,-9.30948,9.05562e-05
8,677,6,Yes,-2.27897,-0.107953,0.897616
8,678,6,No,-0.00659238,-5.01612,0.0066298
8,679,6,No,-2.7606,-0.0652796,0.93675
8,680,6,No,-0.00222477,-6.08271,0.00228186
8,681,6,No,-0.000637854,-7.26837,0.000697209
8,682,6,No,-0.0379459,-3.28893,0.0372915
8,683,6,Yes,-1.3541,-0.29857,0.741835
8,684,6,No,-0.887775,-0.530199,0.588454
8,685,6,No,-0.180834,-1.79888,0.165475
8,686,6,No,-0.0052807,-5.23511,0.0053259
8,687,6,No,-0.000251921,-8.07336,0.000311715
8,688,6,No,-2.83722e-05,-9.34113,8.77348e-05
8,689,6,Yes,-4.88188,-0.00755156,0.992418
8,690,6,No,-0.113498,-2.23163,0.107347
8,691,6,Yes,-1.68843,-0.204262,0.815201
8,692,6,No,-5.56127e-05,-9.07126,0.000114915
8,693,6,No,-0.00153767,-6.44028,0.00159586
8,694,6,No,-0.00348914,-5.64294,0.00354222
8,695,6,No,-0.000730125,-7.14518,0.000788606
8,696,6,Yes,-1.40148,-0.282593,0.753782
8,697,6,No,-0.000392395,-7.70202,0.000451886
8,698,6,No,-3.07565e-05,-9.31304,9.02343e-05
8,699,6,No,-0.000708891,-7.17175,0.00076793
8,700,6,No,-0.000994819,-6.85549,0.00105359
8,701,6,Yes,-2.48834,-0.0866355,0.916957
8,702,6,Yes,-1.85774,-0.169563,0.843984
8,703,6,No,-0.0885416,-2.46753,0.084789
8,704,6,No,-0.0118571,-4.43572,0.0118459
8,705,6,No,-0.0190853,-3.96521,0.0189629
8,706,6,No,-0.722342,-0.664666,0.514415
8,707,6,No,-0.000667139,-7.22706,0.000726609
8,708,6,No,-0.000151228,-8.46434,0.000210841
8,709,6,Yes,-4.83779,-0.00789604,0.992076
8,710,6,Yes,-1.1322,-0.388999,0.677695
8,711,6,No,-0.00192147,-6.22518,0.00197884
8,712,6,No,-0.00274056,-5.87949,0.00279604
8,713,6,No,-0.275345,-1.424,0.240735
8,714,6,Yes,-2.94446,-0.0540036,0.947373
8,715,6,Yes,-2.13828,-0.125335,0.882149
8,716,6,Yes,-2.41532,-0.0935189,0.910667
8,717,6,No,-2.76569e-05,-9.35597,8.64431e-05
8,718,6,No,-0.000110871,-8.67459,0.000170862
8,719,6,No,-0.000602188,-7.32137,0.000661219
8,720,6,No,-0.00129933,-6.60158,0.00135814
8,721,6,No,-0.00073442,-7.13888,0.000793595
8,722,6,No,-0.000636363,-7.27073,0.000695561
8,723,6,No,-0.60741,-0.786802,0.455272
8,724,6,No,-0.000252338,-8.07398,0.000311524
8,725,6,No,-0.190135,-1.75324,0.173201
8,726,6,No,-1.10442,-0.402488,0.668615
8,727,6,Yes,-4.71994,-0.00889563,0.991085
8,728,6,Yes,-4.36582,-0.0127252,0.987297
8,729,6,No,-0.00660162,-5.01474,0.00663896
8,730,6,Yes,-4.48892,-0.0112363,0.988768
8,731,6,Yes,-1.87357,-0.166664,0.846434
8,732,6,Yes,-3.70356,-0.0248832,0.975366
8,733,6,Yes,-4.16742,-0.0155532,0.984509
8,734,6,Yes,-0.507596,-0.921007,0.398094
8,735,6,No,-0.00261864,-5.92408,0.0026741
8,736,6,Yes,-0.7332,-0.654524,0.519659
8,737,6,No,-0.242852,-1.534,0.215658
8,738,6,Yes,-0.396507,-1.11659,0.327374
8,739,6,No,-0.000667556,-7.22607,0.000727332
8,740,6,No,-0.698017,-0.688184,0.502458
8,741,6,Yes,-1.45213,-0.26659,0.765942
8,742,6,Yes,-3.28985,-0.0379099,0.962743
8,743,6,Yes,-3.16023,-0.0432805,0.957586
8,744,6,No,-0.254293,-1.49346,0.224581
8,745,6,Yes,-2.205,-0.11675,0.889755
8,746,6,Yes,-0.775313,-0.617114,0.539468
8,747,6,Yes,-1.87067,-0.16719,0.845988
8,748,6,Yes,-0.213983,-1.64664,0.192685
8,749,6,No,-0.000512851,-7.46542,0.000572509
8,750,6,Yes,-3.75264,-0.0236743,0.976546
8,751,6,Yes,-3.82783,-0.0219364,0.978244
8,752,6,No,-0.0789006,-2.57798,0.075923
8,753,6,No,-0.34478,-1.23209,0.291666
8,754,6,Yes,-3.23741,-0.0399956,0.960737
8,755,6,Yes,-4.35135,-0.0129135,0.987111
8,756,6,Yes,-4.59412,-0.0101028,0.989889
8,757,6,Yes,-4.12562,-0.0162247,0.983847
8,758,6,Yes,-2.70452,-0.0691819,0.933102
8,759,6,No,-4.82213e-05,-9.14397,0.000106856
8,760,6,No,-2.40778,-0.0942625,0.90999
8,761,6,No,-0.0124333,-4.38874,0.0124156
8,762,6,No,-0.23544,-1.56143,0.209823
8,763,6,Yes,-3.8705,-0.021008,0.979153
8,764,6,Yes,-4.89013,-0.0074894,0.99248
8,765,6,No,-0.000738238,-7.13412,0.000797376
8,766,6,Yes,-4.6277,-0.00976475,0.990223
8,767,6,Yes,-2.30361,-0.105181,0.900109
8,768,6,Yes,-3.89369,-0.0205206,0.979631
8,769,6,Yes,-2.92551,-0.0550674,0.946366
8,770,6,Yes,-0.490352,-0.947656,0.387626
8,771,6,No,-0.884099,-0.532777,0.586938
8,772,6,Yes,-4.10162,-0.0166244,0.983455
8,773,6,No,-0.00667824,-5.00334,0.00671506
8,774,6,Yes,-4.10829,-0.0165124,0.983565
8,775,6,No,-0.0162126,-4.12635,0.0161408
8,776,6,Yes,-1.6688,-0.208765,0.811538
8,777,6,No,-0.219018,-1.62581,0.19674
8,778,6,No,-1.51617,-0.247811,0.780461
8,779,6,Yes,-3.58693,-0.0280127,0.972318
8,780,6,Yes,-2.84534,-0.0598088,0.941889
8,781,6,Yes,-4.35602,-0.0128523,0.987171
8,782,6,No,-1.70267,-0.201061,0.817815
8,783,6,No,-0.00770177,-4.86245,0.00773109
8,784,6,No,-3.5823e-05,-9.25973,9.5175e-05
8,785,6,No,-0.916772,-0.510407,0.600216
8,786,6,No,-0.00157122,-6.41963,0.00162916
8,787,6,No,-0.0009947,-6.85579,0.00105328
8,788,6,No,-0.0120595,-4.419,0.0120456
8,789,6,No,-0.00694331,-4.9649,0.00697825
8,790,6,Yes,-3.3203,-0.0367495,0.96386
8,791,6,No,-0.0630169,-2.79473,0.0611278
8,792,6,No,-0.11177,-2.24611,0.105803
8,793,6,No,-0.0214452,-3.85013,0.0212757
8,794,6,No,-0.00909759,-4.69774,0.00911533
8,795,6,No,-0.175965,-1.82379,0.161403
8,796,6,Yes,-1.26049,-0.333317,0.716501
8,797,6,Yes,-0.801167,-0.59556,0.551221
8,798,6,No,-2.2595,-0.110199,0.895603
8,799,6,No,-2.67557,-0.0712889,0.931137
8,800,6,Yes,-1.99154,-0.146676,0.863523
8,801,6,No,-0.00026146,-8.04425,0.000320923
8,802,6,Yes,-4.48713,-0.0112564,0.988748
8,803,6,No,-0.910179,-0.514823,0.597571
8,804,6,No,-0.0618518,-2.8128,0.0600332
8,805,6,Yes,-0.28584,-1.39161,0.248661
8,806,6,No,-0.00356026,-5.62307,0.0036133
8,807,6,Yes,-3.54203,-0.0293212,0.971047
8,808,6,No,-0.000276365,-7.99869,0.000335881
8,809,6,Yes,-3.8915,-0.0205652,0.979587
8,810,6,Yes,-0.0865326,-2.48947,0.0829493
8,811,6,No,-0.666464,-0.720442,0.486509
8,812,6,No,-0.00436279,-5.42337,0.00441201
8,813,6,No,-0.600906,-0.794641,0.451717
8,814,6,No,-0.0149689,-4.20531,0.0149153
8,815,6,No,-0.0596203,-2.84839,0.0579339
8,816,6,Yes,-2.72311,-0.0678626,0.934334
8,817,6,Yes,-3.37057,-0.0349137,0.965632
8,818,6,Yes,-1.21895,-0.35024,0.704477
8,819,6,No,-0.0388198,-3.26661,0.0381334
8,820,6,Yes,-2.10588,-0.129744,0.878268
8,821,6,Yes,-3.58533,-0.0280575,0.972274
8,822,6,Yes,-4.21422,-0.0148341,0.985217
8,823,6,Yes,-3.4792,-0.0312571,0.96917
8,824,6,Yes,-4.76922,-0.00846333,0.991514
8,825,6,Yes,-1.2152,-0.35182,0.703365
8,826,6,Yes,-0.00875179,-4.73603,0.00877285
8,827,6,No,-0.000599087,-7.32623,0.000658008
8,828,6,Yes,-3.21193,-0.0410505,0.959723
8,829,6,Yes,-3.49894,-0.0306344,0.969773
8,830,6,No,-1.69279e-05,-9.4899,7.56073e-05
8,831,6,No,-1.58325,-0.229724,0.794706
8,832,6,Yes,-3.62703,-0.0268947,0.973406
8,833,6,Yes,-4.49248,-0.0111967,0.988808
8,834,6,Yes,-1.86592,-0.168058,0.845255
8,835,6,Yes,-3.33781,-0.0360991,0.964487
8,836,6,Yes,-2.27869,-0.107985,0.897588
8,837,6,Yes,-3.10888,-0.045617,0.955351
8,838,6,Yes,-2.81112,-0.0619596,0.939866
8,839,6,No,-7.42701e-05,-8.92359,0.000133201
8,840,6,Yes,-0.637565,-0.751877,0.471453
8,841,6,No,-1.12122,-0.394265,0.674136
8,842,6,No,-3.60019e-05,-9.266,9.45808e-05
8,843,6,Yes,-3.99131,-0.0185879,0.981526
8,844,6,Yes,-1.9323,-0.156368,0.855194
8,845,6,No,-0.00388548,-5.53726,0.00393708
8,846,6,Yes,-0.114405,-2.22413,0.108156
8,847,6,No,-0.000262831,-8.04056,0.00032211
8,848,6,No,-0.000505575,-7.47836,0.000565148
8,849,6,Yes,-2.58531,-0.0783009,0.924632
8,850,6,No,-0.000100677,-8.74562,0.000159148
8,851,6,Yes,-3.55916,-0.0288147,0.971539
8,852,6,No,-0.123809,-2.14978,0.116503
8,853,6,Yes,-0.537987,-0.876743,0.416112
8,854,6,Yes,-4.40689,-0.0122078,0.987808
8,855,6,No,-0.638771,-0.750527,0.47209
8,856,6,No,-0.0230413,-3.77933,0.0228366
8,857,6,No,-0.0766979,-2.60518,0.0738852
8,858,6,No,-0.0789305,-2.57761,0.0759508
8,859,6,Yes,-0.682223,-0.704074,0.494537
8,860,6,No,-0.518575,-0.904633,0.404667
8,861,6,Yes,-3.20249,-0.0414492,0.959342
8,862,6,No,-0.048035,-3.05849,0.0469559
8,863,6,No,-0.0013509,-6.5647,0.00140916
8,864,6,Yes,-3.89616,-0.0204686,0.979681
8,865,6,No,-0.000229206,-8.14988,0.000288753
8,866,6,No,-0.000340281,-7.82534,0.000399459
8,867,6,No,-0.000303136,-7.92177,0.000362737
8,868,6,Yes,-1.00914,-0.453302,0.635489
8,869,6,Yes,-0.599901,-0.795861,0.451166
8,870,6,No,-0.00111463,-6.7482,0.00117292
8,871,6,No,-0.00347036,-5.64819,0.00352369
8,872,6,Yes,-3.27265,-0.038581,0.962097
8,873,6,Yes,-3.13007,-0.044638,0.956288
8,874,6,Yes,-2.41519,-0.0935326,0.910655
8,875,6,No,-0.102486,-2.32823,0.0974626
8,876,6,Yes,-1.83356,-0.174097,0.840166
8,877,6,No,-0.00942461,-4.66285,0.00943894
8,878,6,Yes,-4.51088,-0.0109891,0.989012
8,879,6,Yes,-1.90953,-0.160275,0.851859
8,880,6,Yes,-4.5201,-0.010888,0.989113
8,881,6,No,-0.0115905,-4.45818,0.0115828
8,882,6,Yes,-4.39312,-0.0123797,0.987639
8,883,6,Yes,-4.71901,-0.00890374,0.991077
8,884,6,Yes,-0.967605,-0.477928,0.62003
8,885,6,Yes,-2.27564,-0.108334,0.897275
8,886,6,Yes,-3.96639,-0.0190632,0.981059
8,887,6,No,-0.904749,-0.518496,0.59538
8,888,6,Yes,-0.578244,-0.822854,0.439151
8,889,6,Yes,-0.282851,-1.40069,0.246412
8,890,6,Yes,-1.54489,-0.239879,0.786677
8,891,6,Yes,-4.00442,-0.0183434,0.981766
8,892,6,Yes,-4.38283,-0.0125083,0.987511
8,893,6,Yes,-4.38928,-0.0124276,0.987591
8,894,6,Yes,-4.38725,-0.0124533,0.987566
8,895,6,Yes,-3.7963,-0.0226483,0.977548
8,896,6,No,-7.76083e-05,-8.89446,0.000137139
8,897,6,No,-5.18574e-05,-9.10955,0.000110598
8,898,6,Yes,-2.94211,-0.0541346,0.947249
8,899,6,No,-0.000289363,-7.9613,0.00034868
8,900,6,No,-0.000119097,-8.63337,0.000178052
8,901,6,Yes,-4.674,-0.00931902,0.990666
8,902,6,Yes,-1.27379,-0.328104,0.720246
8,903,6,No,-0.0362477,-3.33378,0.0356559
8,904,6,Yes,-3.99276,-0.0185611,0.981552
8,905,6,Yes,-4.05073,-0.0175028,0.982591
8,906,6,Yes,-4.33092,-0.0131831,0.986845
8,907,6,No,-0.0538668,-2.94692,0.0524982
8,908,6,No,-0.380578,-1.15014,0.316574
8,909,6,No,-0.278747,-1.41335,0.243313
8,910,6,Yes,-1.49869,-0.252784,0.77659
8,911,6,No,-0.000192661,-8.28548,0.000252137
8,912,6,Yes,-0.846216,-0.560325,0.57099
8,913,6,No,-0.259603,-1.47533,0.228688
8,914,6,No,-0.00122652,-6.65652,0.00128553
8,915,6,Yes,-3.57262,-0.0284227,0.97192
8,916,6,No,-0.00446349,-5.40066,0.00451333
8,917,6,Yes,-1.60464,-0.224272,0.79905
8,918,6,Yes,-3.46434,-0.0317323,0.968708
8,919,6,Yes,-4.66433,-0.00941017,0.990575
8,920,6,Yes,-2.21464,-0.115562,0.890813
8,921,6,No,-0.00671862,-4.99735,0.00675545
8,922,6,No,-0.142271,-2.01986,0.132666
8,923,6,Yes,-3.84315,-0.021598,0.978575
8,924,6,Yes,-4.75787,-0.00856168,0.991417
8,925,6,Yes,-0.323736,-1.28512,0.276601
8,926,6,Yes,-4.70296,-0.00905043,0.990932
8,927,6,Yes,-3.27087,-0.0386513,0.962029
8,928,6,No,-0.00126281,-6.62886,0.00132159
8,929,6,No,-5.87123e-05,-9.04531,0.000117937
8,930,6,Yes,-1.95833,-0.152027,0.858915
8,931,6,No,-0.0221112,-3.81998,0.0219269
8,932,6,No,-0.0110481,-4.5056,0.0110463
8,933,6,Yes,-2.30602,-0.104913,0.900349
8,934,6,No,-0.000443915,-7.59466,0.000503102
8,935,6,No,-0.00133066,-6.57935,0.00138867
8,936,6,Yes,-3.17398,-0.0426748,0.958166
8,937,6,No,-0.00114101,-6.72546,0.00119989
8,938,6,No,-0.00574807,-5.15143,0.0057908
8,939,6,No,-0.00616354,-5.08259,0.00620347
8,940,6,Yes,-3.04673,-0.0486175,0.952489
8,941,6,No,-0.00628415,-5.06341,0.00632359
8,942,6,No,-0.0209212,-3.87455,0.0207624
8,943,6,Yes,-4.95076,-0.00704355,0.992922
8,944,6,Yes,-0.310062,-1.32179,0.266642
8,945,6,No,-0.0397766,-3.24277,0.0390531
8,946,6,Yes,-2.20379,-0.116899,0.889623
8,947,6,Yes,-0.428025,-1.0548,0.348243
8,948,6,Yes,-3.71372,-0.0246278,0.975615
8,949,6,Yes,-4.58518,-0.0101939,0.989799
8,950,6,No,-0.00380308,-5.55826,0.00385525
8,951,6,Yes,-3.29644,-0.0376558,0.962988
8,952,6,Yes,-1.00142,-0.457757,0.632664
8,953,6,Yes,-1.7034,-0.200898,0.817948
8,954,6,Yes,-3.59291,-0.0278431,0.972483
8,955,6,Yes,-0.883298,-0.533341,0.586607
8,956,6,Yes,-4.08014,-0.0169902,0.983096
8,957,6,Yes,-3.47599,-0.031358,0.969071
8,958,6,Yes,-4.05443,-0.0174373,0.982656
8,959,6,No,-0.00703593,-4.95184,0.00706996
8,960,6,No,-0.00445487,-5.4027,0.00450412
8,961,6,Yes,-3.46744,-0.0316326,0.968805
8,962,6,No,-0.00105174,-6.80266,0.00111075
8,963,6,No,-0.0682111,-2.71815,0.0659925
8,964,6,No,-0.528062,-0.890838,0.410288
8,965,6,No,-0.00115939,-6.71039,0.00121812
8,966,6,No,-0.0179455,-4.02606,0.0178435
8,967,6,No,-0.0294883,-3.53644,0.0291152
8,968,6,No,-1.5022,-0.251777,0.777372
8,969,6,Yes,-1.09497,-0.407205,0.665469
8,970,6,Yes,-3.75853,-0.023534,0.976683
8,971,6,Yes,-3.17248,-0.0427406,0.958103
8,972,6,No,-0.0213049,-3.85666,0.0211373
8,973,6,No,-0.0693256,-2.70252,0.0670322
8,974,6,Yes,-1.66722,-0.209133,0.81124
8,975,6,No,-0.476908,-0.969272,0.379337
8,976,6,No,-0.420179,-1.06965,0.34311
8,977,6,Yes,-1.00106,-0.457965,0.632532
8,978,6,Yes,-3.22114,-0.0406666,0.960093
8,979,6,Yes,-0.300179,-1.34949,0.259357
8,980,6,Yes,-0.4109,-1.08766,0.336986
8,981,6,Yes,-0.3445,-1.23277,0.291468
8,982,6,Yes,-0.247431,-1.51752,0.219241
8,983,6,Yes,-2.24339,-0.112093,0.893908
8,984,6,No,-0.491958,-0.945127,0.388608
8,985,6,No,-0.986039,-0.466798,0.62697
8,986,6,Yes,-0.914117,-0.51218,0.599153
8,987,6,Yes,-0.965145,-0.479439,0.619094
8,988,6,Yes,-3.26393,-0.0389273,0.961764
8,989,6,Yes,-1.51981,-0.24679,0.781259
8,990,6,Yes,-0.525625,-0.894351,0.408849
8,991,6,Yes,-0.78653,-0.607637,0.544604
8,992,6,No,-0.353072,-1.21223,0.297514
8,993,6,Yes,-1.72188,-0.196831,0.82128
8,994,6,Yes,-1.60908,-0.223159,0.79994
8,995,6,Yes,-1.28342,-0.324386,0.722929
8,996,6,Yes,-3.06588,-0.0476725,0.95339
8,997,6,Yes,-2.5952,-0.0774996,0.925373
8,998,6,Yes,-4.1211,-0.0162996,0.983774
8,999,6,Yes,-4.19548,-0.0151184,0.984937
8,1000,6,Yes,-1.76292,-0.188118,0.828467
8,1001,6,Yes,-2.3441,-0.100787,0.904072
8,1002,6,Yes,-3.5827,-0.0281331,0.972201
8,1003,6,Yes,-4.40597,-0.0122195,0.987796
8,1004,6,Yes,-4.61345,-0.00990716,0.990083
8,1005,6,No,-0.375953,-1.1602,0.313406
8,1006,6,Yes,-0.762249,-0.628402,0.533412
8,1007,6,Yes,-2.605,-0.0767132,0.926101
8,1008,6,Yes,-1.14345,-0.383694,0.6813
8,1009,6,Yes,-4.71492,-0.00894121,0.99104
8,1010,6,Yes,-3.86117,-0.021207,0.978958
8,1011,6,Yes,-4.45874,-0.0115842,0.988424
8,1012,6,Yes,-3.93946,-0.019591,0.980543
8,1013,6,Yes,-2.39697,-0.0953383,0.909012
8,1014,6,Yes,-4.60086,-0.0100342,0.989957
8,1015,6,No,-0.0336549,-3.40659,0.033152
8,1016,6,Yes,-1.71449,-0.198447,0.819955
8,1017,6,Yes,-2.71688,-0.0683019,0.933923
8,1018,6,Yes,-2.94458,-0.0539966,0.947379
8,1019,6,Yes,-4.23446,-0.0145335,0.985513
8,1020,6,No,-0.00127886,-6.61702,0.00133734
8,1021,6,No,-0.00851984,-4.76269,0.00854213
8,1022,6,No,-0.00811367,-4.81094,0.00813973
8,1023,6,Yes,-4.45739,-0.0116006,0.988408
8,1024,6,Yes,-2.54998,-0.0812363,0.921921
8,1025,6,Yes,-0.833054,-0.570329,0.565306
8,1026,6,Yes,-3.58552,-0.0280526,0.972279
8,1027,6,Yes,-1.27815,-0.326413,0.721465
8,1028,6,Yes,-1.67079,-0.208303,0.811913
8,1029,6,Yes,-1.93191,-0.156435,0.855137
8,1030,6,Yes,-1.9883,-0.147189,0.86308
8,1031,6,Yes,-0.167187,-1.87069,0.154008
8,1032,6,No,-0.0112539,-4.48736,0.0112497
8,1033,6,No,-0.112189,-2.24258,0.106178
8,1034,6,No,-1.73392,-0.19423,0.82342
8,1035,6,Yes,-1.99357,-0.146356,0.8638
8,1036,6,Yes,-3.14009,-0.0441816,0.956724
8,1037,6,Yes,-3.43892,-0.0325641,0.967903
8,1038,6,No,-0.00185023,-6.26166,0.00190796
8,1039,6,No,-0.0388005,-3.2671,0.0381145
8,1040,6,No,-0.0745323,-2.63273,0.0718776
8,1041,6,Yes,-3.87427,-0.0209271,0.979232
8,1042,6,Yes,-3.57604,-0.0283245,0.972015
8,1043,6,No,-0.599626,-0.796196,0.451015
8,1044,6,Yes,-2.61431,-0.0759728,0.926786
8,1045,6,Yes,-1.8686,-0.167568,0.84567
8,1046,6,No,-0.00252554,-5.9592,0.00258181
8,1047,6,No,-0.0102304,-4.5817,0.0102369
8,1048,6,No,-0.000162495,-8.41265,0.000222028
8,1049,6,No,-3.7492e-05,-9.24064,9.70097e-05
8,1050,6,No,-3.17698e-05,-9.30156,9.12763e-05
8,1051,6,No,-0.000186043,-8.31254,0.000245406
8,1052,6,No,-4.20222e-05,-9.19611,0.000101427
8,1053,6,No,-0.000222946,-8.17339,0.000282045
8,1054,6,No,-0.0174176,-4.05552,0.0173255
8,1055,6,No,-0.00152979,-6.44514,0.00158812
8,1056,6,No,-0.000439979,-7.60357,0.000498641
8,1057,6,No,-0.000306773,-7.91356,0.000365728
8,1058,6,No,-8.64305e-05,-8.83232,0.000145931
8,1059,6,No,-9.05995e-06,-9.59658,6.79566e-05
8,1060,6,No,-0.00119853,-6.67883,0.00125718
8,1061,6,Yes,-2.27054,-0.108919,0.89675
8,1062,6,Yes,-4.50269,-0.0110809,0.988922
8,1063,6,No,-4.05869,-0.0173621,0.982729
8,1064,6,Yes,-4.79068,-0.00828193,0.991694
8,1065,6,No,-1.88258,-0.165037,0.847812
8,1066,6,No,-0.000103777,-8.72214,0.000162928
8,1067,6,No,-0.000122555,-8.61471,0.000181407
8,1068,6,No,-0.085359,-2.50255,0.0818715
8,1069,6,No,-0.00106129,-6.79403,0.00112038
8,1070,6,No,-0.000232843,-8.13694,0.000292512
8,1071,6,No,-1.6749e-05,-9.48331,7.61073e-05
8,1072,6,No,-0.0217668,-3.83545,0.0215902
8,1073,6,No,-2.61072e-05,-9.36472,8.56898e-05
8,1074,6,No,-0.000128337,-8.58128,0.000187574
8,1075,6,No,-5.01884e-05,-9.12027,0.000109419
8,1076,6,No,-0.468564,-0.983076,0.374136
8,1077,6,No,-0.0119356,-4.42925,0.0119227
8,1078,6,No,-0.265287,-1.4564,0.233059
8,1079,6,No,-0.00135108,-6.5643,0.00140973
8,1080,6,No,-0.00579963,-5.14255,0.00584244
8,1081,6,No,-0.00539588,-5.21379,0.00544067
8,1082,6,Yes,-0.326858,-1.277,0.278856
8,1083,6,No,-0.00495455,-5.29791,0.00500171
8,1084,6,Yes,-3.87223,-0.0209705,0.979189
8,1085,6,Yes,-4.8865,-0.00751667,0.992453
8,1086,6,Yes,-4.93481,-0.00715791,0.992809
8,1087,6,Yes,-0.0981579,-2.36923,0.0935472
8,1088,6,No,-0.165152,-1.88194,0.152285
8,1089,6,Yes,-0.858277,-0.551358,0.576133
8,1090,6,Yes,-1.17119,-0.370974,0.690021
8,1091,6,Yes,-3.79702,-0.0226322,0.977564
8,1092,6,Yes,-2.8853,-0.057395,0.944165
8,1093,6,No,-0.00135012,-6.56535,0.00140824
8,1094,6,No,-0.00175606,-6.31214,0.00181404
8,1095,6,No,-0.00104034,-6.81303,0.00109929
8,1096,6,No,-0.0241117,-3.73459,0.0238815
8,1097,6,No,-0.000858258,-6.99459,0.000916771
8,1098,6,No,-0.00719831,-4.92927,0.00723137
8,1099,6,Yes,-0.180428,-1.80093,0.165136
8,1100,6,No,-1.16447,-0.374007,0.687932
8,1101,6,Yes,-3.62644,-0.0269108,0.973391
8,1102,6,Yes,-4.18661,-0.0152537,0.984803
8,1103,6,Yes,-3.58427,-0.0280878,0.972245
8,1104,6,Yes,-0.787632,-0.606716,0.545106
8,1105,6,No,-0.472512,-0.976506,0.376603
8,1106,6,Yes,-0.73683,-0.65118,0.521399
8,1107,6,No,-0.669443,-0.717307,0.488036
8,1108,6,Yes,-3.83241,-0.0218346,0.978344
8,1109,6,Yes,-4.22251,-0.0147106,0.985339
8,1110,6,Yes,-4.82381,-0.00800858,0.991964
8,1111,6,Yes,-3.69538,-0.025091,0.975164
8,1112,6,Yes,-3.12877,-0.0446975,0.956231
8,1113,6,Yes,-2.75845,-0.0654246,0.936614
8,1114,6,Yes,-3.49565,-0.0307376,0.969673
8,1115,6,Yes,-1.89634,-0.162588,0.849891
8,1116,6,No,-0.0999168,-2.35233,0.0951414
8,1117,6,Yes,-2.65515,-0.0728173,0.929716
8,1118,6,Yes,-4.40946,-0.0121762,0.987839
8,1119,6,Yes,-2.31166,-0.104292,0.900909
8,1120,6,Yes,-1.96568,-0.150825,0.859948
8,1121,6,Yes,-2.66569,-0.0720243,0.930453
8,1122,6,Yes,-4.21273,-0.0148567,0.985195
8,1123,6,Yes,-0.576825,-0.824671,0.438354
8,1124,6,Yes,-3.99494,-0.0185197,0.981593
8,1125,6,Yes,-2.0887,-0.132148,0.87616
8,1126,6,Yes,-3.53185,-0.0296263,0.970751
8,1127,6,No,-1.91221,-0.15981,0.852255
8,1128,6,No,-0.517714,-0.905903,0.404153
8,1129,6,No,-0.554843,-0.85356,0.425871
8,1130,6,No,-1.30426,-0.316515,0.728641
8,1131,6,Yes,-2.93735,-0.0544001,0.946997
8,1132,6,Yes,-2.12778,-0.126746,0.880906
8,1133,6,Yes,-4.51238,-0.0109724,0.989028
8,1134,6,Yes,-4.76167,-0.00852813,0.991449
8,1135,6,Yes,-3.85233,-0.0213982,0.978771
8,1136,6,Yes,-4.10468,-0.0165725,0.983506
8,1137,6,Yes,-3.94441,-0.0194921,0.980638
8,1138,6,Yes,-0.350099,-1.21929,0.295423
8,1139,6,No,-0.589471,-0.808699,0.445411
8,1140,6,Yes,-4.01766,-0.0180986,0.982006
8,1141,6,Yes,-2.91571,-0.0556248,0.945838
8,1142,6,Yes,-4.10386,-0.0165867,0.983492
8,1143,6,Yes,-5.02365,-0.00654282,0.99342
8,1144,6,Yes,-4.18815,-0.0152302,0.984827
8,1145,6,No,-0.60338,-0.791645,0.453072
8,1146,6,Yes,-2.49647,-0.0859025,0.917629
8,1147,6,Yes,-3.91181,-0.0201468,0.979997
8,1148,6,Yes,-3.0862,-0.0466891,0.954328
8,1149,6,Yes,-3.35034,-0.0356411,0.96493
8,1150,6,Yes,-0.235482,-1.56127,0.209857
8,1151,6,Yes,-3.1006,-0.0460046,0.954981
8,1152,6,Yes,-2.26971,-0.109015,0.896664
8,1153,6,No,-0.0721486,-2.66403,0.0696625
8,1154,6,No,-0.000481244,-7.52277,0.000540599
8,1155,6,No,-0.0105132,-4.55477,0.0105163
8,1156,6,No,-0.00388649,-5.53699,0.00393813
8,1157,6,No,-0.00236624,-6.0229,0.00242249
8,1158,6,No,-0.00352317,-5.6334,0.00357619
8,1159,6,No,-0.689346,-0.696846,0.498125
8,1160,6,Yes,-1.30467,-0.316361,0.728753
8,1161,6,Yes,-1.1826,-0.36589,0.693538
8,1162,6,No,-0.0238889,-3.74374,0.023664
8,1163,6,Yes,-1.60887,-0.223213,0.799897
8,1164,6,No,-0.013195,-4.32995,0.0131674
8,1165,6,No,-0.0601905,-2.83917,0.0584709
8,1166,6,Yes,-2.09475,-0.131296,0.876906
8,1167,6,Yes,-2.00693,-0.144265,0.865607
8,1168,6,Yes,-3.26943,-0.038709,0.961974
8,1169,6,Yes,-0.560224,-0.846351,0.428952
8,1170,6,Yes,-2.26004,-0.110136,0.89566
8,1171,6,No,-0.123324,-2.15346,0.116075
8,1172,6,Yes,-3.62908,-0.0268388,0.973461
8,1173,6,No,-0.349356,-1.22106,0.294899
8,1174,6,No,-0.478428,-0.966788,0.38028
8,1175,6,Yes,-2.67558,-0.0712902,0.931137
8,1176,6,No,-0.680784,-0.705547,0.493809
8,1177,6,Yes,-4.09176,-0.016791,0.983291
8,1178,6,Yes,-2.73688,-0.0669017,0.935232
8,1179,6,No,-0.142988,-2.0152,0.133287
8,1180,6,Yes,-4.53446,-0.0107309,0.989268
8,1181,6,Yes,-0.63941,-0.749812,0.472427
8,1182,6,Yes,-3.71315,-0.0246423,0.975601
8,1183,6,No,-0.00836644,-4.78059,0.00839051
8,1184,6,Yes,-3.81965,-0.0221187,0.978066
8,1185,6,No,-2.70182,-0.0693761,0.932921
8,1186,6,Yes,-2.31919,-0.103467,0.901653
8,1187,6,No,-0.376801,-1.15834,0.313987
8,1188,6,No,-0.180532,-1.8004,0.165223
8,1189,6,No,-0.00540385,-5.21234,0.00544856
8,1190,6,No,-0.000343262,-7.81698,0.000402813
8,1191,6,No,-0.00024113,-8.1089,0.000300833
8,1192,6,No,-9.94255e-05,-8.74924,0.000158572
8,1193,6,No,-3.01008e-05,-9.31884,8.97129e-05
8,1194,6,No,-0.00738414,-4.90408,0.00741585
8,1195,6,No,-0.0220354,-3.82338,0.0218524
8,1196,6,No,-5.81758e-05,-9.05501,0.000116798
8,1197,6,No,-0.000227596,-8.15733,0.00028661
8,1198,6,No,-0.000147592,-8.48087,0.000207386
8,1199,6,No,-0.000345767,-7.81042,0.000405462
8,1200,6,No,-4.51813e-05,-9.1689,0.000104225
8,1201,6,No,-9.26299e-05,-8.78958,0.000152303
8,1202,6,Yes,-4.66967,-0.00935927,0.990625
8,1203,6,Yes,-4.7199,-0.00889581,0.991084
8,1204,6,Yes,-5.05311,-0.00634977,0.993611
8,1205,6,Yes,-4.73898,-0.00872581,0.991253
8,1206,6,No,-2.32461e-05,-9.40612,8.22146e-05
8,1207,6,No,-0.000579406,-7.3558,0.000638838
8,1208,6,No,-2.21732e-05,-9.41706,8.13196e-05
8,1209,6,No,-0.000178413,-8.34434,0.000237723
8,1210,6,No,-0.000101095,-8.7381,0.000160348
8,1211,6,No,-0.000174061,-8.36372,0.000233161
8,1212,6,No,-0.00582055,-5.139,0.00586321
8,1213,6,No,-0.005691,-5.16131,0.00573385
8,1214,6,No,-0.711365,-0.67514,0.509055
8,1215,6,No,-0.0256927,-3.67202,0.0254236
8,1216,6,No,-0.0029689,-5.80136,0.00302326
8,1217,6,Yes,-0.817508,-0.582451,0.558495
8,1218,6,No,-0.172221,-1.84348,0.158257
8,1219,6,No,-0.39618,-1.11726,0.327154
8,1220,6,Yes,-0.327322,-1.2758,0.279191
8,1221,6,Yes,-4.57266,-0.0103245,0.98967
8,1222,6,Yes,-4.29296,-0.0136986,0.986336
8,1223,6,Yes,-2.87496,-0.0580101,0.943585
8,1224,6,No,-0.000753031,-7.11606,0.000811911
8,1225,6,No,-0.00102787,-6.82498,0.00108623
8,1226,6,No,-0.000561156,-7.38417,0.00062097
8,1227,6,No,-0.00856396,-4.75752,0.00858638
8,1228,6,No,-0.00159092,-6.40759,0.0016489
8,1229,6,No,-0.00400994,-5.50622,0.0040612
8,1230,6,No,-0.00924226,-4.68214,0.00925858
8,1231,6,No,-0.00255798,-5.94677,0.00261412
8,1232,6,No,-0.0510298,-2.99955,0.0498063
8,1233,6,No,-0.00252111,-5.96109,0.00257694
8,1234,6,Yes,-2.08878,-0.132137,0.876169
8,1235,6,Yes,-3.64384,-0.0264386,0.97385
8,1236,6,Yes,-4.25885,-0.0141791,0.985862
8,1237,6,Yes,-1.86288,-0.168616,0.844784
8,1238,6,No,-0.0382576,-3.2809,0.0375923
8,1239,6,No,-0.0123218,-4.39766,0.0123053
8,1240,6,Yes,-3.48501,-0.0310724,0.969348
8,1241,6,Yes,-2.187,-0.119002,0.887754
8,1242,6,Yes,-4.77596,-0.00840587,0.99157
8,1243,6,Yes,-4.37144,-0.0126528,0.987368
8,1244,6,No,-0.000403366,-7.67856,0.000462611
8,1245,6,Yes,-3.20495,-0.0413446,0.959442
8,1246,6,Yes,-4.19717,-0.0150927,0.984963
8,1247,6,No,-0.000510346,-7.47045,0.00056964
8,1248,6,No,-0.000141035,-8.51462,0.000200503
8,1249,6,No,-0.193175,-1.73886,0.175711
8,1250,6,No,-0.00103837,-6.81501,0.00109712
8,1251,6,Yes,-4.59994,-0.0100438,0.989948
8,1252,6,Yes,-3.43871,-0.032571,0.967896
8,1253,6,No,-0.00179535,-6.29073,0.0018533
8,1254,6,No,-0.000537778,-7.42373,0.000596882
8,1255,6,No,-0.000235406,-8.12967,0.000294647
8,1256,6,Yes,-1.81282,-0.178093,0.836816
8,1257,6,Yes,-1.19007,-0.362609,0.695818
8,1258,6,Yes,-4.4619,-0.011547,0.98846
8,1259,6,Yes,-3.70927,-0.0247391,0.975506
8,1260,6,No,-6.87265e-05,-8.96424,0.000127895
8,1261,6,Yes,-2.94468,-0.0539904,0.947384
8,1262,6,No,-5.84739e-05,-9.04846,0.000117565
8,1263,6,Yes,-4.64051,-0.00963938,0.990348
8,1264,6,No,-0.00101081,-6.84012,0.00106991
8,1265,6,Yes,-1.79759,-0.181089,0.834312
8,1266,6,No,-0.00175929,-6.31016,0.00181763
8,1267,6,Yes,-4.41884,-0.0120616,0.987953
8,1268,6,No,-0.000366517,-7.76138,0.000425843
8,1269,6,Yes,-4.08134,-0.0169688,0.983116
8,1270,6,No,-0.0713691,-2.6745,0.0689373
8,1271,6,No,-0.099713,-2.35428,0.0949565
8,1272,6,No,-0.00429395,-5.43891,0.00434394
8,1273,6,Yes,-4.05194,-0.0174806,0.982612
8,1274,6,No,-0.00126501,-6.62734,0.0013236
8,1275,6,Yes,-4.19389,-0.0151423,0.984913
8,1276,6,No,-0.000931458,-6.91722,0.000990525
8,1277,6,No,-0.00282328,-5.85047,0.00287838
8,1278,6,No,-0.103601,-2.31796,0.0984685
8,1279,6,No,-2.46766e-05,-9.38246,8.41831e-05
8,1280,6,No,-0.0448612,-3.12516,0.0439272
8,1281,6,Yes,-4.90062,-0.00740936,0.992558
8,1282,6,No,-3.80478,-0.0224544,0.977737
8,1283,6,No,-0.00072935,-7.14514,0.000788644
8,1284,6,No,-0.000129589,-8.57273,0.000189184
8,1285,6,No,-0.44425,-1.02512,0.358732
8,1286,6,Yes,-4.8997,-0.00741608,0.992552
8,1287,6,Yes,-3.18858,-0.0420424,0.958772
8,1288,6,No,-0.000102644,-8.7264,0.000162236
8,1289,6,No,-0.000125714,-8.59283,0.000185419
8,1290,6,Yes,-4.5488,-0.0105755,0.989421
8,1291,6,No,4.76837e-07,-9.74186,5.87675e-05
8,1292,6,No,-0.000131854,-8.56125,0.000191369
8,1293,6,No,-0.000100498,-8.74188,0.000159744
8,1294,6,No,-3.27831e-05,-9.29172,9.21789e-05
8,1295,6,Yes,-4.17999,-0.0153563,0.984702
8,1296,6,Yes,-4.26683,-0.0140656,0.985975
8,1297,6,No,-0.00016792,-8.38723,0.000227744
8,1298,6,No,-0.000132391,-8.55811,0.000191971
8,1299,6,No,-0.00036443,-7.76632,0.000423745
8,1300,6,Yes,-3.47616,-0.0313528,0.969076
8,1301,6,No,-0.0982021,-2.36879,0.0935881
8,1302,6,No,-1.36103,-0.296169,0.743618
8,1303,6,No,-0.00164937,-6.37261,0.0017076
8,1304,6,No,-0.00391366,-5.53009,0.00396539
8,1305,6,No,-1.16822,-0.372313,0.689098
8,1306,6,Yes,-4.17344,-0.0154593,0.984602
8,1307,6,No,-0.00784354,-4.8444,0.00787184
8,1308,6,No,-0.00791196,-4.83574,0.00794034
8,1309,6,No,-0.00508826,-5.27168,0.00513466
8,1310,6,Yes,-3.90477,-0.0202902,0.979856
8,1311,6,Yes,-3.57383,-0.0283878,0.971953
8,1312,6,Yes,-4.30886,-0.0134794,0.986552
8,1313,6,Yes,-3.65609,-0.026112,0.974168
8,1314,6,Yes,-1.71123,-0.199164,0.819367
8,1315,6,No,-0.239982,-1.54451,0.213404
8,1316,6,Yes,-2.53844,-0.08222,0.921015
8,1317,6,No,-0.147651,-1.98539,0.137319
8,1318,6,No,-0.000553046,-7.39894,0.000611863
8,1319,6,No,-0.47537,-0.971792,0.378382
8,1320,6,Yes,-4.96351,-0.0069528,0.993012
8,1321,6,No,-0.000844835,-7.0085,0.000904107
8,1322,6,Yes,-3.85918,-0.0212497,0.978916
8,1323,6,No,-0.787549,-0.606786,0.545068
8,1324,6,No,-0.0499798,-3.0198,0.0488079
8,1325,6,Yes,-3.29699,-0.0376343,0.963008
8,1326,6,Yes,-3.6084,-0.0274077,0.972906
8,1327,6,Yes,-3.10986,-0.0455701,0.955396
8,1328,6,Yes,-5.23869,-0.00526129,0.994693
8,1329,6,No,-0.0163427,-4.11847,0.0162685
8,1330,6,No,-0.343841,-1.23437,0.291
8,1331,6,Yes,-2.08786,-0.132267,0.876055
8,1332,6,Yes,-0.435804,-1.0404,0.353294
8,1333,6,Yes,-3.03793,-0.049059,0.952069
8,1334,6,Yes,-2.29704,-0.105912,0.89945
8,1335,6,Yes,-2.37689,-0.0973699,0.907167
8,1336,6,Yes,-2.25898,-0.110259,0.89555
8,1337,6,Yes,-3.19518,-0.0417592,0.959043
8,1338,6,Yes,-2.33217,-0.102061,0.902921
8,1339,6,Yes,-4.18983,-0.0152042,0.984852
8,1340,6,Yes,-3.80204,-0.0225169,0.977676
8,1341,6,Yes,-3.64126,-0.0265076,0.973782
8,1342,6,Yes,-3.96214,-0.0191447,0.980979
8,1343,6,Yes,-4.66744,-0.00938033,0.990604
8,1344,6,Yes,-3.51258,-0.0302126,0.970182
8,1345,6,Yes,-2.46942,-0.0883674,0.915371
8,1346,6,No,-0.0988673,-2.36237,0.0941913
8,1347,6,Yes,-4.86856,-0.00765432,0.992316
8,1348,6,Yes,-3.22331,-0.0405761,0.960179
8,1349,6,Yes,-1.91463,-0.159391,0.852613
8,1350,6,No,-4.1083,-0.0165115,0.983565
8,1351,6,Yes,-0.802296,-0.594641,0.551728
8,1352,6,Yes,-0.348186,-1.22386,0.294075
8,1353,6,Yes,-4.96357,-0.00695214,0.993012
8,1354,6,No,-0.760559,-0.629884,0.532623
8,1355,6,Yes,-4.67264,-0.00933196,0.990653
8,1356,6,Yes,-3.76619,-0.0233515,0.976861
8,1357,6,Yes,-3.20392,-0.0413882,0.9594
8,1358,6,No,-0.27223,-1.43389,0.238365
8,1359,6,Yes,-4.4663,-0.0114957,0.988511
8,1360,6,No,-0.494448,-0.941221,0.390128
8,1361,6,Yes,-0.831026,-0.571892,0.564423
8,1362,6,Yes,-0.799826,-0.596653,0.550619
8,1363,6,No,-0.990278,-0.464284,0.628548
8,1364,6,Yes,-2.49988,-0.0855969,0.91791
8,1365,6,Yes,-1.96642,-0.150705,0.860051
8,1366,6,Yes,-3.36853,-0.0349861,0.965562
8,1367,6,Yes,-0.474236,-0.97366,0.377676
8,1368,6,Yes,-3.97319,-0.0189318,0.981188
8,1369,6,Yes,-2.40064,-0.0949709,0.909345
8,1370,6,Yes,-2.7537,-0.0657476,0.936312
8,0,7,No,-0.000651095,-7.2496,0.000710417
8,1,7,No,-0.000115878,-8.65046,0.000175036
8,2,7,No,-0.050615,-3.0075,0.049412
8,3,7,Yes,-2.71251,-0.0686123,0.933634
8,4,7,No,-0.00836812,-4.78041,0.00839205
8,5,7,Yes,-2.40193,-0.0948428,0.909462
8,6,7,No,-0.315683,-1.30649,0.270752
8,7,7,No,-0.0332631,-3.41808,0.0327735
8,8,7,No,-1.23028,-0.345524,0.707808
8,9,7,No,-0.0118819,-4.43369,0.01187
8,10,7,No,-0.00271701,-5.88786,0.00277275
8,11,7,No,-0.00448929,-5.39518,0.00453815
8,12,7,No,-0.000543265,-7.41467,0.000602313
8,13,7,No,-0.0489032,-3.04102,0.0477833
8,14,7,Yes,-0.0950964,-2.39938,0.0907687
8,15,7,Yes,-0.978779,-0.471142,0.624252
8,16,7,No,-0.00480763,-5.32758,0.00485551
8,17,7,No,-0.00235716,-6.02664,0.00241345
8,18,7,Yes,-2.93111,-0.0547494,0.946666
8,19,7,Yes,-2.71344,-0.0685459,0.933696
8,20,7,Yes,-1.90305,-0.161407,0.850896
8,21,7,Yes,-4.20508,-0.0149716,0.985081
8,22,7,Yes,-3.03562,-0.0491754,0.951958
8,23,7,Yes,-3.02873,-0.0495236,0.951626
8,24,7,Yes,-2.6107,-0.0762589,0.926521
8,25,7,Yes,-3.13338,-0.0444862,0.956432
8,26,7,No,-0.129626,-2.10673,0.121628
8,27,7,No,-0.0121215,-4.41391,0.0121071
8,28,7,No,-0.816348,-0.583369,0.557983
8,29,7,Yes,-0.886612,-0.531012,0.587975
8,30,7,Yes,-4.36079,-0.0127897,0.987232
8,31,7,Yes,-2.72339,-0.0678432,0.934352
8,32,7,No,-0.483861,-0.957999,0.383637
8,33,7,Yes,-1.1172,-0.396211,0.672825
8,34,7,Yes,-0.635452,-0.754251,0.470335
8,35,7,No,-0.9319,-0.500457,0.606218
8,36,7,Yes,-3.41483,-0.0333731,0.96712
8,37,7,Yes,-4.66714,-0.00938358,0.990601
8,38,7,Yes,-1.97968,-0.148563,0.861895
8,39,7,No,-0.00334942,-5.68298,0.00340321
8,40,7,Yes,-3.02535,-0.0496961,0.951462
8,41,7,Yes,-2.90967,-0.0559719,0.94551
8,42,7,No,-3.91014e-05,-9.22792,9.8252e-05
8,43,7,Yes,-3.72627,-0.0243164,0.975919
8,44,7,Yes,-4.72028,-0.00889238,0.991088
8,45,7,No,-0.335882,-1.25404,0.285334
8,46,7,No,-1.16821,-0.372316,0.689095
8,47,7,Yes,-3.6942,-0.0251206,0.975134
8,48,7,Yes,-3.68325,-0.025402,0.97486
8,49,7,No,-0.00542848,-5.208,0.00547226
8,50,7,No,-0.00753709,-4.88375,0.00756812
8,51,7,No,-0.0309426,-3.48909,0.0305268
8,52,7,No,-0.0077037,-4.86209,0.00773381
8,53,7,No,-0.00551915,-5.1916,0.00556278
8,54,7,Yes,-4.55248,-0.0105373,0.98946
8,55,7,Yes,-1.02324,-0.445302,0.640594
8,56,7,Yes,-1.59647,-0.226337,0.797402
8,57,7,Yes,-3.85267,-0.0213906,0.978778
8,58,7,Yes,-4.52714,-0.0108104,0.989189
8,59,7,No,-0.000252577,-8.07283,0.000311879
8,60,7,Yes,-2.06146,-0.136058,0.872739
8,61,7,Yes,-4.73353,-0.00877464,0.991205
8,62,7,Yes,-4.54245,-0.0106449,0.989353
8,63,7,Yes,-0.298864,-1.35325,0.258384
8,64,7,Yes,-2.67409,-0.0714,0.931035
8,65,7,Yes,-3.22515,-0.0404999,0.960253
8,66,7,Yes,-1.74279,-0.192339,0.824978
8,67,7,Yes,-4.51526,-0.0109408,0.98906
8,68,7,No,-0.426534,-1.05759,0.347271
8,69,7,No,-0.0245759,-3.71581,0.0243342
8,70,7,Yes,-3.60893,-0.0273935,0.972921
8,71,7,No,-0.00323245,-5.71805,0.00328593
8,72,7,Yes,-1.21585,-0.351544,0.703559
8,73,7,No,-3.08161e-05,-9.3101,9.04998e-05
8,74,7,Yes,-2.26499,-0.10956,0.896175
8,75,7,No,-0.818484,-0.58168,0.558926
8,76,7,No,-0.0556687,-2.91495,0.0542033
8,77,7,No,-8.47018e-05,-8.84593,0.000143958
8,78,7,Yes,-4.47337,-0.0114151,0.988592
8,79,7,Yes,-3.88328,-0.0207371,0.979418
8,80,7,Yes,-0.256324,-1.48648,0.226155
8,81,7,Yes,-0.291712,-1.37407,0.253061
8,82,7,No,-3.69158,-0.0251879,0.975069
8,83,7,Yes,-2.10957,-0.129233,0.878717
8,84,7,Yes,-2.61194,-0.0761605,0.926613
8,85,7,Yes,-3.52685,-0.0297772,0.970604
8,86,7,Yes,-4.22213,-0.0147161,0.985334
8,87,7,Yes,-4.48235,-0.0113111,0.988694
8,88,7,Yes,-2.78506,-0.0636497,0.938278
8,89,7,Yes,-2.69704,-0.0697208,0.932599
8,90,7,Yes,-2.78358,-0.063746,0.938187
8,91,7,Yes,-2.72271,-0.0678909,0.934307
8,92,7,Yes,-0.621798,-0.769855,0.463053
8,93,7,Yes,-2.96151,-0.0530649,0.948263
8,94,7,Yes,-0.466333,-0.986819,0.372738
8,95,7,Yes,-4.40365,-0.0122479,0.987768
8,96,7,Yes,-3.89955,-0.0203986,0.97975
8,97,7,No,-0.1438,-2.00993,0.133991
8,98,7,Yes,-3.53677,-0.0294788,0.970894
8,99,7,No,-0.0392173,-3.25662,0.0385159
8,100,7,No,-0.31426,-1.31033,0.269714
8,101,7,Yes,-2.03001,-0.140729,0.868674
8,102,7,Yes,-2.63312,-0.0745032,0.92815
8,103,7,Yes,-1.49738,-0.253161,0.776297
8,104,7,No,-0.274371,-1.42708,0.239995
8,105,7,No,-0.749574,-0.639624,0.52746
8,106,7,No,-0.000139127,-8.52439,0.000198554
8,107,7,No,-0.0103056,-4.57446,0.0103112
8,108,7,No,-0.00965617,-4.63877,0.00966898
8,109,7,No,-0.0200879,-3.91469,0.0199456
8,110,7,Yes,-3.96705,-0.0190505,0.981072
8,111,7,No,-0.00104351,-6.81016,0.00110245
8,112,7,No,-0.0105225,-4.55386,0.0105259
8,113,7,No,-0.399566,-1.11034,0.329429
8,114,7,Yes,-2.76493,-0.0649884,0.937023
8,115,7,No,-4.43468e-05,-9.17373,0.000103723
8,116,7,No,-0.000113136,-8.66574,0.000172382
8,117,7,Yes,-4.74831,-0.0086447,0.991334
8,118,7,No,-0.405443,-1.09848,0.333358
8,119,7,No,-7.80851e-05,-8.89254,0.000137402
8,120,7,Yes,-4.65568,-0.00949321,0.990493
8,121,7,Yes,-4.4261,-0.011973,0.98804
8,122,7,No,-0.00498282,-5.29232,0.0050298
8,123,7,Yes,-4.18473,-0.015283,0.984775
8,124,7,No,-0.000554596,-7.39566,0.000613873
8,125,7,No,-0.218366,-1.62848,0.196216
8,126,7,Yes,-2.9741,-0.0523828,0.94891
8,127,7,Yes,-3.4246,-0.0330431,0.96744
8,128,7,No,-0.126468,-2.12983,0.118851
8,129,7,No,-0.000117428,-8.64149,0.000176613
8,130,7,No,-5.99045e-05,-9.03402,0.000119275
8,131,7,No,-9.79948e-05,-8.75668,0.000157398
8,132,7,No,-0.000348629,-7.80517,0.000407599
8,133,7,Yes,-2.12507,-0.127111,0.880583
8,134,7,Yes,-3.86221,-0.0211849,0.97898
8,135,7,No,-0.000424535,-7.63311,0.000484124
8,136,7,Yes,-0.476099,-0.970596,0.378835
8,137,7,Yes,-1.64261,-0.214946,0.806537
8,138,7,Yes,-0.251709,-1.50243,0.222575
8,139,7,Yes,-2.75673,-0.0655416,0.936504
8,140,7,No,-0.334433,-1.25768,0.284298
8,141,7,Yes,-3.46841,-0.0316015,0.968835
8,142,7,No,-0.00129462,-6.60526,0.00135315
8,143,7,No,-3.32815,-0.0364566,0.964143
8,144,7,No,5.48361e-06,-9.82725,5.39577e-05
8,145,7,Yes,-2.48827,-0.0866416,0.916951
8,146,7,Yes,-2.10116,-0.130401,0.877692
8,147,7,Yes,-1.89315,-0.163152,0.849412
8,148,7,Yes,-0.344444,-1.23291,0.291427
8,149,7,Yes,-3.70876,-0.0247527,0.975494
8,150,7,Yes,-3.02482,-0.049723,0.951436
8,151,7,Yes,-0.672607,-0.713999,0.489653
8,152,7,Yes,-2.29084,-0.106608,0.898824
8,153,7,Yes,-2.57271,-0.0793341,0.923676
8,154,7,No,-3.09703,-0.0461731,0.95482
8,155,7,Yes,-3.73102,-0.0241996,0.976033
8,156,7,Yes,-3.70542,-0.0248364,0.975412
8,157,7,Yes,-1.90133,-0.16171,0.850638
8,158,7,Yes,-1.97215,-0.149775,0.860851
8,159,7,Yes,-2.09056,-0.131885,0.87639
8,160,7,Yes,-2.98909,-0.0515815,0.94967
8,161,7,No,-3.12399,-0.0449162,0.956021
8,162,7,No,-0.604612,-0.790161,0.453745
8,163,7,Yes,-1.28272,-0.324654,0.722735
8,164,7,Yes,-4.38406,-0.0124923,0.987526
8,165,7,No,-0.535833,-0.879772,0.414853
8,166,7,Yes,-4.49635,-0.0111525,0.988851
8,167,7,Yes,-1.89586,-0.162672,0.84982
8,168,7,No,-0.136656,-2.05737,0.127782
8,169,7,Yes,-1.88032,-0.165444,0.847467
8,170,7,Yes,-3.69842,-0.0250138,0.975239
8,171,7,Yes,-2.7315,-0.0672757,0.934882
8,172,7,No,-0.164445,-1.88588,0.151686
8,173,7,No,-0.00588105,-5.12884,0.00592307
8,174,7,Yes,-4.31374,-0.0134135,0.986617
8,175,7,Yes,-4.46207,-0.0115455,0.988462
8,176,7,No,-0.00623287,-5.07149,0.0062727
8,177,7,No,-0.00853884,-4.76043,0.00856142
8,178,7,Yes,-3.87037,-0.0210105,0.979151
8,179,7,No,-0.00841501,-4.77486,0.00843874
8,180,7,No,-0.0112622,-4.4866,0.0112581
8,181,7,No,-0.0679622,-2.72169,0.0657594
8,182,7,Yes,-2.83405,-0.06051,0.941229
8,183,7,No,-0.847997,-0.558989,0.571753
8,184,7,No,-1.04531,-0.433129,0.648439
8,185,7,Yes,-4.20707,-0.0149417,0.985111
8,186,7,Yes,-2.90067,-0.056493,0.945017
8,187,7,Yes,-0.391819,-1.1263,0.324213
8,188,7,Yes,-2.24589,-0.111798,0.894173
8,189,7,Yes,-2.6064,-0.0766007,0.926205
8,190,7,Yes,-2.149,-0.123912,0.883406
8,191,7,Yes,-1.44971,-0.26733,0.765376
8,192,7,No,-0.00244559,-5.9907,0.00250176
8,193,7,No,-0.00486387,-5.31619,0.00491113
8,194,7,Yes,-2.61601,-0.0758398,0.926911
8,195,7,No,-0.000106877,-8.70517,0.000165717
8,196,7,No,-0.000239878,-8.11323,0.000299532
8,197,7,No,-0.00043008,-7.62261,0.000489232
8,198,7,Yes,-0.253644,-1.4957,0.224078
8,199,7,No,-0.00110353,-6.75744,0.00116213
8,200,7,No,-0.986334,-0.466621,0.627081
8,201,7,No,-0.00666672,-5.00504,0.00670368
8,202,7,Yes,-4.5533,-0.010528,0.989468
8,203,7,No,-0.000671374,-7.22174,0.000730486
8,204,7,Yes,-1.00699,-0.454536,0.634706
8,205,7,No,-9.11397e-05,-8.80229,0.00015038
8,206,7,Yes,-3.6226,-0.0270157,0.973288
8,207,7,Yes,-4.97481,-0.00687429,0.993091
8,208,7,Yes,-3.72733,-0.0242902,0.975944
8,209,7,Yes,-4.67602,-0.00930043,0.990685
8,210,7,Yes,-0.346553,-1.2278,0.29292
8,211,7,Yes,-3.04586,-0.0486611,0.952447
8,212,7,Yes,-0.146322,-1.99378,0.136172
8,213,7,No,-3.09945e-06,-9.68567,6.21642e-05
8,214,7,No,-0.00328101,-5.70317,0.00333518
8,215,7,Yes,-4.04621,-0.0175823,0.982512
8,216,7,Yes,-4.67805,-0.00928046,0.990703
8,217,7,No,-0.00745596,-4.89453,0.00748696
8,218,7,Yes,-3.18391,-0.0422439,0.958579
8,219,7,Yes,-3.27987,-0.038298,0.962369
8,220,7,Yes,-4.13674,-0.0160432,0.984026
8,221,7,Yes,-1.22284,-0.348614,0.705624
8,222,7,No,-1.03501,-0.438759,0.644798
8,223,7,Yes,-4.82611,-0.00798965,0.991983
8,224,7,Yes,-2.69388,-0.0699499,0.932386
8,225,7,Yes,-0.472322,-0.97682,0.376484
8,226,7,No,-0.0801758,-2.56258,0.0771006
8,227,7,No,-0.539563,-0.874536,0.417031
8,228,7,Yes,-2.29042,-0.106656,0.898782
8,229,7,Yes,-4.79502,-0.00824479,0.99173
8,230,7,No,-0.000263368,-8.03847,0.000322784
8,231,7,Yes,-2.59797,-0.0772766,0.92558
8,232,7,Yes,-2.2927,-0.106399,0.899013
8,233,7,Yes,-4.05146,-0.0174896,0.982604
8,234,7,No,-0.344344,-1.23315,0.291357
8,235,7,Yes,-2.77514,-0.0643058,0.937663
8,236,7,No,-0.000163688,-8.40982,0.000222656
8,237,7,No,-0.000331338,-7.84751,0.000390699
8,238,7,No,-0.00530204,-5.23114,0.00534709
8,239,7,No,-0.111578,-2.24775,0.105631
8,240,7,Yes,-3.95204,-0.0193414,0.980786
8,241,7,No,-5.36442e-07,-9.72828,5.95711e-05
8,242,7,Yes,-0.272467,-1.43313,0.238546
8,243,7,Yes,-0.248309,-1.5144,0.219927
8,244,7,No,-0.00403765,-5.49952,0.00408849
8,245,7,No,-0.691772,-0.694406,0.499342
8,246,7,Yes,-3.28562,-0.0380739,0.962585
8,247,7,No,-0.423232,-1.06383,0.345112
8,248,7,Yes,-4.38189,-0.0125209,0.987499
8,249,7,No,-0.45117,-1.01287,0.363155
8,250,7,Yes,-3.14116,-0.044134,0.95677
8,251,7,Yes,-1.49408,-0.254115,0.775558
8,252,7,Yes,-3.61524,-0.0272187,0.973091
8,253,7,No,-0.00182055,-6.27718,0.00187858
8,254,7,No,-0.0219498,-3.82721,0.021769
8,255,7,No,-0.000456914,-7.56869,0.000516335
8,256,7,Yes,-1.35933,-0.296757,0.743181
8,257,7,Yes,-4.90938,-0.00734457,0.992623
8,258,7,Yes,-3.78232,-0.0229715,0.977232
8,259,7,Yes,-3.58672,-0.0280179,0.972313
8,260,7,No,-0.0197139,-3.93326,0.0195787
8,261,7,Yes,-0.687029,-0.699185,0.496961
8,262,7,Yes,-3.02819,-0.0495514,0.951599
8,263,7,Yes,-1.23847,-0.342162,0.710191
8,264,7,No,-0.000193853,-8.2812,0.000253217
8,265,7,Yes,-4.55143,-0.0105481,0.989448
8,266,7,No,-0.00103647,-6.81661,0.00109537
8,267,7,Yes,-3.80553,-0.0224388,0.977754
8,268,7,No,-0.000391441,-7.70447,0.000450781
8,269,7,Yes,-2.16923,-0.121271,0.885741
8,270,7,No,-0.0515424,-2.98983,0.050293
8,271,7,Yes,-2.48354,-0.087072,0.916558
8,272,7,No,-1.17724,-0.368269,0.69189
8,273,7,No,-0.00310533,-5.75719,0.00315979
8,274,7,No,-0.00459785,-5.37164,0.00464623
8,275,7,No,-0.00177218,-6.30332,0.00183011
8,276,7,Yes,-1.38723,-0.287294,0.750248
8,277,7,No,-0.0965606,-2.38483,0.0920989
8,278,7,Yes,-4.53261,-0.0107507,0.989248
8,279,7,No,-0.0235869,-3.75632,0.0233683
8,280,7,No,-5.82354e-05,-9.05422,0.00011689
8,281,7,No,-0.00472492,-5.3448,0.00477263
8,282,7,No,-0.000653361,-7.24643,0.000712669
8,283,7,Yes,-4.22302,-0.0147017,0.985346
8,284,7,Yes,-3.74615,-0.0238307,0.976393
8,285,7,Yes,-3.64074,-0.0265225,0.973769
8,286,7,No,-0.00148263,-6.4754,0.00154079
8,287,7,Yes,-3.68987,-0.0252322,0.975026
8,288,7,No,-4.01147e-05,-9.21425,9.96039e-05
8,289,7,No,-1.70359,-0.200857,0.817981
8,290,7,Yes,-0.682241,-0.704055,0.494547
8,291,7,Yes,-4.76368,-0.00851082,0.991466
8,292,7,No,-0.000437415,-7.60696,0.000496949
8,293,7,Yes,-4.15627,-0.0157295,0.984335
8,294,7,Yes,-4.52891,-0.0107907,0.989208
8,295,7,Yes,-4.77295,-0.00843166,0.991545
8,296,7,No,-0.109668,-2.26406,0.103922
8,297,7,No,-0.00517783,-5.25463,0.00522298
8,298,7,No,-0.000975667,-6.8739,0.00103437
8,299,7,No,-0.123048,-2.15556,0.115831
8,300,7,Yes,-1.91015,-0.160169,0.85195
8,301,7,Yes,-2.43664,-0.0914526,0.912551
8,302,7,Yes,-2.03718,-0.139649,0.869612
8,303,7,Yes,-0.679303,-0.707068,0.493059
8,304,7,Yes,-2.69077,-0.0701744,0.932176
8,305,7,Yes,-2.56673,-0.0798305,0.923218
8,306,7,Yes,-3.30604,-0.0372886,0.963341
8,307,7,Yes,-1.04881,-0.431241,0.649664
8,308,7,Yes,-1.03748,-0.437404,0.645673
8,309,7,No,-3.60152,-0.0276,0.97272
8,310,7,No,-0.0126325,-4.37306,0.0126118
8,311,7,No,-0.00121148,-6.66886,0.00126978
8,312,7,Yes,-2.27512,-0.108394,0.897222
8,313,7,No,-0.00452516,-5.38745,0.00457335
8,314,7,Yes,-4.38943,-0.0124242,0.987593
8,315,7,No,-0.000165834,-8.39642,0.000225661
8,316,7,No,-0.000242263,-8.10603,0.000301695
8,317,7,Yes,-4.3165,-0.0133763,0.986654
8,318,7,Yes,-4.8579,-0.00773745,0.992234
8,319,7,No,-0.0233448,-3.76646,0.0231324
8,320,7,No,-0.00394891,-5.52129,0.00400045
8,321,7,No,-0.000150096,-8.46993,0.000209666
8,322,7,No,-8.08868e-05,-8.87081,0.000140421
8,323,7,No,-0.000250192,-8.08022,0.000309586
8,324,7,No,-5.08441e-05,-9.11057,0.000110485
8,325,7,No,-0.00234629,-6.03098,0.00240299
8,326,7,No,-0.0142003,-4.25737,0.0141586
8,327,7,Yes,-4.18864,-0.0152227,0.984834
8,328,7,Yes,-4.20109,-0.0150328,0.985022
8,329,7,Yes,-4.52396,-0.0108452,0.989155
8,330,7,No,-0.596683,-0.799789,0.449397
8,331,7,No,-0.0289331,-3.55509,0.0285771
8,332,7,No,-0.215955,-1.63842,0.194276
8,333,7,Yes,-1.02754,-0.442895,0.642137
8,334,7,Yes,-4.48172,-0.0113181,0.988687
8,335,7,Yes,-4.0557,-0.017415,0.982678
8,336,7,Yes,-3.96594,-0.0190714,0.981051
8,337,7,Yes,-2.74305,-0.0664751,0.93563
8,338,7,Yes,-3.83138,-0.021857,0.978322
8,339,7,No,-3.75516e-05,-9.24358,9.67247e-05
8,340,7,No,-8.32115e-05,-8.85726,0.000142336
8,341,7,No,-1.97272,-0.149683,0.86093
8,342,7,No,-0.955202,-0.485606,0.615288
8,343,7,No,-0.000493231,-7.50094,0.000552531
8,344,7,Yes,-3.70633,-0.0248136,0.975434
8,345,7,Yes,-0.371128,-1.17085,0.310085
8,346,7,Yes,-2.09821,-0.130812,0.877332
8,347,7,No,-0.105003,-2.30522,0.0997311
8,348,7,No,-0.00140814,-6.52495,0.0014663
8,349,7,No,-0.103165,-2.32197,0.0980746
8,350,7,Yes,-0.413991,-1.0816,0.339032
8,351,7,No,-0.78814,-0.606292,0.545337
8,352,7,No,-0.206332,-1.67935,0.186484
8,353,7,Yes,-0.956449,-0.484827,0.615767
8,354,7,No,-0.0948468,-2.40189,0.0905411
8,355,7,No,-0.168287,-1.86466,0.154939
8,356,7,Yes,-1.54199,-0.240665,0.786059
8,357,7,Yes,-0.905505,-0.517982,0.595686
8,358,7,No,-0.210801,-1.66008,0.190113
8,359,7,No,-0.374241,-1.16396,0.312229
8,360,7,Yes,-1.27651,-0.327049,0.721006
8,361,7,Yes,-3.05271,-0.0483196,0.952772
8,362,7,Yes,-1.63042,-0.217891,0.804165
8,363,7,No,-0.000166668,-8.398,0.000225305
8,364,7,No,-0.000114686,-8.65757,0.000173797
8,365,7,Yes,-3.33912,-0.0360506,0.964534
8,366,7,Yes,-2.98128,-0.0519972,0.949275
8,367,7,No,-1.69975,-0.201714,0.817281
8,368,7,Yes,-3.75345,-0.0236548,0.976565
8,369,7,Yes,-2.33079,-0.10221,0.902786
8,370,7,Yes,-2.57696,-0.0789843,0.924
8,371,7,No,-0.0693562,-2.70208,0.0670615
8,372,7,Yes,-3.55551,-0.0289218,0.971435
8,373,7,Yes,-4.0637,-0.0172738,0.982816
8,374,7,Yes,-3.54682,-0.029178,0.971186
8,375,7,Yes,-3.69958,-0.0249838,0.975268
8,376,7,Yes,-2.28079,-0.107746,0.897803
8,377,7,Yes,-1.08681,-0.411328,0.66273
8,378,7,No,-0.0324883,-3.44122,0.0320236
8,379,7,Yes,-1.42882,-0.273822,0.760423
8,380,7,Yes,-3.18334,-0.0422685,0.958556
8,381,7,Yes,-0.254431,-1.49298,0.224689
8,382,7,No,-1.83641,-0.173554,0.840622
8,383,7,Yes,-1.29307,-0.320713,0.725589
8,384,7,Yes,-4.20445,-0.0149815,0.985072
8,385,7,No,-0.00201631,-6.17834,0.00207375
8,386,7,Yes,-4.57409,-0.0103099,0.989685
8,387,7,No,-1.74047e-05,-9.47583,7.66788e-05
8,388,7,No,-0.000135908,-8.54093,0.000195298
8,389,7,No,-2.50939e-05,-9.38062,8.43379e-05
8,390,7,Yes,-4.3842,-0.0124913,0.987528
8,391,7,Yes,-3.8854,-0.0206935,0.979462
8,392,7,Yes,-4.38445,-0.0124879,0.987531
8,393,7,No,-0.011672,-4.45125,0.0116633
8,394,7,Yes,-1.84084,-0.172718,0.841326
8,395,7,No,-0.193398,-1.73781,0.175895
8,396,7,No,-0.0327615,-3.43299,0.0322883
8,397,7,No,-0.0133293,-4.31996,0.0132996
8,398,7,Yes,-3.27478,-0.038497,0.962177
8,399,7,No,-0.000235883,-8.12766,0.00029524
8,400,7,No,-0.000450474,-7.58133,0.000509853
8,401,7,No,-0.125393,-2.13783,0.117903
8,402,7,Yes,-2.76699,-0.0648497,0.937153
8,403,7,Yes,-1.59091,-0.227757,0.796271
8,404,7,Yes,-2.62283,-0.0753039,0.927407
8,405,7,Yes,-3.77784,-0.0230769,0.977129
8,406,7,Yes,-4.87451,-0.00760844,0.992362
8,407,7,No,-1.62149,-0.22008,0.802407
8,408,7,Yes,-3.91408,-0.0200999,0.980042
8,409,7,Yes,-4.179,-0.0153728,0.984687
8,410,7,Yes,-3.74428,-0.023876,0.976349
8,411,7,Yes,-1.12936,-0.390351,0.676779
8,412,7,Yes,-3.02381,-0.0497753,0.951387
8,413,7,Yes,-2.72702,-0.0675883,0.93459
8,414,7,Yes,-0.230186,-1.58147,0.205661
8,415,7,Yes,-1.40467,-0.281552,0.754567
8,416,7,Yes,-3.30619,-0.0372826,0.963347
8,417,7,Yes,-0.924708,-0.505156,0.603376
8,418,7,No,-0.0100443,-4.59984,0.0100529
8,419,7,No,-0.0339763,-3.39724,0.0334634
8,420,7,No,-0.278644,-1.41367,0.243235
8,421,7,Yes,-0.0683966,-2.71553,0.066166
8,422,7,No,-0.00693383,-4.96624,0.00696886
8,423,7,No,-0.011908,-4.43151,0.0118958
8,424,7,No,-0.106515,-2.29168,0.101091
8,425,7,No,-0.0202176,-3.90834,0.0200726
8,426,7,No,-0.00204994,-6.16239,0.00210709
8,427,7,No,-0.00085092,-7.0021,0.000909914
8,428,7,Yes,-3.7227,-0.0244044,0.975833
8,429,7,Yes,-2.65192,-0.0730615,0.929489
8,430,7,No,-0.410901,-1.08765,0.336986
8,431,7,No,-1.09539,-0.406992,0.665611
8,432,7,Yes,-0.45739,-1.00205,0.367104
8,433,7,No,-0.00793894,-4.8324,0.0079669
8,434,7,No,-0.0433027,-3.15971,0.0424354
8,435,7,Yes,-2.15586,-0.12301,0.884203
8,436,7,No,-0.296257,-1.36077,0.256447
8,437,7,No,-0.0104238,-4.56317,0.0104283
8,438,7,No,-0.000628729,-7.28228,0.000687573
8,439,7,Yes,-3.47196,-0.0314876,0.968946
8,440,7,No,-0.000285905,-7.97078,0.000345389
8,441,7,No,-0.000293834,-7.94936,0.000352865
8,442,7,No,-0.39838,-1.11276,0.328633
8,443,7,Yes,-3.21864,-0.0407704,0.959993
8,444,7,Yes,-4.04641,-0.017579,0.982516
8,445,7,Yes,-3.6547,-0.0261486,0.974132
8,446,7,No,-4.75909,-0.00855074,0.991427
8,447,7,Yes,-1.34749,-0.300882,0.740122
8,448,7,No,-0.0345556,-3.38065,0.0340233
8,449,7,No,-0.100847,-2.34354,0.0959818
8,450,7,No,-0.0265876,-3.6383,0.0262953
8,451,7,Yes,-2.57875,-0.0788371,0.924136
8,452,7,No,-2.44918,-0.090259,0.913641
8,453,7,Yes,-3.57066,-0.0284799,0.971864
8,454,7,No,-0.00683756,-4.98009,0.00687301
8,455,7,No,-0.00154979,-6.43267,0.00160806
8,456,7,Yes,-4.59422,-0.0101022,0.98989
8,457,7,No,-0.00177523,-6.30188,0.00183274
8,458,7,No,-4.77445e-05,-9.14169,0.0001071
8,459,7,Yes,-3.43029,-0.0328524,0.967624
8,460,7,No,-1.27964,-0.32584,0.721879
8,461,7,Yes,-2.59707,-0.0773481,0.925513
8,462,7,No,-0.121572,-2.1669,0.114525
8,463,7,No,-0.00576701,-5.1482,0.00580953
8,464,7,No,-0.00207472,-6.15061,0.00213205
8,465,7,No,-0.00691949,-4.96827,0.00695474
8,466,7,No,-0.000146877,-8.48599,0.000206326
8,467,7,No,-0.0213901,-3.85268,0.0212215
8,468,7,Yes,-3.13867,-0.0442461,0.956662
8,469,7,No,-0.00511749,-5.26597,0.00516407
8,470,7,No,-0.432615,-1.04626,0.351228
8,471,7,No,-0.109953,-2.26161,0.104176
8,472,7,No,-7.49855e-05,-8.91742,0.000134026
8,473,7,No,-0.00106159,-6.79432,0.00112005
8,474,7,No,-0.00880134,-4.7305,0.00882153
8,475,7,Yes,-3.33961,-0.036033,0.964551
8,476,7,No,-1.22802,-0.346459,0.707146
8,477,7,Yes,-2.13914,-0.125219,0.882251
8,478,7,Yes,-4.23181,-0.0145727,0.985475
8,479,7,No,-0.00203984,-6.16702,0.00209735
8,480,7,No,-0.00526357,-5.23832,0.00530887
8,481,7,No,-0.00102656,-6.82545,0.00108572
8,482,7,No,-0.00183727,-6.26845,0.00189505
8,483,7,No,-0.000399789,-7.6868,0.000458817
8,484,7,Yes,-3.52805,-0.0297413,0.970639
8,485,7,Yes,-3.91155,-0.020152,0.979992
8,486,7,Yes,-2.90029,-0.0565168,0.944996
8,487,7,Yes,-3.74036,-0.0239713,0.976256
8,488,7,No,-1.2952,-0.319906,0.726174
8,489,7,No,-0.0611,-2.82464,0.0593266
8,490,7,No,-0.00608983,-5.09443,0.00613046
8,491,7,Yes,-3.16442,-0.0430948,0.957764
8,492,7,No,-0.0053773,-5.21728,0.00542175
8,493,7,Yes,-3.77722,-0.0230911,0.977115
8,494,7,Yes,-4.07247,-0.0171214,0.982966
8,495,7,Yes,-2.16947,-0.121241,0.885769
8,496,7,Yes,-1.53311,-0.243098,0.784148
8,497,7,Yes,-0.363416,-1.18822,0.304744
8,498,7,Yes,-4.30139,-0.0135816,0.986451
8,499,7,Yes,-3.35345,-0.0355278,0.965038
8,500,7,Yes,-3.70253,-0.0249096,0.97534
8,501,7,Yes,-0.0791825,-2.57455,0.0761834
8,502,7,Yes,-0.259861,-1.47447,0.228887
8,503,7,No,-0.843825,-0.562126,0.569963
8,504,7,Yes,-3.14825,-0.0438137,0.957076
8,505,7,Yes,-2.81601,-0.0616467,0.940159
8,506,7,Yes,-1.72877,-0.195337,0.822508
8,507,7,No,-1.41366,-0.278645,0.756764
8,508,7,Yes,-3.79342,-0.0227154,0.977483
8,509,7,Yes,-4.32466,-0.0132663,0.986763
8,510,7,No,-0.26469,-1.45837,0.232602
8,511,7,No,-2.30198,-0.105363,0.899945
8,512,7,Yes,-4.17876,-0.0153765,0.984683
8,513,7,No,-0.00618441,-5.07916,0.00622475
8,514,7,Yes,-2.42224,-0.0928429,0.911283
8,515,7,No,-0.482906,-0.959536,0.383048
8,516,7,Yes,-2.53665,-0.0823736,0.920874
8,517,7,No,-1.08761,-0.410924,0.662998
8,518,7,No,-1.48998,-0.255304,0.774636
8,519,7,Yes,-3.39828,-0.033941,0.966571
8,520,7,Yes,-3.98974,-0.0186177,0.981496
8,521,7,No,-0.375086,-1.1621,0.31281
8,522,7,Yes,-1.51213,-0.248951,0.779573
8,523,7,No,-0.73327,-0.65446,0.519692
8,524,7,No,-3.00487,-0.0507526,0.950458
8,525,7,No,-0.000662069,-7.23462,0.000721141
8,526,7,Yes,-4.4105,-0.0121633,0.987852
8,527,7,Yes,-2.35613,-0.0995193,0.905219
8,528,7,No,-0.337677,-1.24955,0.286616
8,529,7,No,-0.00053909,-7.42109,0.00059846
8,530,7,Yes,-3.46909,-0.0315789,0.968856
8,531,7,No,-0.384787,-1.14111,0.319444
8,532,7,No,-1.96631,-0.150723,0.860036
8,533,7,No,-0.000198026,-8.26388,0.000257643
8,534,7,No,2.38418e-06,-9.7816,5.64782e-05
8,535,7,No,-3.13525e-05,-9.30534,9.09318e-05
8,536,7,No,-5.25131e-05,-9.09984,0.000111677
8,537,7,No,-0.0145728,-4.23178,0.0145256
8,538,7,No,-0.0197689,-3.93049,0.0196328
8,539,7,Yes,-3.22696,-0.040425,0.960324
8,540,7,Yes,-0.17618,-1.82268,0.161583
8,541,7,No,-0.0465531,-3.08904,0.0455429
8,542,7,No,-6.89053e-05,-8.96289,0.000128068
8,543,7,No,-0.123117,-2.15504,0.115892
8,544,7,Yes,-2.7359,-0.0669691,0.935168
8,545,7,No,-2.74781e-05,-9.35623,8.64201e-05
8,546,7,No,-0.000447016,-7.58843,0.000506248
8,547,7,Yes,-3.33171,-0.0363244,0.96427
8,548,7,Yes,-2.41968,-0.0930928,0.911055
8,549,7,Yes,-3.96698,-0.0190522,0.981071
8,550,7,No,-5.3288e-05,-9.09062,0.000112711
8,551,7,No,-0.000747483,-7.12225,0.000806898
8,552,7,No,-0.836467,-0.567712,0.566787
8,553,7,No,-0.00012017,-8.62476,0.000179593
8,554,7,No,-2.23988,-0.11251,0.893535
8,555,7,Yes,-0.386748,-1.13695,0.320778
8,556,7,Yes,-1.53615,-0.242262,0.784804
8,557,7,No,-0.00501751,-5.28543,0.00506457
8,558,7,No,-0.00763468,-4.87112,0.00766434
8,559,7,Yes,-3.03866,-0.0490216,0.952104
8,560,7,No,-0.000368246,-7.75743,0.000427527
8,561,7,Yes,-2.41368,-0.0936802,0.91052
8,562,7,Yes,-3.06251,-0.0478372,0.953233
8,563,7,Yes,-4.5338,-0.0107384,0.989261
8,564,7,Yes,-4.93429,-0.00716169,0.992805
8,565,7,Yes,-3.45057,-0.032181,0.968274
8,566,7,No,-1.65056,-0.21305,0.808069
8,567,7,Yes,-2.55338,-0.080949,0.922187
8,568,7,Yes,-0.755976,-0.633924,0.530475
8,569,7,Yes,-1.01758,-0.448495,0.638551
8,570,7,Yes,-1.6086,-0.22328,0.799844
8,571,7,Yes,-2.55581,-0.0807436,0.922375
8,572,7,Yes,-3.19871,-0.0416089,0.959188
8,573,7,No,-0.332522,-1.2625,0.28293
8,574,7,No,-4.67907e-05,-9.15593,0.000105586
8,575,7,Yes,-4.88874,-0.00749919,0.992469
8,576,7,Yes,-0.941912,-0.494006,0.610141
8,577,7,No,-0.0523746,-2.97423,0.0510835
8,578,7,Yes,-3.08476,-0.0467574,0.954262
8,579,7,No,-0.166752,-1.87308,0.15364
8,580,7,No,-0.00467923,-5.35437,0.00472718
8,581,7,No,-0.00148269,-6.47529,0.00154096
8,582,7,No,-0.00417585,-5.46629,0.00422664
8,583,7,Yes,-2.62342,-0.0752574,0.92745
8,584,7,Yes,-4.21234,-0.0148628,0.985189
8,585,7,Yes,-1.48765,-0.255983,0.77411
8,586,7,No,-0.0147028,-4.22298,0.0146541
8,587,7,No,-0.0203451,-3.90212,0.0201979
8,588,7,No,-0.00644935,-5.03771,0.00648818
8,589,7,No,-0.00214759,-6.11706,0.0022048
8,590,7,Yes,-4.15954,-0.0156774,0.984386
8,591,7,No,-0.0105155,-4.55451,0.0105191
8,592,7,No,-0.0277119,-3.59756,0.0273889
8,593,7,Yes,-0.0580562,-2.87418,0.0564588
8,594,7,No,-2.86086,-0.0588591,0.942784
8,595,7,No,-0.450795,-1.01353,0.362916
8,596,7,Yes,-1.08635,-0.411566,0.662573
8,597,7,Yes,-4.63336,-0.00970943,0.990279
8,598,7,Yes,-0.347695,-1.22504,0.293728
8,599,7,Yes,-1.99484,-0.146155,0.863973
8,600,7,Yes,-0.458953,-0.999363,0.368092
8,601,7,Yes,-0.423147,-1.06399,0.345057
8,602,7,No,-0.278671,-1.41358,0.243256
8,603,7,Yes,-3.89154,-0.0205643,0.979587
8,604,7,No,-0.880645,-0.535216,0.585509
8,605,7,No,-0.00300178,-5.79044,0.00305644
8,606,7,No,-0.000255975,-8.06224,0.000315202
8,607,7,No,-0.0218782,-3.83043,0.0216991
8,608,7,Yes,-0.727417,-0.6599,0.516873
8,609,7,No,-0.000245124,-8.09668,0.000304531
8,610,7,No,-0.0839704,-2.51825,0.0805961
8,611,7,Yes,-2.06874,-0.135003,0.873662
8,612,7,Yes,-0.884325,-0.532618,0.587031
8,613,7,Yes,-1.92671,-0.157319,0.854382
8,614,7,Yes,-4.63085,-0.00973447,0.990254
8,615,7,No,-1.78124,-0.184368,0.831581
8,616,7,Yes,-1.6353,-0.216708,0.805118
8,617,7,Yes,-4.67494,-0.00931018,0.990674
8,618,7,Yes,-1.79395,-0.181813,0.833708
8,619,7,Yes,-3.24923,-0.0395148,0.961198
8,620,7,Yes,-4.24388,-0.0143952,0.985649
8,621,7,No,-0.112543,-2.2396,0.106494
8,622,7,Yes,-3.60861,-0.0274021,0.972912
8,623,7,Yes,-0.435755,-1.04049,0.353262
8,624,7,Yes,-3.30545,-0.0373103,0.963319
8,625,7,Yes,-2.10436,-0.129955,0.878084
8,626,7,Yes,-5.00827,-0.00664512,0.993318
8,627,7,No,-2.16963e-05,-9.4243,8.0733e-05
8,628,7,Yes,-3.41944,-0.0332165,0.967271
8,629,7,Yes,-1.69403,-0.202996,0.816234
8,630,7,Yes,-0.800688,-0.59595,0.551006
8,631,7,Yes,-2.7309,-0.0673176,0.934843
8,632,7,Yes,-1.29288,-0.320785,0.725537
8,633,7,Yes,-0.707388,-0.678992,0.507098
8,634,7,Yes,-2.22367,-0.114458,0.891795
8,635,7,No,-0.00156095,-6.42564,0.0016194
8,636,7,No,-0.398103,-1.11332,0.328446
8,637,7,Yes,-2.28981,-0.106724,0.89872
8,638,7,Yes,-2.68387,-0.0706794,0.931706
8,639,7,Yes,-0.184351,-1.78132,0.168406
8,640,7,No,-0.00321768,-5.7223,0.00327199
8,641,7,No,-0.179684,-1.80469,0.164515
8,642,7,No,-0.244972,-1.52633,0.21732
8,643,7,Yes,-3.71344,-0.024635,0.975608
8,644,7,Yes,-3.64055,-0.0265272,0.973764
8,645,7,Yes,-2.30434,-0.1051,0.900181
8,646,7,Yes,-1.63164,-0.217596,0.804403
8,647,7,Yes,-0.576565,-0.825002,0.438208
8,648,7,No,-0.000875618,-6.97604,0.000933941
8,649,7,No,-1.50605,-0.250676,0.778228
8,650,7,No,-0.217009,-1.63406,0.195124
8,651,7,Yes,-2.98391,-0.0518574,0.949408
8,652,7,No,-0.821438,-0.579355,0.560227
8,653,7,No,-8.44037e-05,-8.84658,0.000143864
8,654,7,Yes,-0.902765,-0.519847,0.594577
8,655,7,Yes,-4.02699,-0.0179286,0.982173
8,656,7,No,-2.45546,-0.0896668,0.914182
8,657,7,Yes,-1.01724,-0.448687,0.638428
8,658,7,Yes,-4.32186,-0.0133037,0.986726
8,659,7,Yes,-0.665901,-0.721037,0.486219
8,660,7,Yes,-4.23665,-0.0145007,0.985545
8,661,7,No,-1.09791,-0.40573,0.666451
8,662,7,Yes,-2.4886,-0.0866117,0.916979
8,663,7,No,-0.107809,-2.28023,0.102255
8,664,7,No,-0.000711933,-7.16735,0.000771321
8,665,7,No,7.15256e-07,-9.74829,5.8391e-05
8,666,7,Yes,-4.4389,-0.0118191,0.988192
8,667,7,Yes,-3.0519,-0.0483598,0.952734
8,668,7,Yes,-4.06683,-0.0172194,0.982869
8,669,7,Yes,-3.72663,-0.0243068,0.975928
8,670,7,Yes,-1.31102,-0.314008,0.73047
8,671,7,No,-0.00672883,-4.9959,0.00676523
8,672,7,No,-0.00446438,-5.40068,0.00451325
8,673,7,No,-0.000910219,-6.93909,0.000969091
8,674,7,No,-6.70575e-05,-8.97604,0.000126395
8,675,7,No,-3.39156e-05,-9.28203,9.30768e-05
8,676,7,No,-1.52589e-05,-9.50193,7.47028e-05
8,677,7,Yes,-1.82849,-0.175064,0.839354
8,678,7,No,-0.00599971,-5.10916,0.00604079
8,679,7,No,-2.7759,-0.0642551,0.93771
8,680,7,No,-0.00140551,-6.52671,0.00146372
8,681,7,No,-0.000452263,-7.5774,0.000511859
8,682,7,No,-0.0565171,-2.90027,0.0550051
8,683,7,Yes,-1.49287,-0.254462,0.775287
8,684,7,No,-0.980896,-0.46987,0.625047
8,685,7,No,-0.145804,-1.99707,0.135724
8,686,7,No,-0.00636237,-5.05123,0.00640108
8,687,7,No,-0.00113707,-6.7288,0.0011959
8,688,7,No,-5.56723e-05,-9.07335,0.000114675
8,689,7,Yes,-4.7892,-0.00829395,0.991681
8,690,7,No,-0.163035,-1.8938,0.150489
8,691,7,Yes,-1.48181,-0.257693,0.772788
8,692,7,No,-3.27831e-05,-9.2898,9.23557e-05
8,693,7,No,-0.0010046,-6.84629,0.00106333
8,694,7,No,-0.00159062,-6.40762,0.00164885
8,695,7,No,-0.00130333,-6.59885,0.00136186
8,696,7,Yes,-1.83965,-0.172943,0.841136
8,697,7,No,-0.000292582,-7.95162,0.000352072
8,698,7,No,-2.98028e-05,-9.32505,8.9157e-05
8,699,7,No,-0.000798425,-7.06177,0.000857206
8,700,7,No,-0.00139978,-6.53067,0.00145794
8,701,7,Yes,-2.30261,-0.105292,0.900008
8,702,7,Yes,-1.73848,-0.193256,0.824223
8,703,7,No,-0.0959145,-2.39123,0.0915117
8,704,7,No,-0.0316842,-3.46584,0.0312449
8,705,7,No,-0.0148779,-4.21129,0.0148263
8,706,7,No,-0.653318,-0.734506,0.479714
8,707,7,No,-0.000969045,-6.87991,0.00102818
8,708,7,No,-9.68026e-05,-8.76512,0.000156074
8,709,7,Yes,-4.73554,-0.00875654,0.991223
8,710,7,Yes,-1.18246,-0.365955,0.693493
8,711,7,No,-0.00312225,-5.7519,0.00317655
8,712,7,No,-0.0213968,-3.85237,0.0212281
8,713,7,No,-0.338461,-1.2476,0.287175
8,714,7,Yes,-2.59785,-0.0772857,0.925571
8,715,7,Yes,-2.29791,-0.105815,0.899537
8,716,7,Yes,-2.60184,-0.0769646,0.925868
8,717,7,No,-5.34072e-05,-9.09235,0.000112517
8,718,7,No,-0.000112778,-8.66811,0.000171974
8,719,7,No,-0.000781722,-7.08089,0.000840971
8,720,7,No,-0.00148968,-6.47095,0.00154766
8,721,7,No,-0.000600518,-7.32311,0.00066007
8,722,7,No,-0.00406865,-5.49197,0.00411948
8,723,7,No,-0.618654,-0.773513,0.461362
8,724,7,No,-0.000291927,-7.95364,0.000351361
8,725,7,No,-0.124233,-2.14656,0.116878
8,726,7,No,-0.937066,-0.497115,0.608247
8,727,7,Yes,-4.4882,-0.0112446,0.98876
8,728,7,Yes,-4.48615,-0.0112681,0.988737
8,729,7,No,-0.00535441,-5.22151,0.00539886
8,730,7,Yes,-4.6872,-0.00919509,0.990788
8,731,7,Yes,-2.27272,-0.108669,0.896974
8,732,7,Yes,-3.9791,-0.0188185,0.981299
8,733,7,Yes,-4.06887,-0.0171848,0.982904
8,734,7,Yes,-0.548511,-0.86216,0.422224
8,735,7,No,-0.00173564,-6.32348,0.00179359
8,736,7,Yes,-0.674389,-0.712145,0.490562
8,737,7,No,-0.22894,-1.58629,0.204671
8,738,7,Yes,-0.386212,-1.13808,0.320414
8,739,7,No,-0.000473134,-7.53718,0.000532866
8,740,7,No,-0.780455,-0.612746,0.541829
8,741,7,Yes,-1.41915,-0.276887,0.758096
8,742,7,Yes,-3.1928,-0.0418614,0.958946
8,743,7,Yes,-2.99193,-0.0514322,0.949812
8,744,7,No,-0.226965,-1.59401,0.203098
8,745,7,Yes,-2.18149,-0.1197,0.887134
8,746,7,Yes,-1.04339,-0.434172,0.647763
8,747,7,Yes,-2.27017,-0.108963,0.896711
8,748,7,Yes,-0.218791,-1.62674,0.196557
8,749,7,No,-0.000382616,-7.7243,0.00044193
8,750,7,Yes,-3.8818,-0.0207683,0.979387
8,751,7,Yes,-3.64689,-0.026357,0.97393
8,752,7,No,-0.0625707,-2.8016,0.060709
8,753,7,No,-0.439057,-1.03447,0.355394
8,754,7,Yes,-3.21845,-0.0407781,0.959985
8,755,7,Yes,-4.14995,-0.0158308,0.984236
8,756,7,Yes,-4.4657,-0.0115031,0.988504
8,757,7,Yes,-4.04609,-0.017585,0.98251
8,758,7,Yes,-3.07736,-0.0471145,0.953922
8,759,7,No,-0.000133821,-8.55208,0.000193131
8,760,7,No,-2.49477,-0.0860549,0.91749
8,761,7,No,-0.00832899,-4.785,0.00835361
8,762,7,No,-0.206967,-1.67658,0.187002
8,763,7,Yes,-3.9023,-0.0203409,0.979806
8,764,7,Yes,-4.74451,-0.00867765,0.991301
8,765,7,No,-0.000617277,-7.29805,0.000676815
8,766,7,Yes,-4.46737,-0.0114831,0.988523
8,767,7,Yes,-2.39642,-0.0953934,0.908962
8,768,7,Yes,-3.61978,-0.0270932,0.973213
8,769,7,Yes,-2.57664,-0.0790107,0.923975
8,770,7,Yes,-0.370306,-1.17268,0.309517
8,771,7,No,-0.74798,-0.641054,0.526706
8,772,7,Yes,-3.67347,-0.0256552,0.974613
8,773,7,No,-0.00550189,-5.19458,0.0055462
8,774,7,Yes,-4.30237,-0.0135686,0.986464
8,775,7,No,-0.0128742,-4.35433,0.0128503
8,776,7,Yes,-1.80017,-0.180578,0.834738
8,777,7,No,-0.239231,-1.54728,0.212813
8,778,7,No,-1.52879,-0.244289,0.783215
8,779,7,Yes,-3.56507,-0.028642,0.971707
8,780,7,Yes,-2.82866,-0.0608475,0.940911
8,781,7,Yes,-4.5572,-0.010487,0.989509
8,782,7,No,-1.70162,-0.201294,0.817624
8,783,7,No,-0.00448211,-5.39669,0.0045313
8,784,7,No,-5.48974e-05,-9.07516,0.000114468
8,785,7,No,-1.30879,-0.314833,0.729868
8,786,7,No,-0.00280015,-5.85837,0.00285574
8,787,7,No,-0.00106069,-6.79463,0.00111971
8,788,7,No,-0.0152383,-4.18764,0.0151811
8,789,7,No,-0.00564676,-5.16904,0.00568968
8,790,7,Yes,-3.33501,-0.0362024,0.964388
8,791,7,No,-0.0575161,-2.88325,0.0559491
8,792,7,No,-0.213707,-1.64779,0.192463
8,793,7,No,-0.0207247,-3.88387,0.0205698
8,794,7,No,-0.0056765,-5.16388,0.00571915
8,795,7,No,-0.173097,-1.83883,0.158993
8,796,7,Yes,-1.30679,-0.315574,0.729327
8,797,7,Yes,-0.802627,-0.594373,0.551876
8,798,7,No,-2.1674,-0.121509,0.885531
8,799,7,No,-2.77713,-0.0641724,0.937787
8,800,7,Yes,-2.30001,-0.105581,0.899748
8,801,7,No,-0.000165536,-8.39906,0.000225066
8,802,7,Yes,-4.59407,-0.0101032,0.989889
8,803,7,No,-0.760536,-0.629904,0.532612
8,804,7,No,-0.0592652,-2.8542,0.0575987
8,805,7,Yes,-0.294901,-1.36471,0.255439
8,806,7,No,-0.00174203,-6.32002,0.0017998
8,807,7,Yes,-3.36473,-0.0351219,0.965431
8,808,7,No,-0.00164429,-6.37584,0.00170209
8,809,7,Yes,-3.90895,-0.0202045,0.97994
8,810,7,Yes,-0.112265,-2.24194,0.106246
8,811,7,No,-0.814346,-0.584957,0.557097
8,812,7,No,-0.00121506,-6.66584,0.00127362
8,813,7,No,-0.630831,-0.759483,0.467881
8,814,7,No,-0.0181936,-4.0125,0.018087
8,815,7,No,-0.0467166,-3.08562,0.045699
8,816,7,Yes,-2.71921,-0.0681377,0.934077
8,817,7,Yes,-3.0923,-0.046399,0.954605
8,818,7,Yes,-1.09032,-0.409551,0.663909
8,819,7,No,-0.0243621,-3.72441,0.0241259
8,820,7,Yes,-1.82356,-0.17601,0.838559
8,821,7,Yes,-3.31872,-0.0368088,0.963803
8,822,7,Yes,-4.07267,-0.0171183,0.982969
8,823,7,Yes,-3.37858,-0.0346295,0.965906
8,824,7,Yes,-4.68592,-0.00920779,0.990776
8,825,7,Yes,-0.824677,-0.576819,0.561649
8,826,7,Yes,-0.00663774,-5.00936,0.00667479
8,827,7,No,-0.000467231,-7.54915,0.000526526
8,828,7,Yes,-3.15832,-0.0433642,0.957506
8,829,7,Yes,-3.65443,-0.0261558,0.974125
8,830,7,No,-1.22786e-05,-9.54082,7.18538e-05
8,831,7,No,-1.64609,-0.214114,0.807209
8,832,7,Yes,-3.66752,-0.0258108,0.974462
8,833,7,Yes,-4.21284,-0.014855,0.985197
8,834,7,Yes,-2.04354,-0.138698,0.870439
8,835,7,Yes,-3.36136,-0.0352427,0.965314
8,836,7,Yes,-2.89748,-0.056679,0.944841
8,837,7,Yes,-2.88085,-0.0576589,0.943916
8,838,7,Yes,-3.34652,-0.0357797,0.964795
8,839,7,No,-6.74747e-05,-8.97582,0.000126423
8,840,7,Yes,-0.645286,-0.74329,0.475518
8,841,7,No,-1.16719,-0.372779,0.688777
8,842,7,No,-1.74047e-05,-9.47462,7.67709e-05
8,843,7,Yes,-3.69835,-0.0250156,0.975237
8,844,7,Yes,-1.58284,-0.22983,0.794622
8,845,7,No,-0.00279794,-5.85942,0.00285272
8,846,7,Yes,-0.14152,-2.0248,0.132013
8,847,7,No,-0.000320367,-7.8762,0.000379652
8,848,7,No,-0.00053432,-7.42913,0.000593669
8,849,7,Yes,-2.63809,-0.0741193,0.928507
8,850,7,No,-0.00014485,-8.49654,0.000204162
8,851,7,Yes,-3.63295,-0.0267329,0.973564
8,852,7,No,-0.136747,-2.05676,0.12786
8,853,7,Yes,-0.557286,-0.850275,0.427272
8,854,7,Yes,-4.21451,-0.0148296,0.985221
8,855,7,No,-0.573706,-0.828681,0.436599
8,856,7,No,-0.0137577,-4.28867,0.0137224
8,857,7,No,-0.055424,-2.91921,0.0539728
8,858,7,No,-0.0467387,-3.08516,0.0457201
8,859,7,Yes,-0.795467,-0.600225,0.548656
8,860,7,No,-0.487406,-0.952331,0.385818
8,861,7,Yes,-3.11938,-0.045128,0.955818
8,862,7,No,-0.034165,-3.39181,0.0336456
8,863,7,No,-0.00129426,-6.60548,0.00135286
8,864,7,Yes,-3.66952,-0.0257585,0.974513
8,865,7,No,-0.000245482,-8.09605,0.000304724
8,866,7,No,-0.000205359,-8.23729,0.000264586
8,867,7,No,-0.000190276,-8.29676,0.00024931
8,868,7,Yes,-0.841156,-0.564144,0.568813
8,869,7,Yes,-0.557562,-0.849905,0.42743
8,870,7,No,-0.00642656,-5.04128,0.00646511
8,871,7,No,-0.0068213,-4.98243,0.00685695
8,872,7,Yes,-3.04591,-0.0486589,0.95245
8,873,7,Yes,-2.6487,-0.0733063,0.929261
8,874,7,Yes,-2.42221,-0.0928456,0.91128
8,875,7,No,-0.178807,-1.80916,0.163782
8,876,7,Yes,-1.80792,-0.179049,0.836016
8,877,7,No,-0.00995075,-4.60913,0.00995986
8,878,7,Yes,-4.47981,-0.0113408,0.988665
8,879,7,Yes,-2.20366,-0.116914,0.889609
8,880,7,Yes,-4.41585,-0.0120969,0.987916
8,881,7,No,-0.0112648,-4.48638,0.0112606
8,882,7,Yes,-4.50623,-0.0110407,0.988961
8,883,7,Yes,-4.62816,-0.00976101,0.990228
8,884,7,Yes,-1.34365,-0.302233,0.739123
8,885,7,Yes,-2.45145,-0.0900444,0.913837
8,886,7,Yes,-4.32625,-0.0132448,0.986784
8,887,7,No,-1.01966,-0.447315,0.639305
8,888,7,Yes,-0.623319,-0.768094,0.463869
8,889,7,Yes,-0.265107,-1.457,0.232921
8,890,7,Yes,-1.53304,-0.243116,0.784135
8,891,7,Yes,-4.02962,-0.0178808,0.98222
8,892,7,Yes,-4.41651,-0.0120896,0.987924
8,893,7,Yes,-4.45176,-0.0116662,0.988343
8,894,7,Yes,-4.33202,-0.0131675,0.98686
8,895,7,Yes,-3.86561,-0.0211116,0.979051
8,896,7,No,-0.000225331,-8.16413,0.000284667
8,897,7,No,-0.000108248,-8.69552,0.000167323
8,898,7,Yes,-2.67502,-0.0713309,0.931099
8,899,7,No,-0.000134119,-8.54971,0.00019359
8,900,7,No,-0.000107354,-8.69829,0.000166861
8,901,7,Yes,-4.5912,-0.0101322,0.98986
8,902,7,Yes,-1.15452,-0.378556,0.68481
8,903,7,No,-0.0273269,-3.61132,0.0270145
8,904,7,Yes,-4.0275,-0.0179198,0.982182
8,905,7,Yes,-4.2468,-0.0143532,0.985691
8,906,7,Yes,-4.14569,-0.0158989,0.984168
8,907,7,No,-0.0430081,-3.16637,0.0421536
8,908,7,No,-0.27112,-1.43744,0.23752
8,909,7,No,-0.240703,-1.54185,0.213971
8,910,7,Yes,-1.72456,-0.196249,0.821759
8,911,7,No,-0.000135252,-8.543,0.000194894
8,912,7,Yes,-0.727268,-0.660038,0.516801
8,913,7,No,-0.278571,-1.41389,0.24318
8,914,7,No,-0.000442841,-7.5962,0.000502326
8,915,7,Yes,-3.78339,-0.0229471,0.977256
8,916,7,No,-0.00330882,-5.69495,0.00336272
8,917,7,Yes,-1.96525,-0.150896,0.859887
8,918,7,Yes,-3.31728,-0.0368632,0.963751
8,919,7,Yes,-4.19137,-0.0151802,0.984875
8,920,7,Yes,-2.14809,-0.124032,0.8833
8,921,7,No,-0.00336725,-5.6777,0.00342122
8,922,7,No,-0.12697,-2.12612,0.119293
8,923,7,Yes,-3.81398,-0.0222467,0.977941
8,924,7,Yes,-4.60333,-0.0100087,0.989982
8,925,7,Yes,-0.306214,-1.33245,0.263815
8,926,7,Yes,-4.76697,-0.00848245,0.991494
8,927,7,Yes,-2.80131,-0.0625899,0.939273
8,928,7,No,-0.000438369,-7.60553,0.000497661
8,929,7,No,-7.96946e-05,-8.883,0.000138719
8,930,7,Yes,-2.38542,-0.0965013,0.907955
8,931,7,No,-0.0116708,-4.45136,0.011662
8,932,7,No,-0.00617218,-5.0811,0.00621268
8,933,7,Yes,-2.27006,-0.108975,0.8967
8,934,7,No,-0.00113337,-6.73177,0.00119235
8,935,7,No,-0.000980679,-6.86889,0.00103957
8,936,7,Yes,-3.39184,-0.0341646,0.966355
8,937,7,No,-0.00122754,-6.65603,0.00128617
8,938,7,No,-0.00726267,-4.92042,0.00729566
8,939,7,No,-0.00119018,-6.68571,0.00124855
8,940,7,Yes,-3.12649,-0.0448015,0.956131
8,941,7,No,-0.00271187,-5.88961,0.00276788
8,942,7,No,-0.0189308,-3.97324,0.0188112
8,943,7,Yes,-4.82644,-0.00798737,0.991985
8,944,7,Yes,-0.221819,-1.61446,0.198987
8,945,7,No,-0.0415043,-3.20119,0.0407112
8,946,7,Yes,-2.35664,-0.0994653,0.905268
8,947,7,Yes,-0.381406,-1.14836,0.317139
8,948,7,Yes,-3.49897,-0.0306337,0.969773
8,949,7,Yes,-4.47447,-0.0114016,0.988604
8,950,7,No,-0.00441164,-5.41234,0.00446093
8,951,7,Yes,-3.45294,-0.0321029,0.968349
8,952,7,Yes,-1.1517,-0.379856,0.68392
8,953,7,Yes,-1.50806,-0.250105,0.778673
8,954,7,Yes,-3.83519,-0.0217729,0.978404
8,955,7,Yes,-0.930864,-0.50113,0.60581
8,956,7,Yes,-3.99943,-0.0184358,0.981675
8,957,7,Yes,-3.50532,-0.0304364,0.969965
8,958,7,Yes,-4.10167,-0.0166234,0.983456
8,959,7,No,-0.00946842,-4.65817,0.00948325
8,960,7,No,-0.00415891,-5.4703,0.00420971
8,961,7,Yes,-3.27732,-0.0383981,0.962273
8,962,7,No,-0.000853724,-6.99892,0.00091281
8,963,7,No,-0.0384226,-3.27668,0.0377513
8,964,7,No,-0.487401,-0.952336,0.385816
8,965,7,No,-0.00193001,-6.22109,0.00198696
8,966,7,No,-0.0212265,-3.86029,0.0210606
8,967,7,No,-0.0234569,-3.76176,0.0232414
8,968,7,No,-1.43694,-0.271279,0.762359
8,969,7,Yes,-0.857583,-0.551869,0.575839
8,970,7,Yes,-3.90963,-0.0201913,0.979953
8,971,7,Yes,-3.73191,-0.0241777,0.976054
8,972,7,No,-0.0149876,-4.20405,0.0149341
8,973,7,No,-0.0672003,-2.73257,0.0650478
8,974,7,Yes,-1.79705,-0.181196,0.834223
8,975,7,No,-0.472199,-0.977024,0.376408
8,976,7,No,-0.396764,-1.11607,0.327547
8,977,7,Yes,-1.21809,-0.350603,0.704222
8,978,7,Yes,-3.41962,-0.0332105,0.967277
8,979,7,Yes,-0.26973,-1.44192,0.23646
8,980,7,Yes,-0.421196,-1.0677,0.343777
8,981,7,Yes,-0.32395,-1.28456,0.276756
8,982,7,Yes,-0.230921,-1.57863,0.206245
8,983,7,Yes,-2.64692,-0.0734419,0.929135
8,984,7,No,-0.366073,-1.18219,0.306588
8,985,7,No,-0.94531,-0.491842,0.611463
8,986,7,Yes,-0.837916,-0.566608,0.567414
8,987,7,Yes,-0.935455,-0.498155,0.607615
8,988,7,Yes,-3.58894,-0.0279558,0.972374
8,989,7,Yes,-1.46441,-0.262867,0.768799
8,990,7,Yes,-0.624147,-0.767138,0.464313
8,991,7,Yes,-0.869182,-0.54341,0.58073
8,992,7,No,-0.452264,-1.01095,0.363851
8,993,7,Yes,-1.91166,-0.159906,0.852174
8,994,7,Yes,-1.51923,-0.246952,0.781133
8,995,7,Yes,-1.12311,-0.39335,0.674753
8,996,7,Yes,-3.03625,-0.0491434,0.951988
8,997,7,Yes,-2.43172,-0.0919248,0.91212
8,998,7,Yes,-4.20265,-0.0150085,0.985045
8,999,7,Yes,-4.36347,-0.0127555,0.987267
8,1000,7,Yes,-1.94644,-0.153994,0.857226
8,1001,7,Yes,-2.20875,-0.116286,0.890168
8,1002,7,Yes,-3.77978,-0.0230315,0.977174
8,1003,7,Yes,-4.22035,-0.0147418,0.985307
8,1004,7,Yes,-4.29732,-0.0136383,0.986396
8,1005,7,No,-0.381397,-1.14837,0.317134
8,1006,7,Yes,-0.847305,-0.559507,0.571457
8,1007,7,Yes,-3.08239,-0.0468721,0.954153
8,1008,7,Yes,-1.19863,-0.358888,0.698412
8,1009,7,Yes,-4.44543,-0.0117418,0.988269
8,1010,7,Yes,-4.01289,-0.0181856,0.98192
8,1011,7,Yes,-4.24116,-0.0144353,0.98561
8,1012,7,Yes,-4.085,-0.0169057,0.983178
8,1013,7,Yes,-1.98054,-0.148426,0.862013
8,1014,7,Yes,-4.61422,-0.0098994,0.990091
8,1015,7,No,-0.0242163,-3.73033,0.0239835
8,1016,7,Yes,-1.68007,-0.206166,0.81365
8,1017,7,Yes,-2.75902,-0.0653866,0.93665
8,1018,7,Yes,-3.11916,-0.0451383,0.955808
8,1019,7,Yes,-4.09299,-0.0167696,0.983312
8,1020,7,No,-0.000649067,-7.25209,0.000708647
8,1021,7,No,-0.00992444,-4.61176,0.00993368
8,1022,7,No,-0.00565198,-5.16812,0.00569494
8,1023,7,Yes,-4.23535,-0.0145198,0.985526
8,1024,7,Yes,-2.68444,-0.0706364,0.931745
8,1025,7,Yes,-0.627817,-0.762919,0.466276
8,1026,7,Yes,-3.62513,-0.0269462,0.973356
8,1027,7,Yes,-1.5288,-0.244288,0.783216
8,1028,7,Yes,-1.73155,-0.194739,0.823001
8,1029,7,Yes,-2.18352,-0.119442,0.887363
8,1030,7,Yes,-2.19087,-0.118514,0.888187
8,1031,7,Yes,-0.154691,-1.94226,0.143371
8,1032,7,No,-0.00953515,-4.65128,0.00954882
8,1033,7,No,-0.0443648,-3.13604,0.0434519
8,1034,7,No,-1.42455,-0.275171,0.759398
8,1035,7,Yes,-1.97001,-0.150123,0.860552
8,1036,7,Yes,-3.01824,-0.050061,0.951116
8,1037,7,Yes,-3.52323,-0.029887,0.970498
8,1038,7,No,-0.00103229,-6.82058,0.00109103
8,1039,7,No,-0.0678144,-2.72378,0.0656222
8,1040,7,No,-0.107968,-2.27884,0.102397
8,1041,7,Yes,-4.15143,-0.0158065,0.984259
8,1042,7,Yes,-3.65023,-0.026267,0.974016
8,1043,7,No,-1.12121,-0.394269,0.674133
8,1044,7,Yes,-2.98279,-0.0519173,0.949351
8,1045,7,Yes,-1.49586,-0.253598,0.775957
8,1046,7,No,-0.00228194,-6.05805,0.00233881
8,1047,7,No,-0.00632698,-5.05675,0.00636587
8,1048,7,No,-0.000178174,-8.34544,0.000237463
8,1049,7,No,-5.51954e-05,-9.0749,0.000114497
8,1050,7,No,-4.32143e-05,-9.19063,0.000101985
8,1051,7,No,-0.000153613,-8.45228,0.000213401
8,1052,7,No,-5.44801e-05,-9.07855,0.00011408
8,1053,7,No,-0.000151944,-8.46254,0.000211222
8,1054,7,No,-0.0162895,-4.12169,0.0162161
8,1055,7,No,-0.000972505,-6.8766,0.00103159
8,1056,7,No,-0.00323801,-5.71616,0.00329213
8,1057,7,No,-0.00223182,-6.07983,0.00228843
8,1058,7,No,-0.000265455,-8.0341,0.000324198
8,1059,7,No,-3.18294e-05,-9.31028,9.04838e-05
8,1060,7,No,-0.00749006,-4.89002,0.00752084
8,1061,7,Yes,-2.64846,-0.0733247,0.929244
8,1062,7,Yes,-4.44509,-0.0117455,0.988265
8,1063,7,No,-3.94714,-0.0194382,0.980691
8,1064,7,Yes,-4.65642,-0.00948581,0.9905
8,1065,7,No,-1.92869,-0.156981,0.85467
8,1066,7,No,-0.000186222,-8.31457,0.000244909
8,1067,7,No,-8.82188e-05,-8.82113,0.000147573
8,1068,7,No,-0.0332894,-3.4173,0.0327989
8,1069,7,No,-0.000715392,-7.16298,0.000774697
8,1070,7,No,-9.90082e-05,-8.75378,0.000157854
8,1071,7,No,-4.17837e-05,-9.19757,0.00010128
8,1072,7,No,-0.014721,-4.22176,0.0146719
8,1073,7,No,-5.96048e-06,-9.62966,6.57453e-05
8,1074,7,No,-0.000139723,-8.52112,0.000199204
8,1075,7,No,-3.96379e-05,-9.21864,9.91679e-05
8,1076,7,No,-0.809257,-0.589021,0.554837
8,1077,7,No,-0.00664872,-5.00777,0.00668542
8,1078,7,No,-0.257197,-1.4835,0.22683
8,1079,7,No,-0.0011308,-6.73428,0.00118936
8,1080,7,No,-0.00453078,-5.38605,0.00457976
8,1081,7,No,-0.00515955,-5.25809,0.00520494
8,1082,7,Yes,-0.294496,-1.36589,0.255137
8,1083,7,No,-0.00550915,-5.19335,0.00555306
8,1084,7,Yes,-4.15977,-0.0156738,0.98439
8,1085,7,Yes,-4.76675,-0.00848455,0.991493
8,1086,7,Yes,-4.90175,-0.00740143,0.992567
8,1087,7,Yes,-0.112782,-2.2376,0.106707
8,1088,7,No,-0.206606,-1.67815,0.186708
8,1089,7,Yes,-0.989945,-0.46448,0.628425
8,1090,7,Yes,-1.22436,-0.347979,0.706072
8,1091,7,Yes,-3.49282,-0.030825,0.969587
8,1092,7,Yes,-2.7329,-0.0671778,0.934973
8,1093,7,No,-0.00242886,-5.99745,0.00248493
8,1094,7,No,-0.00327078,-5.70625,0.0033249
8,1095,7,No,-0.000593004,-7.33453,0.000652575
8,1096,7,No,-0.0168233,-4.08984,0.0167409
8,1097,7,No,-0.000543027,-7.41404,0.000602696
8,1098,7,No,-0.0063349,-5.05547,0.00637397
8,1099,7,Yes,-0.183275,-1.78665,0.16751
8,1100,7,No,-1.19504,-0.360444,0.697325
8,1101,7,Yes,-3.82721,-0.0219505,0.978231
8,1102,7,Yes,-4.08914,-0.016835,0.983247
8,1103,7,Yes,-3.73523,-0.0240958,0.976134
8,1104,7,Yes,-0.856993,-0.552304,0.575589
8,1105,7,No,-0.40847,-1.09245,0.335373
8,1106,7,Yes,-0.662597,-0.724538,0.48452
8,1107,7,No,-0.576641,-0.824906,0.438251
8,1108,7,Yes,-4.00192,-0.0183888,0.981721
8,1109,7,Yes,-4.37851,-0.0125634,0.987457
8,1110,7,Yes,-4.80563,-0.00815777,0.991817
8,1111,7,Yes,-3.73134,-0.0241918,0.976041
8,1112,7,Yes,-3.3564,-0.035422,0.965141
8,1113,7,Yes,-2.89278,-0.0569535,0.944581
8,1114,7,Yes,-3.60295,-0.0275605,0.972758
8,1115,7,Yes,-1.64719,-0.21385,0.807422
8,1116,7,No,-0.0777668,-2.59187,0.0748751
8,1117,7,Yes,-2.41487,-0.0935646,0.910626
8,1118,7,Yes,-4.39043,-0.012413,0.987605
8,1119,7,Yes,-2.17716,-0.120253,0.886643
8,1120,7,Yes,-2.01358,-0.143237,0.866498
8,1121,7,Yes,-2.75958,-0.065349,0.936686
8,1122,7,Yes,-4.4315,-0.0119082,0.988104
8,1123,7,Yes,-0.549165,-0.861266,0.422602
8,1124,7,Yes,-3.958,-0.0192252,0.9809
8,1125,7,Yes,-2.22876,-0.113845,0.892344
8,1126,7,Yes,-3.56528,-0.0286358,0.971713
8,1127,7,No,-2.07135,-0.134625,0.873992
8,1128,7,No,-0.41215,-1.0852,0.337814
8,1129,7,No,-0.509452,-0.918208,0.39921
8,1130,7,No,-1.47379,-0.260065,0.770957
8,1131,7,Yes,-2.93769,-0.0543807,0.947015
8,1132,7,Yes,-2.26934,-0.109058,0.896626
8,1133,7,Yes,-4.22822,-0.014625,0.985423
8,1134,7,Yes,-4.62731,-0.00976938,0.99022
8,1135,7,Yes,-4.19967,-0.0150531,0.985
8,1136,7,Yes,-3.939,-0.0195991,0.980533
8,1137,7,Yes,-4.07759,-0.0170332,0.983053
8,1138,7,Yes,-0.256295,-1.48658,0.226132
8,1139,7,No,-0.548638,-0.861987,0.422298
8,1140,7,Yes,-3.69728,-0.0250427,0.975211
8,1141,7,Yes,-3.23192,-0.0402202,0.960521
8,1142,7,Yes,-4.13357,-0.0160953,0.983975
8,1143,7,Yes,-4.79652,-0.00823361,0.991742
8,1144,7,Yes,-4.39369,-0.0123717,0.987646
8,1145,7,No,-0.538144,-0.876523,0.416203
8,1146,7,Yes,-2.62432,-0.0751875,0.927515
8,1147,7,Yes,-3.63314,-0.0267273,0.973569
8,1148,7,Yes,-3.22274,-0.0405998,0.960157
8,1149,7,Yes,-3.26422,-0.0389149,0.961775
8,1150,7,Yes,-0.211867,-1.65555,0.190976
8,1151,7,Yes,-3.00099,-0.0509547,0.950265
8,1152,7,Yes,-2.16715,-0.121541,0.885503
8,1153,7,No,-0.0796824,-2.56851,0.0766452
8,1154,7,No,-0.000598013,-7.32769,0.000657051
8,1155,7,No,-0.0121622,-4.4106,0.0121471
8,1156,7,No,-0.005763,-5.14882,0.00580589
8,1157,7,No,-0.00199624,-6.18807,0.00205367
8,1158,7,No,-0.00221533,-6.08696,0.00227216
8,1159,7,No,-0.452396,-1.01072,0.363935
8,1160,7,Yes,-1.29005,-0.321855,0.72476
8,1161,7,Yes,-1.2193,-0.350092,0.704582
8,1162,7,No,-0.0532347,-2.95839,0.0518992
8,1163,7,Yes,-1.86155,-0.168861,0.844577
8,1164,7,No,-0.0146276,-4.22804,0.0145801
8,1165,7,No,-0.0731895,-2.65023,0.0706307
8,1166,7,Yes,-2.06245,-0.135915,0.872865
8,1167,7,Yes,-1.69356,-0.203102,0.816146
8,1168,7,Yes,-2.91938,-0.0554151,0.946036
8,1169,7,Yes,-0.554175,-0.85446,0.425488
8,1170,7,Yes,-2.09987,-0.130581,0.877534
8,1171,7,No,-0.076858,-2.60317,0.0740338
8,1172,7,Yes,-3.33479,-0.0362106,0.96438
8,1173,7,No,-0.349583,-1.22052,0.295059
8,1174,7,No,-0.404756,-1.09986,0.3329
8,1175,7,Yes,-2.56663,-0.0798381,0.923211
8,1176,7,No,-0.752326,-0.637165,0.528759
8,1177,7,Yes,-3.71372,-0.0246283,0.975615
8,1178,7,Yes,-2.67184,-0.071567,0.930879
8,1179,7,No,-0.145237,-2.00069,0.135234
8,1180,7,Yes,-4.39737,-0.0123261,0.987691
8,1181,7,Yes,-0.624654,-0.766553,0.464585
8,1182,7,Yes,-3.46237,-0.0317965,0.968646
8,1183,7,No,-0.00415951,-5.47012,0.00421048
8,1184,7,Yes,-4.22986,-0.0146015,0.985446
8,1185,7,No,-2.6816,-0.0708463,0.93155
8,1186,7,Yes,-2.06708,-0.135242,0.873453
8,1187,7,No,-0.558404,-0.848777,0.427912
8,1188,7,No,-0.275881,-1.42231,0.241142
8,1189,7,No,-0.00358706,-5.61578,0.00363975
8,1190,7,No,-0.000179068,-8.34161,0.000238373
8,1191,7,No,-0.000145207,-8.4945,0.000204579
8,1192,7,No,-0.000107831,-8.69474,0.000167455
8,1193,7,No,-3.32599e-05,-9.28488,9.28114e-05
8,1194,7,No,-0.00440266,-5.41435,0.00445199
8,1195,7,No,-0.0145993,-4.22995,0.0145522
8,1196,7,No,-0.000406944,-7.67081,0.000466213
8,1197,7,No,-0.00107901,-6.7788,0.00113758
8,1198,7,No,-0.000870428,-6.98048,0.000929798
8,1199,7,No,-0.00232681,-6.03921,0.00238331
8,1200,7,No,-8.75034e-05,-8.82822,0.00014653
8,1201,7,No,-0.000390725,-7.7066,0.000449823
8,1202,7,Yes,-4.6151,-0.00989055,0.990099
8,1203,7,Yes,-4.60829,-0.00995894,0.990032
8,1204,7,Yes,-4.97236,-0.00689134,0.993074
8,1205,7,Yes,-4.53287,-0.0107478,0.989251
8,1206,7,No,-5.2215e-05,-9.10361,0.000111257
8,1207,7,No,-0.000424594,-7.63343,0.000483969
8,1208,7,No,-1.4186e-05,-9.51693,7.35912e-05
8,1209,7,No,-0.000256094,-8.06111,0.000315558
8,1210,7,No,-0.000128337,-8.57839,0.000188117
8,1211,7,No,-8.94706e-05,-8.81423,0.000148595
8,1212,7,No,-0.0054401,-5.2058,0.00548433
8,1213,7,No,-0.00614357,-5.08574,0.00618396
8,1214,7,No,-0.811064,-0.587574,0.555641
8,1215,7,No,-0.0401812,-3.23287,0.0394416
8,1216,7,No,-0.00266454,-5.90702,0.00272013
8,1217,7,Yes,-0.983725,-0.468177,0.626106
8,1218,7,No,-0.152497,-1.95547,0.141489
8,1219,7,No,-0.443733,-1.02604,0.358401
8,1220,7,Yes,-0.450604,-1.01386,0.362794
8,1221,7,Yes,-4.07265,-0.0171185,0.982969
8,1222,7,Yes,-3.91777,-0.0200245,0.980116
8,1223,7,Yes,-2.57176,-0.0794133,0.923603
8,1224,7,No,-0.00148132,-6.47574,0.00154027
8,1225,7,No,-0.00180562,-6.28532,0.00186336
8,1226,7,No,-0.000863448,-6.98817,0.00092268
8,1227,7,No,-0.00617463,-5.08071,0.00621513
8,1228,7,No,-0.00120337,-6.67502,0.00126198
8,1229,7,No,-0.00238643,-6.01448,0.00244298
8,1230,7,No,-0.00552593,-5.19027,0.00557014
8,1231,7,No,-0.00308393,-5.76389,0.0031387
8,1232,7,No,-0.0360332,-3.3396,0.0354491
8,1233,7,No,-0.00131318,-6.59143,0.001372
8,1234,7,Yes,-2.01156,-0.143546,0.866229
8,1235,7,Yes,-3.23172,-0.0402278,0.960513
8,1236,7,Yes,-3.86669,-0.0210884,0.979074
8,1237,7,Yes,-2.23308,-0.113325,0.892808
8,1238,7,No,-0.0436911,-3.15099,0.0428072
8,1239,7,No,-0.0185274,-3.9945,0.0184156
8,1240,7,Yes,-3.37198,-0.0348625,0.965681
8,1241,7,Yes,-2.123,-0.127393,0.880335
8,1242,7,Yes,-4.81129,-0.00811138,0.991863
8,1243,7,Yes,-4.28555,-0.013801,0.986235
8,1244,7,No,-0.00195647,-6.20764,0.00201387
8,1245,7,Yes,-3.4375,-0.0326113,0.967857
8,1246,7,Yes,-3.9337,-0.0197046,0.98043
8,1247,7,No,-0.00126215,-6.62933,0.00132097
8,1248,7,No,-0.000907952,-6.94125,0.000966999
8,1249,7,No,-0.172848,-1.84015,0.158784
8,1250,7,No,-0.00161785,-6.39157,0.00167552
8,1251,7,Yes,-4.55704,-0.0104887,0.989508
8,1252,7,Yes,-3.67735,-0.0255538,0.974712
8,1253,7,No,-0.00275562,-5.87424,0.00281077
8,1254,7,No,-0.000889578,-6.96051,0.000948553
8,1255,7,No,-0.000834575,-7.02008,0.000893704
8,1256,7,Yes,-1.71988,-0.197268,0.820922
8,1257,7,Yes,-1.00503,-0.455664,0.633989
8,1258,7,Yes,-4.57241,-0.0103262,0.989668
8,1259,7,Yes,-3.79568,-0.0226624,0.977534
8,1260,7,No,-0.000150513,-8.46976,0.000209702
8,1261,7,Yes,-2.67825,-0.0710917,0.931321
8,1262,7,No,-8.17809e-05,-8.86559,0.000141156
8,1263,7,Yes,-4.87297,-0.00761973,0.99235
8,1264,7,No,-0.000679068,-7.21101,0.000738366
8,1265,7,Yes,-1.84472,-0.171987,0.84194
8,1266,7,No,-0.00123386,-6.65078,0.00129294
8,1267,7,Yes,-4.68352,-0.00922968,0.990754
8,1268,7,No,-0.000206551,-8.23109,0.00026623
8,1269,7,Yes,-4.37826,-0.0125666,0.987454
8,1270,7,No,-0.0337786,-3.40298,0.0332721
8,1271,7,No,-0.0569833,-2.89228,0.0554465
8,1272,7,No,-0.00277427,-5.86741,0.00283002
8,1273,7,Yes,-3.85268,-0.0213903,0.978778
8,1274,7,No,-0.000597238,-7.3288,0.000656319
8,1275,7,Yes,-3.91647,-0.0200521,0.98009
8,1276,7,No,-0.000604932,-7.31688,0.000664193
8,1277,7,No,-0.00397811,-5.51402,0.00402963
8,1278,7,No,-0.13142,-2.09387,0.123202
8,1279,7,No,-4.36316e-05,-9.18153,0.000102917
8,1280,7,No,-0.036345,-3.33115,0.0357498
8,1281,7,Yes,-4.54737,-0.0105912,0.989406
8,1282,7,No,-4.10763,-0.0165226,0.983554
8,1283,7,No,-0.000488401,-7.51021,0.000547435
8,1284,7,No,-7.60584e-05,-8.90929,0.00013512
8,1285,7,No,-0.319259,-1.29692,0.273355
8,1286,7,Yes,-4.8385,-0.0078901,0.992082
8,1287,7,Yes,-3.01202,-0.0503807,0.950811
8,1288,7,No,-9.61469e-05,-8.76667,0.000155832
8,1289,7,No,-4.45853e-05,-9.17519,0.000103571
8,1290,7,Yes,-4.857,-0.00774376,0.992227
8,1291,7,No,-2.62261e-06,-9.68655,6.21094e-05
8,1292,7,No,-8.95302e-05,-8.80864,0.000149427
8,1293,7,No,-6.89053e-05,-8.9627,0.000128092
8,1294,7,No,-1.18018e-05,-9.54857,7.1299e-05
8,1295,7,Yes,-4.16162,-0.0156443,0.984419
8,1296,7,Yes,-4.15395,-0.0157668,0.984299
8,1297,7,No,-7.39721e-05,-8.92188,0.00013343
8,1298,7,No,-0.0001126,-8.666,0.000172338
8,1299,7,No,-0.000186997,-8.30858,0.000246379
8,1300,7,Yes,-3.5992,-0.0276653,0.972656
8,1301,7,No,-0.111255,-2.25048,0.105342
8,1302,7,No,-1.25708,-0.334668,0.715534
8,1303,7,No,-0.00143834,-6.50463,0.0014964
8,1304,7,No,-0.00418584,-5.46401,0.00423627
8,1305,7,No,-1.07315,-0.418355,0.65809
8,1306,7,Yes,-4.10388,-0.0165861,0.983492
8,1307,7,No,-0.00693359,-4.96629,0.00696857
8,1308,7,No,-0.00517255,-5.25554,0.00521823
8,1309,7,No,-0.0054235,-5.20879,0.00546797
8,1310,7,Yes,-3.78773,-0.0228464,0.977354
8,1311,7,Yes,-3.50248,-0.0305243,0.969879
8,1312,7,Yes,-4.11214,-0.0164474,0.983628
8,1313,7,Yes,-3.62828,-0.0268597,0.97344
8,1314,7,Yes,-1.76521,-0.187646,0.828859
8,1315,7,No,-0.199898,-1.70791,0.181234
8,1316,7,Yes,-2.70287,-0.0693005,0.932991
8,1317,7,No,-0.148646,-1.97916,0.138177
8,1318,7,No,-0.000421374,-7.64106,0.000480291
8,1319,7,No,-0.660395,-0.726887,0.483383
8,1320,7,Yes,-4.69328,-0.00913831,0.990844
8,1321,7,No,-0.000597536,-7.32822,0.000656703
8,1322,7,Yes,-3.58815,-0.0279777,0.972352
8,1323,7,No,-0.916295,-0.510725,0.600025
8,1324,7,No,-0.033436,-3.41298,0.0329409
8,1325,7,Yes,-3.33696,-0.0361297,0.964457
8,1326,7,Yes,-3.96015,-0.0191834,0.980941
8,1327,7,Yes,-2.82706,-0.0609473,0.940817
8,1328,7,Yes,-5.22294,-0.00534602,0.994609
8,1329,7,No,-0.0103961,-4.56574,0.0104016
8,1330,7,No,-0.286698,-1.38902,0.249306
8,1331,7,Yes,-2.1479,-0.124057,0.883278
8,1332,7,Yes,-0.400019,-1.10942,0.329732
8,1333,7,Yes,-3.37016,-0.0349278,0.965618
8,1334,7,Yes,-2.34443,-0.100752,0.904103
8,1335,7,Yes,-2.11931,-0.127895,0.879893
8,1336,7,Yes,-2.19931,-0.117455,0.889127
8,1337,7,Yes,-3.33648,-0.0361475,0.96444
8,1338,7,Yes,-2.51278,-0.0844517,0.918962
8,1339,7,Yes,-3.96749,-0.0190412,0.98108
8,1340,7,Yes,-3.65908,-0.0260326,0.974245
8,1341,7,Yes,-3.26519,-0.0388756,0.961813
8,1342,7,Yes,-3.61916,-0.0271096,0.973196
8,1343,7,Yes,-4.72261,-0.00887145,0.991109
8,1344,7,Yes,-3.25093,-0.0394471,0.961264
8,1345,7,Yes,-2.47821,-0.0875575,0.916112
8,1346,7,No,-0.0559342,-2.91031,0.0544554
8,1347,7,Yes,-4.78561,-0.00832388,0.991651
8,1348,7,Yes,-3.37234,-0.0348502,0.965693
8,1349,7,Yes,-1.82816,-0.175128,0.8393
8,1350,7,No,-4.09687,-0.0167038,0.983376
8,1351,7,Yes,-0.717225,-0.66952,0.511924
8,1352,7,Yes,-0.32901,-1.27146,0.280406
8,1353,7,Yes,-5.2236,-0.0053423,0.994612
8,1354,7,No,-0.705947,-0.680394,0.506388
8,1355,7,Yes,-4.54366,-0.0106309,0.989366
8,1356,7,Yes,-3.63482,-0.0266827,0.973613
8,1357,7,Yes,-3.11447,-0.0453565,0.955601
8,1358,7,No,-0.243489,-1.53168,0.216159
8,1359,7,Yes,-4.69855,-0.00908977,0.990892
8,1360,7,No,-0.410198,-1.08904,0.33652
8,1361,7,Yes,-1.18455,-0.365031,0.694135
8,1362,7,Yes,-1.04377,-0.433969,0.647895
8,1363,7,No,-1.68901,-0.20413,0.815309
8,1364,7,Yes,-2.244,-0.112021,0.893973
8,1365,7,Yes,-1.96025,-0.151712,0.859185
8,1366,7,Yes,-3.42627,-0.032987,0.967494
8,1367,7,Yes,-0.589621,-0.808513,0.445494
8,1368,7,Yes,-4.23806,-0.0144801,0.985565
8,1369,7,Yes,-2.55132,-0.081122,0.922026
8,1370,7,Yes,-2.83725,-0.0603097,0.941417
