n_estimators,row_id,estimator,true,logit_No,logit_Yes,p_Yes
10,0,0,No,-0.000758936,-7.10864,0.000817962
10,1,0,No,-0.000514998,-7.46348,0.000573623
10,2,0,No,-0.0742485,-2.6364,0.0716144
10,3,0,Yes,-2.93322,-0.0546317,0.946778
10,4,0,No,-0.00684873,-4.97846,0.00688426
10,5,0,Yes,-2.41375,-0.0936735,0.910526
10,6,0,No,-0.349537,-1.22063,0.295027
10,7,0,No,-0.0798569,-2.5664,0.0768068
10,8,0,No,-1.18412,-0.365223,0.694001
10,9,0,No,-0.003259,-5.70987,0.00331289
10,10,0,No,-0.000444809,-7.59334,0.000503766
10,11,0,No,-0.00268157,-5.90082,0.00273703
10,12,0,No,-0.000626283,-7.28525,0.000685536
10,13,0,No,-0.0698901,-2.6947,0.0675588
10,14,0,Yes,-0.121619,-2.16654,0.114567
10,15,0,Yes,-1.39851,-0.283564,0.753051
10,16,0,No,-0.0012008,-6.67711,0.00125933
10,17,0,No,-0.000694397,-7.1907,0.000753517
10,18,0,Yes,-2.701,-0.0694346,0.932866
10,19,0,Yes,-2.68423,-0.0706533,0.93173
10,20,0,Yes,-1.99751,-0.145735,0.864336
10,21,0,Yes,-4.23913,-0.0144648,0.985581
10,22,0,Yes,-3.23732,-0.0399993,0.960733
10,23,0,Yes,-2.36016,-0.0990973,0.905601
10,24,0,Yes,-2.75094,-0.0659349,0.936136
10,25,0,Yes,-3.08712,-0.0466449,0.954369
10,26,0,No,-0.0780705,-2.58813,0.0751559
10,27,0,No,-0.0087952,-4.73119,0.00881545
10,28,0,No,-0.838437,-0.566209,0.56764
10,29,0,Yes,-0.965862,-0.478998,0.619367
10,30,0,Yes,-4.47486,-0.0113975,0.988609
10,31,0,Yes,-1.69519,-0.202735,0.816447
10,32,0,No,-0.489945,-0.948302,0.387376
10,33,0,Yes,-0.836476,-0.567706,0.566791
10,34,0,Yes,-0.28098,-1.40643,0.245001
10,35,0,No,-0.980183,-0.470298,0.624779
10,36,0,Yes,-3.25372,-0.0393346,0.961372
10,37,0,Yes,-4.40117,-0.0122786,0.987738
10,38,0,Yes,-1.27444,-0.327849,0.72043
10,39,0,No,-0.00363342,-5.60321,0.00368581
10,40,0,Yes,-2.93269,-0.0546609,0.94675
10,41,0,Yes,-2.33064,-0.102227,0.902772
10,42,0,No,-9.35837e-05,-8.78633,0.000152798
10,43,0,Yes,-3.39853,-0.0339327,0.96658
10,44,0,Yes,-4.57306,-0.0103202,0.989674
10,45,0,No,-0.333688,-1.25955,0.283764
10,46,0,No,-1.76174,-0.188365,0.828264
10,47,0,Yes,-3.40743,-0.0336261,0.966876
10,48,0,Yes,-3.87364,-0.0209416,0.979219
10,49,0,No,-0.00363108,-5.60367,0.00368408
10,50,0,No,-0.00330397,-5.69631,0.00335812
10,51,0,No,-0.0425183,-3.17759,0.0416836
10,52,0,No,-0.01201,-4.42306,0.0119968
10,53,0,No,-0.0236716,-3.75274,0.0234521
10,54,0,Yes,-4.28952,-0.013747,0.986289
10,55,0,Yes,-1.09595,-0.406709,0.665798
10,56,0,Yes,-1.77435,-0.185769,0.830417
10,57,0,Yes,-3.18636,-0.0421387,0.95868
10,58,0,Yes,-4.62084,-0.00983385,0.990156
10,59,0,No,-0.000440814,-7.60143,0.000499705
10,60,0,Yes,-2.5629,-0.0801484,0.922924
10,61,0,Yes,-4.48891,-0.0112367,0.988768
10,62,0,Yes,-4.77469,-0.00841699,0.99156
10,63,0,Yes,-0.259487,-1.47573,0.228598
10,64,0,Yes,-2.96994,-0.0526072,0.948697
10,65,0,Yes,-2.66771,-0.0718748,0.930593
10,66,0,Yes,-1.34519,-0.301689,0.739524
10,67,0,Yes,-4.55366,-0.0105242,0.989472
10,68,0,No,-0.406128,-1.09711,0.333814
10,69,0,No,-0.135691,-2.06398,0.12694
10,70,0,Yes,-3.81435,-0.0222389,0.977949
10,71,0,No,-0.00899919,-4.70848,0.00901792
10,72,0,Yes,-0.881661,-0.534497,0.58593
10,73,0,No,-9.30472e-05,-8.7895,0.000152315
10,74,0,Yes,-2.29909,-0.105683,0.899656
10,75,0,No,-0.476548,-0.96986,0.379114
10,76,0,No,-0.0226705,-3.79536,0.0224735
10,77,0,No,-0.000244767,-8.0983,0.000304039
10,78,0,Yes,-4.59278,-0.0101171,0.989876
10,79,0,Yes,-4.0904,-0.0168137,0.983268
10,80,0,Yes,-0.242988,-1.53351,0.215765
10,81,0,Yes,-0.20959,-1.66526,0.189131
10,82,0,No,-3.65875,-0.0260418,0.974237
10,83,0,Yes,-2.38063,-0.0969886,0.907513
10,84,0,Yes,-2.16087,-0.122354,0.884782
10,85,0,Yes,-3.38605,-0.0343661,0.96616
10,86,0,Yes,-4.35561,-0.0128573,0.987166
10,87,0,Yes,-4.22875,-0.0146178,0.98543
10,88,0,Yes,-2.28909,-0.106806,0.898648
10,89,0,Yes,-2.5392,-0.0821542,0.921075
10,90,0,Yes,-2.71233,-0.0686245,0.933622
10,91,0,Yes,-2.86308,-0.0587244,0.942911
10,92,0,Yes,-0.517072,-0.906849,0.403771
10,93,0,Yes,-3.03799,-0.049055,0.952072
10,94,0,Yes,-0.596183,-0.800402,0.449122
10,95,0,Yes,-5.20754,-0.00543088,0.994525
10,96,0,Yes,-3.54906,-0.0291129,0.97125
10,97,0,No,-0.250615,-1.50627,0.221723
10,98,0,Yes,-3.36804,-0.0350032,0.965545
10,99,0,No,-0.0389099,-3.26435,0.0382196
10,100,0,No,-0.319005,-1.2976,0.273171
10,101,0,Yes,-2.06386,-0.135709,0.873045
10,102,0,Yes,-2.23885,-0.112635,0.893425
10,103,0,Yes,-1.24799,-0.338306,0.712935
10,104,0,No,-0.389961,-1.13018,0.322957
10,105,0,No,-0.673589,-0.712976,0.490154
10,106,0,No,-0.000289601,-7.96057,0.000348934
10,107,0,No,-0.0163594,-4.11747,0.0162847
10,108,0,No,-0.00929863,-4.67611,0.00931467
10,109,0,No,-0.028501,-3.56994,0.028156
10,110,0,Yes,-4.02312,-0.0179996,0.982104
10,111,0,No,-0.00181936,-6.27807,0.0018769
10,112,0,No,-0.00331456,-5.69325,0.00336842
10,113,0,No,-0.360341,-1.19528,0.302603
10,114,0,Yes,-2.91857,-0.0554623,0.945992
10,115,0,No,-0.000125654,-8.5949,0.000185036
10,116,0,No,-0.000249715,-8.08113,0.000309302
10,117,0,Yes,-4.85096,-0.00779182,0.99218
10,118,0,No,-0.464547,-0.989831,0.371618
10,119,0,No,-0.000154269,-8.44976,0.000213938
10,120,0,Yes,-4.79026,-0.0082853,0.99169
10,121,0,Yes,-4.86947,-0.00764832,0.992323
10,122,0,No,-0.0157061,-4.15772,0.0156422
10,123,0,Yes,-4.12031,-0.016313,0.983761
10,124,0,No,-0.000762157,-7.10493,0.000821001
10,125,0,No,-0.177731,-1.81467,0.162882
10,126,0,Yes,-3.12831,-0.0447181,0.956211
10,127,0,Yes,-3.0198,-0.049981,0.951192
10,128,0,No,-0.192209,-1.7434,0.174914
10,129,0,No,-0.000164284,-8.40397,0.000223963
10,130,0,No,-0.000124045,-8.60246,0.000183643
10,131,0,No,-0.000144134,-8.49918,0.000203622
10,132,0,No,-0.0018737,-6.24958,0.00193114
10,133,0,Yes,-2.49539,-0.0859998,0.91754
10,134,0,Yes,-3.81648,-0.0221902,0.977996
10,135,0,No,-0.00141518,-6.52019,0.0014733
10,136,0,Yes,-0.565243,-0.839707,0.431812
10,137,0,Yes,-1.52853,-0.24436,0.783159
10,138,0,Yes,-0.295646,-1.36255,0.255993
10,139,0,Yes,-2.29004,-0.106698,0.898744
10,140,0,No,-0.32831,-1.27325,0.279903
10,141,0,Yes,-3.08245,-0.046869,0.954156
10,142,0,No,-0.00587259,-5.13039,0.0059139
10,143,0,No,-3.24081,-0.0398574,0.96087
10,144,0,No,-4.55986e-05,-9.16593,0.000104535
10,145,0,Yes,-2.12151,-0.127597,0.880156
10,146,0,Yes,-1.57504,-0.231856,0.793014
10,147,0,Yes,-2.17175,-0.120947,0.886028
10,148,0,Yes,-0.251208,-1.50419,0.222185
10,149,0,Yes,-3.38702,-0.034333,0.966193
10,150,0,Yes,-2.68949,-0.0702687,0.932088
10,151,0,Yes,-0.515391,-0.909336,0.402768
10,152,0,Yes,-2.08138,-0.133187,0.875249
10,153,0,Yes,-2.21437,-0.115594,0.890784
10,154,0,No,-2.15139,-0.123596,0.883685
10,155,0,Yes,-3.27142,-0.0386303,0.96205
10,156,0,Yes,-2.93349,-0.0546167,0.946792
10,157,0,Yes,-1.55987,-0.235855,0.789848
10,158,0,Yes,-1.75291,-0.190205,0.826741
10,159,0,Yes,-1.78794,-0.183015,0.832706
10,160,0,Yes,-3.12435,-0.0448991,0.956037
10,161,0,No,-2.67238,-0.0715274,0.930917
10,162,0,No,-0.621583,-0.770104,0.462938
10,163,0,Yes,-1.18496,-0.364853,0.694258
10,164,0,Yes,-4.45175,-0.0116664,0.988343
10,165,0,No,-0.192334,-1.74281,0.175018
10,166,0,Yes,-3.78414,-0.02293,0.977273
10,167,0,Yes,-1.99705,-0.145808,0.864273
10,168,0,No,-0.136402,-2.05911,0.12756
10,169,0,Yes,-2.05228,-0.137405,0.871566
10,170,0,Yes,-3.68898,-0.0252551,0.975004
10,171,0,Yes,-2.8665,-0.0585186,0.943106
10,172,0,No,-0.0764842,-2.60786,0.0736874
10,173,0,No,-0.0103451,-4.57065,0.0103506
10,174,0,Yes,-4.21362,-0.0148429,0.985208
10,175,0,Yes,-4.11345,-0.016426,0.98365
10,176,0,No,-0.000524241,-7.44697,0.000583174
10,177,0,No,-0.00301099,-5.78747,0.00306554
10,178,0,Yes,-3.82014,-0.0221083,0.978077
10,179,0,No,-0.0248415,-3.7052,0.0245938
10,180,0,No,-0.0302576,-3.5111,0.0298622
10,181,0,No,-0.122866,-2.15695,0.115671
10,182,0,Yes,-2.54075,-0.0820219,0.921198
10,183,0,No,-0.672536,-0.714073,0.489617
10,184,0,No,-1.05719,-0.42675,0.652588
10,185,0,Yes,-3.39121,-0.0341864,0.966334
10,186,0,Yes,-2.89555,-0.056792,0.944735
10,187,0,Yes,-0.360207,-1.19558,0.302509
10,188,0,Yes,-2.4232,-0.0927509,0.911367
10,189,0,Yes,-2.28155,-0.10766,0.89788
10,190,0,Yes,-1.67161,-0.208114,0.812066
10,191,0,Yes,-1.55114,-0.238192,0.788006
10,192,0,No,-0.00234497,-6.03159,0.00240154
10,193,0,No,-0.00743248,-4.8977,0.00746326
10,194,0,Yes,-2.097,-0.130981,0.877183
10,195,0,No,-0.000676861,-7.21421,0.000736007
10,196,0,No,-0.000282387,-7.98253,0.000341354
10,197,0,No,-0.000367053,-7.76032,0.000426296
10,198,0,Yes,-0.208804,-1.66863,0.188493
10,199,0,No,-0.000720641,-7.15632,0.00077987
10,200,0,No,-0.87026,-0.542632,0.581182
10,201,0,No,-0.0122026,-4.4073,0.0121874
10,202,0,Yes,-4.5505,-0.0105584,0.989439
10,203,0,No,-0.000153196,-8.4551,0.000212801
10,204,0,Yes,-0.796534,-0.599348,0.549137
10,205,0,No,-0.000182407,-8.32761,0.000241735
10,206,0,Yes,-3.33329,-0.0362663,0.964327
10,207,0,Yes,-4.99502,-0.00673495,0.993229
10,208,0,Yes,-3.73161,-0.0241854,0.976047
10,209,0,Yes,-4.66046,-0.0094476,0.990538
10,210,0,Yes,-0.572507,-0.830228,0.435924
10,211,0,Yes,-3.10503,-0.0457976,0.955179
10,212,0,Yes,-0.169166,-1.85988,0.155682
10,213,0,No,-4.18433e-05,-9.19875,0.00010116
10,214,0,No,-0.000406348,-7.67171,0.000465791
10,215,0,Yes,-3.96929,-0.0190072,0.981114
10,216,0,Yes,-4.9694,-0.00691198,0.993053
10,217,0,No,-0.00690844,-4.96985,0.00694377
10,218,0,Yes,-2.89832,-0.056631,0.944888
10,219,0,Yes,-3.06168,-0.0478778,0.953194
10,220,0,Yes,-3.83176,-0.0218494,0.97833
10,221,0,Yes,-1.20159,-0.357612,0.699303
10,222,0,No,-1.66265,-0.210199,0.810375
10,223,0,Yes,-4.56723,-0.0103808,0.989614
10,224,0,Yes,-2.44164,-0.0909755,0.912987
10,225,0,Yes,-0.337302,-1.25049,0.286348
10,226,0,No,-0.0244655,-3.72026,0.0242263
10,227,0,No,-0.489297,-0.949326,0.386979
10,228,0,Yes,-2.31247,-0.104203,0.90099
10,229,0,Yes,-5.30331,-0.00492861,0.995025
10,230,0,No,-0.000299379,-7.93202,0.000359038
10,231,0,Yes,-2.20045,-0.117315,0.889253
10,232,0,Yes,-2.69693,-0.069729,0.932592
10,233,0,Yes,-4.57098,-0.0103426,0.989653
10,234,0,No,-0.361175,-1.19336,0.303184
10,235,0,Yes,-2.92416,-0.0551433,0.946293
10,236,0,No,-0.000220442,-8.1808,0.000279962
10,237,0,No,-0.000256392,-8.06,0.000315909
10,238,0,No,-0.00426012,-5.44672,0.00431018
10,239,0,No,-0.10626,-2.29395,0.100862
10,240,0,Yes,-3.57181,-0.028446,0.971897
10,241,0,No,-5.2215e-05,-9.10214,0.00011142
10,242,0,Yes,-0.302822,-1.34198,0.261313
10,243,0,Yes,-0.359072,-1.19821,0.301717
10,244,0,No,-0.00180437,-6.28577,0.0018625
10,245,0,No,-0.555125,-0.85318,0.426033
10,246,0,Yes,-3.12422,-0.0449051,0.956031
10,247,0,No,-0.367233,-1.17957,0.307393
10,248,0,Yes,-4.36223,-0.0127721,0.987251
10,249,0,No,-0.481572,-0.961687,0.382225
10,250,0,Yes,-2.59518,-0.0775006,0.925372
10,251,0,Yes,-1.05266,-0.429168,0.651013
10,252,0,Yes,-3.01133,-0.0504178,0.950777
10,253,0,No,-0.00106642,-6.78992,0.001125
10,254,0,No,-0.0152617,-4.1861,0.0152046
10,255,0,No,-0.000432227,-7.61845,0.000491276
10,256,0,Yes,-1.30833,-0.315001,0.729745
10,257,0,Yes,-5.004,-0.00667434,0.993289
10,258,0,Yes,-3.43366,-0.0327384,0.967734
10,259,0,Yes,-3.25525,-0.0392735,0.961431
10,260,0,No,-0.0039352,-5.52466,0.00398697
10,261,0,Yes,-0.636687,-0.752861,0.470989
10,262,0,Yes,-2.87985,-0.0577184,0.94386
10,263,0,Yes,-1.70326,-0.20093,0.817922
10,264,0,No,-0.000602963,-7.31995,0.000662154
10,265,0,Yes,-4.39341,-0.0123753,0.987642
10,266,0,No,-0.000210605,-8.21751,0.000269869
10,267,0,Yes,-3.88818,-0.0206347,0.979518
10,268,0,No,-0.000238805,-8.11794,0.000298126
10,269,0,Yes,-2.85863,-0.0589949,0.942656
10,270,0,No,-0.0153847,-4.17817,0.0153256
10,271,0,Yes,-2.40097,-0.0949385,0.909376
10,272,0,No,-0.924446,-0.505328,0.603272
10,273,0,No,-0.0014079,-6.52487,0.00146642
10,274,0,No,-0.000980679,-6.86878,0.00103969
10,275,0,No,-0.004456,-5.40251,0.00450499
10,276,0,Yes,-1.62677,-0.218784,0.803448
10,277,0,No,-0.191984,-1.74446,0.174729
10,278,0,Yes,-4.26191,-0.0141362,0.985905
10,279,0,No,-0.00455018,-5.38177,0.0045994
10,280,0,No,-0.000176922,-8.352,0.00023591
10,281,0,No,-0.00484811,-5.31939,0.00489544
10,282,0,No,-0.000494722,-7.49861,0.00055382
10,283,0,Yes,-4.0047,-0.0183377,0.981771
10,284,0,Yes,-3.24794,-0.0395677,0.961148
10,285,0,Yes,-3.11521,-0.045322,0.955633
10,286,0,No,-0.00287851,-5.83127,0.00293418
10,287,0,Yes,-3.58473,-0.0280759,0.972258
10,288,0,No,-0.000110215,-8.68201,0.0001696
10,289,0,No,-1.69925,-0.201825,0.81719
10,290,0,Yes,-0.399162,-1.11116,0.329158
10,291,0,Yes,-5.1983,-0.00548182,0.994474
10,292,0,No,-0.000686941,-7.20044,0.00074621
10,293,0,Yes,-4.04928,-0.0175283,0.982566
10,294,0,Yes,-4.65942,-0.00945722,0.990529
10,295,0,Yes,-4.62284,-0.00981368,0.990176
10,296,0,No,-0.188781,-1.75973,0.172081
10,297,0,No,-0.00739399,-4.90278,0.00742544
10,298,0,No,-0.0030697,-5.76845,0.0031244
10,299,0,No,-0.133327,-2.0804,0.124873
10,300,0,Yes,-2.10251,-0.130212,0.877858
10,301,0,Yes,-2.23013,-0.11368,0.892492
10,302,0,Yes,-1.56997,-0.233185,0.79196
10,303,0,Yes,-0.584896,-0.814422,0.442869
10,304,0,Yes,-2.6769,-0.0711924,0.931228
10,305,0,Yes,-2.12819,-0.126692,0.880954
10,306,0,Yes,-3.40661,-0.0336545,0.966849
10,307,0,Yes,-1.0441,-0.433788,0.648012
10,308,0,Yes,-0.638844,-0.750445,0.472129
10,309,0,No,-2.79537,-0.0629753,0.938911
10,310,0,No,-0.0595715,-2.84918,0.0578881
10,311,0,No,-0.00596631,-5.11462,0.0060079
10,312,0,Yes,-2.6091,-0.076387,0.926403
10,313,0,No,-0.012273,-4.40165,0.0122563
10,314,0,Yes,-4.4571,-0.0116033,0.988405
10,315,0,No,-0.000197251,-8.26884,0.000256368
10,316,0,No,-0.000583103,-7.35019,0.000642431
10,317,0,Yes,-4.78747,-0.00830898,0.991667
10,318,0,Yes,-5.06281,-0.00628829,0.993673
10,319,0,No,-0.0428096,-3.17089,0.0419636
10,320,0,No,-0.011259,-4.4869,0.0112549
10,321,0,No,-0.000383272,-7.72324,0.000442399
10,322,0,No,-0.000573859,-7.36531,0.000632794
10,323,0,No,-0.000705849,-7.17558,0.000764996
10,324,0,No,-9.82929e-05,-8.75592,0.000157517
10,325,0,No,-0.0101129,-4.59311,0.0101207
10,326,0,No,-0.0251204,-3.69423,0.0248651
10,327,0,Yes,-3.97383,-0.0189203,0.9812
10,328,0,Yes,-4.57994,-0.0102484,0.989745
10,329,0,Yes,-4.66896,-0.00936721,0.990619
10,330,0,No,-0.657521,-0.729968,0.481896
10,331,0,No,-0.140758,-2.02982,0.131352
10,332,0,No,-0.212719,-1.65195,0.191665
10,333,0,Yes,-1.25743,-0.33453,0.715632
10,334,0,Yes,-4.79643,-0.00823361,0.991741
10,335,0,Yes,-3.97405,-0.0189159,0.981204
10,336,0,Yes,-3.68191,-0.025437,0.974827
10,337,0,Yes,-2.80689,-0.0622302,0.939611
10,338,0,Yes,-3.81194,-0.0222926,0.977896
10,339,0,No,-0.000151407,-8.46353,0.000211014
10,340,0,No,-0.000288111,-7.964,0.000347737
10,341,0,No,-2.14937,-0.123863,0.883449
10,342,0,No,-1.08821,-0.410622,0.663199
10,343,0,No,-0.00257896,-5.93887,0.00263484
10,344,0,Yes,-3.78517,-0.0229066,0.977296
10,345,0,Yes,-0.38939,-1.13138,0.32257
10,346,0,Yes,-2.511,-0.0846081,0.918818
10,347,0,No,-0.111037,-2.25234,0.105147
10,348,0,No,-0.00197403,-6.19889,0.00203157
10,349,0,No,-0.144081,-2.00812,0.134233
10,350,0,Yes,-0.535521,-0.880214,0.41467
10,351,0,No,-1.01641,-0.449157,0.638128
10,352,0,No,-0.263093,-1.46366,0.231375
10,353,0,Yes,-1.28248,-0.324747,0.722668
10,354,0,No,-0.197318,-1.71965,0.179119
10,355,0,No,-0.242486,-1.53533,0.215372
10,356,0,Yes,-1.32829,-0.30771,0.735086
10,357,0,Yes,-0.67537,-0.711126,0.491062
10,358,0,No,-0.116996,-2.20301,0.110464
10,359,0,No,-0.270928,-1.43806,0.237373
10,360,0,Yes,-1.02326,-0.445293,0.640599
10,361,0,Yes,-3.01343,-0.0503079,0.95088
10,362,0,Yes,-2.3169,-0.103717,0.901427
10,363,0,No,-0.000174657,-8.36183,0.000233603
10,364,0,No,-0.000176207,-8.35405,0.000235426
10,365,0,Yes,-3.29891,-0.0375612,0.963079
10,366,0,Yes,-2.94645,-0.0538932,0.947477
10,367,0,No,-1.65113,-0.212914,0.808179
10,368,0,Yes,-3.75962,-0.0235078,0.976709
10,369,0,Yes,-2.49034,-0.0864552,0.917123
10,370,0,Yes,-2.87305,-0.0581249,0.943477
10,371,0,No,-0.095719,-2.39317,0.0913347
10,372,0,Yes,-3.60319,-0.027554,0.972765
10,373,0,Yes,-3.8866,-0.020668,0.979486
10,374,0,Yes,-3.26987,-0.0386916,0.961991
10,375,0,Yes,-3.68263,-0.0254177,0.974845
10,376,0,Yes,-2.64886,-0.0732949,0.929272
10,377,0,Yes,-1.28587,-0.323451,0.723605
10,378,0,No,-0.0479331,-3.06056,0.0468585
10,379,0,Yes,-0.972375,-0.475017,0.621838
10,380,0,Yes,-3.47244,-0.0314716,0.968961
10,381,0,Yes,-0.3282,-1.27354,0.279824
10,382,0,No,-1.34808,-0.300671,0.740278
10,383,0,Yes,-0.868167,-0.544145,0.580304
10,384,0,Yes,-4.12335,-0.0162623,0.983811
10,385,0,No,-0.00282567,-5.84949,0.00288118
10,386,0,Yes,-4.57349,-0.010316,0.989679
10,387,0,No,-9.87698e-05,-8.75025,0.000158412
10,388,0,No,-0.000450116,-7.58186,0.000509582
10,389,0,No,-7.89197e-05,-8.8846,0.000138498
10,390,0,Yes,-4.37739,-0.0125775,0.987443
10,391,0,Yes,-3.80559,-0.0224367,0.977755
10,392,0,Yes,-4.37991,-0.0125456,0.987474
10,393,0,No,-0.00237688,-6.01827,0.00243372
10,394,0,Yes,-1.52285,-0.245939,0.781924
10,395,0,No,-0.123211,-2.15432,0.115975
10,396,0,No,-0.0295057,-3.53585,0.0291323
10,397,0,No,-0.0132056,-4.32917,0.0131777
10,398,0,Yes,-3.27017,-0.0386798,0.962002
10,399,0,No,-0.000256333,-8.06052,0.000315744
10,400,0,No,-0.00154979,-6.43282,0.00160782
10,401,0,No,-0.0860193,-2.49516,0.0824782
10,402,0,Yes,-3.34572,-0.035809,0.964767
10,403,0,Yes,-1.72788,-0.195531,0.822349
10,404,0,Yes,-3.19238,-0.0418796,0.958929
10,405,0,Yes,-3.82769,-0.0219395,0.978242
10,406,0,Yes,-4.62935,-0.00974838,0.99024
10,407,0,No,-1.13413,-0.388084,0.678316
10,408,0,Yes,-4.06472,-0.0172562,0.982833
10,409,0,Yes,-4.09027,-0.0168166,0.983266
10,410,0,Yes,-3.77794,-0.0230745,0.977132
10,411,0,Yes,-1.56883,-0.233484,0.791724
10,412,0,Yes,-3.17755,-0.0425205,0.958315
10,413,0,Yes,-2.83534,-0.0604294,0.941305
10,414,0,Yes,-0.208519,-1.66986,0.188262
10,415,0,Yes,-1.79768,-0.181072,0.834327
10,416,0,Yes,-3.08779,-0.0466133,0.9544
10,417,0,Yes,-0.752079,-0.637384,0.528643
10,418,0,No,-0.00544622,-5.20472,0.00549026
10,419,0,No,-0.116702,-2.20537,0.110203
10,420,0,No,-0.0893899,-2.45841,0.0855656
10,421,0,Yes,-0.0365241,-3.32633,0.0359227
10,422,0,No,-0.00653034,-5.02544,0.00656831
10,423,0,No,-0.00734457,-4.90943,0.00737623
10,424,0,No,-0.131524,-2.09313,0.123294
10,425,0,No,-0.102376,-2.32924,0.0973641
10,426,0,No,-0.00454288,-5.38346,0.00459162
10,427,0,No,-0.00250994,-5.96544,0.00256577
10,428,0,Yes,-3.86645,-0.0210945,0.979069
10,429,0,Yes,-2.3679,-0.0982944,0.906328
10,430,0,No,-0.375988,-1.16012,0.31343
10,431,0,No,-0.951571,-0.487882,0.613889
10,432,0,Yes,-0.471156,-0.978756,0.375756
10,433,0,No,-0.00330445,-5.69627,0.00335826
10,434,0,No,-0.0935152,-2.41536,0.0893302
10,435,0,Yes,-1.99482,-0.146159,0.863969
10,436,0,No,-0.345025,-1.23149,0.291839
10,437,0,No,-0.0190106,-3.9691,0.0188893
10,438,0,No,-0.000104969,-8.71174,0.000164632
10,439,0,Yes,-3.05586,-0.0481651,0.95292
10,440,0,No,-0.00029294,-7.95093,0.000352313
10,441,0,No,-0.000301645,-7.92651,0.000361024
10,442,0,No,-0.504351,-0.925934,0.396138
10,443,0,Yes,-3.6065,-0.0274616,0.972855
10,444,0,Yes,-3.87506,-0.0209105,0.979248
10,445,0,Yes,-3.60112,-0.0276119,0.972709
10,446,0,No,-4.47845,-0.0113557,0.98865
10,447,0,Yes,-0.970579,-0.47611,0.621159
10,448,0,No,-0.0725135,-2.65917,0.0700023
10,449,0,No,-0.120135,-2.17808,0.113252
10,450,0,No,-0.064486,-2.77243,0.0625063
10,451,0,Yes,-2.36486,-0.0986103,0.906043
10,452,0,No,-2.60527,-0.0766909,0.926121
10,453,0,Yes,-3.5868,-0.0280167,0.972315
10,454,0,No,-0.0144204,-4.2422,0.0143752
10,455,0,No,-0.00156131,-6.42583,0.00161909
10,456,0,Yes,-4.56692,-0.0103843,0.989611
10,457,0,No,-0.00429873,-5.4378,0.00434879
10,458,0,No,-8.55959e-05,-8.83695,0.000145256
10,459,0,Yes,-3.1179,-0.0451976,0.955752
10,460,0,No,-0.621125,-0.770634,0.462692
10,461,0,Yes,-2.95786,-0.0532643,0.948073
10,462,0,No,-0.114376,-2.22435,0.108131
10,463,0,No,-0.00493766,-5.30142,0.00498423
10,464,0,No,-0.000356022,-7.78764,0.000414808
10,465,0,No,-0.00751817,-4.88629,0.00754894
10,466,0,No,-0.000214659,-8.20344,0.000273695
10,467,0,No,-0.0155901,-4.16505,0.015528
10,468,0,Yes,-2.88326,-0.0575161,0.944051
10,469,0,No,-0.00181267,-6.28125,0.00187096
10,470,0,No,-0.43599,-1.04006,0.353414
10,471,0,No,-0.941114,-0.494516,0.60983
10,472,0,No,-0.000179903,-8.33671,0.000239544
10,473,0,No,-0.000618411,-7.29773,0.000677032
10,474,0,No,-0.00259294,-5.93373,0.00264842
10,475,0,Yes,-3.0601,-0.0479557,0.95312
10,476,0,No,-0.87719,-0.537669,0.584074
10,477,0,Yes,-2.20498,-0.116751,0.889754
10,478,0,Yes,-3.91703,-0.020041,0.980101
10,479,0,No,-0.00239325,-6.01199,0.00244907
10,480,0,No,-0.000499254,-7.49046,0.000558355
10,481,0,No,-0.00126848,-6.62491,0.00132682
10,482,0,No,-0.00208816,-6.14433,0.00214549
10,483,0,No,-0.000354889,-7.78816,0.000414589
10,484,0,Yes,-3.4345,-0.0327115,0.96776
10,485,0,Yes,-3.57629,-0.0283175,0.972022
10,486,0,Yes,-2.55401,-0.0808961,0.922235
10,487,0,Yes,-3.25638,-0.0392281,0.961475
10,488,0,No,-1.11706,-0.396282,0.672778
10,489,0,No,-0.101241,-2.33983,0.0963382
10,490,0,No,-0.020104,-3.91387,0.0199618
10,491,0,Yes,-2.95668,-0.0533292,0.948012
10,492,0,No,-0.00766297,-4.86739,0.00769294
10,493,0,Yes,-3.62758,-0.026879,0.973421
10,494,0,Yes,-3.92355,-0.0199084,0.98023
10,495,0,Yes,-2.0471,-0.138171,0.870898
10,496,0,Yes,-1.62181,-0.220001,0.802471
10,497,0,Yes,-0.330531,-1.26756,0.2815
10,498,0,Yes,-4.90313,-0.00739158,0.992577
10,499,0,Yes,-3.39096,-0.0341946,0.966326
10,500,0,Yes,-3.78434,-0.0229249,0.977278
10,501,0,Yes,-0.112343,-2.24129,0.106315
10,502,0,Yes,-0.27856,-1.41393,0.243172
10,503,0,No,-0.702375,-0.683887,0.504622
10,504,0,Yes,-3.27564,-0.0384632,0.96221
10,505,0,Yes,-2.31579,-0.103838,0.901318
10,506,0,Yes,-1.68741,-0.204491,0.815014
10,507,0,No,-1.6346,-0.216876,0.804982
10,508,0,Yes,-3.55986,-0.0287937,0.971559
10,509,0,Yes,-4.17459,-0.015441,0.984619
10,510,0,No,-0.2133,-1.6495,0.192135
10,511,0,No,-2.16919,-0.121276,0.885737
10,512,0,Yes,-4.0419,-0.01766,0.982437
10,513,0,No,-0.00691949,-4.96837,0.00695407
10,514,0,Yes,-2.10443,-0.129945,0.878093
10,515,0,No,-0.76555,-0.625525,0.534949
10,516,0,Yes,-2.89662,-0.0567299,0.944794
10,517,0,No,-0.773275,-0.618857,0.538528
10,518,0,No,-1.63562,-0.216631,0.805179
10,519,0,Yes,-3.71319,-0.0246415,0.975602
10,520,0,Yes,-4.29351,-0.0136911,0.986344
10,521,0,No,-0.439064,-1.03446,0.355398
10,522,0,Yes,-1.00978,-0.452937,0.635721
10,523,0,No,-0.538714,-0.875724,0.416536
10,524,0,No,-2.58112,-0.0786424,0.924316
10,525,0,No,-0.000607914,-7.31238,0.00066719
10,526,0,Yes,-3.88928,-0.0206117,0.979541
10,527,0,Yes,-2.66154,-0.072337,0.930163
10,528,0,No,-0.205314,-1.6838,0.185656
10,529,0,No,-0.00135669,-6.56037,0.00141528
10,530,0,Yes,-3.59185,-0.0278727,0.972454
10,531,0,No,-0.42691,-1.05689,0.347516
10,532,0,No,-1.7184,-0.197591,0.820657
10,533,0,No,-9.66834e-05,-8.76622,0.000155902
10,534,0,No,-3.37368e-05,-9.28336,9.29523e-05
10,535,0,No,-4.17241e-05,-9.1978,0.000101256
10,536,0,No,-4.08896e-05,-9.2048,0.00010055
10,537,0,No,-0.0276923,-3.59824,0.0273703
10,538,0,No,-0.0243379,-3.7254,0.0241019
10,539,0,Yes,-3.14277,-0.0440596,0.95684
10,540,0,Yes,-0.049394,-3.0313,0.0482502
10,541,0,No,-0.0433271,-3.15915,0.0424591
10,542,0,No,-0.00017883,-8.34266,0.000238124
10,543,0,No,-0.0525396,-2.97118,0.0512396
10,544,0,Yes,-2.81606,-0.0616432,0.940163
10,545,0,No,-0.000109559,-8.68739,0.00016869
10,546,0,No,-0.000187057,-8.31096,0.000245793
10,547,0,Yes,-2.92086,-0.055331,0.946116
10,548,0,Yes,-2.13026,-0.126412,0.8812
10,549,0,Yes,-2.91964,-0.0554002,0.94605
10,550,0,No,-0.000114984,-8.65632,0.000174013
10,551,0,No,-0.00166567,-6.36355,0.00172314
10,552,0,No,-0.709391,-0.677047,0.508085
10,553,0,No,-0.00016798,-8.38883,0.000227381
10,554,0,No,-1.38335,-0.288588,0.749277
10,555,0,Yes,-0.334726,-1.25694,0.284508
10,556,0,Yes,-1.47767,-0.258913,0.771845
10,557,0,No,-0.0174333,-4.05464,0.0173407
10,558,0,No,-0.00517255,-5.25541,0.00521888
10,559,0,Yes,-3.0881,-0.0465985,0.954414
10,560,0,No,-0.00199839,-6.18707,0.00205571
10,561,0,Yes,-2.5915,-0.0777972,0.925097
10,562,0,Yes,-2.86707,-0.0584832,0.943138
10,563,0,Yes,-4.14351,-0.0159344,0.984134
10,564,0,Yes,-5.24612,-0.00522216,0.994732
10,565,0,Yes,-3.29182,-0.0378332,0.962816
10,566,0,No,-0.439079,-1.03443,0.355408
10,567,0,Yes,-0.727241,-0.660064,0.516788
10,568,0,Yes,-0.151369,-1.96234,0.14052
10,569,0,Yes,-0.591214,-0.806531,0.446378
10,570,0,Yes,-0.323788,-1.28498,0.276639
10,571,0,Yes,-1.70375,-0.200822,0.81801
10,572,0,Yes,-3.52396,-0.029865,0.970519
10,573,0,No,-0.444216,-1.02518,0.35871
10,574,0,No,-0.000209413,-8.22216,0.000268619
10,575,0,Yes,-5.19277,-0.00551238,0.994444
10,576,0,Yes,-0.703604,-0.682682,0.50523
10,577,0,No,-0.0248491,-3.70491,0.0246009
10,578,0,Yes,-2.87039,-0.058283,0.943327
10,579,0,No,-0.315721,-1.30639,0.27078
10,580,0,No,-0.0158174,-4.15075,0.0157516
10,581,0,No,-0.00146365,-6.48799,0.00152151
10,582,0,No,-0.0124965,-4.38374,0.0124779
10,583,0,Yes,-2.65821,-0.0725858,0.929931
10,584,0,Yes,-3.69588,-0.0250782,0.975176
10,585,0,Yes,-1.22993,-0.345672,0.707703
10,586,0,No,-0.0161769,-4.12854,0.0161054
10,587,0,No,-0.0295715,-3.53366,0.0291962
10,588,0,No,-0.0125064,-4.38297,0.0124874
10,589,0,No,-0.00694247,-4.96497,0.00697775
10,590,0,Yes,-4.13853,-0.0160146,0.984055
10,591,0,No,-0.0475582,-3.0682,0.0465022
10,592,0,No,-0.0481308,-3.05655,0.0470468
10,593,0,Yes,-0.0218078,-3.83359,0.0216305
10,594,0,No,-3.00256,-0.0508726,0.950343
10,595,0,No,-0.630944,-0.759353,0.467942
10,596,0,Yes,-1.09106,-0.409175,0.664159
10,597,0,Yes,-4.5983,-0.0100601,0.989932
10,598,0,Yes,-0.324825,-1.28228,0.277389
10,599,0,Yes,-1.61793,-0.220958,0.801703
10,600,0,Yes,-0.411499,-1.08648,0.337383
10,601,0,Yes,-0.703255,-0.683023,0.505058
10,602,0,No,-0.287686,-1.38604,0.250048
10,603,0,Yes,-4.11318,-0.016431,0.983645
10,604,0,No,-0.562977,-0.842697,0.430522
10,605,0,No,-0.00280427,-5.85694,0.0028598
10,606,0,No,-0.000968985,-6.88007,0.00102801
10,607,0,No,-0.0127562,-4.36338,0.0127345
10,608,0,Yes,-0.631866,-0.758305,0.468432
10,609,0,No,-0.000334557,-7.84017,0.00039358
10,610,0,No,-0.107098,-2.2865,0.101615
10,611,0,Yes,-1.92553,-0.157519,0.85421
10,612,0,Yes,-1.05546,-0.427669,0.651989
10,613,0,Yes,-2.11359,-0.128679,0.879204
10,614,0,Yes,-4.40382,-0.0122465,0.98777
10,615,0,No,-1.98886,-0.1471,0.863157
10,616,0,Yes,-1.91139,-0.159952,0.852135
10,617,0,Yes,-4.97733,-0.00685641,0.993108
10,618,0,Yes,-1.48732,-0.256077,0.774037
10,619,0,Yes,-3.05846,-0.0480362,0.953043
10,620,0,Yes,-4.29137,-0.0137199,0.986315
10,621,0,No,-0.0816737,-2.54482,0.0784822
10,622,0,Yes,-3.85905,-0.0212533,0.978913
10,623,0,Yes,-0.581783,-0.818353,0.441132
10,624,0,Yes,-2.85358,-0.0593023,0.942366
10,625,0,Yes,-2.06124,-0.136091,0.872712
10,626,0,Yes,-5.24942,-0.00520497,0.99475
10,627,0,No,-5.06056e-05,-9.11542,0.000109951
10,628,0,Yes,-3.55201,-0.0290241,0.971335
10,629,0,Yes,-2.24507,-0.111894,0.894087
10,630,0,Yes,-0.847109,-0.559655,0.571373
10,631,0,Yes,-2.63724,-0.0741846,0.928445
10,632,0,Yes,-1.66121,-0.210538,0.810101
10,633,0,Yes,-0.647073,-0.741325,0.476454
10,634,0,Yes,-1.83411,-0.173993,0.840253
10,635,0,No,-0.00357485,-5.6191,0.00362768
10,636,0,No,-0.40906,-1.09129,0.335765
10,637,0,Yes,-2.35188,-0.0999659,0.904815
10,638,0,Yes,-2.2961,-0.106018,0.899356
10,639,0,Yes,-0.380229,-1.15089,0.316335
10,640,0,No,-0.0003215,-7.87465,0.000380238
10,641,0,No,-0.207754,-1.67317,0.187641
10,642,0,No,-0.296476,-1.36014,0.25661
10,643,0,Yes,-3.54801,-0.0291427,0.97122
10,644,0,Yes,-3.4671,-0.0316439,0.968794
10,645,0,Yes,-2.40787,-0.0942532,0.909999
10,646,0,Yes,-1.49839,-0.25287,0.776524
10,647,0,Yes,-0.453162,-1.00938,0.364423
10,648,0,No,-0.000982827,-6.86667,0.00104188
10,649,0,No,-1.77481,-0.185676,0.830494
10,650,0,No,-0.242137,-1.53661,0.215098
10,651,0,Yes,-3.16913,-0.0428877,0.957962
10,652,0,No,-0.938411,-0.496249,0.608774
10,653,0,No,-0.000184195,-8.3194,0.000243728
10,654,0,Yes,-0.768829,-0.622683,0.536472
10,655,0,Yes,-3.33719,-0.0361224,0.964466
10,656,0,No,-2.05835,-0.136514,0.872343
10,657,0,Yes,-1.06401,-0.423135,0.654952
10,658,0,Yes,-4.83396,-0.00792692,0.992046
10,659,0,Yes,-0.701525,-0.684722,0.504201
10,660,0,Yes,-3.89447,-0.0205032,0.979647
10,661,0,No,-1.19416,-0.360825,0.69706
10,662,0,Yes,-2.28636,-0.107113,0.898371
10,663,0,No,-0.0537943,-2.94822,0.0524298
10,664,0,No,-0.000465024,-7.55412,0.000523914
10,665,0,No,-0.000127204,-8.58566,0.000186753
10,666,0,Yes,-4.37317,-0.0126319,0.98739
10,667,0,Yes,-2.30738,-0.104764,0.900484
10,668,0,Yes,-3.93559,-0.0196669,0.980467
10,669,0,Yes,-3.14602,-0.043914,0.95698
10,670,0,Yes,-1.71149,-0.199107,0.819414
10,671,0,No,-0.00651048,-5.02839,0.00654897
10,672,0,No,-0.0070151,-4.95477,0.0070493
10,673,0,No,-0.000268853,-8.02145,0.000328324
10,674,0,No,-0.000177041,-8.34928,0.000236552
10,675,0,No,-0.000103598,-8.72325,0.000162748
10,676,0,No,-6.84285e-05,-8.96227,0.000128148
10,677,0,Yes,-2.31811,-0.103584,0.901547
10,678,0,No,-0.00503578,-5.2819,0.00508247
10,679,0,No,-2.489,-0.0865756,0.917012
10,680,0,No,-0.00111714,-6.74602,0.00117548
10,681,0,No,-0.00129933,-6.60202,0.00135754
10,682,0,No,-0.0592646,-2.8542,0.0575984
10,683,0,Yes,-1.25327,-0.336189,0.714446
10,684,0,No,-0.835467,-0.568478,0.566353
10,685,0,No,-0.175252,-1.82751,0.160804
10,686,0,No,-0.00406734,-5.49221,0.00411849
10,687,0,No,-0.00102769,-6.82486,0.00108636
10,688,0,No,-0.000162615,-8.4152,0.000221462
10,689,0,Yes,-4.89895,-0.00742239,0.992546
10,690,0,No,-0.163193,-1.89292,0.150623
10,691,0,Yes,-1.80929,-0.178782,0.836239
10,692,0,No,-8.14233e-05,-8.86789,0.000140831
10,693,0,No,-0.00164823,-6.37338,0.00170629
10,694,0,No,-0.00470671,-5.3486,0.00475455
10,695,0,No,-0.000356261,-7.78713,0.000415018
10,696,0,Yes,-1.17685,-0.368442,0.69177
10,697,0,No,-0.0006168,-7.29871,0.000676373
10,698,0,No,-0.000171795,-8.37315,0.000230973
10,699,0,No,-0.00726309,-4.92036,0.00729608
10,700,0,No,-0.00251609,-5.96284,0.00257243
10,701,0,Yes,-2.06156,-0.136045,0.872752
10,702,0,Yes,-1.70584,-0.200357,0.81839
10,703,0,No,-0.165565,-1.87965,0.152635
10,704,0,No,-0.0580955,-2.87353,0.0564956
10,705,0,No,-0.0598335,-2.84493,0.0581348
10,706,0,No,-0.696712,-0.689478,0.501808
10,707,0,No,-0.000449759,-7.58247,0.00050927
10,708,0,No,-0.000212215,-8.21243,0.000271245
10,709,0,Yes,-4.90869,-0.00735021,0.992618
10,710,0,Yes,-0.949736,-0.489039,0.61318
10,711,0,No,-0.00575491,-5.1503,0.0057973
10,712,0,No,-0.0166753,-4.09852,0.0165962
10,713,0,No,-0.317937,-1.30045,0.272394
10,714,0,Yes,-2.78894,-0.0633943,0.938517
10,715,0,Yes,-2.04908,-0.137877,0.871154
10,716,0,Yes,-2.33927,-0.101301,0.903608
10,717,0,No,-0.000141511,-8.51412,0.000200604
10,718,0,No,-0.00052609,-7.44297,0.000585511
10,719,0,No,-0.000305759,-7.91639,0.000364694
10,720,0,No,-0.000620617,-7.29388,0.000679643
10,721,0,No,-0.000685987,-7.20212,0.000744958
10,722,0,No,-0.00150161,-6.46296,0.00156008
10,723,0,No,-0.634704,-0.755093,0.469939
10,724,0,No,-0.00082503,-7.03086,0.000884118
10,725,0,No,-0.199689,-1.70885,0.181063
10,726,0,No,-1.56805,-0.233691,0.79156
10,727,0,Yes,-4.48958,-0.0112294,0.988775
10,728,0,Yes,-4.52041,-0.0108847,0.989116
10,729,0,No,-0.00331408,-5.69328,0.00336834
10,730,0,Yes,-4.71411,-0.00894945,0.991033
10,731,0,Yes,-1.80051,-0.180511,0.834794
10,732,0,Yes,-3.93859,-0.0196071,0.980525
10,733,0,Yes,-4.24222,-0.0144204,0.985625
10,734,0,Yes,-0.716482,-0.670229,0.511561
10,735,0,No,-0.00753444,-4.88415,0.00756507
10,736,0,Yes,-0.779332,-0.613697,0.541314
10,737,0,No,-0.179259,-1.80685,0.16416
10,738,0,Yes,-0.427279,-1.05619,0.347757
10,739,0,No,-0.00101212,-6.83932,0.00107077
10,740,0,No,-1.01333,-0.450909,0.637012
10,741,0,Yes,-1.69523,-0.202724,0.816455
10,742,0,Yes,-3.13756,-0.0442961,0.956614
10,743,0,Yes,-2.81857,-0.0614846,0.940312
10,744,0,No,-0.391976,-1.12597,0.32432
10,745,0,Yes,-1.35214,-0.299252,0.741329
10,746,0,Yes,-1.18311,-0.365666,0.693694
10,747,0,Yes,-1.9437,-0.154451,0.856835
10,748,0,Yes,-0.182651,-1.78976,0.16699
10,749,0,No,-0.000950669,-6.89832,0.00100942
10,750,0,Yes,-3.75918,-0.0235189,0.976698
10,751,0,Yes,-3.55887,-0.028823,0.971531
10,752,0,No,-0.139564,-2.03774,0.130315
10,753,0,No,-0.43816,-1.0361,0.354815
10,754,0,Yes,-3.23772,-0.0399823,0.960749
10,755,0,Yes,-4.30783,-0.0134944,0.986538
10,756,0,Yes,-4.65601,-0.00948972,0.990496
10,757,0,Yes,-4.05651,-0.0174003,0.982692
10,758,0,Yes,-3.15482,-0.0435197,0.957357
10,759,0,No,-0.00083195,-7.02335,0.000890784
10,760,0,No,-1.88527,-0.164556,0.848221
10,761,0,No,-0.00896815,-4.71199,0.00898633
10,762,0,No,-0.280932,-1.40658,0.244965
10,763,0,Yes,-3.49048,-0.0308994,0.969516
10,764,0,Yes,-4.76228,-0.00852357,0.991454
10,765,0,No,-0.001536,-6.44139,0.00159409
10,766,0,Yes,-4.52746,-0.0108074,0.989193
10,767,0,Yes,-2.40506,-0.0945313,0.909745
10,768,0,Yes,-4.00166,-0.0183939,0.981716
10,769,0,Yes,-3.14619,-0.0439067,0.956987
10,770,0,Yes,-0.345888,-1.2294,0.29245
10,771,0,No,-1.03542,-0.438535,0.644942
10,772,0,Yes,-3.78912,-0.0228146,0.977386
10,773,0,No,-0.0147985,-4.21658,0.0147482
10,774,0,Yes,-4.04856,-0.0175415,0.982553
10,775,0,No,-0.00532738,-5.2265,0.00537199
10,776,0,Yes,-1.5327,-0.24321,0.784061
10,777,0,No,-0.179386,-1.80621,0.164266
10,778,0,No,-1.41862,-0.277057,0.757967
10,779,0,Yes,-3.71208,-0.0246697,0.975575
10,780,0,Yes,-2.64929,-0.0732616,0.929303
10,781,0,Yes,-4.14337,-0.0159364,0.984132
10,782,0,No,-1.30453,-0.316411,0.728717
10,783,0,No,-0.0185334,-3.99418,0.0184214
10,784,0,No,-7.53431e-05,-8.91656,0.000134142
10,785,0,No,-0.816731,-0.583065,0.558152
10,786,0,No,-0.000446002,-7.59058,0.000505159
10,787,0,No,-0.00631444,-5.05875,0.00635314
10,788,0,No,-0.0102326,-4.58149,0.0102391
10,789,0,No,-0.00157415,-6.41754,0.00163256
10,790,0,Yes,-3.36309,-0.0351802,0.965374
10,791,0,No,-0.0652161,-2.76154,0.0631907
10,792,0,No,-0.106987,-2.28748,0.101516
10,793,0,No,-0.0202845,-3.90506,0.0201385
10,794,0,No,-0.0107928,-4.52872,0.0107939
10,795,0,No,-0.152007,-1.95845,0.141069
10,796,0,Yes,-1.22405,-0.348111,0.705979
10,797,0,Yes,-0.807842,-0.590158,0.554207
10,798,0,No,-2.25924,-0.110229,0.895577
10,799,0,No,-3.23659,-0.0400284,0.960705
10,800,0,Yes,-2.27062,-0.108911,0.896758
10,801,0,No,-0.000382616,-7.7251,0.000441578
10,802,0,Yes,-4.75364,-0.00859823,0.99138
10,803,0,No,-0.785439,-0.608549,0.544107
10,804,0,No,-0.108514,-2.27407,0.102886
10,805,0,Yes,-0.400338,-1.10877,0.329946
10,806,0,No,-0.00100932,-6.84196,0.00106795
10,807,0,Yes,-3.2979,-0.0376001,0.963041
10,808,0,No,-0.00224078,-6.07578,0.00229772
10,809,0,Yes,-3.82562,-0.021986,0.978196
10,810,0,Yes,-0.121094,-2.1706,0.114102
10,811,0,No,-0.89762,-0.52337,0.592486
10,812,0,No,-0.000648769,-7.25349,0.000707656
10,813,0,No,-0.725286,-0.661896,0.515842
10,814,0,No,-0.39123,-1.12752,0.323815
10,815,0,No,-0.113501,-2.23159,0.107351
10,816,0,Yes,-2.77838,-0.0640911,0.937864
10,817,0,Yes,-3.48509,-0.0310695,0.969351
10,818,0,Yes,-1.32001,-0.31071,0.732883
10,819,0,No,-0.0197144,-3.93321,0.0195796
10,820,0,Yes,-2.35948,-0.0991684,0.905536
10,821,0,Yes,-2.80597,-0.0622889,0.939555
10,822,0,Yes,-4.20513,-0.0149712,0.985082
10,823,0,Yes,-2.93813,-0.0543571,0.947038
10,824,0,Yes,-4.79186,-0.00827274,0.991704
10,825,0,Yes,-0.965629,-0.479141,0.619279
10,826,0,Yes,-0.00360781,-5.60995,0.00366104
10,827,0,No,-0.00215835,-6.1122,0.00221554
10,828,0,Yes,-3.24848,-0.0395459,0.961169
10,829,0,Yes,-3.62299,-0.0270046,0.973299
10,830,0,No,-9.29876e-05,-8.78828,0.000152501
10,831,0,No,-1.2211,-0.349341,0.705111
10,832,0,Yes,-3.31949,-0.0367803,0.963831
10,833,0,Yes,-4.97174,-0.0068959,0.993069
10,834,0,Yes,-1.97031,-0.150073,0.860594
10,835,0,Yes,-3.0646,-0.0477344,0.95333
10,836,0,Yes,-1.73228,-0.194583,0.823129
10,837,0,Yes,-3.00896,-0.0505399,0.95066
10,838,0,Yes,-2.82279,-0.0612164,0.940564
10,839,0,No,-0.000108486,-8.69315,0.000167721
10,840,0,Yes,-0.846614,-0.560026,0.57116
10,841,0,No,-0.950925,-0.488289,0.613639
10,842,0,No,-7.2303e-05,-8.93466,0.000131735
10,843,0,Yes,-4.05482,-0.0174308,0.982662
10,844,0,Yes,-1.53398,-0.242858,0.784337
10,845,0,No,-0.00598873,-5.11102,0.00602959
10,846,0,Yes,-0.162976,-1.89414,0.150438
10,847,0,No,-0.00086476,-6.98669,0.000924045
10,848,0,No,-0.00109255,-6.76663,0.00115151
10,849,0,Yes,-2.64206,-0.0738135,0.92879
10,850,0,No,-0.000131616,-8.56379,0.000190883
10,851,0,Yes,-3.50817,-0.0303482,0.97005
10,852,0,No,-0.189613,-1.75574,0.172769
10,853,0,Yes,-0.602542,-0.792657,0.452614
10,854,0,Yes,-4.90485,-0.00737909,0.99259
10,855,0,No,-0.514436,-0.910754,0.402197
10,856,0,No,-0.0601241,-2.84023,0.0584088
10,857,0,No,-0.143899,-2.00929,0.134076
10,858,0,No,-0.133354,-2.0802,0.124897
10,859,0,Yes,-0.630419,-0.75995,0.467662
10,860,0,No,-0.396328,-1.11696,0.327254
10,861,0,Yes,-3.30608,-0.0372872,0.963343
10,862,0,No,-0.00673753,-4.99467,0.00677357
10,863,0,No,-0.00307944,-5.76536,0.00313409
10,864,0,Yes,-3.72344,-0.0243865,0.975851
10,865,0,No,-0.000499492,-7.48954,0.000558869
10,866,0,No,-0.000932711,-6.91653,0.000991202
10,867,0,No,-0.000405752,-7.67289,0.000465245
10,868,0,Yes,-1.14334,-0.383744,0.681266
10,869,0,Yes,-0.647253,-0.741126,0.476549
10,870,0,No,-0.00174412,-6.31899,0.00180165
10,871,0,No,-0.00593141,-5.12044,0.00597305
10,872,0,Yes,-2.86484,-0.0586181,0.943011
10,873,0,Yes,-3.03705,-0.0491032,0.952027
10,874,0,Yes,-2.55508,-0.0808058,0.922319
10,875,0,No,-0.0907052,-2.44448,0.0867665
10,876,0,Yes,-1.94785,-0.153758,0.857429
10,877,0,No,-0.0164763,-4.11044,0.0163996
10,878,0,Yes,-4.47535,-0.0113914,0.988614
10,879,0,Yes,-1.91228,-0.159798,0.852266
10,880,0,Yes,-4.68919,-0.00917699,0.990806
10,881,0,No,-0.00769811,-4.86284,0.00772804
10,882,0,Yes,-4.20697,-0.0149429,0.985109
10,883,0,Yes,-4.61905,-0.0098513,0.990138
10,884,0,Yes,-1.25867,-0.334038,0.715984
10,885,0,Yes,-2.31611,-0.103803,0.90135
10,886,0,Yes,-4.57453,-0.0103049,0.989689
10,887,0,No,-0.917386,-0.509999,0.600461
10,888,0,Yes,-0.713995,-0.672609,0.510345
10,889,0,Yes,-0.374677,-1.163,0.312529
10,890,0,Yes,-1.18355,-0.365474,0.693827
10,891,0,Yes,-3.93216,-0.0197361,0.9804
10,892,0,Yes,-4.98616,-0.00679586,0.993168
10,893,0,Yes,-4.46322,-0.0115323,0.988476
10,894,0,Yes,-4.04257,-0.0176483,0.982449
10,895,0,Yes,-4.06763,-0.0172063,0.982883
10,896,0,No,-9.03647e-05,-8.80605,0.000149815
10,897,0,No,-0.000260447,-8.04756,0.000319863
10,898,0,Yes,-2.55107,-0.081144,0.922007
10,899,0,No,-0.000261639,-8.04358,0.000321136
10,900,0,No,-0.000262295,-8.04188,0.000321685
10,901,0,Yes,-4.82816,-0.00797373,0.991999
10,902,0,Yes,-1.12052,-0.394603,0.673908
10,903,0,No,-0.06304,-2.79438,0.0611493
10,904,0,Yes,-4.37997,-0.0125455,0.987475
10,905,0,Yes,-4.2486,-0.014327,0.985717
10,906,0,Yes,-4.24694,-0.0143519,0.985693
10,907,0,No,-0.0375186,-3.29999,0.0368812
10,908,0,No,-0.306819,-1.33076,0.26426
10,909,0,No,-0.312948,-1.3139,0.268755
10,910,0,Yes,-1.75748,-0.189251,0.82753
10,911,0,No,-0.000250252,-8.08114,0.000309298
10,912,0,Yes,-0.285475,-1.39271,0.248387
10,913,0,No,-0.116298,-2.20864,0.109843
10,914,0,No,-0.0011089,-6.75247,0.00116792
10,915,0,Yes,-3.73859,-0.0240147,0.976214
10,916,0,No,-0.00884644,-4.72544,0.00886632
10,917,0,Yes,-1.83006,-0.174765,0.839605
10,918,0,Yes,-3.4979,-0.0306668,0.969741
10,919,0,Yes,-4.58467,-0.0102003,0.989793
10,920,0,Yes,-2.41804,-0.0932531,0.910909
10,921,0,No,-0.00362097,-5.60643,0.00367393
10,922,0,No,-0.108861,-2.27105,0.103197
10,923,0,Yes,-3.75038,-0.0237287,0.976493
10,924,0,Yes,-4.09015,-0.0168179,0.983264
10,925,0,Yes,-0.398997,-1.1115,0.329046
10,926,0,Yes,-4.65384,-0.00951078,0.990476
10,927,0,Yes,-2.1245,-0.12719,0.880514
10,928,0,No,-0.000923702,-6.92514,0.000982711
10,929,0,No,-0.000370154,-7.75396,0.000429015
10,930,0,Yes,-2.26153,-0.109962,0.895815
10,931,0,No,-0.069636,-2.69821,0.0673221
10,932,0,No,-0.00818878,-4.80179,0.0082145
10,933,0,Yes,-2.57522,-0.0791268,0.923868
10,934,0,No,-0.00200001,-6.18635,0.0020572
10,935,0,No,-0.00399193,-5.51067,0.00404315
10,936,0,Yes,-3.18546,-0.042177,0.958643
10,937,0,No,-0.00121309,-6.66707,0.00127204
10,938,0,No,-0.011398,-4.47472,0.0113928
10,939,0,No,-0.00112191,-6.74142,0.0011809
10,940,0,Yes,-3.32539,-0.0365597,0.964044
10,941,0,No,-0.0119561,-4.42752,0.0119434
10,942,0,No,-0.0245587,-3.7165,0.0243175
10,943,0,Yes,-5.25204,-0.00519107,0.994763
10,944,0,Yes,-0.283291,-1.39935,0.246744
10,945,0,No,-0.0085505,-4.759,0.00857368
10,946,0,Yes,-2.047,-0.138186,0.870886
10,947,0,Yes,-0.482591,-0.960043,0.382854
10,948,0,Yes,-3.61054,-0.0273488,0.972964
10,949,0,Yes,-4.61592,-0.00988303,0.990108
10,950,0,No,-0.00101099,-6.8406,0.0010694
10,951,0,Yes,-3.41844,-0.0332508,0.967239
10,952,0,Yes,-1.08681,-0.411333,0.662728
10,953,0,Yes,-1.72211,-0.196783,0.821321
10,954,0,Yes,-3.18279,-0.0422919,0.958533
10,955,0,Yes,-0.7412,-0.647185,0.523486
10,956,0,Yes,-4.16639,-0.0155697,0.984493
10,957,0,Yes,-3.60849,-0.0274055,0.972909
10,958,0,Yes,-4.09512,-0.0167333,0.983347
10,959,0,No,-0.013984,-4.27258,0.0139449
10,960,0,No,-0.00129211,-6.60705,0.00135073
10,961,0,Yes,-3.36537,-0.0350992,0.965453
10,962,0,No,-0.00192601,-6.22278,0.0019836
10,963,0,No,-0.0439627,-3.14494,0.0430669
10,964,0,No,-0.70746,-0.678919,0.507135
10,965,0,No,-0.00297631,-5.79877,0.00303111
10,966,0,No,-0.0113849,-4.47596,0.0113787
10,967,0,No,-0.00957944,-4.64675,0.00959216
10,968,0,No,-1.2022,-0.357352,0.699485
10,969,0,Yes,-1.82755,-0.175246,0.839202
10,970,0,Yes,-4.04173,-0.0176627,0.982434
10,971,0,Yes,-3.93001,-0.0197783,0.980358
10,972,0,No,-0.0278073,-3.59417,0.0274818
10,973,0,No,-0.143837,-2.00969,0.134022
10,974,0,Yes,-1.59424,-0.226906,0.796949
10,975,0,No,-0.339856,-1.24415,0.288169
10,976,0,No,-0.520333,-0.902053,0.405712
10,977,0,Yes,-1.00227,-0.457262,0.632978
10,978,0,Yes,-3.31947,-0.0367812,0.96383
10,979,0,Yes,-0.180158,-1.80229,0.164912
10,980,0,Yes,-0.380803,-1.14965,0.316728
10,981,0,Yes,-0.347068,-1.22655,0.293284
10,982,0,Yes,-0.282631,-1.40137,0.246246
10,983,0,Yes,-2.63808,-0.0741198,0.928506
10,984,0,No,-0.440733,-1.03144,0.356473
10,985,0,No,-0.980848,-0.469898,0.625029
10,986,0,Yes,-0.925779,-0.504452,0.603801
10,987,0,Yes,-0.946827,-0.490878,0.612053
10,988,0,Yes,-3.09459,-0.0462893,0.954709
10,989,0,Yes,-1.46497,-0.262697,0.76893
10,990,0,Yes,-0.627724,-0.763026,0.466226
10,991,0,Yes,-0.92944,-0.502058,0.605248
10,992,0,No,-0.582728,-0.817157,0.44166
10,993,0,Yes,-1.71724,-0.197843,0.82045
10,994,0,Yes,-1.1426,-0.384087,0.681032
10,995,0,Yes,-0.675412,-0.711084,0.491083
10,996,0,Yes,-3.02368,-0.0497817,0.951381
10,997,0,Yes,-3.04165,-0.048873,0.952246
10,998,0,Yes,-4.09985,-0.0166546,0.983426
10,999,0,Yes,-4.22448,-0.0146814,0.985368
10,1000,0,Yes,-1.5301,-0.243926,0.7835
10,1001,0,Yes,-1.81986,-0.176724,0.837961
10,1002,0,Yes,-3.98212,-0.0187614,0.981355
10,1003,0,Yes,-4.74814,-0.00864597,0.991333
10,1004,0,Yes,-4.91029,-0.00733808,0.99263
10,1005,0,No,-0.589019,-0.80926,0.445161
10,1006,0,Yes,-0.958222,-0.483722,0.616448
10,1007,0,Yes,-2.43988,-0.0911426,0.912834
10,1008,0,Yes,-1.02753,-0.442905,0.64213
10,1009,0,Yes,-4.32545,-0.013256,0.986773
10,1010,0,Yes,-3.86587,-0.0211074,0.979056
10,1011,0,Yes,-4.18681,-0.015251,0.984806
10,1012,0,Yes,-4.1585,-0.0156949,0.98437
10,1013,0,Yes,-1.67549,-0.207216,0.812795
10,1014,0,Yes,-4.58646,-0.0101813,0.989812
10,1015,0,No,-0.0265378,-3.64016,0.0262467
10,1016,0,Yes,-1.79551,-0.181502,0.833967
10,1017,0,Yes,-2.39089,-0.095949,0.908457
10,1018,0,Yes,-3.13222,-0.0445391,0.956382
10,1019,0,Yes,-4.1082,-0.0165136,0.983564
10,1020,0,No,-0.00116893,-6.70281,0.00122739
10,1021,0,No,-0.0169417,-4.08291,0.0168573
10,1022,0,No,-0.0164113,-4.11431,0.0163362
10,1023,0,Yes,-4.41601,-0.0120959,0.987918
10,1024,0,Yes,-3.18547,-0.0421765,0.958644
10,1025,0,Yes,-0.563367,-0.842182,0.430744
10,1026,0,Yes,-3.49548,-0.0307432,0.969668
10,1027,0,Yes,-1.19212,-0.361715,0.69644
10,1028,0,Yes,-1.76612,-0.187459,0.829015
10,1029,0,Yes,-1.94604,-0.154061,0.857169
10,1030,0,Yes,-2.22682,-0.114077,0.892136
10,1031,0,Yes,-0.198661,-1.71351,0.180221
10,1032,0,No,-0.0125794,-4.37725,0.0125591
10,1033,0,No,-0.0521854,-2.97776,0.0509036
10,1034,0,No,-1.55154,-0.238084,0.788091
10,1035,0,Yes,-2.18552,-0.11919,0.887587
10,1036,0,Yes,-2.98,-0.0520658,0.94921
10,1037,0,Yes,-3.18943,-0.0420064,0.958807
10,1038,0,No,-0.00540079,-5.21283,0.00544592
10,1039,0,No,-0.100251,-2.34916,0.0954439
10,1040,0,No,-0.0960623,-2.38975,0.0916468
10,1041,0,Yes,-3.95247,-0.0193341,0.980794
10,1042,0,Yes,-3.30225,-0.0374331,0.963202
10,1043,0,No,-0.789914,-0.604815,0.546143
10,1044,0,Yes,-2.6868,-0.0704644,0.931906
10,1045,0,Yes,-1.33536,-0.305175,0.736951
10,1046,0,No,-0.0102455,-4.58019,0.0102524
10,1047,0,No,-0.0110977,-4.50118,0.0110952
10,1048,0,No,-0.000165059,-8.39984,0.000224889
10,1049,0,No,-0.000165119,-8.39998,0.000224858
10,1050,0,No,-7.65353e-05,-8.90366,0.000135883
10,1051,0,No,-0.000211738,-8.21154,0.000271485
10,1052,0,No,-8.46422e-05,-8.84536,0.00014404
10,1053,0,No,-0.000245661,-8.09476,0.000305114
10,1054,0,No,-0.0461999,-3.09647,0.0452057
10,1055,0,No,-0.0012113,-6.66868,0.00127
10,1056,0,No,-0.00308303,-5.76433,0.00313731
10,1057,0,No,-0.0020095,-6.1817,0.00206678
10,1058,0,No,-0.000232604,-8.13947,0.000291774
10,1059,0,No,-0.000148844,-8.47677,0.000208237
10,1060,0,No,-0.0031268,-5.75039,0.00318136
10,1061,0,Yes,-2.43074,-0.0920192,0.912033
10,1062,0,Yes,-4.65329,-0.00951583,0.99047
10,1063,0,No,-3.93975,-0.0195847,0.980548
10,1064,0,Yes,-4.85862,-0.00773247,0.992239
10,1065,0,No,-2.05687,-0.136731,0.872154
10,1066,0,No,-0.000133106,-8.55548,0.000192475
10,1067,0,No,-6.52096e-05,-8.99159,0.000124444
10,1068,0,No,-0.0662882,-2.74578,0.0641947
10,1069,0,No,-0.000660638,-7.23611,0.000720063
10,1070,0,No,-0.00014169,-8.51344,0.000200739
10,1071,0,No,-4.70292e-05,-9.14907,0.000106313
10,1072,0,No,-0.116342,-2.20829,0.109882
10,1073,0,No,-4.00551e-05,-9.21951,9.90812e-05
10,1074,0,No,-0.00027565,-8.0006,0.000335241
10,1075,0,No,-0.000123151,-8.6086,0.000182518
10,1076,0,No,-0.264007,-1.46063,0.232077
10,1077,0,No,-0.00205681,-6.15911,0.002114
10,1078,0,No,-0.250026,-1.50833,0.221266
10,1079,0,No,-0.00082843,-7.02706,0.000887486
10,1080,0,No,-0.00198812,-6.19197,0.00204567
10,1081,0,No,-0.00359011,-5.615,0.00364261
10,1082,0,Yes,-0.279017,-1.41251,0.243518
10,1083,0,No,-0.00263687,-5.91724,0.00269246
10,1084,0,Yes,-3.89161,-0.0205635,0.979589
10,1085,0,Yes,-4.59621,-0.0100812,0.989911
10,1086,0,Yes,-5.0133,-0.00661176,0.993352
10,1087,0,Yes,-0.149534,-1.97364,0.138942
10,1088,0,No,-0.200029,-1.70731,0.181342
10,1089,0,Yes,-0.754763,-0.634997,0.529906
10,1090,0,Yes,-1.06845,-0.420807,0.656478
10,1091,0,Yes,-3.82472,-0.0220066,0.978177
10,1092,0,Yes,-2.77676,-0.0641984,0.937764
10,1093,0,No,-0.000521617,-7.45065,0.000581029
10,1094,0,No,-0.00071074,-7.16931,0.000769811
10,1095,0,No,-0.00157343,-6.4182,0.00163149
10,1096,0,No,-0.0256982,-3.6718,0.0254291
10,1097,0,No,-0.00180825,-6.28382,0.00186615
10,1098,0,No,-0.0229929,-3.78142,0.022789
10,1099,0,Yes,-0.12289,-2.15677,0.115691
10,1100,0,No,-0.791194,-0.603754,0.546723
10,1101,0,Yes,-3.73535,-0.024094,0.976137
10,1102,0,Yes,-4.29305,-0.0136978,0.986338
10,1103,0,Yes,-4.03915,-0.0177082,0.982389
10,1104,0,Yes,-0.921338,-0.507377,0.602037
10,1105,0,No,-0.549913,-0.860245,0.423034
10,1106,0,Yes,-0.526334,-0.893326,0.409268
10,1107,0,No,-0.692092,-0.694086,0.499501
10,1108,0,Yes,-3.83886,-0.021692,0.978483
10,1109,0,Yes,-3.87004,-0.0210185,0.979144
10,1110,0,Yes,-4.81126,-0.00811078,0.991863
10,1111,0,Yes,-4.14207,-0.0159576,0.984111
10,1112,0,Yes,-3.60255,-0.0275721,0.972747
10,1113,0,Yes,-2.69776,-0.0696683,0.932648
10,1114,0,Yes,-2.89727,-0.0566916,0.944829
10,1115,0,Yes,-2.23296,-0.113338,0.892796
10,1116,0,No,-0.0330949,-3.42304,0.0326112
10,1117,0,Yes,-2.50093,-0.0855034,0.917996
10,1118,0,Yes,-4.12726,-0.0161982,0.983874
10,1119,0,Yes,-2.66003,-0.0724498,0.930058
10,1120,0,Yes,-2.32338,-0.103011,0.902064
10,1121,0,Yes,-2.74872,-0.0660876,0.935994
10,1122,0,Yes,-4.15242,-0.0157916,0.984275
10,1123,0,Yes,-0.575561,-0.826293,0.437643
10,1124,0,Yes,-4.04306,-0.0176389,0.982457
10,1125,0,Yes,-1.95262,-0.152968,0.858106
10,1126,0,Yes,-3.5695,-0.0285139,0.971832
10,1127,0,No,-1.66716,-0.209145,0.811229
10,1128,0,No,-0.397805,-1.11393,0.328246
10,1129,0,No,-0.592519,-0.804914,0.4471
10,1130,0,No,-1.47691,-0.259137,0.771672
10,1131,0,Yes,-3.16294,-0.04316,0.957701
10,1132,0,Yes,-1.62405,-0.219451,0.802912
10,1133,0,Yes,-3.88011,-0.0208041,0.979353
10,1134,0,Yes,-4.4916,-0.0112061,0.988798
10,1135,0,Yes,-3.51771,-0.0300551,0.970334
10,1136,0,Yes,-3.7281,-0.0242711,0.975963
10,1137,0,Yes,-3.85816,-0.0212716,0.978894
10,1138,0,Yes,-0.269125,-1.44388,0.235997
10,1139,0,No,-0.596785,-0.799665,0.449453
10,1140,0,Yes,-2.90582,-0.0561937,0.945299
10,1141,0,Yes,-3.07969,-0.0470012,0.954029
10,1142,0,Yes,-4.16014,-0.0156682,0.984396
10,1143,0,Yes,-4.94769,-0.00706546,0.992901
10,1144,0,Yes,-3.92659,-0.0198463,0.98029
10,1145,0,No,-0.569338,-0.834346,0.434133
10,1146,0,Yes,-2.54341,-0.0817952,0.921406
10,1147,0,Yes,-3.5532,-0.0289898,0.971369
10,1148,0,Yes,-3.30271,-0.0374156,0.963219
10,1149,0,Yes,-3.46752,-0.0316298,0.968808
10,1150,0,Yes,-0.263431,-1.46253,0.231635
10,1151,0,Yes,-3.24415,-0.0397215,0.961001
10,1152,0,Yes,-2.42281,-0.092788,0.911333
10,1153,0,No,-0.136344,-2.05951,0.127509
10,1154,0,No,-0.00208386,-6.14635,0.00214115
10,1155,0,No,-0.0236568,-3.75339,0.0234368
10,1156,0,No,-0.00636609,-5.05064,0.00640487
10,1157,0,No,-0.0029023,-5.82329,0.00295768
10,1158,0,No,-0.0066843,-5.00256,0.00672034
10,1159,0,No,-0.48596,-0.954637,0.384929
10,1160,0,Yes,-2.20621,-0.116599,0.889889
10,1161,0,Yes,-1.31623,-0.312092,0.731871
10,1162,0,No,-0.0433432,-3.15879,0.0424745
10,1163,0,Yes,-1.59221,-0.227423,0.796537
10,1164,0,No,-0.0154896,-4.17145,0.015429
10,1165,0,No,-0.101796,-2.33464,0.0968393
10,1166,0,Yes,-1.91218,-0.159816,0.852251
10,1167,0,Yes,-1.91933,-0.158581,0.853303
10,1168,0,Yes,-3.07331,-0.0473107,0.953735
10,1169,0,Yes,-0.631694,-0.758499,0.468341
10,1170,0,Yes,-2.36072,-0.0990392,0.905654
10,1171,0,No,-0.152203,-1.95725,0.141237
10,1172,0,Yes,-3.17378,-0.0426845,0.958157
10,1173,0,No,-0.251423,-1.50343,0.222353
10,1174,0,No,-0.485704,-0.955043,0.384773
10,1175,0,Yes,-2.94018,-0.0542422,0.947147
10,1176,0,No,-0.716214,-0.670486,0.51143
10,1177,0,Yes,-3.77451,-0.0231549,0.977053
10,1178,0,Yes,-2.49123,-0.0863739,0.917197
10,1179,0,No,-0.11542,-2.21579,0.109061
10,1180,0,Yes,-4.48269,-0.0113078,0.988698
10,1181,0,Yes,-0.728291,-0.659082,0.517295
10,1182,0,Yes,-3.41028,-0.0335287,0.96697
10,1183,0,No,-0.0106126,-4.54542,0.0106151
10,1184,0,Yes,-3.97308,-0.0189344,0.981186
10,1185,0,No,-2.8,-0.0626752,0.939193
10,1186,0,Yes,-1.98561,-0.147616,0.862711
10,1187,0,No,-0.486666,-0.95351,0.385363
10,1188,0,No,-0.318294,-1.29949,0.272654
10,1189,0,No,-0.00971666,-4.6326,0.00972881
10,1190,0,No,-0.000264799,-8.03412,0.00032419
10,1191,0,No,-0.000255915,-8.06225,0.000315198
10,1192,0,No,-0.000251861,-8.07415,0.000311471
10,1193,0,No,-0.000133583,-8.55228,0.000193093
10,1194,0,No,-0.0114429,-4.47089,0.0114365
10,1195,0,No,-0.0325573,-3.43914,0.0320905
10,1196,0,No,-0.00070895,-7.17167,0.000767996
10,1197,0,No,-0.0018605,-6.25657,0.0019177
10,1198,0,No,-0.000610896,-7.308,0.000670119
10,1199,0,No,-0.00250325,-5.96808,0.002559
10,1200,0,No,-0.000373254,-7.74596,0.00043246
10,1201,0,No,-0.000347675,-7.80607,0.00040723
10,1202,0,Yes,-4.95034,-0.00704649,0.992919
10,1203,0,Yes,-4.85538,-0.00775716,0.992214
10,1204,0,Yes,-5.041,-0.00642896,0.993533
10,1205,0,Yes,-4.4604,-0.0115657,0.988443
10,1206,0,No,-9.85313e-05,-8.75182,0.000158163
10,1207,0,No,-0.000269449,-8.02055,0.000328621
10,1208,0,No,-4.8877e-05,-9.13216,0.000108125
10,1209,0,No,-0.000676682,-7.21438,0.00073588
10,1210,0,No,-0.00015093,-8.46883,0.000209899
10,1211,0,No,-0.000186818,-8.30891,0.000246299
10,1212,0,No,-0.00219759,-6.09482,0.00225438
10,1213,0,No,-0.00382109,-5.55372,0.00387279
10,1214,0,No,-0.287667,-1.3861,0.250033
10,1215,0,No,-0.0124519,-4.3873,0.0124336
10,1216,0,No,-0.00141685,-6.51894,0.00147515
10,1217,0,Yes,-0.8302,-0.572529,0.564064
10,1218,0,No,-0.23639,-1.55786,0.210574
10,1219,0,No,-0.525621,-0.894356,0.408847
10,1220,0,Yes,-0.547881,-0.863023,0.42186
10,1221,0,Yes,-4.39708,-0.0123302,0.987688
10,1222,0,Yes,-4.38895,-0.0124317,0.987587
10,1223,0,Yes,-2.86124,-0.0588357,0.942806
10,1224,0,No,-0.000380827,-7.72884,0.000439928
10,1225,0,No,-0.000376116,-7.74012,0.000434995
10,1226,0,No,-0.000248821,-8.08491,0.000308136
10,1227,0,No,-0.00790259,-4.83695,0.00793072
10,1228,0,No,-0.00196656,-6.20275,0.00202374
10,1229,0,No,-0.00453426,-5.38529,0.00458325
10,1230,0,No,-0.0150944,-4.19697,0.0150402
10,1231,0,No,-0.00505207,-5.27875,0.00509852
10,1232,0,No,-0.065268,-2.76077,0.0632395
10,1233,0,No,-0.00349548,-5.64108,0.00354881
10,1234,0,Yes,-2.3556,-0.0995737,0.905169
10,1235,0,Yes,-2.714,-0.0685057,0.933733
10,1236,0,Yes,-3.75661,-0.0235791,0.976639
10,1237,0,Yes,-2.07153,-0.134599,0.874015
10,1238,0,No,-0.0607469,-2.83025,0.0589944
10,1239,0,No,-0.0407636,-3.21878,0.0400014
10,1240,0,Yes,-3.38078,-0.034551,0.965981
10,1241,0,Yes,-2.15089,-0.123662,0.883626
10,1242,0,Yes,-4.84805,-0.00781542,0.992157
10,1243,0,Yes,-4.56537,-0.0104001,0.989595
10,1244,0,No,-0.00414801,-5.47308,0.00419803
10,1245,0,Yes,-3.21953,-0.0407326,0.960029
10,1246,0,Yes,-4.01871,-0.0180792,0.982025
10,1247,0,No,-0.000608689,-7.31178,0.00066759
10,1248,0,No,-0.00192243,-6.22469,0.00197981
10,1249,0,No,-0.235182,-1.5624,0.20962
10,1250,0,No,-0.000528714,-7.43891,0.000587892
10,1251,0,Yes,-4.80947,-0.00812563,0.991848
10,1252,0,Yes,-3.86271,-0.0211739,0.97899
10,1253,0,No,-0.00090145,-6.94784,0.000960654
10,1254,0,No,-0.000411953,-7.66066,0.000470969
10,1255,0,No,-0.00142348,-6.51455,0.00148163
10,1256,0,Yes,-1.21314,-0.352687,0.702756
10,1257,0,Yes,-0.764115,-0.626774,0.534281
10,1258,0,Yes,-5.34165,-0.00473905,0.995212
10,1259,0,Yes,-4.33512,-0.0131263,0.9869
10,1260,0,No,-0.000238268,-8.11931,0.000297717
10,1261,0,Yes,-3.17172,-0.0427733,0.958071
10,1262,0,No,-0.000327999,-7.85652,0.000387198
10,1263,0,Yes,-5.51243,-0.00398433,0.995964
10,1264,0,No,-0.00127982,-6.61621,0.00133842
10,1265,0,Yes,-1.64259,-0.214951,0.806533
10,1266,0,No,-0.00739441,-4.9027,0.00742608
10,1267,0,Yes,-4.36284,-0.0127645,0.987259
10,1268,0,No,-0.000557161,-7.39069,0.000616931
10,1269,0,Yes,-3.98592,-0.0186895,0.981426
10,1270,0,No,-0.0298825,-3.52337,0.0294982
10,1271,0,No,-0.092578,-2.42496,0.0884765
10,1272,0,No,-0.0130947,-4.33754,0.0130678
10,1273,0,Yes,-4.15446,-0.015758,0.984307
10,1274,0,No,-0.00320638,-5.72588,0.00326028
10,1275,0,Yes,-3.97385,-0.0189202,0.9812
10,1276,0,No,-0.00252619,-5.95901,0.00258232
10,1277,0,No,-0.00344177,-5.65638,0.00349495
10,1278,0,No,-0.137769,-2.04981,0.128752
10,1279,0,No,-8.44037e-05,-8.84762,0.000143715
10,1280,0,No,-0.0791366,-2.5751,0.0761416
10,1281,0,Yes,-4.98811,-0.00678163,0.993182
10,1282,0,No,-4.67853,-0.00927571,0.990708
10,1283,0,No,-0.00134726,-6.56731,0.00140549
10,1284,0,No,-0.000217998,-8.18922,0.000277615
10,1285,0,No,-0.473478,-0.974911,0.377204
10,1286,0,Yes,-5.1277,-0.00588764,0.99407
10,1287,0,Yes,-3.21006,-0.0411295,0.959648
10,1288,0,No,-0.000369498,-7.7533,0.000429297
10,1289,0,No,-0.000118978,-8.63065,0.000178538
10,1290,0,Yes,-5.55563,-0.00381302,0.996135
10,1291,0,No,-4.55986e-05,-9.16253,0.00010489
10,1292,0,No,-0.000194211,-8.27978,0.000253577
10,1293,0,No,-0.000320069,-7.87727,0.000379243
10,1294,0,No,-7.32568e-05,-8.92698,0.000132751
10,1295,0,Yes,-4.13328,-0.0160997,0.983971
10,1296,0,Yes,-4.25155,-0.0142849,0.985759
10,1297,0,No,-0.000105983,-8.70751,0.000165329
10,1298,0,No,-0.000228073,-8.15454,0.000287411
10,1299,0,No,-0.000363774,-7.76857,0.000422794
10,1300,0,Yes,-4.35424,-0.0128749,0.987149
10,1301,0,No,-0.10422,-2.31231,0.099026
10,1302,0,No,-1.63318,-0.217223,0.804703
10,1303,0,No,-0.00173624,-6.32329,0.00179392
10,1304,0,No,-0.00170842,-6.33874,0.00176643
10,1305,0,No,-0.868726,-0.54374,0.580539
10,1306,0,Yes,-4.90269,-0.00739489,0.992574
10,1307,0,No,-0.00494706,-5.29939,0.00499432
10,1308,0,No,-0.0084025,-4.77637,0.00842601
10,1309,0,No,-0.00275598,-5.87392,0.00281167
10,1310,0,Yes,-3.70147,-0.0249359,0.975314
10,1311,0,Yes,-3.30591,-0.0372929,0.963336
10,1312,0,Yes,-4.06614,-0.0172311,0.982858
10,1313,0,Yes,-3.66248,-0.0259424,0.974333
10,1314,0,Yes,-1.13791,-0.386293,0.679531
10,1315,0,No,-0.249181,-1.51131,0.220607
10,1316,0,Yes,-2.52351,-0.0835105,0.919827
10,1317,0,No,-0.169143,-1.86001,0.155661
10,1318,0,No,-0.00114554,-6.72173,0.00120438
10,1319,0,No,-0.134909,-2.06938,0.126257
10,1320,0,Yes,-5.50425,-0.00401766,0.995931
10,1321,0,No,-0.00214001,-6.12085,0.00219646
10,1322,0,Yes,-3.54713,-0.0291687,0.971195
10,1323,0,No,-0.91634,-0.510695,0.600043
10,1324,0,No,-0.133204,-2.08126,0.124766
10,1325,0,Yes,-3.4639,-0.0317475,0.968694
10,1326,0,Yes,-4.00986,-0.0182414,0.981865
10,1327,0,Yes,-2.77961,-0.0640088,0.937941
10,1328,0,Yes,-5.84149,-0.00284869,0.997096
10,1329,0,No,-0.0164392,-4.11263,0.0163638
10,1330,0,No,-0.514293,-0.910966,0.402112
10,1331,0,Yes,-2.6315,-0.0746274,0.928034
10,1332,0,Yes,-0.539845,-0.874141,0.417196
10,1333,0,Yes,-2.97725,-0.0522131,0.94907
10,1334,0,Yes,-2.46323,-0.08894,0.914846
10,1335,0,Yes,-2.38182,-0.0968672,0.907623
10,1336,0,Yes,-2.29596,-0.106034,0.899341
10,1337,0,Yes,-2.83161,-0.0606615,0.941086
10,1338,0,Yes,-2.62906,-0.0748181,0.927858
10,1339,0,Yes,-3.94906,-0.0194,0.980728
10,1340,0,Yes,-4.03649,-0.0177561,0.982342
10,1341,0,Yes,-4.3318,-0.0131703,0.986857
10,1342,0,Yes,-4.28082,-0.0138672,0.986169
10,1343,0,Yes,-5.837,-0.00286207,0.997083
10,1344,0,Yes,-3.4714,-0.0315058,0.968928
10,1345,0,Yes,-1.93098,-0.156592,0.855003
10,1346,0,No,-0.0354079,-3.35675,0.0348461
10,1347,0,Yes,-4.86728,-0.00766513,0.992306
10,1348,0,Yes,-3.08913,-0.0465493,0.954461
10,1349,0,Yes,-2.40244,-0.0947925,0.909508
10,1350,0,No,-4.12246,-0.0162773,0.983796
10,1351,0,Yes,-0.656912,-0.730622,0.481581
10,1352,0,Yes,-0.0915361,-2.43576,0.0875261
10,1353,0,Yes,-5.33598,-0.0047666,0.995185
10,1354,0,No,-0.737111,-0.650922,0.521534
10,1355,0,Yes,-4.36896,-0.0126854,0.987336
10,1356,0,Yes,-3.30457,-0.037345,0.963287
10,1357,0,Yes,-2.98035,-0.0520472,0.949228
10,1358,0,No,-0.309939,-1.32213,0.266552
10,1359,0,Yes,-5.04558,-0.00639842,0.993563
10,1360,0,No,-0.403118,-1.10315,0.331806
10,1361,0,Yes,-1.30567,-0.315989,0.729024
10,1362,0,Yes,-1.03715,-0.437583,0.645557
10,1363,0,No,-1.04171,-0.43509,0.647169
10,1364,0,Yes,-1.72905,-0.195277,0.822558
10,1365,0,Yes,-0.631453,-0.758773,0.468213
10,1366,0,Yes,-2.91575,-0.0556231,0.94584
10,1367,0,Yes,-0.354954,-1.2078,0.298835
10,1368,0,Yes,-3.82254,-0.0220545,0.978129
10,1369,0,Yes,-2.5466,-0.0815229,0.921657
10,1370,0,Yes,-2.12607,-0.126978,0.880702
10,0,1,No,-0.000372956,-7.74752,0.000431786
10,1,1,No,-0.000265455,-8.03427,0.000324143
10,2,1,No,-0.101738,-2.33518,0.096787
10,3,1,Yes,-2.88896,-0.0571794,0.944369
10,4,1,No,-0.014342,-4.24759,0.0142978
10,5,1,Yes,-2.46343,-0.088922,0.914862
10,6,1,No,-0.360869,-1.19406,0.302971
10,7,1,No,-0.106894,-2.2883,0.101433
10,8,1,No,-1.38647,-0.287547,0.750057
10,9,1,No,-0.016307,-4.12063,0.0162333
10,10,1,No,-0.000448208,-7.58563,0.000507667
10,11,1,No,-0.00226498,-6.06532,0.00232189
10,12,1,No,-0.000775936,-7.08751,0.000835421
10,13,1,No,-0.101279,-2.33948,0.0963723
10,14,1,Yes,-0.12362,-2.15121,0.116336
10,15,1,Yes,-1.61592,-0.221457,0.801304
10,16,1,No,-0.00103253,-6.81991,0.00109176
10,17,1,No,-0.000752494,-7.11692,0.000811212
10,18,1,Yes,-2.49931,-0.0856471,0.917863
10,19,1,Yes,-2.70929,-0.0688416,0.93342
10,20,1,Yes,-1.94577,-0.154106,0.857131
10,21,1,Yes,-4.22349,-0.0146959,0.985353
10,22,1,Yes,-3.13034,-0.0446251,0.9563
10,23,1,Yes,-2.24748,-0.111608,0.894342
10,24,1,Yes,-2.77791,-0.0641219,0.937836
10,25,1,Yes,-3.17781,-0.0425087,0.958326
10,26,1,No,-0.0965356,-2.38507,0.0920767
10,27,1,No,-0.00851804,-4.76283,0.00854094
10,28,1,No,-1.06415,-0.42306,0.655001
10,29,1,Yes,-1.21473,-0.352015,0.703228
10,30,1,Yes,-4.57954,-0.0102525,0.989741
10,31,1,Yes,-2.30554,-0.104967,0.900301
10,32,1,No,-0.386204,-1.1381,0.320408
10,33,1,Yes,-0.814265,-0.585022,0.557061
10,34,1,Yes,-0.371453,-1.17013,0.310309
10,35,1,No,-1.08304,-0.413252,0.661457
10,36,1,Yes,-3.37083,-0.0349039,0.965641
10,37,1,Yes,-4.53934,-0.0106773,0.98932
10,38,1,Yes,-1.16072,-0.375717,0.686756
10,39,1,No,-0.00143733,-6.50507,0.00149574
10,40,1,Yes,-2.95333,-0.0535129,0.947838
10,41,1,Yes,-2.41763,-0.0932928,0.910873
10,42,1,No,-0.00010789,-8.69689,0.000167094
10,43,1,Yes,-3.23738,-0.039997,0.960736
10,44,1,Yes,-4.60423,-0.0100005,0.989991
10,45,1,No,-0.306629,-1.33129,0.26412
10,46,1,No,-1.55531,-0.23707,0.788889
10,47,1,Yes,-3.34839,-0.0357109,0.964861
10,48,1,Yes,-3.69581,-0.0250803,0.975174
10,49,1,No,-0.00497935,-5.29307,0.00502599
10,50,1,No,-0.00339105,-5.67096,0.00344437
10,51,1,No,-0.0256209,-3.67479,0.0253533
10,52,1,No,-0.0200471,-3.91668,0.0199058
10,53,1,No,-0.0204516,-3.89697,0.0203022
10,54,1,Yes,-4.37384,-0.0126233,0.987398
10,55,1,Yes,-0.915193,-0.511461,0.599584
10,56,1,Yes,-1.86315,-0.168566,0.844826
10,57,1,Yes,-3.3294,-0.0364099,0.964188
10,58,1,Yes,-4.55261,-0.0105358,0.989461
10,59,1,No,-0.00044624,-7.58995,0.000505478
10,60,1,Yes,-2.21745,-0.115216,0.89112
10,61,1,Yes,-4.70198,-0.00905921,0.990923
10,62,1,Yes,-4.96934,-0.0069127,0.993053
10,63,1,Yes,-0.261171,-1.47007,0.229897
10,64,1,Yes,-3.02387,-0.0497727,0.95139
10,65,1,Yes,-2.81097,-0.0619691,0.939857
10,66,1,Yes,-1.49774,-0.253056,0.776378
10,67,1,Yes,-4.72089,-0.00888769,0.991093
10,68,1,No,-0.333091,-1.26106,0.283337
10,69,1,No,-0.152545,-1.95518,0.141531
10,70,1,Yes,-3.74219,-0.0239279,0.976299
10,71,1,No,-0.00547067,-5.20023,0.00551498
10,72,1,Yes,-1.04268,-0.434562,0.64751
10,73,1,No,-0.000126966,-8.58735,0.000186439
10,74,1,Yes,-2.33012,-0.102282,0.902721
10,75,1,No,-0.405212,-1.09894,0.333204
10,76,1,No,-0.0360823,-3.33825,0.0354968
10,77,1,No,-0.000333663,-7.84045,0.000393467
10,78,1,Yes,-4.69274,-0.00914457,0.990839
10,79,1,Yes,-3.84096,-0.0216462,0.978528
10,80,1,Yes,-0.280026,-1.40938,0.24428
10,81,1,Yes,-0.218212,-1.62911,0.196092
10,82,1,No,-3.73494,-0.0241033,0.976127
10,83,1,Yes,-2.51201,-0.0845199,0.9189
10,84,1,Yes,-2.37342,-0.0977261,0.906844
10,85,1,Yes,-3.71739,-0.0245358,0.975704
10,86,1,Yes,-4.22979,-0.0146025,0.985445
10,87,1,Yes,-4.19307,-0.0151552,0.984901
10,88,1,Yes,-2.51078,-0.0846276,0.9188
10,89,1,Yes,-2.38334,-0.096713,0.907763
10,90,1,Yes,-3.13039,-0.0446221,0.956302
10,91,1,Yes,-2.65078,-0.0731487,0.929408
10,92,1,Yes,-0.511148,-0.915662,0.400228
10,93,1,Yes,-3.31868,-0.0368105,0.963801
10,94,1,Yes,-0.570189,-0.833237,0.434615
10,95,1,Yes,-4.95059,-0.00704481,0.992921
10,96,1,Yes,-3.56729,-0.0285779,0.971769
10,97,1,No,-0.203311,-1.69263,0.184024
10,98,1,Yes,-3.32616,-0.0365309,0.964071
10,99,1,No,-0.0652134,-2.76157,0.0631884
10,100,1,No,-0.342342,-1.23803,0.289937
10,101,1,Yes,-2.04076,-0.139114,0.870078
10,102,1,Yes,-2.50372,-0.0852546,0.918225
10,103,1,Yes,-0.904394,-0.518737,0.595237
10,104,1,No,-0.286749,-1.38886,0.249344
10,105,1,No,-0.751294,-0.638086,0.528272
10,106,1,No,-0.000371764,-7.74965,0.000430867
10,107,1,No,-0.00809991,-4.81269,0.00812547
10,108,1,No,-0.0185002,-3.99598,0.0183883
10,109,1,No,-0.0364027,-3.3296,0.0358053
10,110,1,Yes,-4.04196,-0.0176584,0.982438
10,111,1,No,-0.00264446,-5.91425,0.00270053
10,112,1,No,-0.00967838,-4.63659,0.00969012
10,113,1,No,-0.396837,-1.11591,0.327596
10,114,1,Yes,-3.01604,-0.0501737,0.951008
10,115,1,No,-0.000173345,-8.36873,0.000231997
10,116,1,No,-0.00046079,-7.56134,0.000520145
10,117,1,Yes,-4.68567,-0.00920971,0.990774
10,118,1,No,-0.601693,-0.793684,0.452149
10,119,1,No,-0.000225868,-8.1621,0.000285246
10,120,1,Yes,-4.72421,-0.00885732,0.991123
10,121,1,Yes,-4.70888,-0.00899618,0.990986
10,122,1,No,-0.0127428,-4.36447,0.0127207
10,123,1,Yes,-4.20035,-0.0150434,0.985011
10,124,1,No,-0.00142276,-6.51481,0.00148124
10,125,1,No,-0.244936,-1.52646,0.217292
10,126,1,Yes,-3.08641,-0.0466792,0.954337
10,127,1,Yes,-3.17656,-0.0425631,0.958274
10,128,1,No,-0.155885,-1.93516,0.144393
10,129,1,No,-0.000271119,-8.01612,0.000330078
10,130,1,No,-0.000144969,-8.49724,0.000204018
10,131,1,No,-0.000247151,-8.09006,0.000306552
10,132,1,No,-0.00199971,-6.18654,0.0020568
10,133,1,Yes,-2.52872,-0.083058,0.920243
10,134,1,Yes,-3.65558,-0.0261253,0.974155
10,135,1,No,-0.00121309,-6.66801,0.00127085
10,136,1,Yes,-0.452596,-1.01037,0.364063
10,137,1,Yes,-1.59775,-0.226014,0.79766
10,138,1,Yes,-0.284849,-1.3946,0.247916
10,139,1,Yes,-2.49372,-0.0861495,0.917403
10,140,1,No,-0.318967,-1.2977,0.273143
10,141,1,Yes,-3.01968,-0.0499871,0.951186
10,142,1,No,-0.00558634,-5.17963,0.00562974
10,143,1,No,-3.20754,-0.041236,0.959546
10,144,1,No,-8.08868e-05,-8.87083,0.000140417
10,145,1,Yes,-2.22158,-0.114714,0.891568
10,146,1,Yes,-0.536907,-0.87826,0.415481
10,147,1,Yes,-1.94575,-0.154108,0.857128
10,148,1,Yes,-0.184946,-1.77839,0.1689
10,149,1,Yes,-3.11112,-0.0455125,0.955452
10,150,1,Yes,-3.02934,-0.0494932,0.951655
10,151,1,Yes,-0.420548,-1.06894,0.343352
10,152,1,Yes,-2.31572,-0.103847,0.901311
10,153,1,Yes,-2.09934,-0.130653,0.877471
10,154,1,No,-2.31348,-0.104092,0.90109
10,155,1,Yes,-2.86792,-0.0584331,0.943186
10,156,1,Yes,-2.97449,-0.0523623,0.948929
10,157,1,Yes,-1.27399,-0.328023,0.720304
10,158,1,Yes,-0.380021,-1.15134,0.316193
10,159,1,Yes,-1.66713,-0.209153,0.811224
10,160,1,Yes,-2.58283,-0.0785033,0.924444
10,161,1,No,-1.59199,-0.22748,0.796492
10,162,1,No,-0.571769,-0.831186,0.435507
10,163,1,Yes,-1.00012,-0.458512,0.632187
10,164,1,Yes,-4.44568,-0.011738,0.988272
10,165,1,No,-0.263086,-1.46368,0.231369
10,166,1,Yes,-4.27604,-0.0139351,0.986103
10,167,1,Yes,-1.71985,-0.197275,0.820917
10,168,1,No,-0.137664,-2.05052,0.128661
10,169,1,Yes,-2.11672,-0.128251,0.879581
10,170,1,Yes,-3.8083,-0.0223754,0.977815
10,171,1,Yes,-2.82689,-0.0609586,0.940807
10,172,1,No,-0.0768097,-2.60377,0.0739895
10,173,1,No,-0.0164629,-4.11124,0.0163864
10,174,1,Yes,-4.24096,-0.0144384,0.985607
10,175,1,Yes,-3.88303,-0.0207427,0.979413
10,176,1,No,-0.000779694,-7.08416,0.000838231
10,177,1,No,-0.00307938,-5.76539,0.00313399
10,178,1,Yes,-3.91231,-0.0201363,0.980007
10,179,1,No,-0.020973,-3.8721,0.0208133
10,180,1,No,-0.0261521,-3.65457,0.0258711
10,181,1,No,-0.0840689,-2.51713,0.0806865
10,182,1,Yes,-2.30529,-0.104995,0.900276
10,183,1,No,-0.720029,-0.666855,0.51329
10,184,1,No,-1.23962,-0.341696,0.710522
10,185,1,Yes,-3.68672,-0.0253122,0.974947
10,186,1,Yes,-3.12954,-0.0446612,0.956265
10,187,1,Yes,-0.520465,-0.90186,0.40579
10,188,1,Yes,-2.61372,-0.0760206,0.926743
10,189,1,Yes,-2.26789,-0.109224,0.896476
10,190,1,Yes,-2.11694,-0.12822,0.879607
10,191,1,Yes,-1.55707,-0.236602,0.789259
10,192,1,No,-0.000993387,-6.85699,0.00105202
10,193,1,No,-0.00884114,-4.72609,0.00886055
10,194,1,Yes,-1.86902,-0.167491,0.845735
10,195,1,No,-0.000275769,-8.00226,0.000334685
10,196,1,No,-0.000306534,-7.91116,0.000366606
10,197,1,No,-0.000375341,-7.74155,0.000434371
10,198,1,Yes,-0.22417,-1.60505,0.200868
10,199,1,No,-0.000383987,-7.7206,0.000443569
10,200,1,No,-1.17535,-0.369112,0.691308
10,201,1,No,-0.0137327,-4.29046,0.0136978
10,202,1,Yes,-4.69043,-0.00916532,0.990818
10,203,1,No,-0.000229206,-8.14977,0.000288786
10,204,1,Yes,-0.96794,-0.477723,0.620157
10,205,1,No,-0.000243038,-8.10366,0.000302412
10,206,1,Yes,-3.26296,-0.0389654,0.961727
10,207,1,Yes,-5.25736,-0.00516327,0.994791
10,208,1,Yes,-3.81817,-0.0221523,0.978033
10,209,1,Yes,-4.51033,-0.0109964,0.989006
10,210,1,Yes,-0.492446,-0.944359,0.388906
10,211,1,Yes,-3.17063,-0.042822,0.958025
10,212,1,Yes,-0.172048,-1.8444,0.158111
10,213,1,No,-6.55673e-05,-8.98719,0.000124993
10,214,1,No,-0.000491323,-7.50535,0.000550102
10,215,1,Yes,-3.9599,-0.019188,0.980936
10,216,1,Yes,-5.01334,-0.00661104,0.993352
10,217,1,No,-0.00589723,-5.1263,0.00593814
10,218,1,Yes,-3.11781,-0.0452017,0.955749
10,219,1,Yes,-2.97123,-0.0525376,0.948763
10,220,1,Yes,-4.13712,-0.0160373,0.984032
10,221,1,Yes,-1.23626,-0.343066,0.709549
10,222,1,No,-1.65983,-0.210861,0.80984
10,223,1,Yes,-4.83777,-0.00789592,0.992076
10,224,1,Yes,-2.33439,-0.101823,0.903136
10,225,1,Yes,-0.284817,-1.3947,0.247892
10,226,1,No,-0.0437097,-3.15059,0.0428244
10,227,1,No,-0.589945,-0.808107,0.445675
10,228,1,Yes,-2.46059,-0.0891863,0.91462
10,229,1,Yes,-5.3894,-0.00451558,0.995436
10,230,1,No,-0.000507066,-7.47699,0.000565923
10,231,1,Yes,-2.71109,-0.0687134,0.933539
10,232,1,Yes,-2.56078,-0.080327,0.92276
10,233,1,Yes,-4.31979,-0.013332,0.986698
10,234,1,No,-0.254258,-1.49358,0.224554
10,235,1,Yes,-2.65795,-0.0726058,0.929913
10,236,1,No,-0.000280002,-7.98798,0.000339501
10,237,1,No,-0.000335571,-7.83662,0.00039498
10,238,1,No,-0.00374242,-5.57413,0.00379456
10,239,1,No,-0.143301,-2.01316,0.133558
10,240,1,Yes,-3.81098,-0.0223139,0.977875
10,241,1,No,-9.00071e-05,-8.80866,0.000149424
10,242,1,Yes,-0.289061,-1.38194,0.251077
10,243,1,Yes,-0.331808,-1.26431,0.282417
10,244,1,No,-0.00113349,-6.73211,0.00119195
10,245,1,No,-0.506451,-0.922742,0.397404
10,246,1,Yes,-3.10061,-0.0460051,0.954981
10,247,1,No,-0.427125,-1.05648,0.347657
10,248,1,Yes,-4.3297,-0.0131995,0.986829
10,249,1,No,-0.463097,-0.992289,0.370705
10,250,1,Yes,-2.86323,-0.058716,0.942919
10,251,1,Yes,-1.14634,-0.382342,0.682222
10,252,1,Yes,-3.25726,-0.0391932,0.961509
10,253,1,No,-0.000906998,-6.94248,0.000965812
10,254,1,No,-0.0178857,-4.02933,0.0177852
10,255,1,No,-0.000666602,-7.22893,0.000725257
10,256,1,Yes,-1.36501,-0.2948,0.744637
10,257,1,Yes,-5.11976,-0.00593537,0.994023
10,258,1,Yes,-3.37178,-0.0348701,0.965674
10,259,1,Yes,-3.28096,-0.0382546,0.96241
10,260,1,No,-0.0255165,-3.6788,0.0252516
10,261,1,Yes,-0.464808,-0.989392,0.371781
10,262,1,Yes,-3.08385,-0.046802,0.95422
10,263,1,Yes,-1.49427,-0.254058,0.775601
10,264,1,No,-0.000670181,-7.22406,0.000728794
10,265,1,Yes,-4.41459,-0.0121132,0.987901
10,266,1,No,-0.000213229,-8.20741,0.00027261
10,267,1,Yes,-3.94518,-0.0194772,0.980653
10,268,1,No,-0.000282149,-7.98273,0.000341286
10,269,1,Yes,-2.75278,-0.06581,0.936253
10,270,1,No,-0.0179832,-4.02398,0.0178805
10,271,1,Yes,-2.13895,-0.125246,0.882228
10,272,1,No,-0.979776,-0.470542,0.624627
10,273,1,No,-0.00267111,-5.90461,0.00272668
10,274,1,No,-0.001652,-6.37142,0.00170962
10,275,1,No,-0.0054624,-5.20172,0.00550677
10,276,1,Yes,-1.76527,-0.187633,0.82887
10,277,1,No,-0.403647,-1.10208,0.33216
10,278,1,Yes,-4.34167,-0.0130395,0.986986
10,279,1,No,-0.0127453,-4.36428,0.012723
10,280,1,No,-0.000183182,-8.3244,0.000242512
10,281,1,No,-0.00497965,-5.29304,0.00502615
10,282,1,No,-0.000582268,-7.35194,0.00064131
10,283,1,Yes,-4.20322,-0.0149997,0.985054
10,284,1,Yes,-3.48389,-0.0311076,0.969314
10,285,1,Yes,-3.07029,-0.0474572,0.953595
10,286,1,No,-0.00321451,-5.72343,0.00326828
10,287,1,Yes,-3.62792,-0.0268702,0.97343
10,288,1,No,-0.000129231,-8.57518,0.000188721
10,289,1,No,-1.623,-0.219709,0.802705
10,290,1,Yes,-0.477107,-0.968946,0.379461
10,291,1,Yes,-5.326,-0.00481601,0.995137
10,292,1,No,-0.000544339,-7.41231,0.000603738
10,293,1,Yes,-4.13457,-0.0160795,0.983991
10,294,1,Yes,-4.77683,-0.00839848,0.991578
10,295,1,Yes,-4.65131,-0.00953545,0.990451
10,296,1,No,-0.167925,-1.86665,0.154632
10,297,1,No,-0.00927288,-4.67885,0.0092891
10,298,1,No,-0.00523732,-5.24325,0.00528274
10,299,1,No,-0.122004,-2.16357,0.114908
10,300,1,Yes,-2.33162,-0.10212,0.902868
10,301,1,Yes,-2.29628,-0.105998,0.899374
10,302,1,Yes,-1.84428,-0.172071,0.84187
10,303,1,Yes,-0.600077,-0.795648,0.451263
10,304,1,Yes,-2.77536,-0.0642911,0.937677
10,305,1,Yes,-2.11784,-0.128098,0.879716
10,306,1,Yes,-3.22176,-0.0406404,0.960118
10,307,1,Yes,-0.91371,-0.512452,0.59899
10,308,1,Yes,-0.804241,-0.593063,0.552599
10,309,1,No,-2.7726,-0.064475,0.937504
10,310,1,No,-0.0833276,-2.52561,0.0800045
10,311,1,No,-0.0122735,-4.40155,0.0122576
10,312,1,Yes,-2.16076,-0.12237,0.88477
10,313,1,No,-0.0140643,-4.26693,0.014024
10,314,1,Yes,-4.36928,-0.0126813,0.98734
10,315,1,No,-0.000433122,-7.6169,0.000492038
10,316,1,No,-0.000986705,-6.86355,0.00104514
10,317,1,Yes,-4.69095,-0.00916099,0.990823
10,318,1,Yes,-5.02095,-0.00656064,0.993402
10,319,1,No,-0.0644699,-2.77266,0.0624919
10,320,1,No,-0.0175566,-4.04769,0.0174617
10,321,1,No,-0.000624196,-7.28831,0.000683439
10,322,1,No,-0.000729469,-7.14497,0.000788773
10,323,1,No,-0.00127856,-6.61691,0.00133748
10,324,1,No,-0.000192243,-8.28851,0.000251374
10,325,1,No,-0.0121457,-4.41195,0.0121307
10,326,1,No,-0.0293547,-3.54091,0.0289852
10,327,1,Yes,-3.93302,-0.0197184,0.980417
10,328,1,Yes,-4.60434,-0.00999879,0.989992
10,329,1,Yes,-4.91229,-0.00732319,0.992645
10,330,1,No,-1.01987,-0.447197,0.63938
10,331,1,No,-0.160218,-1.90986,0.148093
10,332,1,No,-0.177042,-1.81821,0.162306
10,333,1,Yes,-1.11578,-0.396903,0.67236
10,334,1,Yes,-4.74561,-0.00866797,0.991311
10,335,1,Yes,-4.06036,-0.017333,0.982758
10,336,1,Yes,-3.68089,-0.0254632,0.974801
10,337,1,Yes,-2.73443,-0.067072,0.935073
10,338,1,Yes,-3.73157,-0.0241862,0.976046
10,339,1,No,-0.000266647,-8.02973,0.000325617
10,340,1,No,-0.000217342,-8.19245,0.000276718
10,341,1,No,-1.94722,-0.153864,0.857338
10,342,1,No,-1.09257,-0.408413,0.664665
10,343,1,No,-0.00345516,-5.65247,0.00350864
10,344,1,Yes,-4.054,-0.0174451,0.982648
10,345,1,Yes,-0.381724,-1.14767,0.317356
10,346,1,Yes,-2.55321,-0.0809633,0.922173
10,347,1,No,-0.12424,-2.14651,0.116884
10,348,1,No,-0.000955323,-6.89366,0.00101413
10,349,1,No,-0.175323,-1.82714,0.160863
10,350,1,Yes,-0.45029,-1.01441,0.362594
10,351,1,No,-0.929135,-0.502257,0.605128
10,352,1,No,-0.21718,-1.63335,0.195263
10,353,1,Yes,-1.29284,-0.3208,0.725525
10,354,1,No,-0.208409,-1.67033,0.188173
10,355,1,No,-0.1738,-1.83512,0.159585
10,356,1,Yes,-1.29331,-0.320623,0.725654
10,357,1,Yes,-0.700161,-0.686066,0.503524
10,358,1,No,-0.121623,-2.16651,0.11457
10,359,1,No,-0.35862,-1.19926,0.301401
10,360,1,Yes,-1.16726,-0.372746,0.6888
10,361,1,Yes,-3.18194,-0.0423299,0.958497
10,362,1,Yes,-2.2331,-0.113321,0.892811
10,363,1,No,-0.000195642,-8.27653,0.000254405
10,364,1,No,-0.000296756,-7.93982,0.000356249
10,365,1,Yes,-3.03638,-0.0491371,0.951994
10,366,1,Yes,-3.12335,-0.0449455,0.955993
10,367,1,No,-1.40515,-0.281397,0.754684
10,368,1,Yes,-3.72053,-0.0244583,0.97578
10,369,1,Yes,-2.57935,-0.0787885,0.924181
10,370,1,Yes,-2.80596,-0.0622901,0.939555
10,371,1,No,-0.0794578,-2.57122,0.0764378
10,372,1,Yes,-3.51284,-0.0302042,0.97019
10,373,1,Yes,-3.94385,-0.0195032,0.980628
10,374,1,Yes,-3.29502,-0.0377102,0.962935
10,375,1,Yes,-3.56187,-0.0287352,0.971616
10,376,1,Yes,-2.60293,-0.0768784,0.925948
10,377,1,Yes,-1.39737,-0.283941,0.752767
10,378,1,No,-0.0367488,-3.32034,0.0361385
10,379,1,Yes,-1.11025,-0.39961,0.670543
10,380,1,Yes,-3.28629,-0.0380477,0.96261
10,381,1,Yes,-0.298379,-1.35465,0.258023
10,382,1,No,-1.52473,-0.245417,0.782332
10,383,1,Yes,-1.09783,-0.405769,0.666425
10,384,1,Yes,-3.89703,-0.0204503,0.979699
10,385,1,No,-0.00465066,-5.36032,0.00469913
10,386,1,Yes,-4.15512,-0.0157482,0.984317
10,387,1,No,-0.000181334,-8.3341,0.000240171
10,388,1,No,-0.000776354,-7.08828,0.000834783
10,389,1,No,-0.000133523,-8.55446,0.000192672
10,390,1,Yes,-4.56037,-0.0104536,0.989542
10,391,1,Yes,-3.89207,-0.0205533,0.979598
10,392,1,Yes,-4.2812,-0.0138628,0.986175
10,393,1,No,-0.00248532,-5.97501,0.00254132
10,394,1,Yes,-1.53663,-0.24213,0.784907
10,395,1,No,-0.113467,-2.23189,0.107319
10,396,1,No,-0.0408526,-3.21665,0.0400866
10,397,1,No,-0.0181368,-4.01555,0.0180319
10,398,1,Yes,-2.98495,-0.0518017,0.949461
10,399,1,No,-0.000368186,-7.7575,0.0004275
10,400,1,No,-0.00162304,-6.38844,0.00168078
10,401,1,No,-0.109334,-2.26694,0.103623
10,402,1,Yes,-3.01433,-0.0502615,0.950924
10,403,1,Yes,-1.79447,-0.181711,0.833794
10,404,1,Yes,-2.8198,-0.0614064,0.940386
10,405,1,Yes,-3.69211,-0.0251741,0.975082
10,406,1,Yes,-4.83376,-0.00792855,0.992044
10,407,1,No,-0.993525,-0.46237,0.629752
10,408,1,Yes,-3.78057,-0.0230138,0.977192
10,409,1,Yes,-4.0795,-0.017001,0.983085
10,410,1,Yes,-4.0891,-0.016836,0.983247
10,411,1,Yes,-1.77827,-0.184971,0.83108
10,412,1,Yes,-3.17243,-0.0427436,0.958101
10,413,1,Yes,-3.00251,-0.0508765,0.950341
10,414,1,Yes,-0.245624,-1.52398,0.21783
10,415,1,Yes,-1.3528,-0.29902,0.741501
10,416,1,Yes,-2.98458,-0.0518212,0.949442
10,417,1,Yes,-0.828715,-0.573679,0.563416
10,418,1,No,-0.0210477,-3.86862,0.0208858
10,419,1,No,-0.119743,-2.18116,0.112904
10,420,1,No,-0.147623,-1.98557,0.137294
10,421,1,Yes,-0.0639317,-2.78078,0.0619863
10,422,1,No,-0.00805256,-4.81841,0.00807912
10,423,1,No,-0.0216007,-3.84301,0.0214278
10,424,1,No,-0.114438,-2.22384,0.108186
10,425,1,No,-0.0933965,-2.41657,0.0892219
10,426,1,No,-0.0041294,-5.47758,0.0041792
10,427,1,No,-0.00184109,-6.26639,0.00189896
10,428,1,Yes,-3.80199,-0.0225189,0.977675
10,429,1,Yes,-2.63185,-0.0746009,0.928059
10,430,1,No,-0.389498,-1.13115,0.322643
10,431,1,No,-1.04976,-0.430726,0.649999
10,432,1,Yes,-0.459409,-0.998582,0.36838
10,433,1,No,-0.0160862,-4.1341,0.0160161
10,434,1,No,-0.118368,-2.19202,0.111684
10,435,1,Yes,-2.14797,-0.124047,0.883286
10,436,1,No,-0.310858,-1.3196,0.267225
10,437,1,No,-0.0202667,-3.90594,0.0201208
10,438,1,No,-0.000133762,-8.55159,0.000193226
10,439,1,Yes,-3.13077,-0.0446049,0.956318
10,440,1,No,-0.000289005,-7.96287,0.000348131
10,441,1,No,-0.000413861,-7.65617,0.000473089
10,442,1,No,-0.455879,-1.00466,0.366147
10,443,1,Yes,-3.57731,-0.0282877,0.972051
10,444,1,Yes,-4.14164,-0.0159642,0.984104
10,445,1,Yes,-3.80464,-0.022459,0.977734
10,446,1,No,-4.59929,-0.0100501,0.989942
10,447,1,Yes,-1.21361,-0.35249,0.702894
10,448,1,No,-0.0717494,-2.66938,0.0692914
10,449,1,No,-0.113561,-2.23111,0.107403
10,450,1,No,-0.0761165,-2.61249,0.0733469
10,451,1,Yes,-2.60545,-0.0766771,0.926134
10,452,1,No,-2.7154,-0.0684065,0.933825
10,453,1,Yes,-3.37921,-0.0346075,0.965928
10,454,1,No,-0.0179304,-4.02689,0.0178286
10,455,1,No,-0.000679247,-7.21119,0.000738232
10,456,1,Yes,-4.56519,-0.0104025,0.989593
10,457,1,No,-0.00448043,-5.39711,0.00452939
10,458,1,No,-9.108e-05,-8.80215,0.000150401
10,459,1,Yes,-3.33169,-0.0363251,0.964269
10,460,1,No,-0.641549,-0.747428,0.473555
10,461,1,Yes,-2.86642,-0.0585226,0.943101
10,462,1,No,-0.077953,-2.58958,0.075047
10,463,1,No,-0.00349883,-5.64021,0.00355192
10,464,1,No,-0.000480052,-7.52535,0.000539206
10,465,1,No,-0.00437775,-5.4198,0.00442775
10,466,1,No,-0.000144075,-8.50044,0.000203367
10,467,1,No,-0.0250075,-3.69865,0.0247553
10,468,1,Yes,-3.19973,-0.0415664,0.959229
10,469,1,No,-0.00728326,-4.91761,0.00731614
10,470,1,No,-0.409216,-1.09098,0.335868
10,471,1,No,-0.188891,-1.7592,0.172172
10,472,1,No,-0.000191707,-8.29102,0.000250743
10,473,1,No,-0.000769971,-7.09546,0.00082881
10,474,1,No,-0.00561428,-5.17472,0.00565747
10,475,1,Yes,-3.12992,-0.0446444,0.956281
10,476,1,No,-0.971096,-0.475795,0.621354
10,477,1,Yes,-2.17068,-0.121085,0.885906
10,478,1,Yes,-4.04545,-0.0175965,0.982499
10,479,1,No,-0.00193407,-6.219,0.00199112
10,480,1,No,-0.000392097,-7.70334,0.000451288
10,481,1,No,-0.00199983,-6.18623,0.00205744
10,482,1,No,-0.00203035,-6.17171,0.00208755
10,483,1,No,-0.000479634,-7.52548,0.000539139
10,484,1,Yes,-3.25188,-0.0394084,0.961301
10,485,1,Yes,-3.54503,-0.0292322,0.971134
10,486,1,Yes,-2.54931,-0.0812934,0.921869
10,487,1,Yes,-3.13786,-0.0442826,0.956627
10,488,1,No,-1.3772,-0.290654,0.747731
10,489,1,No,-0.11148,-2.24858,0.105543
10,490,1,No,-0.0185137,-3.99524,0.0184019
10,491,1,Yes,-3.31702,-0.0368728,0.963741
10,492,1,No,-0.00411623,-5.48061,0.00416656
10,493,1,Yes,-3.65271,-0.0262016,0.974081
10,494,1,Yes,-3.95306,-0.0193223,0.980805
10,495,1,Yes,-2.40907,-0.0941345,0.910107
10,496,1,Yes,-1.60158,-0.225043,0.798435
10,497,1,Yes,-0.383282,-1.14433,0.318419
10,498,1,Yes,-4.62433,-0.00979845,0.99019
10,499,1,Yes,-3.22334,-0.0405744,0.960181
10,500,1,Yes,-3.46395,-0.0317449,0.968696
10,501,1,Yes,-0.111701,-2.24671,0.105741
10,502,1,Yes,-0.295151,-1.36399,0.255624
10,503,1,No,-0.607336,-0.78689,0.455232
10,504,1,Yes,-3.34469,-0.0358466,0.964731
10,505,1,Yes,-2.34496,-0.100696,0.904155
10,506,1,Yes,-2.08495,-0.132679,0.875695
10,507,1,No,-1.71097,-0.199222,0.81932
10,508,1,Yes,-3.45334,-0.0320904,0.968362
10,509,1,Yes,-4.02935,-0.0178854,0.982215
10,510,1,No,-0.128247,-2.11675,0.120416
10,511,1,No,-2.35923,-0.0991949,0.905513
10,512,1,Yes,-3.89212,-0.0205532,0.979599
10,513,1,No,-0.00347221,-5.64776,0.00352519
10,514,1,Yes,-1.70745,-0.199999,0.818683
10,515,1,No,-0.669222,-0.717538,0.487923
10,516,1,Yes,-2.37791,-0.0972664,0.907261
10,517,1,No,-1.05569,-0.427546,0.652069
10,518,1,No,-1.41509,-0.278186,0.757111
10,519,1,Yes,-3.60761,-0.0274304,0.972885
10,520,1,Yes,-4.2322,-0.0145667,0.98548
10,521,1,No,-0.476224,-0.970394,0.378912
10,522,1,Yes,-1.32525,-0.308806,0.73428
10,523,1,No,-0.466035,-0.987321,0.372552
10,524,1,No,-2.65571,-0.072775,0.929755
10,525,1,No,-0.000676861,-7.21412,0.000736075
10,526,1,Yes,-4.15197,-0.0157983,0.984268
10,527,1,Yes,-2.22691,-0.114069,0.892145
10,528,1,No,-0.223946,-1.60594,0.200689
10,529,1,No,-0.00177021,-6.30472,0.00182755
10,530,1,Yes,-3.38112,-0.0345396,0.965993
10,531,1,No,-0.40895,-1.0915,0.335691
10,532,1,No,-1.62347,-0.219593,0.802798
10,533,1,No,-0.000123568,-8.6071,0.000182793
10,534,1,No,-6.16331e-05,-9.0225,0.000120657
10,535,1,No,-4.69696e-05,-9.146,0.000106639
10,536,1,No,-5.18574e-05,-9.09936,0.000111731
10,537,1,No,-0.0176751,-4.04104,0.0175781
10,538,1,No,-0.0221624,-3.81774,0.0219761
10,539,1,Yes,-2.96669,-0.0527829,0.94853
10,540,1,Yes,-0.0555359,-2.91727,0.0540781
10,541,1,No,-0.0675943,-2.72693,0.0654158
10,542,1,No,-0.000190157,-8.29534,0.000249663
10,543,1,No,-0.102222,-2.33068,0.097224
10,544,1,Yes,-2.67916,-0.0710252,0.931383
10,545,1,No,-0.000113553,-8.66485,0.000172535
10,546,1,No,-0.000206134,-8.23413,0.000265423
10,547,1,Yes,-2.69733,-0.0696989,0.932619
10,548,1,Yes,-2.43103,-0.0919918,0.912059
10,549,1,Yes,-3.69307,-0.0251503,0.975106
10,550,1,No,-0.000125416,-8.59442,0.000185126
10,551,1,No,-0.00175391,-6.31306,0.00181238
10,552,1,No,-0.836666,-0.567561,0.566873
10,553,1,No,-0.000309515,-7.90538,0.000368731
10,554,1,No,-1.25849,-0.334109,0.715934
10,555,1,Yes,-0.348593,-1.22289,0.294361
10,556,1,Yes,-1.56229,-0.235212,0.790357
10,557,1,No,-0.0312618,-3.47901,0.0308362
10,558,1,No,-0.0092203,-4.68454,0.00923647
10,559,1,Yes,-2.93686,-0.0544277,0.946971
10,560,1,No,-0.00254669,-5.95127,0.00260238
10,561,1,Yes,-2.53932,-0.0821439,0.921085
10,562,1,Yes,-2.83276,-0.0605908,0.941153
10,563,1,Yes,-4.26766,-0.0140539,0.985986
10,564,1,Yes,-5.46268,-0.00419183,0.995758
10,565,1,Yes,-3.17103,-0.042804,0.958042
10,566,1,No,-0.216771,-1.63504,0.194933
10,567,1,Yes,-0.651759,-0.7362,0.478902
10,568,1,Yes,-0.2148,-1.64322,0.193345
10,569,1,Yes,-0.64111,-0.747918,0.473323
10,570,1,Yes,-0.355279,-1.20704,0.299064
10,571,1,Yes,-2.09565,-0.13117,0.877017
10,572,1,Yes,-3.41939,-0.0332189,0.96727
10,573,1,No,-0.446916,-1.02037,0.36044
10,574,1,No,-0.000139961,-8.52255,0.000198919
10,575,1,Yes,-5.01241,-0.0066168,0.993345
10,576,1,Yes,-0.674085,-0.71246,0.490408
10,577,1,No,-0.021825,-3.83284,0.0216468
10,578,1,Yes,-3.16927,-0.0428812,0.957968
10,579,1,No,-0.262753,-1.46479,0.231113
10,580,1,No,-0.0163725,-4.11667,0.0162977
10,581,1,No,-0.00205083,-6.1622,0.00210748
10,582,1,No,-0.0164186,-4.11389,0.0163431
10,583,1,Yes,-2.77217,-0.0645039,0.937478
10,584,1,Yes,-3.87505,-0.0209114,0.979248
10,585,1,Yes,-1.33084,-0.306793,0.73576
10,586,1,No,-0.0155808,-4.16562,0.0155192
10,587,1,No,-0.0424726,-3.17863,0.0416403
10,588,1,No,-0.0248297,-3.70566,0.0245825
10,589,1,No,-0.00558239,-5.18034,0.00562573
10,590,1,Yes,-4.17313,-0.0154641,0.984597
10,591,1,No,-0.0299089,-3.52247,0.0295245
10,592,1,No,-0.038137,-3.28401,0.0374755
10,593,1,Yes,-0.0182729,-4.00816,0.0181657
10,594,1,No,-3.30867,-0.0371885,0.963437
10,595,1,No,-0.528978,-0.889522,0.410828
10,596,1,Yes,-1.13949,-0.385549,0.680037
10,597,1,Yes,-4.60262,-0.0100162,0.989975
10,598,1,Yes,-0.338521,-1.24745,0.287218
10,599,1,Yes,-1.39582,-0.28445,0.752384
10,600,1,Yes,-0.360946,-1.19389,0.303024
10,601,1,Yes,-0.606268,-0.788168,0.45465
10,602,1,No,-0.239062,-1.54791,0.21268
10,603,1,Yes,-4.28285,-0.0138388,0.986198
10,604,1,No,-0.670468,-0.716232,0.488561
10,605,1,No,-0.00147272,-6.48179,0.00153098
10,606,1,No,-0.000857482,-6.99473,0.000916642
10,607,1,No,-0.0120879,-4.41664,0.0120741
10,608,1,Yes,-0.864388,-0.546885,0.578716
10,609,1,No,-0.000293119,-7.95151,0.000352109
10,610,1,No,-0.100675,-2.34515,0.0958271
10,611,1,Yes,-2.05887,-0.136438,0.872409
10,612,1,Yes,-0.963648,-0.480361,0.618524
10,613,1,Yes,-1.80447,-0.17973,0.835447
10,614,1,Yes,-4.57214,-0.0103295,0.989665
10,615,1,No,-2.04262,-0.138837,0.870319
10,616,1,Yes,-2.09794,-0.130849,0.877299
10,617,1,Yes,-5.26642,-0.00511534,0.994838
10,618,1,Yes,-1.67677,-0.206923,0.813034
10,619,1,Yes,-2.965,-0.0528749,0.948442
10,620,1,Yes,-4.52808,-0.0107999,0.989199
10,621,1,No,-0.079362,-2.57238,0.0763494
10,622,1,Yes,-3.59405,-0.0278107,0.972515
10,623,1,Yes,-0.498189,-0.935401,0.392406
10,624,1,Yes,-3.09423,-0.0463063,0.954693
10,625,1,Yes,-1.97181,-0.14983,0.860804
10,626,1,Yes,-5.43259,-0.0043219,0.995628
10,627,1,No,-7.85024e-05,-8.88859,0.000137946
10,628,1,Yes,-3.38421,-0.0344308,0.966098
10,629,1,Yes,-2.30748,-0.104753,0.900494
10,630,1,Yes,-0.726731,-0.660541,0.516542
10,631,1,Yes,-2.65832,-0.0725773,0.929938
10,632,1,Yes,-1.51127,-0.249193,0.779384
10,633,1,Yes,-0.647336,-0.741036,0.476592
10,634,1,Yes,-1.79461,-0.181681,0.833818
10,635,1,No,-0.00693845,-4.96554,0.00697379
10,636,1,No,-0.371012,-1.17111,0.310005
10,637,1,Yes,-2.42797,-0.0922872,0.91179
10,638,1,Yes,-2.16024,-0.122436,0.88471
10,639,1,Yes,-0.26563,-1.45527,0.233323
10,640,1,No,-0.00028507,-7.97328,0.000344527
10,641,1,No,-0.257322,-1.48307,0.226927
10,642,1,No,-0.254355,-1.49325,0.224629
10,643,1,Yes,-3.57916,-0.0282343,0.972102
10,644,1,Yes,-3.40178,-0.03382,0.966688
10,645,1,Yes,-2.53551,-0.0824706,0.920783
10,646,1,Yes,-1.64794,-0.213671,0.807566
10,647,1,Yes,-0.527188,-0.892093,0.409773
10,648,1,No,-0.000967732,-6.882,0.00102603
10,649,1,No,-1.79921,-0.180767,0.83458
10,650,1,No,-0.217731,-1.63109,0.195706
10,651,1,Yes,-3.12378,-0.0449255,0.956012
10,652,1,No,-0.918925,-0.508975,0.601076
10,653,1,No,-0.000173703,-8.36513,0.000232833
10,654,1,Yes,-0.615814,-0.776838,0.459831
10,655,1,Yes,-3.49864,-0.0306443,0.969763
10,656,1,No,-2.59116,-0.0778256,0.925071
10,657,1,Yes,-0.971451,-0.475578,0.621489
10,658,1,Yes,-4.62155,-0.00982644,0.990163
10,659,1,Yes,-0.701026,-0.685214,0.503953
10,660,1,Yes,-4.18508,-0.0152779,0.98478
10,661,1,No,-1.41259,-0.278992,0.756501
10,662,1,Yes,-2.44487,-0.0906669,0.913268
10,663,1,No,-0.0544086,-2.93719,0.0530116
10,664,1,No,-0.000529966,-7.43606,0.000589571
10,665,1,No,-9.61469e-05,-8.76809,0.000155611
10,666,1,Yes,-3.9981,-0.0184604,0.981651
10,667,1,Yes,-2.37243,-0.0978281,0.906752
10,668,1,Yes,-4.0074,-0.018287,0.981821
10,669,1,Yes,-3.19859,-0.0416146,0.959183
10,670,1,Yes,-1.58126,-0.230239,0.794297
10,671,1,No,-0.00374182,-5.57425,0.0037941
10,672,1,No,-0.00859853,-4.75356,0.0086204
10,673,1,No,-0.000225689,-8.16351,0.000284844
10,674,1,No,-0.000235228,-8.13057,0.000294384
10,675,1,No,-0.000103837,-8.72188,0.000162971
10,676,1,No,-6.70575e-05,-8.97861,0.00012607
10,677,1,Yes,-2.12107,-0.127655,0.880104
10,678,1,No,-0.00456587,-5.37838,0.00461501
10,679,1,No,-2.56316,-0.0801273,0.922944
10,680,1,No,-0.00114864,-6.71954,0.00120702
10,681,1,No,-0.00103348,-6.81963,0.00109206
10,682,1,No,-0.0795667,-2.56991,0.0765379
10,683,1,Yes,-1.49341,-0.254306,0.775408
10,684,1,No,-0.83847,-0.566185,0.567654
10,685,1,No,-0.247088,-1.51874,0.218974
10,686,1,No,-0.00483703,-5.32157,0.00488477
10,687,1,No,-0.000723862,-7.15187,0.000783347
10,688,1,No,-0.000124462,-8.60379,0.000183399
10,689,1,Yes,-5.01697,-0.00658698,0.993376
10,690,1,No,-0.103963,-2.31465,0.0987945
10,691,1,Yes,-1.4981,-0.252953,0.776458
10,692,1,No,-9.39413e-05,-8.78309,0.000153294
10,693,1,No,-0.00178723,-6.29534,0.00184477
10,694,1,No,-0.00669726,-5.00049,0.00673425
10,695,1,No,-0.000522989,-7.44877,0.000582121
10,696,1,Yes,-1.18714,-0.363893,0.694924
10,697,1,No,-0.00102722,-6.82529,0.0010859
10,698,1,No,-0.000191349,-8.29147,0.000250632
10,699,1,No,-0.0049878,-5.29139,0.00503447
10,700,1,No,-0.00329542,-5.699,0.00334911
10,701,1,Yes,-2.33433,-0.101829,0.903131
10,702,1,Yes,-1.96143,-0.15152,0.85935
10,703,1,No,-0.244113,-1.52943,0.216647
10,704,1,No,-0.0985688,-2.36525,0.09392
10,705,1,No,-0.0468024,-3.08383,0.0457809
10,706,1,No,-0.787568,-0.60677,0.545077
10,707,1,No,-0.00045763,-7.56764,0.000516881
10,708,1,No,-0.000280777,-7.98674,0.000339919
10,709,1,Yes,-5.14217,-0.00580251,0.994155
10,710,1,Yes,-1.08741,-0.411024,0.662932
10,711,1,No,-0.0076136,-4.87389,0.00764312
10,712,1,No,-0.0129143,-4.35126,0.0128897
10,713,1,No,-0.220766,-1.61871,0.198143
10,714,1,Yes,-2.58152,-0.0786111,0.924345
10,715,1,Yes,-2.16764,-0.121477,0.88556
10,716,1,Yes,-2.61868,-0.0756294,0.927105
10,717,1,No,-0.000233678,-8.13452,0.000293223
10,718,1,No,-0.000777606,-7.08609,0.000836611
10,719,1,No,-0.000256333,-8.06067,0.000315698
10,720,1,No,-0.000661831,-7.23538,0.00072059
10,721,1,No,-0.00144025,-6.50318,0.00149857
10,722,1,No,-0.00119525,-6.68172,0.00125354
10,723,1,No,-0.690948,-0.695234,0.498928
10,724,1,No,-0.000929907,-6.91903,0.000988731
10,725,1,No,-0.319186,-1.29712,0.273303
10,726,1,No,-1.53821,-0.241697,0.785248
10,727,1,Yes,-4.40162,-0.0122735,0.987743
10,728,1,Yes,-4.39284,-0.0123828,0.987635
10,729,1,No,-0.00390816,-5.53171,0.00395897
10,730,1,Yes,-4.65988,-0.00945265,0.990533
10,731,1,Yes,-1.93068,-0.156642,0.854959
10,732,1,Yes,-3.69072,-0.0252101,0.975048
10,733,1,Yes,-4.35633,-0.0128491,0.987175
10,734,1,Yes,-0.806197,-0.591484,0.553473
10,735,1,No,-0.0107461,-4.53308,0.0107469
10,736,1,Yes,-0.912907,-0.51299,0.598668
10,737,1,No,-0.20442,-1.68773,0.184928
10,738,1,Yes,-0.430056,-1.051,0.349566
10,739,1,No,-0.001878,-6.24746,0.00193525
10,740,1,No,-1.09424,-0.40757,0.665226
10,741,1,Yes,-1.65879,-0.211103,0.809643
10,742,1,Yes,-3.08008,-0.046983,0.954047
10,743,1,Yes,-2.60379,-0.0768092,0.926012
10,744,1,No,-0.265731,-1.45494,0.2334
10,745,1,Yes,-1.63917,-0.215773,0.80587
10,746,1,Yes,-1.32891,-0.307486,0.73525
10,747,1,Yes,-2.07872,-0.133567,0.874917
10,748,1,Yes,-0.224944,-1.60197,0.201486
10,749,1,No,-0.0010885,-6.77024,0.00114735
10,750,1,Yes,-3.98353,-0.0187345,0.981381
10,751,1,Yes,-3.42168,-0.033142,0.967345
10,752,1,No,-0.113844,-2.22875,0.107656
10,753,1,No,-0.525912,-0.893937,0.409018
10,754,1,Yes,-3.07862,-0.0470529,0.95398
10,755,1,Yes,-4.3682,-0.0126948,0.987327
10,756,1,Yes,-4.43133,-0.0119096,0.988102
10,757,1,Yes,-4.18386,-0.0152963,0.984761
10,758,1,Yes,-3.6383,-0.0265881,0.973704
10,759,1,No,-0.0004172,-7.65032,0.000475864
10,760,1,No,-1.8135,-0.17796,0.836927
10,761,1,No,-0.00568818,-5.16185,0.00573073
10,762,1,No,-0.6045,-0.790294,0.453685
10,763,1,Yes,-3.52854,-0.0297259,0.970654
10,764,1,Yes,-4.82713,-0.00798244,0.991991
10,765,1,No,-0.00237783,-6.01805,0.00243428
10,766,1,Yes,-4.5472,-0.0105938,0.989404
10,767,1,Yes,-2.33173,-0.10211,0.902878
10,768,1,Yes,-3.82639,-0.0219681,0.978213
10,769,1,Yes,-2.62245,-0.0753327,0.92738
10,770,1,Yes,-0.399321,-1.11083,0.329265
10,771,1,No,-1.1434,-0.383716,0.681285
10,772,1,Yes,-3.47403,-0.0314215,0.96901
10,773,1,No,-0.0140319,-4.26915,0.0139929
10,774,1,Yes,-4.23928,-0.014463,0.985583
10,775,1,No,-0.00970823,-4.6335,0.00972009
10,776,1,Yes,-1.92053,-0.158376,0.853479
10,777,1,No,-0.208806,-1.66862,0.188495
10,778,1,No,-1.36456,-0.294954,0.744522
10,779,1,Yes,-3.83614,-0.0217528,0.978425
10,780,1,Yes,-2.90418,-0.0562887,0.94521
10,781,1,Yes,-4.43246,-0.0118966,0.988116
10,782,1,No,-1.80089,-0.180435,0.834858
10,783,1,No,-0.0284079,-3.57313,0.0280662
10,784,1,No,-0.000119693,-8.63082,0.000178508
10,785,1,No,-0.905223,-0.518174,0.595572
10,786,1,No,-0.000559725,-7.38751,0.000618899
10,787,1,No,-0.00806698,-4.81667,0.0080932
10,788,1,No,-0.020274,-3.90561,0.0201274
10,789,1,No,-0.00500715,-5.28771,0.00505305
10,790,1,Yes,-3.35462,-0.0354857,0.96508
10,791,1,No,-0.0973931,-2.37666,0.0928543
10,792,1,No,-0.111175,-2.25116,0.105271
10,793,1,No,-0.0184703,-3.99758,0.018359
10,794,1,No,-0.0151971,-4.19032,0.0151405
10,795,1,No,-0.181224,-1.79691,0.165801
10,796,1,Yes,-1.08664,-0.411417,0.662672
10,797,1,Yes,-0.876732,-0.537995,0.583884
10,798,1,No,-2.32901,-0.102402,0.902613
10,799,1,No,-2.97157,-0.052519,0.94878
10,800,1,Yes,-1.84096,-0.172696,0.841344
10,801,1,No,-0.000376593,-7.73819,0.000435836
10,802,1,Yes,-4.76609,-0.00848966,0.991487
10,803,1,No,-1.04798,-0.431682,0.649377
10,804,1,No,-0.120652,-2.17405,0.11371
10,805,1,Yes,-0.422285,-1.06563,0.344491
10,806,1,No,-0.00150209,-6.46321,0.00155969
10,807,1,Yes,-3.15327,-0.0435898,0.95729
10,808,1,No,-0.00113587,-6.72979,0.00119471
10,809,1,Yes,-3.72679,-0.0243036,0.975931
10,810,1,Yes,-0.13013,-2.10309,0.122072
10,811,1,No,-0.967297,-0.478117,0.619913
10,812,1,No,-0.00113844,-6.7279,0.00119697
10,813,1,No,-0.679153,-0.707222,0.492983
10,814,1,No,-0.200847,-1.70363,0.182011
10,815,1,No,-0.100463,-2.34716,0.0956347
10,816,1,Yes,-2.69575,-0.0698147,0.932512
10,817,1,Yes,-3.17484,-0.0426379,0.958202
10,818,1,Yes,-1.15663,-0.377586,0.685474
10,819,1,No,-0.0585836,-2.86539,0.0569573
10,820,1,Yes,-1.98643,-0.147486,0.862823
10,821,1,Yes,-2.91356,-0.0557485,0.945721
10,822,1,Yes,-4.18864,-0.0152234,0.984834
10,823,1,Yes,-3.048,-0.0485552,0.952549
10,824,1,Yes,-4.85953,-0.00772508,0.992246
10,825,1,Yes,-1.25494,-0.335521,0.714924
10,826,1,Yes,-0.0164477,-4.11216,0.0163714
10,827,1,No,-0.0029029,-5.82306,0.00295837
10,828,1,Yes,-3.1863,-0.0421407,0.958678
10,829,1,Yes,-3.48584,-0.0310458,0.969374
10,830,1,No,-0.000105029,-8.71323,0.000164387
10,831,1,No,-1.398,-0.283731,0.752925
10,832,1,Yes,-3.54141,-0.0293405,0.971029
10,833,1,Yes,-4.70838,-0.00900063,0.990981
10,834,1,Yes,-1.91573,-0.159201,0.852774
10,835,1,Yes,-3.75288,-0.0236689,0.976551
10,836,1,Yes,-2.08353,-0.132882,0.875517
10,837,1,Yes,-3.12093,-0.0450567,0.955887
10,838,1,Yes,-2.81155,-0.0619312,0.939892
10,839,1,No,-0.00014628,-8.49221,0.000205048
10,840,1,Yes,-0.818432,-0.58172,0.558903
10,841,1,No,-0.907802,-0.516426,0.596614
10,842,1,No,-0.000121124,-8.61956,0.000180529
10,843,1,Yes,-3.79766,-0.0226173,0.977578
10,844,1,Yes,-1.38974,-0.286457,0.750875
10,845,1,No,-0.00674995,-4.99292,0.00678545
10,846,1,Yes,-0.184033,-1.7829,0.16814
10,847,1,No,-0.00145243,-6.4952,0.00151058
10,848,1,No,-0.0023519,-6.02874,0.00240838
10,849,1,Yes,-2.60303,-0.0768699,0.925956
10,850,1,No,-0.00032293,-7.8695,0.000382201
10,851,1,Yes,-3.50178,-0.0305464,0.969858
10,852,1,No,-0.145544,-1.99873,0.135499
10,853,1,Yes,-0.603185,-0.791881,0.452965
10,854,1,Yes,-4.55224,-0.0105399,0.989457
10,855,1,No,-0.488398,-0.950753,0.386427
10,856,1,No,-0.0599358,-2.84328,0.0582307
10,857,1,No,-0.165185,-1.88175,0.152314
10,858,1,No,-0.158256,-1.92122,0.146419
10,859,1,Yes,-0.643763,-0.744975,0.474719
10,860,1,No,-0.431415,-1.04848,0.350449
10,861,1,Yes,-3.34867,-0.0357017,0.964871
10,862,1,No,-0.0361579,-3.33621,0.0355694
10,863,1,No,-0.00251448,-5.9637,0.00257023
10,864,1,Yes,-4.004,-0.0183509,0.981758
10,865,1,No,-0.000842986,-7.01107,0.000901792
10,866,1,No,-0.000927879,-6.92071,0.000987066
10,867,1,No,-0.000653958,-7.24573,0.000713174
10,868,1,Yes,-0.945882,-0.491477,0.611686
10,869,1,Yes,-0.561667,-0.844433,0.429776
10,870,1,No,-0.00133777,-6.57399,0.00139613
10,871,1,No,-0.00408631,-5.48759,0.00413755
10,872,1,Yes,-3.05326,-0.0482935,0.952798
10,873,1,Yes,-3.01961,-0.0499902,0.951183
10,874,1,Yes,-2.65347,-0.0729445,0.929598
10,875,1,No,-0.0971352,-2.37918,0.0926207
10,876,1,Yes,-2.13908,-0.125228,0.882243
10,877,1,No,-0.0397691,-3.24299,0.0390448
10,878,1,Yes,-4.4664,-0.0114952,0.988512
10,879,1,Yes,-1.97538,-0.149254,0.861299
10,880,1,Yes,-4.63259,-0.0097169,0.990271
10,881,1,No,-0.0109773,-4.51197,0.0109762
10,882,1,Yes,-4.42665,-0.0119666,0.988046
10,883,1,Yes,-4.61662,-0.00987598,0.990114
10,884,1,Yes,-1.3694,-0.293297,0.745756
10,885,1,Yes,-2.37329,-0.097739,0.906832
10,886,1,Yes,-4.55407,-0.0105197,0.989476
10,887,1,No,-0.98374,-0.468167,0.626112
10,888,1,Yes,-0.741264,-0.647128,0.523517
10,889,1,Yes,-0.341031,-1.24125,0.289005
10,890,1,Yes,-1.11252,-0.398494,0.671291
10,891,1,Yes,-3.81749,-0.0221674,0.978018
10,892,1,Yes,-4.96512,-0.00694223,0.993023
10,893,1,Yes,-4.40134,-0.0122771,0.98774
10,894,1,Yes,-3.90522,-0.0202818,0.979865
10,895,1,Yes,-3.76465,-0.0233888,0.976826
10,896,1,No,-0.000163926,-8.40689,0.00022331
10,897,1,No,-0.000267541,-8.02605,0.000326818
10,898,1,Yes,-2.74767,-0.0661585,0.935927
10,899,1,No,-0.000358407,-7.78091,0.000417608
10,900,1,No,-0.000203869,-8.24398,0.00026282
10,901,1,Yes,-4.57187,-0.0103321,0.989662
10,902,1,Yes,-1.02414,-0.444797,0.640917
10,903,1,No,-0.0871614,-2.48254,0.0835255
10,904,1,Yes,-4.39258,-0.0123864,0.987632
10,905,1,Yes,-4.17969,-0.0153612,0.984698
10,906,1,Yes,-4.13663,-0.0160449,0.984024
10,907,1,No,-0.0849909,-2.50667,0.0815341
10,908,1,No,-0.443299,-1.02682,0.358122
10,909,1,No,-0.774511,-0.617799,0.539098
10,910,1,Yes,-1.61517,-0.221642,0.801155
10,911,1,No,-0.000298306,-7.93517,0.00035791
10,912,1,Yes,-0.338882,-1.24656,0.287476
10,913,1,No,-0.15509,-1.93988,0.143713
10,914,1,No,-0.0024579,-5.98566,0.0025144
10,915,1,Yes,-3.63724,-0.0266166,0.973677
10,916,1,No,-0.0103733,-4.56794,0.0103787
10,917,1,Yes,-2.08847,-0.132181,0.876131
10,918,1,Yes,-3.3157,-0.0369228,0.963693
10,919,1,Yes,-4.47341,-0.0114137,0.988592
10,920,1,Yes,-2.44546,-0.0906123,0.913318
10,921,1,No,-0.0071839,-4.93125,0.00721706
10,922,1,No,-0.15759,-1.92512,0.14585
10,923,1,Yes,-3.82342,-0.0220342,0.978148
10,924,1,Yes,-4.02796,-0.0179118,0.98219
10,925,1,Yes,-0.391069,-1.12786,0.323706
10,926,1,Yes,-4.64454,-0.00960104,0.990387
10,927,1,Yes,-2.33177,-0.102105,0.902882
10,928,1,No,-0.000743009,-7.12818,0.000802129
10,929,1,No,-0.000429067,-7.62417,0.000488474
10,930,1,Yes,-2.53211,-0.0827643,0.920513
10,931,1,No,-0.0533612,-2.95609,0.0520189
10,932,1,No,-0.0145965,-4.23015,0.0145493
10,933,1,Yes,-2.44262,-0.0908802,0.913073
10,934,1,No,-0.00119835,-6.6791,0.00125684
10,935,1,No,-0.0044481,-5.40416,0.00449758
10,936,1,Yes,-3.37883,-0.034621,0.965915
10,937,1,No,-0.00286285,-5.83674,0.00291816
10,938,1,No,-0.0108864,-4.52018,0.0108864
10,939,1,No,-0.00243364,-5.99534,0.00249018
10,940,1,Yes,-3.22405,-0.0405456,0.960209
10,941,1,No,-0.019093,-3.96483,0.0189702
10,942,1,No,-0.0313659,-3.47576,0.0309366
10,943,1,Yes,-5.42408,-0.00435956,0.995591
10,944,1,Yes,-0.276134,-1.42152,0.241333
10,945,1,No,-0.0249784,-3.6998,0.024727
10,946,1,Yes,-2.35517,-0.0996189,0.905129
10,947,1,Yes,-0.416476,-1.07678,0.340672
10,948,1,Yes,-3.40361,-0.0337573,0.966749
10,949,1,Yes,-4.56616,-0.0103921,0.989603
10,950,1,No,-0.00161994,-6.39013,0.00167795
10,951,1,Yes,-3.27428,-0.0385174,0.962158
10,952,1,Yes,-0.981954,-0.469236,0.625443
10,953,1,Yes,-1.48491,-0.256785,0.77349
10,954,1,Yes,-3.92531,-0.0198727,0.980265
10,955,1,Yes,-0.967174,-0.478193,0.619867
10,956,1,Yes,-3.98863,-0.0186387,0.981476
10,957,1,Yes,-3.37087,-0.0349022,0.965642
10,958,1,Yes,-3.93079,-0.0197633,0.980373
10,959,1,No,-0.0265421,-3.64002,0.0262503
10,960,1,No,-0.00088039,-6.96989,0.0009397
10,961,1,Yes,-3.49934,-0.0306226,0.969784
10,962,1,No,-0.00351031,-5.63702,0.00356325
10,963,1,No,-0.0718073,-2.66859,0.0693456
10,964,1,No,-0.616832,-0.775644,0.46038
10,965,1,No,-0.00238357,-6.01553,0.00244041
10,966,1,No,-0.0281581,-3.58183,0.027823
10,967,1,No,-0.064099,-2.77825,0.0621438
10,968,1,No,-1.43127,-0.273053,0.761008
10,969,1,Yes,-1.50579,-0.250752,0.77817
10,970,1,Yes,-3.89885,-0.0204127,0.979736
10,971,1,Yes,-4.02776,-0.0179142,0.982187
10,972,1,No,-0.0392891,-3.25484,0.0385848
10,973,1,No,-0.188278,-1.76215,0.171665
10,974,1,Yes,-1.53252,-0.24326,0.784022
10,975,1,No,-0.359876,-1.19635,0.302278
10,976,1,No,-0.494952,-0.940434,0.390436
10,977,1,Yes,-0.882641,-0.533805,0.586335
10,978,1,Yes,-3.28956,-0.0379214,0.962732
10,979,1,Yes,-0.172809,-1.84036,0.158751
10,980,1,Yes,-0.362592,-1.19011,0.30417
10,981,1,Yes,-0.311206,-1.31865,0.26748
10,982,1,Yes,-0.249188,-1.51129,0.220612
10,983,1,Yes,-2.91578,-0.055621,0.945841
10,984,1,No,-0.413287,-1.08298,0.338566
10,985,1,No,-0.905118,-0.518246,0.595529
10,986,1,Yes,-0.890609,-0.528221,0.589618
10,987,1,Yes,-0.932457,-0.500095,0.606437
10,988,1,Yes,-3.41327,-0.0334267,0.967069
10,989,1,Yes,-1.55586,-0.236924,0.789005
10,990,1,Yes,-0.6968,-0.68939,0.501852
10,991,1,Yes,-0.678267,-0.708133,0.492534
10,992,1,No,-0.523675,-0.897178,0.407695
10,993,1,Yes,-1.69105,-0.203667,0.815686
10,994,1,Yes,-1.38353,-0.288528,0.749322
10,995,1,Yes,-0.845413,-0.560929,0.570645
10,996,1,Yes,-3.03367,-0.0492734,0.951864
10,997,1,Yes,-2.64143,-0.0738625,0.928745
10,998,1,Yes,-4.13306,-0.0161035,0.983967
10,999,1,Yes,-4.0558,-0.0174125,0.982679
10,1000,1,Yes,-1.60846,-0.223315,0.799815
10,1001,1,Yes,-1.92433,-0.157723,0.854036
10,1002,1,Yes,-3.72185,-0.0244256,0.975812
10,1003,1,Yes,-4.56,-0.0104573,0.989539
10,1004,1,Yes,-4.67497,-0.00930988,0.990675
10,1005,1,No,-0.664733,-0.722272,0.485619
10,1006,1,Yes,-1.00248,-0.457144,0.633052
10,1007,1,Yes,-2.58979,-0.077937,0.924968
10,1008,1,Yes,-1.1404,-0.385123,0.680327
10,1009,1,Yes,-4.2754,-0.0139437,0.986094
10,1010,1,Yes,-3.78616,-0.0228835,0.977319
10,1011,1,Yes,-4.23008,-0.0145984,0.98545
10,1012,1,Yes,-4.3013,-0.013584,0.98645
10,1013,1,Yes,-2.53878,-0.0821902,0.921042
10,1014,1,Yes,-4.55606,-0.0104987,0.989497
10,1015,1,No,-0.0165759,-4.10448,0.0164977
10,1016,1,Yes,-1.7926,-0.182082,0.833484
10,1017,1,Yes,-2.22229,-0.114628,0.891645
10,1018,1,Yes,-3.18171,-0.0423395,0.958488
10,1019,1,Yes,-4.02739,-0.0179209,0.98218
10,1020,1,No,-0.00108927,-6.76984,0.00114781
10,1021,1,No,-0.0243042,-3.72678,0.0240688
10,1022,1,No,-0.0146582,-4.22603,0.0146094
10,1023,1,Yes,-4.3252,-0.0132591,0.98677
10,1024,1,Yes,-2.97016,-0.0525947,0.948708
10,1025,1,Yes,-0.562828,-0.842894,0.430438
10,1026,1,Yes,-3.64465,-0.0264173,0.973871
10,1027,1,Yes,-1.12165,-0.394056,0.674276
10,1028,1,Yes,-1.763,-0.188102,0.828481
10,1029,1,Yes,-1.56809,-0.233678,0.79157
10,1030,1,Yes,-2.25869,-0.110292,0.895519
10,1031,1,Yes,-0.203002,-1.694,0.183772
10,1032,1,No,-0.0153745,-4.17882,0.0153156
10,1033,1,No,-0.140658,-2.03047,0.131265
10,1034,1,No,-1.75417,-0.189939,0.82696
10,1035,1,Yes,-1.85453,-0.170158,0.843482
10,1036,1,Yes,-3.19664,-0.0416976,0.959103
10,1037,1,Yes,-3.12546,-0.0448487,0.956086
10,1038,1,No,-0.00844097,-4.77188,0.00846395
10,1039,1,No,-0.139292,-2.03957,0.130077
10,1040,1,No,-0.0476046,-3.06725,0.046546
10,1041,1,Yes,-3.56793,-0.0285593,0.971787
10,1042,1,Yes,-3.37718,-0.0346782,0.965859
10,1043,1,No,-0.663021,-0.724087,0.484738
10,1044,1,Yes,-2.47356,-0.0879841,0.915721
10,1045,1,Yes,-1.28411,-0.324123,0.723119
10,1046,1,No,-0.0112741,-4.48557,0.0112698
10,1047,1,No,-0.0143596,-4.24631,0.0143161
10,1048,1,No,-0.000184613,-8.32091,0.00024336
10,1049,1,No,-0.000157846,-8.43609,0.000216883
10,1050,1,No,-7.53431e-05,-8.91435,0.000134438
10,1051,1,No,-0.000285428,-7.97221,0.000344897
10,1052,1,No,-0.000108069,-8.69646,0.000167166
10,1053,1,No,-0.000192243,-8.28754,0.000251619
10,1054,1,No,-0.0554955,-2.91797,0.0540401
10,1055,1,No,-0.00152824,-6.44601,0.00158674
10,1056,1,No,-0.00160901,-6.39659,0.00166714
10,1057,1,No,-0.00103199,-6.82089,0.00109068
10,1058,1,No,-0.000153792,-8.45327,0.000213188
10,1059,1,No,-0.000128516,-8.5819,0.000187458
10,1060,1,No,-0.00214353,-6.11874,0.00220109
10,1061,1,Yes,-2.43858,-0.0912657,0.912721
10,1062,1,Yes,-4.78131,-0.00836055,0.991615
10,1063,1,No,-3.82109,-0.0220868,0.978097
10,1064,1,Yes,-4.84577,-0.00783309,0.992139
10,1065,1,No,-1.99951,-0.145422,0.864606
10,1066,1,No,-0.000117666,-8.63934,0.000176993
10,1067,1,No,-7.16474e-05,-8.9427,0.00013068
10,1068,1,No,-0.03782,-3.29216,0.0371714
10,1069,1,No,-0.000671374,-7.22124,0.00073085
10,1070,1,No,-0.000141929,-8.51257,0.000200915
10,1071,1,No,-4.56582e-05,-9.15821,0.000105345
10,1072,1,No,-0.176699,-1.81999,0.162018
10,1073,1,No,-5.48974e-05,-9.07406,0.000114594
10,1074,1,No,-0.000301645,-7.92698,0.000360853
10,1075,1,No,-0.000128754,-8.57856,0.000188084
10,1076,1,No,-0.341698,-1.23962,0.289479
10,1077,1,No,-0.00702242,-4.95369,0.00705691
10,1078,1,No,-0.225433,-1.60004,0.201877
10,1079,1,No,-0.00100365,-6.84695,0.00106263
10,1080,1,No,-0.00134851,-6.56641,0.00140676
10,1081,1,No,-0.00371938,-5.58027,0.00377133
10,1082,1,Yes,-0.338287,-1.24803,0.287052
10,1083,1,No,-0.00349548,-5.64122,0.00354834
10,1084,1,Yes,-3.97351,-0.0189263,0.981194
10,1085,1,Yes,-4.68268,-0.00923762,0.990746
10,1086,1,Yes,-4.95195,-0.00703473,0.992931
10,1087,1,Yes,-0.166002,-1.87722,0.153005
10,1088,1,No,-0.168557,-1.8632,0.155167
10,1089,1,Yes,-0.687296,-0.698915,0.497095
10,1090,1,Yes,-0.96553,-0.479203,0.619241
10,1091,1,Yes,-3.84866,-0.0214776,0.978693
10,1092,1,Yes,-2.75582,-0.0656036,0.936447
10,1093,1,No,-0.000580599,-7.3551,0.000639287
10,1094,1,No,-0.000562468,-7.38228,0.000622142
10,1095,1,No,-0.00149266,-6.46885,0.00155092
10,1096,1,No,-0.0300364,-3.5183,0.0296479
10,1097,1,No,-0.00125612,-6.63415,0.00131461
10,1098,1,No,-0.0204614,-3.89648,0.020312
10,1099,1,Yes,-0.16651,-1.87442,0.153436
10,1100,1,No,-0.780224,-0.61294,0.541724
10,1101,1,Yes,-3.86973,-0.0210242,0.979137
10,1102,1,Yes,-4.47394,-0.0114075,0.988598
10,1103,1,Yes,-3.74316,-0.0239028,0.976322
10,1104,1,Yes,-0.730625,-0.65691,0.51842
10,1105,1,No,-0.546177,-0.865363,0.420874
10,1106,1,Yes,-0.655478,-0.732168,0.480837
10,1107,1,No,-0.699706,-0.686514,0.503298
10,1108,1,Yes,-3.9567,-0.0192512,0.980875
10,1109,1,Yes,-4.16934,-0.015523,0.984538
10,1110,1,Yes,-4.83718,-0.00790121,0.992071
10,1111,1,Yes,-3.92818,-0.0198155,0.980322
10,1112,1,Yes,-3.36163,-0.0352329,0.965323
10,1113,1,Yes,-2.71272,-0.0685969,0.933648
10,1114,1,Yes,-2.76834,-0.0647598,0.937238
10,1115,1,Yes,-1.91353,-0.159583,0.852449
10,1116,1,No,-0.0365048,-3.32684,0.0359044
10,1117,1,Yes,-2.37816,-0.0972406,0.907284
10,1118,1,Yes,-4.11822,-0.0163476,0.983727
10,1119,1,Yes,-2.21041,-0.116081,0.890351
10,1120,1,Yes,-2.1155,-0.128417,0.879434
10,1121,1,Yes,-2.81632,-0.0616274,0.940178
10,1122,1,Yes,-4.27999,-0.0138798,0.986158
10,1123,1,Yes,-0.608826,-0.785111,0.456042
10,1124,1,Yes,-3.76076,-0.0234807,0.976735
10,1125,1,Yes,-2.21125,-0.115977,0.890443
10,1126,1,Yes,-3.60157,-0.0275993,0.972721
10,1127,1,No,-1.6818,-0.205771,0.813971
10,1128,1,No,-0.410463,-1.08852,0.336696
10,1129,1,No,-0.567906,-0.836214,0.433323
10,1130,1,No,-1.68708,-0.204567,0.814952
10,1131,1,Yes,-3.85605,-0.0213177,0.97885
10,1132,1,Yes,-1.55263,-0.23779,0.788321
10,1133,1,Yes,-3.98955,-0.0186216,0.981493
10,1134,1,Yes,-4.46025,-0.0115668,0.988441
10,1135,1,Yes,-3.86248,-0.0211783,0.978985
10,1136,1,Yes,-3.6291,-0.0268372,0.973462
10,1137,1,Yes,-3.9263,-0.019853,0.980285
10,1138,1,Yes,-0.268004,-1.44751,0.23514
10,1139,1,No,-0.594655,-0.802281,0.448279
10,1140,1,Yes,-3.30347,-0.0373857,0.963247
10,1141,1,Yes,-2.96786,-0.0527198,0.94859
10,1142,1,Yes,-4.06677,-0.0172208,0.982868
10,1143,1,Yes,-5.05249,-0.00635499,0.993607
10,1144,1,Yes,-4.1293,-0.016165,0.983907
10,1145,1,No,-0.442738,-1.02783,0.357763
10,1146,1,Yes,-2.65065,-0.0731589,0.929399
10,1147,1,Yes,-3.44817,-0.0322595,0.968198
10,1148,1,Yes,-3.2279,-0.0403863,0.960362
10,1149,1,Yes,-3.50038,-0.0305902,0.969816
10,1150,1,Yes,-0.35626,-1.20474,0.299751
10,1151,1,Yes,-3.20291,-0.041432,0.959358
10,1152,1,Yes,-2.56288,-0.0801519,0.922922
10,1153,1,No,-0.123144,-2.15483,0.115916
10,1154,1,No,-0.0018934,-6.23951,0.0019507
10,1155,1,No,-0.0345128,-3.3819,0.0339809
10,1156,1,No,-0.00495803,-5.29733,0.00500465
10,1157,1,No,-0.00241673,-6.00234,0.00247282
10,1158,1,No,-0.0106323,-4.54365,0.0106339
10,1159,1,No,-0.498368,-0.935122,0.392515
10,1160,1,Yes,-1.99721,-0.145782,0.864295
10,1161,1,Yes,-1.15038,-0.380469,0.683501
10,1162,1,No,-0.0241822,-3.73171,0.0239505
10,1163,1,Yes,-1.62917,-0.218198,0.803919
10,1164,1,No,-0.010912,-4.5179,0.0109113
10,1165,1,No,-0.131927,-2.09026,0.123647
10,1166,1,Yes,-2.19046,-0.118566,0.888141
10,1167,1,Yes,-1.95243,-0.152999,0.858079
10,1168,1,Yes,-3.01986,-0.0499772,0.951195
10,1169,1,Yes,-0.474095,-0.973891,0.377589
10,1170,1,Yes,-2.07359,-0.134303,0.874274
10,1171,1,No,-0.466626,-0.986325,0.372923
10,1172,1,Yes,-3.2265,-0.0404443,0.960306
10,1173,1,No,-0.282204,-1.40267,0.245925
10,1174,1,No,-0.74506,-0.643684,0.525322
10,1175,1,Yes,-2.88485,-0.0574225,0.94414
10,1176,1,No,-0.832106,-0.571059,0.564894
10,1177,1,Yes,-3.59454,-0.0277967,0.972528
10,1178,1,Yes,-2.4872,-0.0867388,0.916863
10,1179,1,No,-0.115104,-2.21837,0.10878
10,1180,1,Yes,-4.39536,-0.0123515,0.987666
10,1181,1,Yes,-0.663741,-0.723323,0.485109
10,1182,1,Yes,-3.13906,-0.0442273,0.956679
10,1183,1,No,-0.0267877,-3.63093,0.0264901
10,1184,1,Yes,-4.15975,-0.0156741,0.984389
10,1185,1,No,-2.65626,-0.0727333,0.929794
10,1186,1,Yes,-2.27285,-0.108653,0.896988
10,1187,1,No,-0.491862,-0.945275,0.38855
10,1188,1,No,-0.360956,-1.19386,0.303031
10,1189,1,No,-0.0190782,-3.96558,0.0189559
10,1190,1,No,-0.000229743,-8.14928,0.000288925
10,1191,1,No,-0.00021293,-8.21011,0.000271875
10,1192,1,No,-0.000224854,-8.1659,0.000284165
10,1193,1,No,-0.000140736,-8.51609,0.000200208
10,1194,1,No,-0.0181707,-4.01372,0.018065
10,1195,1,No,-0.0423289,-3.18195,0.0415021
10,1196,1,No,-0.000348927,-7.80447,0.000407884
10,1197,1,No,-0.000974653,-6.87488,0.00103336
10,1198,1,No,-0.000354114,-7.79162,0.000413159
10,1199,1,No,-0.00112221,-6.7413,0.00118104
10,1200,1,No,-0.000218952,-8.18771,0.000278034
10,1201,1,No,-0.000310052,-7.90286,0.000369663
10,1202,1,Yes,-5.06183,-0.00629429,0.993666
10,1203,1,Yes,-5.16651,-0.00566109,0.994296
10,1204,1,Yes,-5.1867,-0.00554702,0.99441
10,1205,1,Yes,-4.63588,-0.00968566,0.990303
10,1206,1,No,-9.83525e-05,-8.75686,0.000157369
10,1207,1,No,-0.000366517,-7.76152,0.000425785
10,1208,1,No,-4.5837e-05,-9.16234,0.000104911
10,1209,1,No,-0.000880271,-6.97038,0.00093924
10,1210,1,No,-0.000115699,-8.65182,0.000174799
10,1211,1,No,-0.000205419,-8.2365,0.000264795
10,1212,1,No,-0.0020353,-6.1694,0.00209236
10,1213,1,No,-0.00446804,-5.39972,0.00451756
10,1214,1,No,-0.239428,-1.54655,0.212968
10,1215,1,No,-0.00696636,-4.96156,0.00700157
10,1216,1,No,-0.00191711,-6.22724,0.00197477
10,1217,1,Yes,-1.04283,-0.434475,0.647566
10,1218,1,No,-0.188483,-1.76117,0.171834
10,1219,1,No,-0.372317,-1.16821,0.310905
10,1220,1,Yes,-0.515351,-0.909395,0.402744
10,1221,1,Yes,-4.38335,-0.0125017,0.987517
10,1222,1,Yes,-4.34773,-0.0129603,0.987065
10,1223,1,Yes,-2.8301,-0.0607567,0.940997
10,1224,1,No,-0.000597715,-7.32854,0.00065649
10,1225,1,No,-0.000564019,-7.38042,0.000623303
10,1226,1,No,-0.000217521,-8.19173,0.000276917
10,1227,1,No,-0.0074831,-4.89088,0.00751437
10,1228,1,No,-0.00148699,-6.47245,0.00154535
10,1229,1,No,-0.00452468,-5.38733,0.00457391
10,1230,1,No,-0.0144813,-4.23798,0.0144359
10,1231,1,No,-0.00436979,-5.42163,0.00441968
10,1232,1,No,-0.0546206,-2.93341,0.053212
10,1233,1,No,-0.00403095,-5.50109,0.00408208
10,1234,1,Yes,-2.0629,-0.135849,0.872923
10,1235,1,Yes,-3.51869,-0.030025,0.970363
10,1236,1,Yes,-4.0798,-0.0169949,0.98309
10,1237,1,Yes,-1.89435,-0.162939,0.849593
10,1238,1,No,-0.0738981,-2.64095,0.0712889
10,1239,1,No,-0.028367,-3.57455,0.0280264
10,1240,1,Yes,-3.70983,-0.0247252,0.97552
10,1241,1,Yes,-2.10714,-0.129568,0.878423
10,1242,1,Yes,-5.01024,-0.0066321,0.993331
10,1243,1,Yes,-4.20388,-0.0149895,0.985063
10,1244,1,No,-0.00160226,-6.40098,0.00165984
10,1245,1,Yes,-3.64385,-0.0264387,0.97385
10,1246,1,Yes,-4.3775,-0.0125758,0.987444
10,1247,1,No,-0.000862553,-6.98958,0.000921382
10,1248,1,No,-0.000677696,-7.21263,0.000737175
10,1249,1,No,-0.149552,-1.97353,0.138958
10,1250,1,No,-0.000781186,-7.08221,0.000839864
10,1251,1,Yes,-4.95545,-0.00701024,0.992955
10,1252,1,Yes,-4.0741,-0.0170928,0.982993
10,1253,1,No,-0.000807432,-7.05047,0.000866947
10,1254,1,No,-0.000459777,-7.56353,0.00051901
10,1255,1,No,-0.00117932,-6.69434,0.00123782
10,1256,1,Yes,-1.18618,-0.364312,0.694634
10,1257,1,Yes,-0.772848,-0.619224,0.538331
10,1258,1,Yes,-4.92897,-0.00719993,0.992766
10,1259,1,Yes,-4.67255,-0.00933184,0.990652
10,1260,1,No,-0.000167265,-8.39102,0.000226882
10,1261,1,Yes,-2.96829,-0.0526954,0.948612
10,1262,1,No,-0.000168695,-8.38837,0.000227484
10,1263,1,Yes,-4.80954,-0.00812442,0.991849
10,1264,1,No,-0.00207287,-6.15159,0.00212996
10,1265,1,Yes,-1.98094,-0.148361,0.862069
10,1266,1,No,-0.00603353,-5.10367,0.00607403
10,1267,1,Yes,-4.48888,-0.0112366,0.988767
10,1268,1,No,-0.000736567,-7.13632,0.000795629
10,1269,1,Yes,-4.09381,-0.016756,0.983325
10,1270,1,No,-0.0253106,-3.68678,0.0250511
10,1271,1,No,-0.107522,-2.28275,0.101997
10,1272,1,No,-0.0204529,-3.8969,0.0203035
10,1273,1,Yes,-3.85591,-0.0213204,0.978847
10,1274,1,No,-0.00238775,-6.01395,0.00244426
10,1275,1,Yes,-4.09338,-0.0167633,0.983318
10,1276,1,No,-0.00110168,-6.75885,0.00116049
10,1277,1,No,-0.00333483,-5.68739,0.00338821
10,1278,1,No,-0.150779,-1.96596,0.140013
10,1279,1,No,-7.82043e-05,-8.89546,0.000137002
10,1280,1,No,-0.0809611,-2.55323,0.0778253
10,1281,1,Yes,-4.23332,-0.01455,0.985497
10,1282,1,No,-4.33723,-0.0130983,0.986928
10,1283,1,No,-0.00126114,-6.63035,0.00131962
10,1284,1,No,-0.000190992,-8.29485,0.000249786
10,1285,1,No,-0.454245,-1.0075,0.36511
10,1286,1,Yes,-4.556,-0.0104994,0.989497
10,1287,1,Yes,-3.18956,-0.0420005,0.958813
10,1288,1,No,-0.00030868,-7.90716,0.000368076
10,1289,1,No,-7.45086e-05,-8.92095,0.000133553
10,1290,1,Yes,-4.36457,-0.0127413,0.987281
10,1291,1,No,-3.95783e-05,-9.22358,9.86787e-05
10,1292,1,No,-0.000117607,-8.64089,0.000176719
10,1293,1,No,-0.000128099,-8.58264,0.000187318
10,1294,1,No,-4.10684e-05,-9.20462,0.000100568
10,1295,1,Yes,-4.30343,-0.0135537,0.986479
10,1296,1,Yes,-4.2258,-0.0146612,0.985387
10,1297,1,No,-0.000102287,-8.72867,0.000161868
10,1298,1,No,-0.000145744,-8.49167,0.000205159
10,1299,1,No,-0.000416843,-7.64983,0.000476096
10,1300,1,Yes,-3.77274,-0.0231962,0.977013
10,1301,1,No,-0.117794,-2.19661,0.111173
10,1302,1,No,-1.65616,-0.211722,0.809141
10,1303,1,No,-0.00131849,-6.58783,0.00137694
10,1304,1,No,-0.00227185,-6.06254,0.00232835
10,1305,1,No,-0.987026,-0.46621,0.627338
10,1306,1,Yes,-4.67363,-0.00932269,0.990662
10,1307,1,No,-0.00343638,-5.65783,0.00348987
10,1308,1,No,-0.00843244,-4.77287,0.00845556
10,1309,1,No,-0.00184993,-6.26184,0.00190762
10,1310,1,Yes,-3.54631,-0.0291935,0.971171
10,1311,1,Yes,-3.52003,-0.0299841,0.970403
10,1312,1,Yes,-2.61509,-0.0759112,0.926843
10,1313,1,Yes,-4.11227,-0.0164452,0.98363
10,1314,1,Yes,-0.537419,-0.877539,0.415781
10,1315,1,No,-0.225609,-1.59934,0.202017
10,1316,1,Yes,-2.61224,-0.0761375,0.926634
10,1317,1,No,-0.113269,-2.23354,0.107142
10,1318,1,No,-0.000953712,-6.89533,0.00101244
10,1319,1,No,-0.13423,-2.07409,0.125663
10,1320,1,Yes,-4.86038,-0.00771739,0.992253
10,1321,1,No,-0.0013118,-6.59296,0.0013699
10,1322,1,Yes,-3.53718,-0.0294664,0.970906
10,1323,1,No,-0.727193,-0.660108,0.516765
10,1324,1,No,-0.359394,-1.19746,0.301942
10,1325,1,Yes,-3.67084,-0.0257233,0.974547
10,1326,1,Yes,-2.62211,-0.0753593,0.927355
10,1327,1,Yes,-2.96747,-0.0527396,0.94857
10,1328,1,Yes,-5.40915,-0.00442559,0.995525
10,1329,1,No,-0.0227617,-3.79141,0.0225624
10,1330,1,No,-0.802221,-0.594702,0.551695
10,1331,1,Yes,-2.76116,-0.0652416,0.936785
10,1332,1,Yes,-0.520167,-0.902295,0.405614
10,1333,1,Yes,-3.27074,-0.0386568,0.962024
10,1334,1,Yes,-2.04944,-0.137823,0.871201
10,1335,1,Yes,-2.45252,-0.0899435,0.913929
10,1336,1,Yes,-2.3297,-0.102327,0.902681
10,1337,1,Yes,-3.21397,-0.0409649,0.959806
10,1338,1,Yes,-2.71811,-0.068215,0.934005
10,1339,1,Yes,-3.22913,-0.0403347,0.960411
10,1340,1,Yes,-4.48726,-0.0112545,0.988749
10,1341,1,Yes,-3.15288,-0.0436064,0.957274
10,1342,1,Yes,-3.37024,-0.0349246,0.965621
10,1343,1,Yes,-6.08978,-0.00220852,0.997734
10,1344,1,Yes,-3.4123,-0.0334596,0.967037
10,1345,1,Yes,-1.95516,-0.152548,0.858467
10,1346,1,No,-0.0349044,-3.37081,0.0343597
10,1347,1,Yes,-5.10806,-0.00600684,0.993953
10,1348,1,Yes,-2.98955,-0.0515578,0.949693
10,1349,1,Yes,-1.99606,-0.145964,0.864138
10,1350,1,No,-4.23135,-0.0145788,0.985468
10,1351,1,Yes,-0.589539,-0.808611,0.44545
10,1352,1,Yes,-0.130429,-2.10095,0.122333
10,1353,1,Yes,-3.75881,-0.0235269,0.97669
10,1354,1,No,-0.7198,-0.667072,0.513179
10,1355,1,Yes,-4.39642,-0.0123384,0.987679
10,1356,1,Yes,-3.10636,-0.0457349,0.955239
10,1357,1,Yes,-2.8437,-0.0599102,0.941794
10,1358,1,No,-0.27539,-1.42386,0.240769
10,1359,1,Yes,-4.28941,-0.0137474,0.986288
10,1360,1,No,-0.506863,-0.922116,0.397653
10,1361,1,Yes,-0.764506,-0.626433,0.534463
10,1362,1,Yes,-0.704383,-0.68192,0.505615
10,1363,1,No,-0.861351,-0.549104,0.577434
10,1364,1,Yes,-0.78074,-0.612505,0.54196
10,1365,1,Yes,-0.727819,-0.659524,0.517067
10,1366,1,Yes,-2.63753,-0.0741617,0.928467
10,1367,1,Yes,-0.260846,-1.47116,0.229645
10,1368,1,Yes,-3.88836,-0.0206312,0.979522
10,1369,1,Yes,-2.47033,-0.0882821,0.915448
10,1370,1,Yes,-2.42469,-0.0926051,0.9115
10,0,2,No,-0.00146025,-6.49001,0.00151845
10,1,2,No,-0.000326985,-7.85918,0.000386168
10,2,2,No,-0.0457716,-3.10557,0.0447965
10,3,2,Yes,-2.80437,-0.0623925,0.939459
10,4,2,No,-0.00738408,-4.90414,0.00741542
10,5,2,Yes,-2.48042,-0.0873566,0.916297
10,6,2,No,-0.452029,-1.01136,0.363701
10,7,2,No,-0.0666483,-2.74054,0.0645319
10,8,2,No,-1.1991,-0.358687,0.698552
10,9,2,No,-0.00468959,-5.35225,0.00473722
10,10,2,No,-0.000636303,-7.2708,0.000695512
10,11,2,No,-0.0033023,-5.69698,0.00335587
10,12,2,No,-0.00115413,-6.71486,0.00121268
10,13,2,No,-0.0798879,-2.56604,0.0768346
10,14,2,Yes,-0.111793,-2.24592,0.105824
10,15,2,Yes,-1.52601,-0.24506,0.782612
10,16,2,No,-0.00179768,-6.28975,0.00185511
10,17,2,No,-0.00111171,-6.75052,0.0011702
10,18,2,Yes,-2.59089,-0.0778467,0.925051
10,19,2,Yes,-2.69686,-0.0697336,0.932587
10,20,2,Yes,-1.82809,-0.17514,0.839289
10,21,2,Yes,-4.15249,-0.0157891,0.984276
10,22,2,Yes,-3.1265,-0.044801,0.956132
10,23,2,Yes,-2.64964,-0.0732341,0.929328
10,24,2,Yes,-2.74694,-0.0662081,0.93588
10,25,2,Yes,-3.04242,-0.0488333,0.952283
10,26,2,No,-0.0819523,-2.54156,0.0787387
10,27,2,No,-0.0114585,-4.46952,0.0114521
10,28,2,No,-0.973527,-0.474317,0.622274
10,29,2,Yes,-1.10945,-0.400004,0.670278
10,30,2,Yes,-4.36505,-0.0127355,0.987287
10,31,2,Yes,-2.21245,-0.11583,0.890574
10,32,2,No,-0.371752,-1.16946,0.310515
10,33,2,Yes,-0.854168,-0.554392,0.574388
10,34,2,Yes,-0.408003,-1.09338,0.335062
10,35,2,No,-0.955372,-0.485499,0.615354
10,36,2,Yes,-3.41786,-0.0332709,0.96722
10,37,2,Yes,-4.52687,-0.0108139,0.989186
10,38,2,Yes,-1.31906,-0.311059,0.732628
10,39,2,No,-0.00372172,-5.57953,0.00377413
10,40,2,Yes,-2.95934,-0.0531838,0.94815
10,41,2,Yes,-2.23527,-0.113062,0.893043
10,42,2,No,-0.00010634,-8.70775,0.00016529
10,43,2,Yes,-3.20448,-0.0413654,0.959422
10,44,2,Yes,-4.41139,-0.0121525,0.987862
10,45,2,No,-0.320197,-1.29443,0.274037
10,46,2,No,-1.82386,-0.175952,0.838608
10,47,2,Yes,-3.18308,-0.0422796,0.958544
10,48,2,Yes,-3.71107,-0.0246944,0.97555
10,49,2,No,-0.00336007,-5.67984,0.00341391
10,50,2,No,-0.00236319,-6.02389,0.00242009
10,51,2,No,-0.0142135,-4.25645,0.0141717
10,52,2,No,-0.0097896,-4.62521,0.00980104
10,53,2,No,-0.0161016,-4.13315,0.0160313
10,54,2,Yes,-4.2344,-0.0145345,0.985512
10,55,2,Yes,-0.997319,-0.460146,0.631155
10,56,2,Yes,-1.76253,-0.188201,0.8284
10,57,2,Yes,-3.24065,-0.0398633,0.960864
10,58,2,Yes,-4.46746,-0.0114829,0.988524
10,59,2,No,-0.000347019,-7.80908,0.000406008
10,60,2,Yes,-2.28145,-0.10767,0.89787
10,61,2,Yes,-4.68709,-0.00919684,0.990787
10,62,2,Yes,-4.54522,-0.0106152,0.989383
10,63,2,Yes,-0.275263,-1.42426,0.240672
10,64,2,Yes,-3.08531,-0.0467324,0.954287
10,65,2,Yes,-2.76707,-0.064845,0.937158
10,66,2,Yes,-1.81306,-0.178045,0.836856
10,67,2,Yes,-4.31277,-0.0134265,0.986604
10,68,2,No,-0.30275,-1.34218,0.26126
10,69,2,No,-0.163819,-1.88939,0.151155
10,70,2,Yes,-3.7999,-0.0225673,0.977628
10,71,2,No,-0.00908273,-4.69936,0.00910057
10,72,2,Yes,-0.892232,-0.527093,0.590284
10,73,2,No,-0.00011099,-8.67704,0.000170445
10,74,2,Yes,-2.23751,-0.112794,0.893283
10,75,2,No,-0.549497,-0.860812,0.422794
10,76,2,No,-0.0286383,-3.5652,0.0282897
10,77,2,No,-0.000238089,-8.12003,0.000297502
10,78,2,Yes,-4.71217,-0.00896701,0.991015
10,79,2,Yes,-3.58236,-0.0281429,0.972192
10,80,2,Yes,-0.257166,-1.48361,0.226805
10,81,2,Yes,-0.20752,-1.67418,0.187451
10,82,2,No,-3.80295,-0.0224974,0.977696
10,83,2,Yes,-2.08839,-0.132193,0.87612
10,84,2,Yes,-2.55527,-0.0807893,0.922333
10,85,2,Yes,-3.10338,-0.0458738,0.955106
10,86,2,Yes,-4.02196,-0.0180198,0.982083
10,87,2,Yes,-4.2071,-0.0149411,0.985111
10,88,2,Yes,-2.45336,-0.0898645,0.914001
10,89,2,Yes,-2.78448,-0.063688,0.938242
10,90,2,Yes,-2.93209,-0.0546954,0.946718
10,91,2,Yes,-2.83056,-0.0607278,0.941024
10,92,2,Yes,-0.528662,-0.889976,0.410641
10,93,2,Yes,-3.1093,-0.0455966,0.955371
10,94,2,Yes,-0.712912,-0.673651,0.509814
10,95,2,Yes,-4.74491,-0.00867459,0.991305
10,96,2,Yes,-3.44432,-0.0323856,0.968075
10,97,2,No,-0.199188,-1.71112,0.180652
10,98,2,Yes,-3.26603,-0.0388431,0.961845
10,99,2,No,-0.0310799,-3.48476,0.0306592
10,100,2,No,-0.267687,-1.44854,0.234899
10,101,2,Yes,-1.96808,-0.150434,0.860284
10,102,2,Yes,-2.08611,-0.132515,0.875838
10,103,2,Yes,-1.25915,-0.333847,0.716122
10,104,2,No,-0.343536,-1.23512,0.290784
10,105,2,No,-0.627147,-0.763688,0.465918
10,106,2,No,-0.000219369,-8.18558,0.000278627
10,107,2,No,-0.0123117,-4.3985,0.012295
10,108,2,No,-0.0128732,-4.35442,0.0128492
10,109,2,No,-0.0246608,-3.71244,0.0244165
10,110,2,Yes,-3.94277,-0.0195252,0.980607
10,111,2,No,-0.00161856,-6.39095,0.00167657
10,112,2,No,-0.00511192,-5.2671,0.00515824
10,113,2,No,-0.358149,-1.20034,0.301073
10,114,2,Yes,-3.03746,-0.0490827,0.952046
10,115,2,No,-0.000125237,-8.59717,0.000184617
10,116,2,No,-0.000172988,-8.36503,0.000232855
10,117,2,Yes,-4.58148,-0.0102324,0.989761
10,118,2,No,-0.453461,-1.00886,0.364613
10,119,2,No,-0.000172272,-8.3714,0.000231378
10,120,2,Yes,-4.4468,-0.011725,0.988285
10,121,2,Yes,-4.6239,-0.00980315,0.990186
10,122,2,No,-0.0173324,-4.06035,0.017242
10,123,2,Yes,-3.99265,-0.0185631,0.98155
10,124,2,No,-0.000818468,-7.03853,0.000877365
10,125,2,No,-0.190321,-1.75236,0.173355
10,126,2,Yes,-3.05385,-0.0482642,0.952826
10,127,2,Yes,-3.31529,-0.0369386,0.963679
10,128,2,No,-0.153669,-1.94838,0.142496
10,129,2,No,-0.000150036,-8.47125,0.000209391
10,130,2,No,-0.000148605,-8.47769,0.000208046
10,131,2,No,-0.000149023,-8.47733,0.000208121
10,132,2,No,-0.00177481,-6.30192,0.00183267
10,133,2,Yes,-2.94936,-0.0537324,0.94763
10,134,2,Yes,-3.55057,-0.0290674,0.971293
10,135,2,No,-0.000794607,-7.06597,0.000853614
10,136,2,Yes,-0.373003,-1.16669,0.311378
10,137,2,Yes,-1.73645,-0.193689,0.823865
10,138,2,Yes,-0.291068,-1.37597,0.252579
10,139,2,Yes,-2.29679,-0.105941,0.899425
10,140,2,No,-0.298537,-1.35419,0.258141
10,141,2,Yes,-2.91336,-0.0557598,0.94571
10,142,2,No,-0.00419458,-5.46212,0.00424428
10,143,2,No,-3.40905,-0.0335711,0.966929
10,144,2,No,-6.93822e-05,-8.95852,0.000128629
10,145,2,Yes,-1.80558,-0.17951,0.83563
10,146,2,Yes,-0.984884,-0.467485,0.626539
10,147,2,Yes,-2.11229,-0.128858,0.879047
10,148,2,Yes,-0.178588,-1.81028,0.163599
10,149,2,Yes,-3.21443,-0.0409467,0.959824
10,150,2,Yes,-2.7325,-0.0672057,0.934947
10,151,2,Yes,-0.411424,-1.08663,0.337333
10,152,2,Yes,-2.55213,-0.0810543,0.922089
10,153,2,Yes,-2.32024,-0.103353,0.901755
10,154,2,No,-2.09385,-0.131423,0.876796
10,155,2,Yes,-2.9541,-0.0534709,0.947878
10,156,2,Yes,-2.91485,-0.0556754,0.945791
10,157,2,Yes,-1.53514,-0.242539,0.784587
10,158,2,Yes,-0.847103,-0.559659,0.57137
10,159,2,Yes,-1.68236,-0.205644,0.814075
10,160,2,Yes,-2.76562,-0.0649417,0.937067
10,161,2,No,-2.15004,-0.123775,0.883527
10,162,2,No,-0.470534,-0.979789,0.375368
10,163,2,Yes,-1.07996,-0.414836,0.66041
10,164,2,Yes,-4.41395,-0.0121214,0.987893
10,165,2,No,-0.199142,-1.71133,0.180615
10,166,2,Yes,-4.05194,-0.0174809,0.982612
10,167,2,Yes,-1.68146,-0.205848,0.813909
10,168,2,No,-0.126144,-2.13224,0.118564
10,169,2,Yes,-1.97632,-0.149103,0.86143
10,170,2,Yes,-3.90657,-0.0202543,0.979892
10,171,2,Yes,-2.7104,-0.0687631,0.933494
10,172,2,No,-0.0683417,-2.71632,0.066114
10,173,2,No,-0.0147601,-4.21914,0.0147105
10,174,2,Yes,-4.34699,-0.0129709,0.987055
10,175,2,Yes,-3.78816,-0.0228373,0.977364
10,176,2,No,-0.000690937,-7.19559,0.000749844
10,177,2,No,-0.00214198,-6.11958,0.00219924
10,178,2,Yes,-3.97754,-0.0188489,0.981269
10,179,2,No,-0.0185073,-3.99559,0.0183955
10,180,2,No,-0.0243804,-3.72366,0.024144
10,181,2,No,-0.0410948,-3.21089,0.0403182
10,182,2,Yes,-2.26694,-0.109334,0.896378
10,183,2,No,-0.755506,-0.634339,0.530255
10,184,2,No,-1.173,-0.370162,0.690582
10,185,2,Yes,-3.61659,-0.0271814,0.973127
10,186,2,Yes,-2.96459,-0.0528968,0.948421
10,187,2,Yes,-0.426772,-1.05715,0.347426
10,188,2,Yes,-2.48939,-0.0865417,0.917044
10,189,2,Yes,-2.25185,-0.111095,0.894801
10,190,2,Yes,-1.7274,-0.195635,0.822264
10,191,2,Yes,-1.47209,-0.260568,0.770569
10,192,2,No,-0.00289238,-5.82676,0.00294742
10,193,2,No,-0.00470935,-5.348,0.00475736
10,194,2,Yes,-1.99477,-0.146167,0.863963
10,195,2,No,-0.000314345,-7.89271,0.000373435
10,196,2,No,-0.000232783,-8.13917,0.000291861
10,197,2,No,-0.000284355,-7.97619,0.000343524
10,198,2,Yes,-0.225736,-1.59884,0.202118
10,199,2,No,-0.00134923,-6.56597,0.00140737
10,200,2,No,-1.01121,-0.45212,0.636241
10,201,2,No,-0.0114223,-4.47266,0.0114162
10,202,2,Yes,-4.55164,-0.0105464,0.989451
10,203,2,No,-0.000214659,-8.20484,0.000273311
10,204,2,Yes,-0.86399,-0.547176,0.578548
10,205,2,No,-0.000159813,-8.42608,0.000219065
10,206,2,Yes,-3.16613,-0.0430209,0.957836
10,207,2,Yes,-4.96332,-0.0069552,0.993011
10,208,2,Yes,-3.84792,-0.0214943,0.978677
10,209,2,Yes,-4.49005,-0.0112229,0.988781
10,210,2,Yes,-0.525674,-0.894279,0.408878
10,211,2,Yes,-3.128,-0.0447321,0.956197
10,212,2,Yes,-0.19054,-1.75131,0.173536
10,213,2,No,-5.79374e-05,-9.05332,0.000116995
10,214,2,No,-0.000731378,-7.14269,0.000790575
10,215,2,Yes,-3.72097,-0.0244475,0.975791
10,216,2,Yes,-4.86282,-0.00769937,0.992272
10,217,2,No,-0.00551346,-5.19268,0.00555679
10,218,2,Yes,-3.02925,-0.0494989,0.951651
10,219,2,Yes,-2.7414,-0.0665903,0.935524
10,220,2,Yes,-3.77858,-0.0230598,0.977146
10,221,2,Yes,-1.14313,-0.38384,0.6812
10,222,2,No,-1.68187,-0.205755,0.813985
10,223,2,Yes,-4.66342,-0.0094189,0.990566
10,224,2,Yes,-2.26467,-0.109598,0.896142
10,225,2,Yes,-0.281102,-1.40606,0.245093
10,226,2,No,-0.0175047,-4.05062,0.0174106
10,227,2,No,-0.581007,-0.819337,0.440698
10,228,2,Yes,-2.48816,-0.0866515,0.916942
10,229,2,Yes,-5.13331,-0.00585508,0.994103
10,230,2,No,-0.000244469,-8.09857,0.000303956
10,231,2,Yes,-2.48542,-0.0869004,0.916715
10,232,2,Yes,-2.69371,-0.0699618,0.932375
10,233,2,Yes,-4.32382,-0.0132781,0.986752
10,234,2,No,-0.310158,-1.32153,0.266712
10,235,2,Yes,-2.68867,-0.0703279,0.932033
10,236,2,No,-0.000163628,-8.40945,0.00022274
10,237,2,No,-0.000173465,-8.36522,0.000232811
10,238,2,No,-0.0047648,-5.33643,0.00481273
10,239,2,No,-0.12671,-2.12804,0.119063
10,240,2,Yes,-3.70554,-0.0248331,0.975415
10,241,2,No,-7.73102e-05,-8.89846,0.000136591
10,242,2,Yes,-0.310169,-1.3215,0.26672
10,243,2,Yes,-0.338715,-1.24697,0.287357
10,244,2,No,-0.00270147,-5.89353,0.00275705
10,245,2,No,-0.594328,-0.802682,0.448099
10,246,2,Yes,-3.19948,-0.0415773,0.959219
10,247,2,No,-0.403635,-1.1021,0.332152
10,248,2,Yes,-4.18246,-0.0153179,0.98474
10,249,2,No,-0.551713,-0.857796,0.424071
10,250,2,Yes,-2.69855,-0.0696125,0.932701
10,251,2,Yes,-1.2572,-0.33462,0.715568
10,252,2,Yes,-3.05299,-0.0483069,0.952785
10,253,2,No,-0.00137829,-6.5451,0.00143705
10,254,2,No,-0.0167393,-4.09478,0.0166584
10,255,2,No,-0.000462699,-7.55756,0.000522115
10,256,2,Yes,-1.47593,-0.259429,0.771446
10,257,2,Yes,-4.82197,-0.00802426,0.99195
10,258,2,Yes,-3.63247,-0.0267461,0.973551
10,259,2,Yes,-3.15181,-0.0436548,0.957228
10,260,2,No,-0.00684405,-4.97917,0.00687939
10,261,2,Yes,-0.460207,-0.997213,0.368884
10,262,2,Yes,-2.84422,-0.0598782,0.941824
10,263,2,Yes,-2.06093,-0.136138,0.872672
10,264,2,No,-0.000559606,-7.3872,0.000619092
10,265,2,Yes,-4.23174,-0.014574,0.985474
10,266,2,No,-0.00038035,-7.72979,0.000439512
10,267,2,Yes,-3.74463,-0.0238679,0.976357
10,268,2,No,-0.000222529,-8.1754,0.000281477
10,269,2,Yes,-3.10599,-0.0457518,0.955222
10,270,2,No,-0.0166268,-4.10145,0.0165476
10,271,2,Yes,-2.19294,-0.118254,0.888418
10,272,2,No,-0.635363,-0.754352,0.470288
10,273,2,No,-0.00174394,-6.31921,0.00180126
10,274,2,No,-0.00119042,-6.68514,0.00124927
10,275,2,No,-0.00378537,-5.56286,0.00383755
10,276,2,Yes,-1.72717,-0.195684,0.822224
10,277,2,No,-0.256391,-1.48625,0.226206
10,278,2,Yes,-4.26701,-0.0140628,0.985977
10,279,2,No,-0.0073292,-4.91147,0.00736122
10,280,2,No,-0.000143836,-8.50421,0.000202601
10,281,2,No,-0.00345911,-5.65146,0.00351218
10,282,2,No,-0.000489712,-7.50735,0.000549004
10,283,2,Yes,-3.87045,-0.021009,0.979152
10,284,2,Yes,-3.32212,-0.0366822,0.963926
10,285,2,Yes,-3.07487,-0.0472352,0.953807
10,286,2,No,-0.00197277,-6.19953,0.00203026
10,287,2,Yes,-3.58968,-0.0279349,0.972394
10,288,2,No,-8.11252e-05,-8.87275,0.000140149
10,289,2,No,-1.42885,-0.273814,0.760429
10,290,2,Yes,-0.440511,-1.03184,0.356331
10,291,2,Yes,-4.99589,-0.00672919,0.993235
10,292,2,No,-0.00103241,-6.82022,0.00109142
10,293,2,Yes,-4.12814,-0.0161839,0.983888
10,294,2,Yes,-4.30764,-0.0134963,0.986535
10,295,2,Yes,-4.55715,-0.0104873,0.989509
10,296,2,No,-0.206606,-1.67815,0.186708
10,297,2,No,-0.00872966,-4.73854,0.00875089
10,298,2,No,-0.00282525,-5.84971,0.00288056
10,299,2,No,-0.13068,-2.09915,0.122553
10,300,2,Yes,-2.12798,-0.126719,0.88093
10,301,2,Yes,-2.24701,-0.111666,0.894291
10,302,2,Yes,-1.91582,-0.159187,0.852787
10,303,2,Yes,-0.502557,-0.928676,0.395053
10,304,2,Yes,-3.04931,-0.04849,0.952611
10,305,2,Yes,-2.18898,-0.118752,0.887976
10,306,2,Yes,-3.4752,-0.0313839,0.969046
10,307,2,Yes,-1.04218,-0.434832,0.647335
10,308,2,Yes,-0.853464,-0.554914,0.574088
10,309,2,No,-2.82167,-0.0612874,0.940497
10,310,2,No,-0.0388644,-3.2655,0.0381755
10,311,2,No,-0.00485788,-5.31745,0.00490495
10,312,2,Yes,-2.16192,-0.12222,0.884903
10,313,2,No,-0.00793834,-4.8326,0.00796534
10,314,2,Yes,-4.37264,-0.0126379,0.987383
10,315,2,No,-0.000202259,-8.24896,0.000261515
10,316,2,No,-0.00060517,-7.31645,0.000664481
10,317,2,Yes,-4.59363,-0.0101079,0.989885
10,318,2,Yes,-4.86106,-0.00771343,0.992258
10,319,2,No,-0.035705,-3.34859,0.0351318
10,320,2,No,-0.00846093,-4.76947,0.00848437
10,321,2,No,-0.000278333,-7.99389,0.0003375
10,322,2,No,-0.000297948,-7.93683,0.000357315
10,323,2,No,-0.000430677,-7.62074,0.000490148
10,324,2,No,-9.46567e-05,-8.78082,0.000153642
10,325,2,No,-0.006273,-5.06522,0.00631216
10,326,2,No,-0.0179384,-4.02646,0.0178362
10,327,2,Yes,-4.21794,-0.0147789,0.985272
10,328,2,Yes,-4.10189,-0.0166197,0.98346
10,329,2,Yes,-4.62527,-0.00978979,0.9902
10,330,2,No,-1.00804,-0.453934,0.635087
10,331,2,No,-0.13388,-2.07653,0.125357
10,332,2,No,-0.201584,-1.70033,0.182613
10,333,2,Yes,-1.2559,-0.335139,0.715197
10,334,2,Yes,-4.79107,-0.00827929,0.991697
10,335,2,Yes,-4.23142,-0.0145791,0.985469
10,336,2,Yes,-3.97629,-0.0188732,0.981246
10,337,2,Yes,-2.93732,-0.0544026,0.946996
10,338,2,Yes,-3.99604,-0.0185001,0.981613
10,339,2,No,-0.000172213,-8.37302,0.000231004
10,340,2,No,-0.000295087,-7.94618,0.000353991
10,341,2,No,-1.91036,-0.160132,0.851982
10,342,2,No,-0.813811,-0.585384,0.55686
10,343,2,No,-0.00263519,-5.91775,0.00269109
10,344,2,Yes,-4.01113,-0.0182183,0.981888
10,345,2,Yes,-0.385368,-1.13988,0.319839
10,346,2,Yes,-2.46296,-0.0889668,0.914823
10,347,2,No,-0.116412,-2.20773,0.109944
10,348,2,No,-0.00327892,-5.7038,0.00333306
10,349,2,No,-0.204994,-1.68521,0.185395
10,350,2,Yes,-0.325735,-1.27991,0.278046
10,351,2,No,-1.0328,-0.439978,0.644012
10,352,2,No,-0.289935,-1.37933,0.251732
10,353,2,Yes,-1.29299,-0.320742,0.725567
10,354,2,No,-0.238459,-1.55014,0.212205
10,355,2,No,-0.193629,-1.73673,0.176085
10,356,2,Yes,-1.12853,-0.390747,0.676511
10,357,2,Yes,-0.801717,-0.595113,0.551468
10,358,2,No,-0.103186,-2.32176,0.0980946
10,359,2,No,-0.322872,-1.28738,0.275976
10,360,2,Yes,-1.17699,-0.368382,0.691812
10,361,2,Yes,-2.88642,-0.0573294,0.944228
10,362,2,Yes,-2.33421,-0.101842,0.903119
10,363,2,No,-0.000190813,-8.29305,0.000250234
10,364,2,No,-0.000166549,-8.39473,0.000226042
10,365,2,Yes,-2.97185,-0.0525039,0.948794
10,366,2,Yes,-3.22195,-0.0406331,0.960125
10,367,2,No,-1.45433,-0.265919,0.766456
10,368,2,Yes,-3.55167,-0.0290342,0.971325
10,369,2,Yes,-2.47685,-0.0876824,0.915998
10,370,2,Yes,-3.01407,-0.0502758,0.950911
10,371,2,No,-0.0665922,-2.74136,0.0644788
10,372,2,Yes,-3.43272,-0.0327709,0.967703
10,373,2,Yes,-3.81751,-0.0221673,0.978019
10,374,2,Yes,-3.21961,-0.0407299,0.960032
10,375,2,Yes,-3.38466,-0.0344153,0.966113
10,376,2,Yes,-2.47562,-0.0877956,0.915894
10,377,2,Yes,-1.23625,-0.343074,0.709544
10,378,2,No,-0.0482022,-3.0551,0.0471151
10,379,2,Yes,-0.977609,-0.471847,0.623812
10,380,2,Yes,-3.63151,-0.0267722,0.973525
10,381,2,Yes,-0.330134,-1.26858,0.281214
10,382,2,No,-1.40537,-0.281326,0.754737
10,383,2,Yes,-0.846965,-0.559764,0.571311
10,384,2,Yes,-3.84386,-0.0215826,0.97859
10,385,2,No,-0.00395208,-5.52043,0.0040039
10,386,2,Yes,-4.06747,-0.0172092,0.98288
10,387,2,No,-0.000118501,-8.63487,0.000177786
10,388,2,No,-0.000472478,-7.53949,0.000531635
10,389,2,No,-0.000101333,-8.73728,0.00016048
10,390,2,Yes,-4.38174,-0.012522,0.987497
10,391,2,Yes,-3.73837,-0.0240203,0.976208
10,392,2,Yes,-4.04615,-0.0175839,0.982511
10,393,2,No,-0.00358873,-5.61526,0.00364163
10,394,2,Yes,-1.8685,-0.167587,0.845654
10,395,2,No,-0.0941089,-2.40933,0.0898702
10,396,2,No,-0.0359108,-3.34294,0.0353307
10,397,2,No,-0.013949,-4.27504,0.0139107
10,398,2,Yes,-3.26539,-0.0388685,0.96182
10,399,2,No,-0.000244886,-8.09919,0.000303767
10,400,2,No,-0.000735613,-7.13709,0.000795013
10,401,2,No,-0.0926302,-2.42443,0.0885236
10,402,2,Yes,-3.06804,-0.0475664,0.953491
10,403,2,Yes,-1.74578,-0.191706,0.825501
10,404,2,Yes,-3.0028,-0.0508612,0.950355
10,405,2,Yes,-3.65809,-0.0260591,0.97422
10,406,2,Yes,-4.43979,-0.0118091,0.988202
10,407,2,No,-1.13174,-0.389219,0.677546
10,408,2,Yes,-3.93851,-0.0196094,0.980524
10,409,2,Yes,-4.00974,-0.0182443,0.981863
10,410,2,Yes,-4.17909,-0.0153706,0.984688
10,411,2,Yes,-1.7176,-0.197765,0.820515
10,412,2,Yes,-3.20098,-0.0415135,0.95928
10,413,2,Yes,-2.85786,-0.0590413,0.942612
10,414,2,Yes,-0.227821,-1.59066,0.20378
10,415,2,Yes,-1.78322,-0.183967,0.831914
10,416,2,Yes,-3.19276,-0.0418632,0.958944
10,417,2,Yes,-0.744929,-0.643804,0.52526
10,418,2,No,-0.00772382,-4.85958,0.00775328
10,419,2,No,-0.147443,-1.9867,0.137139
10,420,2,No,-0.158549,-1.91952,0.146668
10,421,2,Yes,-0.0618956,-2.81211,0.0600747
10,422,2,No,-0.00528783,-5.23376,0.00533313
10,423,2,No,-0.00897537,-4.7111,0.00899431
10,424,2,No,-0.123317,-2.15351,0.116069
10,425,2,No,-0.077958,-2.58952,0.0750518
10,426,2,No,-0.00315215,-5.74255,0.00320639
10,427,2,No,-0.0011721,-6.70048,0.00123025
10,428,2,Yes,-3.83162,-0.0218535,0.978327
10,429,2,Yes,-2.4224,-0.092828,0.911297
10,430,2,No,-0.436888,-1.03842,0.353994
10,431,2,No,-1.18314,-0.365654,0.693702
10,432,2,Yes,-0.419985,-1.07002,0.342982
10,433,2,No,-0.00515991,-5.25793,0.00520576
10,434,2,No,-0.100131,-2.3503,0.0953347
10,435,2,Yes,-1.96719,-0.150579,0.860159
10,436,2,No,-0.334086,-1.25855,0.28405
10,437,2,No,-0.0135054,-4.30702,0.0134729
10,438,2,No,-0.000110632,-8.68255,0.000169508
10,439,2,Yes,-3.12217,-0.045,0.955941
10,440,2,No,-0.000239162,-8.11809,0.00029808
10,441,2,No,-0.000187891,-8.30567,0.000247098
10,442,2,No,-0.471899,-0.977521,0.37622
10,443,2,Yes,-3.5986,-0.0276829,0.97264
10,444,2,Yes,-3.59383,-0.027817,0.972509
10,445,2,Yes,-3.66503,-0.0258761,0.974398
10,446,2,No,-4.53927,-0.0106796,0.989319
10,447,2,Yes,-1.06683,-0.421656,0.655921
10,448,2,No,-0.079145,-2.575,0.0761493
10,449,2,No,-0.114649,-2.22211,0.108374
10,450,2,No,-0.0599961,-2.8423,0.0582882
10,451,2,Yes,-2.44944,-0.0902342,0.913664
10,452,2,No,-2.60809,-0.0764658,0.926329
10,453,2,Yes,-3.78568,-0.0228945,0.977308
10,454,2,No,-0.0111357,-4.49787,0.011132
10,455,2,No,-0.00238064,-6.01713,0.0024365
10,456,2,Yes,-4.3505,-0.0129244,0.9871
10,457,2,No,-0.00309594,-5.76038,0.00314972
10,458,2,No,-0.000131258,-8.56561,0.000190537
10,459,2,Yes,-3.2153,-0.0409094,0.959859
10,460,2,No,-0.596694,-0.799775,0.449403
10,461,2,Yes,-2.82576,-0.0610298,0.94074
10,462,2,No,-0.0971572,-2.37897,0.0926404
10,463,2,No,-0.00267876,-5.90186,0.0027342
10,464,2,No,-0.00055555,-7.39361,0.000615132
10,465,2,No,-0.00518508,-5.25304,0.00523127
10,466,2,No,-0.00016023,-8.42386,0.000219553
10,467,2,No,-0.0198412,-3.92687,0.019704
10,468,2,Yes,-2.90203,-0.0564141,0.945092
10,469,2,No,-0.00289818,-5.82495,0.00295279
10,470,2,No,-0.417066,-1.07564,0.341061
10,471,2,No,-0.295434,-1.36316,0.255835
10,472,2,No,-0.000102287,-8.7302,0.00016162
10,473,2,No,-0.000607675,-7.31288,0.000666852
10,474,2,No,-0.00339882,-5.66867,0.00345225
10,475,2,Yes,-2.97536,-0.0523148,0.948974
10,476,2,No,-0.937684,-0.496717,0.608489
10,477,2,Yes,-2.30083,-0.10549,0.899831
10,478,2,Yes,-3.92891,-0.0198007,0.980336
10,479,2,No,-0.0013614,-6.5575,0.00141935
10,480,2,No,-0.000743308,-7.12773,0.000802493
10,481,2,No,-0.00194237,-6.21479,0.00199952
10,482,2,No,-0.00170495,-6.34101,0.00176242
10,483,2,No,-0.000403784,-7.67653,0.000463553
10,484,2,Yes,-3.20658,-0.0412764,0.959508
10,485,2,Yes,-3.51223,-0.0302231,0.970171
10,486,2,Yes,-2.41897,-0.093163,0.910992
10,487,2,Yes,-3.51098,-0.0302617,0.970134
10,488,2,No,-1.42919,-0.273705,0.760512
10,489,2,No,-0.104282,-2.31175,0.0990815
10,490,2,No,-0.014938,-4.20728,0.0148859
10,491,2,Yes,-3.03344,-0.0492861,0.951853
10,492,2,No,-0.00935073,-4.67061,0.00936599
10,493,2,Yes,-3.56589,-0.0286185,0.97173
10,494,2,Yes,-3.71656,-0.0245579,0.975684
10,495,2,Yes,-2.3015,-0.105415,0.899898
10,496,2,Yes,-1.33943,-0.303725,0.73802
10,497,2,Yes,-0.357533,-1.20178,0.300641
10,498,2,Yes,-4.55414,-0.0105198,0.989477
10,499,2,Yes,-3.36267,-0.0351952,0.965359
10,500,2,Yes,-3.36678,-0.0350483,0.965501
10,501,2,Yes,-0.112608,-2.23906,0.106552
10,502,2,Yes,-0.281741,-1.40409,0.245575
10,503,2,No,-0.712449,-0.674095,0.509587
10,504,2,Yes,-3.09852,-0.046104,0.954887
10,505,2,Yes,-2.66133,-0.0723515,0.930149
10,506,2,Yes,-1.83942,-0.172986,0.8411
10,507,2,No,-1.66976,-0.208543,0.811718
10,508,2,Yes,-3.35543,-0.0354564,0.965108
10,509,2,Yes,-4.14002,-0.0159907,0.984079
10,510,2,No,-0.174198,-1.83303,0.159919
10,511,2,No,-2.43156,-0.0919397,0.912106
10,512,2,Yes,-3.79587,-0.0226595,0.977538
10,513,2,No,-0.00628445,-5.06332,0.00632414
10,514,2,Yes,-2.10181,-0.130309,0.877772
10,515,2,No,-0.778666,-0.61426,0.541009
10,516,2,Yes,-2.33115,-0.102173,0.902821
10,517,2,No,-0.952508,-0.487294,0.61425
10,518,2,No,-1.49884,-0.25274,0.776624
10,519,2,Yes,-3.63012,-0.0268103,0.973488
10,520,2,Yes,-4.23078,-0.0145875,0.98546
10,521,2,No,-0.402144,-1.10511,0.331154
10,522,2,Yes,-1.1808,-0.366688,0.692985
10,523,2,No,-0.532002,-0.885202,0.412607
10,524,2,No,-2.86289,-0.0587356,0.9429
10,525,2,No,-0.000735553,-7.13714,0.000794974
10,526,2,Yes,-4.17444,-0.0154427,0.984617
10,527,2,Yes,-2.26424,-0.109648,0.896097
10,528,2,No,-0.370336,-1.17261,0.309538
10,529,2,No,-0.000981335,-6.86813,0.00104035
10,530,2,Yes,-3.53142,-0.0296391,0.970739
10,531,2,No,-0.377383,-1.15707,0.314387
10,532,2,No,-1.63259,-0.217367,0.804588
10,533,2,No,-0.000122912,-8.61114,0.000182056
10,534,2,No,-5.32284e-05,-9.0919,0.000112567
10,535,2,No,-4.95923e-05,-9.12751,0.000108629
10,536,2,No,-5.51358e-05,-9.07522,0.000114461
10,537,2,No,-0.0104478,-4.56084,0.0104527
10,538,2,No,-0.0147109,-4.22247,0.0146616
10,539,2,Yes,-3.29285,-0.0377935,0.962855
10,540,2,Yes,-0.0838556,-2.51956,0.0804903
10,541,2,No,-0.0573549,-2.88597,0.0557973
10,542,2,No,-0.000160945,-8.4199,0.000220423
10,543,2,No,-0.056954,-2.89279,0.0554182
10,544,2,Yes,-2.61061,-0.0762661,0.926515
10,545,2,No,-0.000108963,-8.69011,0.000168232
10,546,2,No,-0.000199457,-8.26038,0.000258544
10,547,2,Yes,-2.8308,-0.0607132,0.941038
10,548,2,Yes,-2.34426,-0.10077,0.904088
10,549,2,Yes,-2.96392,-0.0529333,0.948387
10,550,2,No,-0.000102048,-8.7338,0.00016104
10,551,2,No,-0.00155033,-6.43239,0.00160851
10,552,2,No,-0.853273,-0.555055,0.574007
10,553,2,No,-0.000131735,-8.56199,0.000191227
10,554,2,No,-1.20294,-0.357036,0.699707
10,555,2,Yes,-0.372593,-1.1676,0.311095
10,556,2,Yes,-1.52401,-0.245618,0.782175
10,557,2,No,-0.0145459,-4.23363,0.0144988
10,558,2,No,-0.00396069,-5.51846,0.00401178
10,559,2,Yes,-2.9101,-0.0559477,0.945533
10,560,2,No,-0.00182849,-6.27312,0.00188621
10,561,2,Yes,-2.46569,-0.0887131,0.915054
10,562,2,Yes,-2.81699,-0.061585,0.940218
10,563,2,Yes,-4.23619,-0.0145084,0.985538
10,564,2,Yes,-5.03689,-0.00645643,0.993506
10,565,2,Yes,-3.58781,-0.0279886,0.972343
10,566,2,No,-0.327086,-1.27641,0.279021
10,567,2,Yes,-0.708399,-0.678008,0.507597
10,568,2,Yes,-0.187381,-1.76649,0.170921
10,569,2,Yes,-0.71641,-0.670298,0.511526
10,570,2,Yes,-0.623629,-0.767736,0.464036
10,571,2,Yes,-1.77314,-0.186017,0.830211
10,572,2,Yes,-3.82843,-0.0219235,0.978257
10,573,2,No,-0.494823,-0.940635,0.390357
10,574,2,No,-0.000144731,-8.49556,0.000204361
10,575,2,Yes,-4.86566,-0.00767715,0.992294
10,576,2,Yes,-0.720517,-0.666392,0.513528
10,577,2,No,-0.022828,-3.78852,0.0226278
10,578,2,Yes,-2.90545,-0.0562153,0.945279
10,579,2,No,-0.311241,-1.31856,0.267506
10,580,2,No,-0.0131988,-4.32971,0.0131706
10,581,2,No,-0.0017898,-6.29381,0.00184759
10,582,2,No,-0.0117696,-4.443,0.0117599
10,583,2,Yes,-2.6198,-0.0755412,0.927187
10,584,2,Yes,-3.91162,-0.0201504,0.979993
10,585,2,Yes,-1.25502,-0.335488,0.714947
10,586,2,No,-0.0135791,-4.30161,0.0135459
10,587,2,No,-0.0351684,-3.3634,0.0346153
10,588,2,No,-0.0112454,-4.48807,0.0112417
10,589,2,No,-0.00802318,-4.82199,0.00805029
10,590,2,Yes,-4.24159,-0.0144295,0.985616
10,591,2,No,-0.0273927,-3.60894,0.0270789
10,592,2,No,-0.0350947,-3.3655,0.0345427
10,593,2,Yes,-0.0237157,-3.75093,0.0234944
10,594,2,No,-3.1324,-0.0445309,0.95639
10,595,2,No,-0.546384,-0.865078,0.420994
10,596,2,Yes,-1.30716,-0.315435,0.729428
10,597,2,Yes,-4.6371,-0.00967332,0.990315
10,598,2,Yes,-0.347134,-1.2264,0.293331
10,599,2,Yes,-1.50712,-0.25037,0.778467
10,600,2,Yes,-0.407729,-1.09392,0.33488
10,601,2,Yes,-0.666087,-0.720839,0.486316
10,602,2,No,-0.232191,-1.57376,0.207253
10,603,2,Yes,-3.98162,-0.0187716,0.981346
10,604,2,No,-0.773306,-0.618832,0.538542
10,605,2,No,-0.00276076,-5.87233,0.00281613
10,606,2,No,-0.000507722,-7.47533,0.000566865
10,607,2,No,-0.00787562,-4.84032,0.00790405
10,608,2,Yes,-0.574775,-0.827301,0.437202
10,609,2,No,-0.00029926,-7.93499,0.000357975
10,610,2,No,-0.107911,-2.27934,0.102346
10,611,2,Yes,-1.73542,-0.193909,0.823685
10,612,2,Yes,-1.03852,-0.436828,0.646044
10,613,2,Yes,-1.81983,-0.176731,0.837956
10,614,2,Yes,-4.41397,-0.0121212,0.987894
10,615,2,No,-1.94753,-0.153813,0.857382
10,616,2,Yes,-1.93394,-0.156092,0.855431
10,617,2,Yes,-4.89616,-0.00744377,0.992525
10,618,2,Yes,-1.69805,-0.202093,0.816971
10,619,2,Yes,-3.09578,-0.0462338,0.954763
10,620,2,Yes,-4.3376,-0.0130943,0.986933
10,621,2,No,-0.0702697,-2.68947,0.067913
10,622,2,Yes,-3.5648,-0.0286496,0.971699
10,623,2,Yes,-0.496565,-0.937919,0.391419
10,624,2,Yes,-2.96032,-0.0531301,0.948201
10,625,2,Yes,-2.02148,-0.142024,0.867549
10,626,2,Yes,-5.08273,-0.006163,0.993797
10,627,2,No,-6.05602e-05,-9.02928,0.000119842
10,628,2,Yes,-3.08972,-0.046521,0.954488
10,629,2,Yes,-2.14485,-0.124461,0.882921
10,630,2,Yes,-0.760278,-0.63013,0.532491
10,631,2,Yes,-2.65696,-0.0726804,0.929843
10,632,2,Yes,-1.62908,-0.21822,0.803901
10,633,2,Yes,-0.605732,-0.788813,0.454357
10,634,2,Yes,-1.98543,-0.147644,0.862686
10,635,2,No,-0.00341312,-5.66445,0.00346685
10,636,2,No,-0.39403,-1.1217,0.325706
10,637,2,Yes,-2.35512,-0.0996255,0.905124
10,638,2,Yes,-2.60275,-0.0768921,0.925935
10,639,2,Yes,-0.458289,-1.0005,0.367673
10,640,2,No,-0.000502236,-7.48499,0.000561417
10,641,2,No,-0.190594,-1.75105,0.173581
10,642,2,No,-0.291016,-1.37612,0.252541
10,643,2,Yes,-3.4228,-0.0331033,0.967381
10,644,2,Yes,-3.32245,-0.0366701,0.963938
10,645,2,Yes,-2.39838,-0.0951972,0.90914
10,646,2,Yes,-1.50751,-0.250261,0.778552
10,647,2,Yes,-0.538122,-0.876552,0.416191
10,648,2,No,-0.000570341,-7.37099,0.000629208
10,649,2,No,-1.76864,-0.186938,0.829446
10,650,2,No,-0.222632,-1.61119,0.199638
10,651,2,Yes,-3.14236,-0.0440796,0.956822
10,652,2,No,-0.814259,-0.585026,0.557059
10,653,2,No,-0.000141154,-8.51615,0.000200196
10,654,2,Yes,-0.786813,-0.607401,0.544733
10,655,2,Yes,-3.53149,-0.0296371,0.97074
10,656,2,No,-2.45738,-0.0894876,0.914346
10,657,2,Yes,-0.989983,-0.464458,0.628439
10,658,2,Yes,-4.61352,-0.00990711,0.990084
10,659,2,Yes,-0.660847,-0.726404,0.483617
10,660,2,Yes,-3.69196,-0.0251781,0.975078
10,661,2,No,-1.22079,-0.349469,0.705021
10,662,2,Yes,-2.52066,-0.0837598,0.919598
10,663,2,No,-0.0320453,-3.45469,0.0315953
10,664,2,No,-0.000672447,-7.22023,0.000731589
10,665,2,No,-0.000137398,-8.53548,0.000196365
10,666,2,Yes,-4.15833,-0.0156971,0.984367
10,667,2,Yes,-2.45663,-0.0895583,0.914281
10,668,2,Yes,-3.93244,-0.0197297,0.980405
10,669,2,Yes,-2.92959,-0.0548363,0.946584
10,670,2,Yes,-1.51245,-0.248859,0.779644
10,671,2,No,-0.00697567,-4.96026,0.00701071
10,672,2,No,-0.00640586,-5.04449,0.00644439
10,673,2,No,-0.000395018,-7.69675,0.000454272
10,674,2,No,-0.000154984,-8.45076,0.000213727
10,675,2,No,-9.27491e-05,-8.79181,0.000151964
10,676,2,No,-8.49998e-05,-8.84272,0.00014442
10,677,2,Yes,-2.69058,-0.0701891,0.932163
10,678,2,No,-0.00466437,-5.35743,0.0047127
10,679,2,No,-2.27148,-0.108812,0.896846
10,680,2,No,-0.00103265,-6.82031,0.00109132
10,681,2,No,-0.000897452,-6.9519,0.000956755
10,682,2,No,-0.0393534,-3.25325,0.038646
10,683,2,Yes,-1.39177,-0.285787,0.751379
10,684,2,No,-0.897582,-0.523397,0.59247
10,685,2,No,-0.23419,-1.56615,0.208835
10,686,2,No,-0.00329016,-5.70048,0.00334417
10,687,2,No,-0.0017403,-6.32112,0.00179782
10,688,2,No,-0.000150215,-8.47128,0.000209384
10,689,2,Yes,-4.81927,-0.00804625,0.991928
10,690,2,No,-0.138864,-2.04243,0.129705
10,691,2,Yes,-1.61606,-0.221421,0.801332
10,692,2,No,-8.44633e-05,-8.84459,0.000144151
10,693,2,No,-0.00177744,-6.30027,0.0018357
10,694,2,No,-0.00381744,-5.55453,0.00386967
10,695,2,No,-0.000489474,-7.50818,0.000548546
10,696,2,Yes,-1.11675,-0.396431,0.672677
10,697,2,No,-0.000428113,-7.62615,0.000487505
10,698,2,No,-0.000132212,-8.56008,0.000191592
10,699,2,No,-0.00621344,-5.07459,0.00625329
10,700,2,No,-0.00211271,-6.13325,0.00216939
10,701,2,Yes,-2.14483,-0.124463,0.882919
10,702,2,Yes,-1.64897,-0.213428,0.807763
10,703,2,No,-0.15261,-1.95479,0.141586
10,704,2,No,-0.0450236,-3.12166,0.0440815
10,705,2,No,-0.0420969,-3.18732,0.0412801
10,706,2,No,-0.699034,-0.687177,0.502964
10,707,2,No,-0.000667199,-7.22752,0.000726278
10,708,2,No,-0.000173941,-8.36323,0.000233276
10,709,2,Yes,-4.93095,-0.00718654,0.992781
10,710,2,Yes,-0.98503,-0.467398,0.626594
10,711,2,No,-0.00431879,-5.4333,0.00436838
10,712,2,No,-0.0136302,-4.29788,0.0135965
10,713,2,No,-0.150018,-1.97065,0.139358
10,714,2,Yes,-2.55096,-0.081153,0.921998
10,715,2,Yes,-1.96967,-0.150176,0.860506
10,716,2,Yes,-2.30649,-0.104862,0.900396
10,717,2,No,-0.000142465,-8.51007,0.000201418
10,718,2,No,-0.000661473,-7.23569,0.00072037
10,719,2,No,-0.000500685,-7.48791,0.00055978
10,720,2,No,-0.000945299,-6.90319,0.00100452
10,721,2,No,-0.000492694,-7.50197,0.000551964
10,722,2,No,-0.00235369,-6.02805,0.00241004
10,723,2,No,-0.650822,-0.737221,0.478414
10,724,2,No,-0.000465263,-7.55256,0.000524731
10,725,2,No,-0.270683,-1.43885,0.237187
10,726,2,No,-1.46091,-0.263921,0.767989
10,727,2,Yes,-4.31356,-0.0134167,0.986615
10,728,2,Yes,-4.38861,-0.0124363,0.987583
10,729,2,No,-0.00304435,-5.77666,0.00309886
10,730,2,Yes,-4.59748,-0.0100684,0.989923
10,731,2,Yes,-2.15247,-0.123455,0.88381
10,732,2,Yes,-3.6786,-0.0255225,0.974743
10,733,2,Yes,-4.11784,-0.0163533,0.983721
10,734,2,Yes,-0.663784,-0.723278,0.485131
10,735,2,No,-0.0124089,-4.39077,0.0123905
10,736,2,Yes,-0.735704,-0.652216,0.52086
10,737,2,No,-0.187157,-1.76758,0.170736
10,738,2,Yes,-0.482741,-0.959801,0.382947
10,739,2,No,-0.000451667,-7.57946,0.000510805
10,740,2,No,-1.01067,-0.452427,0.636045
10,741,2,Yes,-1.61556,-0.221545,0.801233
10,742,2,Yes,-3.33294,-0.0362795,0.964314
10,743,2,Yes,-2.73683,-0.0669057,0.935228
10,744,2,No,-0.344206,-1.23348,0.291259
10,745,2,Yes,-1.57155,-0.23277,0.79229
10,746,2,Yes,-1.1755,-0.369045,0.691354
10,747,2,Yes,-2.11404,-0.128618,0.879258
10,748,2,Yes,-0.191356,-1.74743,0.17421
10,749,2,No,-0.00157743,-6.4157,0.00163558
10,750,2,Yes,-3.69256,-0.0251627,0.975093
10,751,2,Yes,-3.42586,-0.0330005,0.967481
10,752,2,No,-0.122631,-2.15876,0.115462
10,753,2,No,-0.51234,-0.913877,0.400943
10,754,2,Yes,-2.99149,-0.0514554,0.94979
10,755,2,Yes,-4.15529,-0.0157458,0.98432
10,756,2,Yes,-4.47889,-0.0113514,0.988655
10,757,2,Yes,-4.23451,-0.0145335,0.985514
10,758,2,Yes,-3.21766,-0.040811,0.959954
10,759,2,No,-0.000425012,-7.63317,0.000484093
10,760,2,No,-2.06303,-0.13583,0.87294
10,761,2,No,-0.00506765,-5.27576,0.00511375
10,762,2,No,-0.465147,-0.988817,0.371994
10,763,2,Yes,-3.4095,-0.0335554,0.966944
10,764,2,Yes,-4.79977,-0.00820681,0.991769
10,765,2,No,-0.00155295,-6.43079,0.00161108
10,766,2,Yes,-4.65873,-0.00946487,0.990522
10,767,2,Yes,-2.42886,-0.0922019,0.911868
10,768,2,Yes,-3.83502,-0.0217776,0.9784
10,769,2,Yes,-2.94357,-0.0540535,0.947326
10,770,2,Yes,-0.304635,-1.33687,0.262651
10,771,2,No,-1.10895,-0.40025,0.670113
10,772,2,Yes,-3.40847,-0.0335906,0.96691
10,773,2,No,-0.0107352,-4.534,0.010737
10,774,2,Yes,-3.73539,-0.0240926,0.976137
10,775,2,No,-0.00633412,-5.05562,0.00637305
10,776,2,Yes,-1.60307,-0.224669,0.798733
10,777,2,No,-0.180395,-1.80109,0.165109
10,778,2,No,-1.45868,-0.264596,0.767471
10,779,2,Yes,-3.74162,-0.0239415,0.976286
10,780,2,Yes,-2.6901,-0.0702249,0.93213
10,781,2,Yes,-4.15825,-0.0156985,0.984366
10,782,2,No,-1.65774,-0.211352,0.809442
10,783,2,No,-0.0208418,-3.8783,0.0206848
10,784,2,No,-0.0001309,-8.56821,0.000190042
10,785,2,No,-0.818979,-0.581289,0.559144
10,786,2,No,-0.000781007,-7.08194,0.000840096
10,787,2,No,-0.00623527,-5.07119,0.00627456
10,788,2,No,-0.00871126,-4.74068,0.00873216
10,789,2,No,-0.00254777,-5.95059,0.00260416
10,790,2,Yes,-3.53805,-0.0294405,0.970932
10,791,2,No,-0.080109,-2.56338,0.077039
10,792,2,No,-0.109736,-2.26347,0.103982
10,793,2,No,-0.0205859,-3.89051,0.0204337
10,794,2,No,-0.00939645,-4.66582,0.00941094
10,795,2,No,-0.159277,-1.91529,0.14729
10,796,2,Yes,-1.03542,-0.438535,0.644943
10,797,2,Yes,-0.773728,-0.618469,0.538737
10,798,2,No,-2.36478,-0.098618,0.906035
10,799,2,No,-3.03734,-0.049088,0.95204
10,800,2,Yes,-2.146,-0.124308,0.883056
10,801,2,No,-0.000293536,-7.94965,0.000352765
10,802,2,Yes,-4.50258,-0.0110824,0.98892
10,803,2,No,-0.894587,-0.525462,0.591247
10,804,2,No,-0.134647,-2.0712,0.126027
10,805,2,Yes,-0.385456,-1.13969,0.319899
10,806,2,No,-0.00191192,-6.22984,0.00196965
10,807,2,Yes,-3.12317,-0.0449538,0.955985
10,808,2,No,-0.00325601,-5.71093,0.00330939
10,809,2,Yes,-3.97635,-0.0188717,0.981247
10,810,2,Yes,-0.105615,-2.2997,0.100283
10,811,2,No,-1.01263,-0.451303,0.636761
10,812,2,No,-0.000619723,-7.29529,0.00067869
10,813,2,No,-0.640998,-0.748042,0.473264
10,814,2,No,-0.182089,-1.79257,0.166522
10,815,2,No,-0.102137,-2.33146,0.0971478
10,816,2,Yes,-2.77754,-0.0641467,0.937812
10,817,2,Yes,-3.22325,-0.0405793,0.960177
10,818,2,Yes,-1.26888,-0.330016,0.71887
10,819,2,No,-0.0330382,-3.42474,0.0325559
10,820,2,Yes,-1.95356,-0.152811,0.85824
10,821,2,Yes,-3.1258,-0.0448327,0.956101
10,822,2,Yes,-3.95087,-0.0193644,0.980763
10,823,2,Yes,-3.06781,-0.0475779,0.95348
10,824,2,Yes,-4.92048,-0.00726285,0.992705
10,825,2,Yes,-1.0251,-0.444262,0.64126
10,826,2,Yes,-0.00605937,-5.09946,0.0060997
10,827,2,No,-0.00215918,-6.11181,0.00221641
10,828,2,Yes,-3.50569,-0.0304255,0.969976
10,829,2,Yes,-3.97258,-0.0189443,0.981176
10,830,2,No,-0.000121005,-8.62065,0.000180332
10,831,2,No,-1.68735,-0.204506,0.815002
10,832,2,Yes,-3.4003,-0.0338714,0.966639
10,833,2,Yes,-4.55625,-0.0104974,0.989499
10,834,2,Yes,-1.8226,-0.176196,0.838404
10,835,2,Yes,-2.82407,-0.0611356,0.94064
10,836,2,Yes,-2.28417,-0.107362,0.898148
10,837,2,Yes,-3.00101,-0.050954,0.950266
10,838,2,Yes,-3.06252,-0.0478372,0.953233
10,839,2,No,-0.000149857,-8.4732,0.000208983
10,840,2,Yes,-1.04811,-0.431616,0.64942
10,841,2,No,-1.04704,-0.432196,0.649044
10,842,2,No,-8.84572e-05,-8.81794,0.000148044
10,843,2,Yes,-3.81857,-0.0221429,0.978042
10,844,2,Yes,-1.62548,-0.219099,0.803195
10,845,2,No,-0.0034298,-5.65984,0.00348286
10,846,2,Yes,-0.202014,-1.6984,0.182965
10,847,2,No,-0.00124365,-6.64354,0.00130234
10,848,2,No,-0.00168662,-6.3511,0.00174472
10,849,2,Yes,-2.46123,-0.0891282,0.914675
10,850,2,No,-0.000251325,-8.07893,0.000309983
10,851,2,Yes,-3.50867,-0.0303332,0.970065
10,852,2,No,-0.161569,-1.90212,0.149243
10,853,2,Yes,-0.507487,-0.921173,0.398029
10,854,2,Yes,-4.52344,-0.0108513,0.989149
10,855,2,No,-0.51184,-0.914626,0.400643
10,856,2,No,-0.0446327,-3.13015,0.0437085
10,857,2,No,-0.149287,-1.97517,0.138729
10,858,2,No,-0.125526,-2.13684,0.11802
10,859,2,Yes,-0.68159,-0.704721,0.494218
10,860,2,No,-0.488064,-0.951284,0.386222
10,861,2,Yes,-3.45827,-0.0319297,0.968517
10,862,2,No,-0.0136389,-4.29726,0.013605
10,863,2,No,-0.00468755,-5.35257,0.00473569
10,864,2,Yes,-3.89437,-0.0205064,0.979645
10,865,2,No,-0.00047057,-7.54319,0.000529674
10,866,2,No,-0.00044952,-7.5838,0.000508595
10,867,2,No,-0.000286024,-7.96908,0.000345978
10,868,2,Yes,-0.899761,-0.5219,0.593357
10,869,2,Yes,-0.648597,-0.739652,0.477252
10,870,2,No,-0.00350014,-5.63975,0.00355356
10,871,2,No,-0.00840923,-4.7756,0.00843249
10,872,2,Yes,-2.8129,-0.0618452,0.939973
10,873,2,Yes,-2.85649,-0.0591251,0.942533
10,874,2,Yes,-2.61022,-0.0762974,0.926486
10,875,2,No,-0.0853927,-2.50216,0.0819027
10,876,2,Yes,-2.01045,-0.14372,0.86608
10,877,2,No,-0.0152204,-4.18881,0.0151634
10,878,2,Yes,-4.3284,-0.0132164,0.986812
10,879,2,Yes,-2.28239,-0.107564,0.897966
10,880,2,Yes,-4.25333,-0.0142591,0.985784
10,881,2,No,-0.00895306,-4.71353,0.00897247
10,882,2,Yes,-3.98233,-0.0187578,0.981359
10,883,2,Yes,-4.51614,-0.0109312,0.98907
10,884,2,Yes,-1.41009,-0.279798,0.755892
10,885,2,Yes,-2.31122,-0.104341,0.900865
10,886,2,Yes,-4.57147,-0.0103365,0.989658
10,887,2,No,-1.05912,-0.425724,0.653258
10,888,2,Yes,-0.80871,-0.589461,0.554594
10,889,2,Yes,-0.321718,-1.29042,0.27514
10,890,2,Yes,-1.39451,-0.28488,0.75206
10,891,2,Yes,-3.68325,-0.0254017,0.97486
10,892,2,Yes,-4.57876,-0.010261,0.989733
10,893,2,Yes,-4.02326,-0.0179962,0.982107
10,894,2,Yes,-4.00002,-0.0184242,0.981686
10,895,2,Yes,-3.9561,-0.0192624,0.980864
10,896,2,No,-0.000138769,-8.52558,0.000198317
10,897,2,No,-0.000374387,-7.74399,0.000433312
10,898,2,Yes,-2.83108,-0.0606956,0.941054
10,899,2,No,-0.000216508,-8.1966,0.000275574
10,900,2,No,-0.000277796,-7.99589,0.000336824
10,901,2,Yes,-4.56973,-0.0103553,0.98964
10,902,2,Yes,-1.31682,-0.311874,0.732031
10,903,2,No,-0.0522793,-2.97602,0.0509923
10,904,2,Yes,-4.43572,-0.0118578,0.988154
10,905,2,Yes,-4.17366,-0.0154561,0.984605
10,906,2,Yes,-4.21261,-0.0148584,0.985193
10,907,2,No,-0.0533577,-2.95616,0.0520152
10,908,2,No,-0.630072,-0.760344,0.467478
10,909,2,No,-0.516222,-0.908105,0.403264
10,910,2,Yes,-1.47188,-0.260631,0.77052
10,911,2,No,-0.00025836,-8.05348,0.000317974
10,912,2,Yes,-0.256056,-1.48739,0.225947
10,913,2,No,-0.13108,-2.09629,0.122905
10,914,2,No,-0.00141846,-6.51786,0.00147674
10,915,2,Yes,-3.98422,-0.0187221,0.981394
10,916,2,No,-0.00852657,-4.76185,0.00854929
10,917,2,Yes,-1.70825,-0.199822,0.818829
10,918,2,Yes,-3.26297,-0.0389645,0.961728
10,919,2,Yes,-4.40443,-0.0122392,0.987778
10,920,2,Yes,-2.2465,-0.111727,0.894237
10,921,2,No,-0.00446241,-5.40112,0.00451126
10,922,2,No,-0.122788,-2.15755,0.115601
10,923,2,Yes,-3.65955,-0.0260203,0.974257
10,924,2,Yes,-3.89894,-0.0204117,0.979738
10,925,2,Yes,-0.369832,-1.17374,0.30919
10,926,2,Yes,-4.5547,-0.0105141,0.989483
10,927,2,Yes,-2.33985,-0.101239,0.903664
10,928,2,No,-0.000517383,-7.4582,0.000576658
10,929,2,No,-0.000229027,-8.15147,0.000288295
10,930,2,Yes,-2.20045,-0.117314,0.889253
10,931,2,No,-0.0539601,-2.94524,0.0525863
10,932,2,No,-0.00916712,-4.69021,0.00918419
10,933,2,Yes,-2.55601,-0.0807272,0.92239
10,934,2,No,-0.00383713,-5.54974,0.00388823
10,935,2,No,-0.00398266,-5.51283,0.00403443
10,936,2,Yes,-3.01538,-0.0502079,0.950976
10,937,2,No,-0.000832248,-7.02264,0.000891412
10,938,2,No,-0.0139664,-4.27381,0.0139278
10,939,2,No,-0.00116977,-6.7023,0.00122802
10,940,2,Yes,-3.12179,-0.0450175,0.955924
10,941,2,No,-0.0162546,-4.12378,0.0161823
10,942,2,No,-0.0176721,-4.04122,0.017575
10,943,2,Yes,-5.01598,-0.00659418,0.993369
10,944,2,Yes,-0.248962,-1.51209,0.220436
10,945,2,No,-0.014227,-4.25555,0.0141844
10,946,2,Yes,-2.0865,-0.13246,0.875887
10,947,2,Yes,-0.520755,-0.901434,0.405963
10,948,2,Yes,-3.45165,-0.0321453,0.968309
10,949,2,Yes,-4.47243,-0.0114245,0.988581
10,950,2,No,-0.00177708,-6.30071,0.00183489
10,951,2,Yes,-3.74296,-0.0239089,0.976317
10,952,2,Yes,-1.03119,-0.440869,0.643439
10,953,2,Yes,-1.51077,-0.249335,0.779273
10,954,2,Yes,-3.35517,-0.0354655,0.965099
10,955,2,Yes,-0.75826,-0.631905,0.531547
10,956,2,Yes,-3.96313,-0.0191264,0.980998
10,957,2,Yes,-3.46647,-0.0316645,0.968775
10,958,2,Yes,-3.9633,-0.0191228,0.981001
10,959,2,No,-0.0130556,-4.34047,0.0130296
10,960,2,No,-0.00202605,-6.17378,0.00208322
10,961,2,Yes,-3.23219,-0.04021,0.960531
10,962,2,No,-0.00267302,-5.90385,0.00272877
10,963,2,No,-0.0511567,-2.99714,0.0499268
10,964,2,No,-0.643088,-0.745721,0.474364
10,965,2,No,-0.00153134,-6.44422,0.00158959
10,966,2,No,-0.0122759,-4.40139,0.0122595
10,967,2,No,-0.0208869,-3.87618,0.0207287
10,968,2,No,-1.37145,-0.292601,0.746276
10,969,2,Yes,-1.56773,-0.233774,0.791494
10,970,2,Yes,-3.91551,-0.0200716,0.980071
10,971,2,Yes,-3.30353,-0.0373842,0.963249
10,972,2,No,-0.0282758,-3.57772,0.0279376
10,973,2,No,-0.109035,-2.26953,0.103354
10,974,2,Yes,-1.54894,-0.238784,0.787539
10,975,2,No,-0.336163,-1.25333,0.285535
10,976,2,No,-0.527099,-0.892223,0.40972
10,977,2,Yes,-1.00614,-0.455026,0.634395
10,978,2,Yes,-3.3626,-0.035198,0.965357
10,979,2,Yes,-0.158077,-1.92226,0.146267
10,980,2,Yes,-0.373965,-1.16457,0.312039
10,981,2,Yes,-0.344682,-1.23233,0.291596
10,982,2,Yes,-0.279478,-1.41108,0.243866
10,983,2,Yes,-2.81433,-0.0617535,0.940059
10,984,2,No,-0.389617,-1.1309,0.322724
10,985,2,No,-0.976251,-0.472666,0.623302
10,986,2,Yes,-0.819564,-0.580827,0.559402
10,987,2,Yes,-0.939982,-0.495241,0.609388
10,988,2,Yes,-3.37174,-0.0348718,0.965672
10,989,2,Yes,-1.53078,-0.243739,0.783646
10,990,2,Yes,-0.662356,-0.724796,0.484395
10,991,2,Yes,-0.677429,-0.708998,0.492108
10,992,2,No,-0.514076,-0.911289,0.401982
10,993,2,Yes,-1.58299,-0.229792,0.794652
10,994,2,Yes,-1.54377,-0.240182,0.786438
10,995,2,Yes,-0.98781,-0.465746,0.62763
10,996,2,Yes,-3.17436,-0.0426581,0.958182
10,997,2,Yes,-2.81328,-0.0618211,0.939996
10,998,2,Yes,-3.91593,-0.0200622,0.980079
10,999,2,Yes,-3.95917,-0.019203,0.980922
10,1000,2,Yes,-1.64948,-0.213307,0.807861
10,1001,2,Yes,-1.73812,-0.193334,0.824159
10,1002,2,Yes,-3.84809,-0.0214904,0.978681
10,1003,2,Yes,-4.37423,-0.0126177,0.987403
10,1004,2,Yes,-4.52913,-0.0107887,0.98921
10,1005,2,No,-0.703748,-0.682542,0.505301
10,1006,2,Yes,-1.0522,-0.429415,0.650851
10,1007,2,Yes,-2.69846,-0.0696181,0.932695
10,1008,2,Yes,-1.27045,-0.329402,0.719312
10,1009,2,Yes,-4.15181,-0.0158015,0.984265
10,1010,2,Yes,-3.85804,-0.0212755,0.978892
10,1011,2,Yes,-4.08906,-0.0168367,0.983246
10,1012,2,Yes,-4.00968,-0.0182462,0.981862
10,1013,2,Yes,-2.1601,-0.122455,0.884693
10,1014,2,Yes,-4.56575,-0.0103971,0.989599
10,1015,2,No,-0.01229,-4.40024,0.0122737
10,1016,2,Yes,-1.76827,-0.187015,0.829382
10,1017,2,Yes,-2.23683,-0.112876,0.893209
10,1018,2,Yes,-3.05602,-0.0481568,0.952928
10,1019,2,Yes,-3.82532,-0.0219921,0.97819
10,1020,2,No,-0.000690102,-7.19643,0.000749215
10,1021,2,No,-0.0156224,-4.16303,0.0155594
10,1022,2,No,-0.00902722,-4.70543,0.00904545
10,1023,2,Yes,-4.18779,-0.0152363,0.984821
10,1024,2,Yes,-2.98105,-0.0520098,0.949263
10,1025,2,Yes,-0.862324,-0.548391,0.577845
10,1026,2,Yes,-3.40426,-0.0337357,0.96677
10,1027,2,Yes,-1.47097,-0.260903,0.77031
10,1028,2,Yes,-1.74976,-0.190868,0.826194
10,1029,2,Yes,-1.88179,-0.16518,0.847691
10,1030,2,Yes,-2.27749,-0.108123,0.897465
10,1031,2,Yes,-0.143678,-2.01072,0.133885
10,1032,2,No,-0.010735,-4.53402,0.0107368
10,1033,2,No,-0.0940419,-2.41,0.0898096
10,1034,2,No,-1.709,-0.199657,0.818964
10,1035,2,Yes,-2.06243,-0.135919,0.872863
10,1036,2,Yes,-2.94806,-0.0538038,0.947562
10,1037,2,Yes,-3.04253,-0.0488281,0.952289
10,1038,2,No,-0.00437698,-5.42005,0.00442668
10,1039,2,No,-0.0597949,-2.84556,0.0580985
10,1040,2,No,-0.0635102,-2.78717,0.0615915
10,1041,2,Yes,-3.57148,-0.0284566,0.971888
10,1042,2,Yes,-3.26453,-0.0389019,0.961788
10,1043,2,No,-0.785067,-0.608862,0.543938
10,1044,2,Yes,-2.43746,-0.0913737,0.912622
10,1045,2,Yes,-1.25653,-0.334887,0.715377
10,1046,2,No,-0.00779392,-4.85061,0.00782311
10,1047,2,No,-0.0068273,-4.98153,0.00686316
10,1048,2,No,-0.000128814,-8.57902,0.000187998
10,1049,2,No,-0.000163926,-8.40813,0.000223034
10,1050,2,No,-8.2377e-05,-8.86092,0.000141817
10,1051,2,No,-0.000133166,-8.5531,0.000192935
10,1052,2,No,-8.75034e-05,-8.82848,0.000146493
10,1053,2,No,-0.000204405,-8.24033,0.000263783
10,1054,2,No,-0.0488896,-3.04129,0.0477706
10,1055,2,No,-0.00168656,-6.35142,0.00174416
10,1056,2,No,-0.00470366,-5.34917,0.00475179
10,1057,2,No,-0.00247146,-5.98055,0.00252729
10,1058,2,No,-0.000221635,-8.17743,0.000280907
10,1059,2,No,-0.000117547,-8.6386,0.000177124
10,1060,2,No,-0.00267314,-5.90385,0.00272876
10,1061,2,Yes,-2.67581,-0.0712729,0.931153
10,1062,2,Yes,-4.54671,-0.0105991,0.989399
10,1063,2,No,-4.13979,-0.0159945,0.984075
10,1064,2,Yes,-4.93564,-0.00715293,0.992815
10,1065,2,No,-2.28423,-0.107356,0.898153
10,1066,2,No,-0.000154388,-8.45211,0.000213438
10,1067,2,No,-7.63565e-05,-8.90821,0.000135265
10,1068,2,No,-0.0456135,-3.10894,0.0446457
10,1069,2,No,-0.000734659,-7.13912,0.000793404
10,1070,2,No,-0.000159097,-8.42885,0.00021846
10,1071,2,No,-5.54339e-05,-9.07097,0.000114948
10,1072,2,No,-0.0916156,-2.43493,0.0875986
10,1073,2,No,-4.76849e-05,-9.14332,0.000106925
10,1074,2,No,-0.000262176,-8.042,0.000321647
10,1075,2,No,-0.000146042,-8.4879,0.000205934
10,1076,2,No,-0.406649,-1.09607,0.334161
10,1077,2,No,-0.00282191,-5.85091,0.00287712
10,1078,2,No,-0.248001,-1.51549,0.219687
10,1079,2,No,-0.00100765,-6.84279,0.00106706
10,1080,2,No,-0.0014572,-6.49222,0.0015151
10,1081,2,No,-0.00265217,-5.91146,0.00270808
10,1082,2,Yes,-0.294828,-1.36493,0.255384
10,1083,2,No,-0.00274104,-5.8794,0.0027963
10,1084,2,Yes,-4.01092,-0.0182229,0.981884
10,1085,2,Yes,-4.5302,-0.0107776,0.989222
10,1086,2,Yes,-4.91103,-0.00733274,0.992636
10,1087,2,Yes,-0.178818,-1.80911,0.163791
10,1088,2,No,-0.185696,-1.77471,0.169523
10,1089,2,Yes,-0.727794,-0.659547,0.517055
10,1090,2,Yes,-0.984634,-0.467634,0.626446
10,1091,2,Yes,-3.89179,-0.0205606,0.979592
10,1092,2,Yes,-2.75408,-0.065722,0.936336
10,1093,2,No,-0.000608033,-7.31297,0.000666791
10,1094,2,No,-0.000913381,-6.93575,0.000972335
10,1095,2,No,-0.00123846,-6.64765,0.00129699
10,1096,2,No,-0.0244509,-3.72083,0.0242125
10,1097,2,No,-0.00201703,-6.17805,0.00207434
10,1098,2,No,-0.0186953,-3.98557,0.0185807
10,1099,2,Yes,-0.140003,-2.03482,0.130696
10,1100,2,No,-0.815417,-0.584106,0.557571
10,1101,2,Yes,-3.92609,-0.019857,0.980281
10,1102,2,Yes,-4.19046,-0.0151949,0.984861
10,1103,2,Yes,-4.47795,-0.0113611,0.988644
10,1104,2,Yes,-1.01897,-0.447708,0.639054
10,1105,2,No,-0.519651,-0.903051,0.405307
10,1106,2,Yes,-0.57873,-0.822235,0.439423
10,1107,2,No,-0.584952,-0.814352,0.4429
10,1108,2,Yes,-3.64248,-0.0264753,0.973814
10,1109,2,Yes,-3.66296,-0.0259302,0.974345
10,1110,2,Yes,-4.46042,-0.0115649,0.988443
10,1111,2,Yes,-3.95158,-0.0193506,0.980777
10,1112,2,Yes,-3.36859,-0.0349841,0.965564
10,1113,2,Yes,-2.57048,-0.0795189,0.923506
10,1114,2,Yes,-3.22787,-0.0403875,0.960361
10,1115,2,Yes,-2.05515,-0.136983,0.871934
10,1116,2,No,-0.036697,-3.32169,0.0360895
10,1117,2,Yes,-2.45627,-0.0895912,0.914251
10,1118,2,Yes,-3.85728,-0.0212909,0.978876
10,1119,2,Yes,-2.38253,-0.0967949,0.907689
10,1120,2,Yes,-2.04015,-0.139204,0.869999
10,1121,2,Yes,-2.58829,-0.0780579,0.924856
10,1122,2,Yes,-3.81533,-0.0222162,0.977971
10,1123,2,Yes,-0.476554,-0.969852,0.379117
10,1124,2,Yes,-3.72033,-0.0244639,0.975776
10,1125,2,Yes,-2.15984,-0.122489,0.884663
10,1126,2,Yes,-3.62757,-0.0268795,0.973421
10,1127,2,No,-1.77146,-0.18636,0.829926
10,1128,2,No,-0.331951,-1.26395,0.28252
10,1129,2,No,-0.67268,-0.713922,0.489691
10,1130,2,No,-1.67305,-0.207781,0.812337
10,1131,2,Yes,-3.21837,-0.040781,0.959982
10,1132,2,Yes,-1.74675,-0.191502,0.82567
10,1133,2,Yes,-3.69465,-0.0251104,0.975145
10,1134,2,Yes,-4.39807,-0.0123176,0.9877
10,1135,2,Yes,-3.73778,-0.024034,0.976195
10,1136,2,Yes,-3.57435,-0.028373,0.971968
10,1137,2,Yes,-3.92646,-0.0198499,0.980288
10,1138,2,Yes,-0.279222,-1.41187,0.243673
10,1139,2,No,-0.531227,-0.886307,0.412151
10,1140,2,Yes,-2.95468,-0.0534394,0.947908
10,1141,2,Yes,-3.03301,-0.0493076,0.951832
10,1142,2,Yes,-4.05744,-0.0173844,0.982708
10,1143,2,Yes,-4.8121,-0.00810447,0.99187
10,1144,2,Yes,-4.10767,-0.0165231,0.983555
10,1145,2,No,-0.501365,-0.930503,0.394332
10,1146,2,Yes,-2.6115,-0.0761956,0.92658
10,1147,2,Yes,-3.22744,-0.0404051,0.960343
10,1148,2,Yes,-3.19205,-0.0418938,0.958915
10,1149,2,Yes,-3.33192,-0.0363169,0.964278
10,1150,2,Yes,-0.321489,-1.29102,0.274975
10,1151,2,Yes,-2.90728,-0.0561101,0.945379
10,1152,2,Yes,-2.4808,-0.0873218,0.916328
10,1153,2,No,-0.0915418,-2.4357,0.0875311
10,1154,2,No,-0.00199792,-6.18707,0.00205573
10,1155,2,No,-0.021378,-3.85328,0.0212089
10,1156,2,No,-0.00409128,-5.48669,0.00414128
10,1157,2,No,-0.00167803,-6.35616,0.00173593
10,1158,2,No,-0.0102246,-4.58226,0.0102312
10,1159,2,No,-0.818964,-0.581301,0.559138
10,1160,2,Yes,-2.0489,-0.137904,0.87113
10,1161,2,Yes,-1.44939,-0.267429,0.7653
10,1162,2,No,-0.0367786,-3.31952,0.036168
10,1163,2,Yes,-1.77657,-0.185316,0.830793
10,1164,2,No,-0.0102852,-4.57635,0.0102917
10,1165,2,No,-0.0858997,-2.4965,0.0823677
10,1166,2,Yes,-1.99482,-0.146158,0.86397
10,1167,2,Yes,-2.02075,-0.142134,0.867453
10,1168,2,Yes,-3.03384,-0.0492656,0.951872
10,1169,2,Yes,-0.621727,-0.769936,0.463015
10,1170,2,Yes,-2.05169,-0.137492,0.871491
10,1171,2,No,-0.270856,-1.43829,0.237319
10,1172,2,Yes,-3.00667,-0.0506586,0.950547
10,1173,2,No,-0.225192,-1.60099,0.201684
10,1174,2,No,-0.609586,-0.784204,0.456456
10,1175,2,Yes,-2.91018,-0.0559434,0.945537
10,1176,2,No,-0.68831,-0.69789,0.497605
10,1177,2,Yes,-3.55826,-0.0288405,0.971514
10,1178,2,Yes,-2.35358,-0.099787,0.904977
10,1179,2,No,-0.11013,-2.26008,0.104336
10,1180,2,Yes,-4.24851,-0.0143289,0.985715
10,1181,2,Yes,-0.828415,-0.573911,0.563285
10,1182,2,Yes,-3.05913,-0.0480037,0.953074
10,1183,2,No,-0.0126125,-4.37462,0.0125922
10,1184,2,Yes,-3.73936,-0.0239952,0.976232
10,1185,2,No,-2.51711,-0.0840702,0.919312
10,1186,2,Yes,-2.09709,-0.130968,0.877194
10,1187,2,No,-0.454372,-1.00728,0.365191
10,1188,2,No,-0.333524,-1.25996,0.283648
10,1189,2,No,-0.0101825,-4.58631,0.0101897
10,1190,2,No,-0.000203153,-8.24492,0.000262573
10,1191,2,No,-0.000148427,-8.4811,0.000207337
10,1192,2,No,-0.000167145,-8.3913,0.000226818
10,1193,2,No,-0.000113553,-8.66163,0.000173091
10,1194,2,No,-0.0162425,-4.12453,0.0161701
10,1195,2,No,-0.0290617,-3.55076,0.0287012
10,1196,2,No,-0.000975727,-6.87391,0.00103436
10,1197,2,No,-0.00224927,-6.07232,0.00230569
10,1198,2,No,-0.00102626,-6.82626,0.00108485
10,1199,2,No,-0.00329417,-5.69943,0.00334769
10,1200,2,No,-0.000196595,-8.27107,0.000255795
10,1201,2,No,-0.000360315,-7.77614,0.000419604
10,1202,2,Yes,-4.66325,-0.00942106,0.990565
10,1203,2,Yes,-4.73892,-0.00872726,0.991252
10,1204,2,Yes,-4.94312,-0.0070986,0.992868
10,1205,2,Yes,-4.50434,-0.0110633,0.98894
10,1206,2,No,-0.000108308,-8.69352,0.000167659
10,1207,2,No,-0.000497942,-7.49273,0.000557085
10,1208,2,No,-6.43751e-05,-8.99691,0.000123785
10,1209,2,No,-0.000751838,-7.11747,0.000810767
10,1210,2,No,-0.000159396,-8.4303,0.000218144
10,1211,2,No,-0.000209234,-8.2219,0.000268688
10,1212,2,No,-0.0017003,-6.34343,0.00175816
10,1213,2,No,-0.00325715,-5.71031,0.00331146
10,1214,2,No,-0.698959,-0.687252,0.502927
10,1215,2,No,-0.012645,-4.3721,0.012624
10,1216,2,No,-0.00158913,-6.40868,0.0016471
10,1217,2,Yes,-0.888292,-0.529836,0.588667
10,1218,2,No,-0.257262,-1.48327,0.226881
10,1219,2,No,-0.54981,-0.860385,0.422975
10,1220,2,Yes,-0.493179,-0.943207,0.389354
10,1221,2,Yes,-4.26413,-0.0141039,0.985937
10,1222,2,Yes,-4.29369,-0.0136889,0.986346
10,1223,2,Yes,-2.7934,-0.0631034,0.938791
10,1224,2,No,-0.000506768,-7.47706,0.000565885
10,1225,2,No,-0.000587517,-7.34372,0.000646604
10,1226,2,No,-0.000321082,-7.87394,0.000380511
10,1227,2,No,-0.006582,-5.01767,0.00661956
10,1228,2,No,-0.00195277,-6.20962,0.00200987
10,1229,2,No,-0.00310031,-5.75885,0.00315456
10,1230,2,No,-0.0160483,-4.13642,0.015979
10,1231,2,No,-0.00508604,-5.27219,0.00513207
10,1232,2,No,-0.055548,-2.91705,0.0540898
10,1233,2,No,-0.00277367,-5.86766,0.00282933
10,1234,2,Yes,-2.85855,-0.0589987,0.942652
10,1235,2,Yes,-2.80255,-0.0625093,0.939349
10,1236,2,Yes,-3.61518,-0.0272201,0.973089
10,1237,2,Yes,-2.33135,-0.102149,0.902841
10,1238,2,No,-0.0643415,-2.7746,0.0623705
10,1239,2,No,-0.0183101,-4.00616,0.0182021
10,1240,2,Yes,-3.21769,-0.0408109,0.959955
10,1241,2,Yes,-2.24657,-0.111717,0.894245
10,1242,2,Yes,-4.75428,-0.00859258,0.991386
10,1243,2,Yes,-4.59813,-0.0100612,0.98993
10,1244,2,No,-0.00415933,-5.47024,0.00420997
10,1245,2,Yes,-3.52099,-0.0299552,0.970432
10,1246,2,Yes,-4.04367,-0.0176284,0.982468
10,1247,2,No,-0.00079926,-7.06026,0.000858507
10,1248,2,No,-0.00231964,-6.04209,0.00237646
10,1249,2,No,-0.215823,-1.63897,0.194169
10,1250,2,No,-0.000788403,-7.07356,0.00084716
10,1251,2,Yes,-4.63172,-0.00972586,0.990263
10,1252,2,Yes,-3.78781,-0.0228444,0.977356
10,1253,2,No,-0.00108862,-6.77023,0.00114736
10,1254,2,No,-0.00046252,-7.55836,0.000521698
10,1255,2,No,-0.00131025,-6.59376,0.0013688
10,1256,2,Yes,-1.27102,-0.329182,0.71947
10,1257,2,Yes,-0.817274,-0.582635,0.558392
10,1258,2,Yes,-5.27764,-0.00505747,0.994896
10,1259,2,Yes,-4.08233,-0.0169511,0.983133
10,1260,2,No,-0.000209652,-8.22175,0.000268728
10,1261,2,Yes,-3.55243,-0.029012,0.971347
10,1262,2,No,-0.000186997,-8.30945,0.000246164
10,1263,2,Yes,-5.37448,-0.00458407,0.995367
10,1264,2,No,-0.00149087,-6.46994,0.00154923
10,1265,2,Yes,-1.99712,-0.145797,0.864282
10,1266,2,No,-0.00350541,-5.63828,0.00355877
10,1267,2,Yes,-4.27886,-0.0138956,0.986142
10,1268,2,No,-0.000920004,-6.92868,0.000979231
10,1269,2,Yes,-3.99186,-0.0185775,0.981536
10,1270,2,No,-0.0212906,-3.85729,0.021124
10,1271,2,No,-0.101164,-2.34055,0.0962691
10,1272,2,No,-0.0103459,-4.57052,0.0103519
10,1273,2,Yes,-4.41613,-0.0120938,0.98792
10,1274,2,No,-0.00324423,-5.71427,0.00329837
10,1275,2,Yes,-3.95948,-0.0191972,0.980928
10,1276,2,No,-0.00168949,-6.34969,0.00174719
10,1277,2,No,-0.00369468,-5.5867,0.00374715
10,1278,2,No,-0.0841259,-2.51647,0.0807391
10,1279,2,No,-9.25703e-05,-8.7939,0.000151647
10,1280,2,No,-0.0765773,-2.6067,0.0737734
10,1281,2,Yes,-5.08511,-0.00614729,0.993812
10,1282,2,No,-4.96641,-0.00693239,0.993032
10,1283,2,No,-0.00134499,-6.56897,0.00140315
10,1284,2,No,-0.00023177,-8.14342,0.000290623
10,1285,2,No,-0.700473,-0.685758,0.503679
10,1286,2,Yes,-5.38156,-0.00455126,0.9954
10,1287,2,Yes,-3.29919,-0.0375499,0.963089
10,1288,2,No,-0.000229743,-8.14755,0.000289426
10,1289,2,No,-0.000179843,-8.34021,0.000238709
10,1290,2,Yes,-5.40229,-0.00445624,0.995494
10,1291,2,No,-5.84143e-05,-9.04637,0.000117811
10,1292,2,No,-0.000128516,-8.57842,0.000188111
10,1293,2,No,-0.000183003,-8.32388,0.000242638
10,1294,2,No,-7.42701e-05,-8.92269,0.000133321
10,1295,2,Yes,-4.14496,-0.0159111,0.984157
10,1296,2,Yes,-4.00418,-0.018347,0.981762
10,1297,2,No,-0.000119097,-8.63036,0.000178589
10,1298,2,No,-0.000185805,-8.31318,0.000245249
10,1299,2,No,-0.000381841,-7.72577,0.000441281
10,1300,2,Yes,-4.59293,-0.0101142,0.989878
10,1301,2,No,-0.0893583,-2.45876,0.0855362
10,1302,2,No,-1.58035,-0.230475,0.794109
10,1303,2,No,-0.00124795,-6.63996,0.001307
10,1304,2,No,-0.00176639,-6.30654,0.00182422
10,1305,2,No,-0.907941,-0.516333,0.59667
10,1306,2,Yes,-4.48868,-0.0112393,0.988765
10,1307,2,No,-0.00282484,-5.8497,0.00288058
10,1308,2,No,-0.00448013,-5.39709,0.00452946
10,1309,2,No,-0.00182007,-6.27738,0.00187821
10,1310,2,Yes,-3.3125,-0.0370433,0.963577
10,1311,2,Yes,-3.47696,-0.0313272,0.969101
10,1312,2,Yes,-4.04997,-0.0175155,0.982578
10,1313,2,Yes,-4.06483,-0.0172542,0.982835
10,1314,2,Yes,-0.775264,-0.617154,0.539445
10,1315,2,No,-0.233796,-1.56764,0.208524
10,1316,2,Yes,-2.34103,-0.101113,0.903777
10,1317,2,No,-0.0502953,-3.01368,0.0491075
10,1318,2,No,-0.000564556,-7.37948,0.000623889
10,1319,2,No,-0.290924,-1.3764,0.252472
10,1320,2,Yes,-5.72236,-0.0032172,0.996728
10,1321,2,No,-0.00105896,-6.79648,0.00111763
10,1322,2,Yes,-3.3593,-0.0353163,0.965243
10,1323,2,No,-0.915459,-0.511282,0.599691
10,1324,2,No,-0.214437,-1.64473,0.193053
10,1325,2,Yes,-3.32772,-0.0364724,0.964127
10,1326,2,Yes,-3.95111,-0.0193597,0.980768
10,1327,2,Yes,-2.80878,-0.0621087,0.939725
10,1328,2,Yes,-5.90546,-0.00266812,0.997276
10,1329,2,No,-0.014422,-4.24204,0.0143773
10,1330,2,No,-0.712949,-0.673615,0.509832
10,1331,2,Yes,-3.01486,-0.0502335,0.95095
10,1332,2,Yes,-0.555954,-0.852063,0.426509
10,1333,2,Yes,-3.16983,-0.0428566,0.957992
10,1334,2,Yes,-2.39034,-0.0960032,0.908407
10,1335,2,Yes,-2.39684,-0.0953505,0.909
10,1336,2,Yes,-2.26714,-0.109311,0.896398
10,1337,2,Yes,-3.26654,-0.0388225,0.961864
10,1338,2,Yes,-2.77208,-0.0645091,0.937472
10,1339,2,Yes,-4.32317,-0.0132858,0.986743
10,1340,2,Yes,-4.46565,-0.011503,0.988504
10,1341,2,Yes,-4.52641,-0.0108179,0.989181
10,1342,2,Yes,-4.41888,-0.0120602,0.987953
10,1343,2,Yes,-5.62123,-0.00356666,0.99638
10,1344,2,Yes,-3.26397,-0.0389249,0.961766
10,1345,2,Yes,-2.2253,-0.114263,0.891972
10,1346,2,No,-0.0374446,-3.30193,0.0368098
10,1347,2,Yes,-4.81645,-0.00806896,0.991905
10,1348,2,Yes,-2.88686,-0.0573027,0.944252
10,1349,2,Yes,-2.16475,-0.121852,0.885228
10,1350,2,No,-4.19513,-0.0151237,0.984932
10,1351,2,Yes,-0.721417,-0.66554,0.513965
10,1352,2,Yes,-0.0974888,-2.37572,0.0929418
10,1353,2,Yes,-4.94595,-0.00707741,0.992888
10,1354,2,No,-0.629181,-0.76136,0.467003
10,1355,2,Yes,-4.36225,-0.0127723,0.987251
10,1356,2,Yes,-3.07452,-0.0472524,0.953791
10,1357,2,Yes,-2.59547,-0.0774778,0.925393
10,1358,2,No,-0.300415,-1.34881,0.259533
10,1359,2,Yes,-4.39382,-0.0123698,0.987647
10,1360,2,No,-0.342781,-1.23696,0.290248
10,1361,2,Yes,-1.07941,-0.415115,0.660226
10,1362,2,Yes,-0.907041,-0.516942,0.596307
10,1363,2,No,-1.12446,-0.392704,0.67519
10,1364,2,Yes,-1.38903,-0.286692,0.750699
10,1365,2,Yes,-0.958887,-0.48331,0.616703
10,1366,2,Yes,-3.08423,-0.0467838,0.954237
10,1367,2,Yes,-0.273462,-1.42997,0.239303
10,1368,2,Yes,-3.61933,-0.0271058,0.973201
10,1369,2,Yes,-2.59342,-0.0776427,0.92524
10,1370,2,Yes,-2.13859,-0.125295,0.882185
10,0,3,No,-0.000604872,-7.31709,0.000664053
10,1,3,No,-0.000331516,-7.84607,0.000391265
10,2,3,No,-0.100387,-2.34787,0.0955664
10,3,3,Yes,-2.90609,-0.0561797,0.945314
10,4,3,No,-0.0103928,-4.56609,0.0103979
10,5,3,Yes,-2.25414,-0.110826,0.895043
10,6,3,No,-0.33047,-1.26772,0.281456
10,7,3,No,-0.0790399,-2.57628,0.0760522
10,8,3,No,-1.24008,-0.341507,0.710657
10,9,3,No,-0.0165086,-4.10847,0.0164319
10,10,3,No,-0.000633798,-7.27486,0.000692693
10,11,3,No,-0.00222334,-6.08363,0.00227975
10,12,3,No,-0.000999831,-6.85093,0.00105841
10,13,3,No,-0.0533949,-2.95548,0.0520505
10,14,3,Yes,-0.11739,-2.19984,0.110815
10,15,3,Yes,-1.02589,-0.443819,0.641544
10,16,3,No,-0.00199403,-6.18938,0.00205098
10,17,3,No,-0.000916066,-6.93308,0.000974937
10,18,3,Yes,-2.40406,-0.0946311,0.909654
10,19,3,Yes,-2.52991,-0.0829549,0.920339
10,20,3,Yes,-1.8248,-0.175774,0.838759
10,21,3,Yes,-4.37808,-0.012569,0.987451
10,22,3,Yes,-3.13086,-0.0446016,0.956322
10,23,3,Yes,-2.54098,-0.0820022,0.921215
10,24,3,Yes,-2.7245,-0.0677646,0.934425
10,25,3,Yes,-3.2699,-0.0386901,0.961992
10,26,3,No,-0.151788,-1.95978,0.140881
10,27,3,No,-0.0152356,-4.18779,0.0151789
10,28,3,No,-1.03528,-0.438609,0.644895
10,29,3,Yes,-0.90786,-0.516387,0.596637
10,30,3,Yes,-4.6434,-0.009612,0.990376
10,31,3,Yes,-2.5073,-0.0849357,0.918517
10,32,3,No,-0.434553,-1.04269,0.352484
10,33,3,Yes,-1.00947,-0.453111,0.63561
10,34,3,Yes,-0.305924,-1.33326,0.263601
10,35,3,No,-0.877601,-0.537376,0.584245
10,36,3,Yes,-3.26356,-0.0389405,0.96175
10,37,3,Yes,-4.63803,-0.00966484,0.990324
10,38,3,Yes,-1.1001,-0.404634,0.667182
10,39,3,No,-0.00209491,-6.14124,0.00215213
10,40,3,Yes,-3.1832,-0.0422738,0.95855
10,41,3,Yes,-2.16865,-0.121346,0.885675
10,42,3,No,-0.000182228,-8.32926,0.000241336
10,43,3,Yes,-3.57694,-0.0282987,0.972041
10,44,3,Yes,-4.84475,-0.00784126,0.992131
10,45,3,No,-0.495639,-0.939363,0.390854
10,46,3,No,-1.47219,-0.260539,0.770591
10,47,3,Yes,-3.65718,-0.0260827,0.974196
10,48,3,Yes,-3.93105,-0.0197587,0.980378
10,49,3,No,-0.00437033,-5.42153,0.00442012
10,50,3,No,-0.00636267,-5.0511,0.00640188
10,51,3,No,-0.0638519,-2.78199,0.0619117
10,52,3,No,-0.0172961,-4.06244,0.017206
10,53,3,No,-0.0194114,-3.94849,0.0192827
10,54,3,Yes,-4.63232,-0.00972027,0.990268
10,55,3,Yes,-0.953087,-0.486931,0.614474
10,56,3,Yes,-2.05727,-0.136672,0.872205
10,57,3,Yes,-3.15503,-0.0435106,0.957365
10,58,3,Yes,-4.88757,-0.00750904,0.992461
10,59,3,No,-0.000660995,-7.23607,0.000720096
10,60,3,Yes,-2.11234,-0.12885,0.879053
10,61,3,Yes,-5.01495,-0.00660054,0.993362
10,62,3,Yes,-4.89656,-0.00744064,0.992528
10,63,3,Yes,-0.276732,-1.41964,0.241787
10,64,3,Yes,-2.96951,-0.0526308,0.948675
10,65,3,Yes,-2.89448,-0.0568551,0.944676
10,66,3,Yes,-2.09997,-0.130565,0.877547
10,67,3,Yes,-4.9123,-0.00732265,0.992645
10,68,3,No,-0.332351,-1.26293,0.282806
10,69,3,No,-0.0539357,-2.94567,0.0525638
10,70,3,Yes,-3.86162,-0.021198,0.978967
10,71,3,No,-0.00267798,-5.90195,0.00273395
10,72,3,Yes,-0.967874,-0.477763,0.620132
10,73,3,No,-0.000201365,-8.25279,0.000260514
10,74,3,Yes,-2.28163,-0.107651,0.897888
10,75,3,No,-0.607889,-0.786229,0.455533
10,76,3,No,-0.0536874,-2.95017,0.0523278
10,77,3,No,-0.000346303,-7.81049,0.000405433
10,78,3,Yes,-4.75916,-0.00855002,0.991428
10,79,3,Yes,-3.68362,-0.025392,0.97487
10,80,3,Yes,-0.225834,-1.59846,0.202196
10,81,3,Yes,-0.375664,-1.16083,0.313207
10,82,3,No,-3.91451,-0.0200914,0.980051
10,83,3,Yes,-2.31921,-0.103465,0.901655
10,84,3,Yes,-2.28495,-0.107274,0.898227
10,85,3,Yes,-3.91606,-0.0200595,0.980082
10,86,3,Yes,-4.46848,-0.011471,0.988536
10,87,3,Yes,-4.30159,-0.0135802,0.986454
10,88,3,Yes,-2.73678,-0.0669085,0.935225
10,89,3,Yes,-2.68723,-0.0704337,0.931935
10,90,3,Yes,-2.64404,-0.073662,0.928931
10,91,3,Yes,-2.96637,-0.0528009,0.948513
10,92,3,Yes,-0.4023,-1.10479,0.33126
10,93,3,Yes,-2.94906,-0.0537483,0.947614
10,94,3,Yes,-0.492856,-0.943714,0.389157
10,95,3,Yes,-5.10664,-0.00601512,0.993944
10,96,3,Yes,-3.82571,-0.0219838,0.978198
10,97,3,No,-0.190496,-1.75152,0.1735
10,98,3,Yes,-3.39805,-0.033949,0.966563
10,99,3,No,-0.0734804,-2.64642,0.0709004
10,100,3,No,-0.318734,-1.29832,0.272974
10,101,3,Yes,-1.92001,-0.158464,0.853403
10,102,3,Yes,-2.28177,-0.107635,0.897902
10,103,3,Yes,-1.04378,-0.433964,0.647898
10,104,3,No,-0.186451,-1.77102,0.17015
10,105,3,No,-0.743524,-0.645075,0.524593
10,106,3,No,-0.000470033,-7.54343,0.000529546
10,107,3,No,-0.00626304,-5.06675,0.00630253
10,108,3,No,-0.0140599,-4.26715,0.0140208
10,109,3,No,-0.0433257,-3.15919,0.0424575
10,110,3,Yes,-4.08959,-0.0168282,0.983255
10,111,3,No,-0.00203506,-6.16939,0.00209238
10,112,3,No,-0.0123532,-4.39519,0.0123358
10,113,3,No,-0.419919,-1.07014,0.342939
10,114,3,Yes,-3.19616,-0.0417185,0.959083
10,115,3,No,-0.0002084,-8.22518,0.000267808
10,116,3,No,-0.00036276,-7.77111,0.00042172
10,117,3,Yes,-5.22443,-0.00533883,0.994617
10,118,3,No,-0.595354,-0.80142,0.448665
10,119,3,No,-0.000177638,-8.34758,0.000236955
10,120,3,Yes,-4.98104,-0.00683144,0.993133
10,121,3,Yes,-4.73554,-0.00875684,0.991223
10,122,3,No,-0.0274587,-3.60658,0.0271429
10,123,3,Yes,-4.44181,-0.0117846,0.988226
10,124,3,No,-0.00213648,-6.12225,0.00219339
10,125,3,No,-0.265961,-1.45419,0.233576
10,126,3,Yes,-2.81673,-0.061602,0.940202
10,127,3,Yes,-3.08109,-0.0469347,0.954094
10,128,3,No,-0.129357,-2.10867,0.121392
10,129,3,No,-0.000325375,-7.86284,0.000384758
10,130,3,No,-0.000225569,-8.16306,0.000284972
10,131,3,No,-0.000310708,-7.90115,0.000370295
10,132,3,No,-0.00145553,-6.49288,0.00151409
10,133,3,Yes,-2.789,-0.0633908,0.938521
10,134,3,Yes,-3.8476,-0.0215006,0.97867
10,135,3,No,-0.00077874,-7.08487,0.000837637
10,136,3,Yes,-0.327207,-1.2761,0.279108
10,137,3,Yes,-1.63305,-0.217254,0.804678
10,138,3,Yes,-0.262475,-1.46571,0.2309
10,139,3,Yes,-2.66731,-0.0719038,0.930566
10,140,3,No,-0.352921,-1.21259,0.297409
10,141,3,Yes,-3.09424,-0.0463058,0.954693
10,142,3,No,-0.00251,-5.96526,0.00256624
10,143,3,No,-3.19868,-0.0416108,0.959186
10,144,3,No,-7.14089e-05,-8.94331,0.0001306
10,145,3,Yes,-2.56789,-0.0797347,0.923307
10,146,3,Yes,-0.5997,-0.796104,0.451056
10,147,3,Yes,-2.00746,-0.144183,0.865678
10,148,3,Yes,-0.182853,-1.78876,0.167158
10,149,3,Yes,-3.41358,-0.0334166,0.967079
10,150,3,Yes,-2.91563,-0.0556296,0.945833
10,151,3,Yes,-0.454718,-1.00668,0.36541
10,152,3,Yes,-2.26434,-0.109637,0.896107
10,153,3,Yes,-2.0133,-0.143279,0.866461
10,154,3,No,-2.29189,-0.10649,0.898931
10,155,3,Yes,-3.24062,-0.039865,0.960863
10,156,3,Yes,-3.36544,-0.035097,0.965455
10,157,3,Yes,-1.37553,-0.291219,0.747308
10,158,3,Yes,-0.669428,-0.717321,0.488029
10,159,3,Yes,-1.69118,-0.203639,0.815709
10,160,3,Yes,-2.92877,-0.054883,0.94654
10,161,3,No,-2.19046,-0.118566,0.888141
10,162,3,No,-0.561788,-0.844272,0.429845
10,163,3,Yes,-1.09678,-0.406296,0.666074
10,164,3,Yes,-4.29095,-0.0137259,0.986309
10,165,3,No,-0.222079,-1.61341,0.199196
10,166,3,Yes,-4.38963,-0.0124224,0.987595
10,167,3,Yes,-1.64184,-0.215132,0.806388
10,168,3,No,-0.130787,-2.09838,0.122647
10,169,3,Yes,-2.05582,-0.136884,0.87202
10,170,3,Yes,-3.98897,-0.0186321,0.981482
10,171,3,Yes,-2.83363,-0.0605351,0.941205
10,172,3,No,-0.133767,-2.07732,0.125258
10,173,3,No,-0.00461365,-5.36825,0.00466201
10,174,3,Yes,-4.30327,-0.0135564,0.986477
10,175,3,Yes,-4.05315,-0.0174595,0.982633
10,176,3,No,-0.000581493,-7.35276,0.000640785
10,177,3,No,-0.00554679,-5.18657,0.00559081
10,178,3,Yes,-4.0924,-0.01678,0.983302
10,179,3,No,-0.0307555,-3.49504,0.0303456
10,180,3,No,-0.0230979,-3.77693,0.0228914
10,181,3,No,-0.186603,-1.77028,0.170276
10,182,3,Yes,-2.36418,-0.098681,0.905979
10,183,3,No,-0.67488,-0.711635,0.490812
10,184,3,No,-1.18663,-0.364115,0.694771
10,185,3,Yes,-3.91242,-0.0201336,0.980009
10,186,3,Yes,-2.78261,-0.0638104,0.938127
10,187,3,Yes,-0.570078,-0.833381,0.434552
10,188,3,Yes,-2.2818,-0.107631,0.897906
10,189,3,Yes,-2.55527,-0.0807899,0.922333
10,190,3,Yes,-2.48992,-0.0864921,0.917089
10,191,3,Yes,-1.50474,-0.251049,0.777939
10,192,3,No,-0.00161002,-6.39624,0.00166772
10,193,3,No,-0.00458168,-5.37509,0.00463022
10,194,3,Yes,-2.04812,-0.13802,0.871031
10,195,3,No,-0.000350775,-7.79843,0.000410355
10,196,3,No,-0.000454589,-7.57399,0.00051361
10,197,3,No,-0.000591692,-7.33717,0.000650849
10,198,3,Yes,-0.238657,-1.54941,0.212361
10,199,3,No,-0.000674535,-7.21769,0.000733448
10,200,3,No,-1.0436,-0.434061,0.647835
10,201,3,No,-0.0126441,-4.3721,0.0126239
10,202,3,Yes,-4.73951,-0.00872166,0.991258
10,203,3,No,-0.00030248,-7.92503,0.000361557
10,204,3,Yes,-0.846359,-0.560218,0.571051
10,205,3,No,-0.000271476,-8.01417,0.000330722
10,206,3,Yes,-3.43875,-0.0325702,0.967897
10,207,3,Yes,-5.35601,-0.00467108,0.995281
10,208,3,Yes,-4.08262,-0.0169466,0.983138
10,209,3,Yes,-4.69554,-0.00911816,0.990865
10,210,3,Yes,-0.599582,-0.796248,0.450991
10,211,3,Yes,-3.03272,-0.0493216,0.951819
10,212,3,Yes,-0.136464,-2.05869,0.127614
10,213,3,No,-6.09178e-05,-9.02705,0.00012011
10,214,3,No,-0.000527163,-7.44154,0.000586346
10,215,3,Yes,-4.01592,-0.0181304,0.981975
10,216,3,Yes,-5.23063,-0.00530467,0.99465
10,217,3,No,-0.00431885,-5.43331,0.00436836
10,218,3,Yes,-3.21001,-0.041132,0.959646
10,219,3,Yes,-2.98036,-0.0520464,0.949229
10,220,3,Yes,-4.15831,-0.015697,0.984367
10,221,3,Yes,-1.09468,-0.407347,0.665374
10,222,3,No,-1.03455,-0.43901,0.644636
10,223,3,Yes,-4.76419,-0.00850619,0.991471
10,224,3,Yes,-2.48706,-0.0867523,0.916851
10,225,3,Yes,-0.541886,-0.871296,0.418384
10,226,3,No,-0.0409234,-3.21497,0.0401541
10,227,3,No,-0.541973,-0.871177,0.418434
10,228,3,Yes,-2.53826,-0.0822349,0.921001
10,229,3,Yes,-5.19843,-0.00548062,0.994475
10,230,3,No,-0.000509929,-7.4713,0.000569152
10,231,3,Yes,-2.47745,-0.0876272,0.916048
10,232,3,Yes,-2.60543,-0.0766786,0.926133
10,233,3,Yes,-4.51676,-0.0109245,0.989076
10,234,3,No,-0.162395,-1.89743,0.149944
10,235,3,Yes,-2.60458,-0.0767463,0.92607
10,236,3,No,-0.000422448,-7.63861,0.000481469
10,237,3,No,-0.000472717,-7.53868,0.000532068
10,238,3,No,-0.00391779,-5.5291,0.00396934
10,239,3,No,-0.128205,-2.11705,0.120379
10,240,3,Yes,-4.31793,-0.0133572,0.986673
10,241,3,No,-9.2153e-05,-8.79624,0.000151292
10,242,3,Yes,-0.297644,-1.35676,0.257478
10,243,3,Yes,-0.31567,-1.30653,0.270743
10,244,3,No,-0.00229682,-6.05192,0.00235321
10,245,3,No,-0.502506,-0.928753,0.395023
10,246,3,Yes,-3.30978,-0.0371466,0.963478
10,247,3,No,-0.357163,-1.20264,0.300383
10,248,3,Yes,-4.72141,-0.00888288,0.991098
10,249,3,No,-0.682384,-0.703909,0.494619
10,250,3,Yes,-2.89412,-0.0568757,0.944655
10,251,3,Yes,-1.20067,-0.35801,0.699025
10,252,3,Yes,-3.01155,-0.0504058,0.950787
10,253,3,No,-0.00213684,-6.12187,0.00219422
10,254,3,No,-0.0265698,-3.63897,0.0262778
10,255,3,No,-0.000856587,-6.9965,0.000915024
10,256,3,Yes,-1.4762,-0.259347,0.77151
10,257,3,Yes,-5.28358,-0.00502733,0.994926
10,258,3,Yes,-3.34467,-0.0358473,0.96473
10,259,3,Yes,-3.5371,-0.0294679,0.970904
10,260,3,No,-0.0216521,-3.84067,0.021478
10,261,3,Yes,-0.524384,-0.896147,0.408115
10,262,3,Yes,-2.95489,-0.0534274,0.947919
10,263,3,Yes,-1.56985,-0.233216,0.791936
10,264,3,No,-0.000584654,-7.34799,0.000643845
10,265,3,Yes,-4.69395,-0.0091332,0.99085
10,266,3,No,-0.000307607,-7.91084,0.000366723
10,267,3,Yes,-3.91611,-0.0200592,0.980083
10,268,3,No,-0.000160111,-8.42547,0.000219199
10,269,3,Yes,-2.23104,-0.113569,0.892589
10,270,3,No,-0.0307228,-3.49612,0.030313
10,271,3,Yes,-2.05483,-0.13703,0.871893
10,272,3,No,-0.829223,-0.573285,0.563637
10,273,3,No,-0.00361744,-5.60749,0.00367003
10,274,3,No,-0.00305786,-5.77236,0.00311223
10,275,3,No,-0.00188779,-6.2424,0.00194506
10,276,3,Yes,-1.63932,-0.215737,0.8059
10,277,3,No,-0.102424,-2.3288,0.097407
10,278,3,Yes,-4.4683,-0.0114733,0.988534
10,279,3,No,-0.0232489,-3.77051,0.0230389
10,280,3,No,-0.000222231,-8.17567,0.000281401
10,281,3,No,-0.00309738,-5.75972,0.00315182
10,282,3,No,-0.000973997,-6.87497,0.00103327
10,283,3,Yes,-4.25445,-0.0142421,0.9858
10,284,3,Yes,-3.5927,-0.0278494,0.972478
10,285,3,Yes,-3.42556,-0.0330108,0.967471
10,286,3,No,-0.00268976,-5.8978,0.00274531
10,287,3,Yes,-3.7518,-0.0236952,0.976526
10,288,3,No,-0.000151884,-8.46433,0.000210844
10,289,3,No,-1.47117,-0.260842,0.770357
10,290,3,Yes,-0.32028,-1.29421,0.274097
10,291,3,Yes,-5.08615,-0.00614123,0.993819
10,292,3,No,-0.000779575,-7.08396,0.000838395
10,293,3,Yes,-4.41236,-0.0121407,0.987874
10,294,3,Yes,-5.1505,-0.00575323,0.994204
10,295,3,Yes,-5.10704,-0.00601308,0.993946
10,296,3,No,-0.17138,-1.84796,0.157548
10,297,3,No,-0.0157241,-4.15658,0.0156601
10,298,3,No,-0.00414897,-5.47279,0.00419924
10,299,3,No,-0.154186,-1.94529,0.142938
10,300,3,Yes,-1.88103,-0.165315,0.847576
10,301,3,Yes,-2.05334,-0.137249,0.871702
10,302,3,Yes,-2.60073,-0.0770533,0.925785
10,303,3,Yes,-0.514732,-0.910315,0.402374
10,304,3,Yes,-2.72421,-0.0677849,0.934406
10,305,3,Yes,-1.97718,-0.148965,0.861549
10,306,3,Yes,-3.11592,-0.045289,0.955665
10,307,3,Yes,-0.939889,-0.495301,0.609352
10,308,3,Yes,-0.993618,-0.462315,0.629787
10,309,3,No,-3.13583,-0.044374,0.956539
10,310,3,No,-0.0681848,-2.71853,0.0659677
10,311,3,No,-0.00829996,-4.78848,0.00832462
10,312,3,Yes,-2.28345,-0.107444,0.898074
10,313,3,No,-0.0049506,-5.29884,0.00499707
10,314,3,Yes,-5.35568,-0.00467318,0.995279
10,315,3,No,-0.000382616,-7.7242,0.000441974
10,316,3,No,-0.00171719,-6.33374,0.00177527
10,317,3,Yes,-4.83157,-0.00794681,0.992027
10,318,3,Yes,-5.31437,-0.00487327,0.99508
10,319,3,No,-0.0433238,-3.15924,0.0424554
10,320,3,No,-0.0121481,-4.41174,0.0121333
10,321,3,No,-0.000669823,-7.22356,0.000729159
10,322,3,No,-0.000828192,-7.02718,0.000887374
10,323,3,No,-0.00114327,-6.72362,0.00120211
10,324,3,No,-0.000230935,-8.14519,0.00029011
10,325,3,No,-0.0054962,-5.19568,0.00554009
10,326,3,No,-0.00940223,-4.66525,0.00941633
10,327,3,Yes,-3.92804,-0.0198181,0.980319
10,328,3,Yes,-4.33892,-0.0130764,0.98695
10,329,3,Yes,-4.81273,-0.00809895,0.991875
10,330,3,No,-0.611761,-0.78162,0.457637
10,331,3,No,-0.0532608,-2.95792,0.0519236
10,332,3,No,-0.155537,-1.93722,0.144096
10,333,3,Yes,-1.07563,-0.417068,0.658937
10,334,3,Yes,-4.66192,-0.00943352,0.990552
10,335,3,Yes,-4.11662,-0.0163738,0.983702
10,336,3,Yes,-3.85646,-0.0213093,0.978859
10,337,3,Yes,-2.73536,-0.067008,0.935133
10,338,3,Yes,-3.83082,-0.0218697,0.97831
10,339,3,No,-0.000282089,-7.98313,0.000341149
10,340,3,No,-0.000294788,-7.94653,0.000353868
10,341,3,No,-1.74354,-0.19218,0.82511
10,342,3,No,-1.11667,-0.396469,0.672652
10,343,3,No,-0.00250468,-5.96734,0.0025609
10,344,3,Yes,-4.20875,-0.0149166,0.985136
10,345,3,Yes,-0.353451,-1.21134,0.297781
10,346,3,Yes,-2.41586,-0.0934664,0.910715
10,347,3,No,-0.15095,-1.96491,0.14016
10,348,3,No,-0.00128017,-6.61597,0.00133873
10,349,3,No,-0.179091,-1.80771,0.164019
10,350,3,Yes,-0.57322,-0.829308,0.436326
10,351,3,No,-0.825459,-0.57621,0.561992
10,352,3,No,-0.251107,-1.50454,0.222107
10,353,3,Yes,-1.08018,-0.414719,0.660487
10,354,3,No,-0.207217,-1.67549,0.187205
10,355,3,No,-0.134305,-2.07357,0.125729
10,356,3,Yes,-1.22064,-0.349533,0.704975
10,357,3,Yes,-0.691256,-0.694925,0.499083
10,358,3,No,-0.133877,-2.07655,0.125355
10,359,3,No,-0.289897,-1.37945,0.251703
10,360,3,Yes,-1.19035,-0.362487,0.695902
10,361,3,Yes,-3.03474,-0.0492197,0.951916
10,362,3,Yes,-2.18361,-0.119431,0.887372
10,363,3,No,-0.000349463,-7.8023,0.000408771
10,364,3,No,-0.000465382,-7.55224,0.000524902
10,365,3,Yes,-3.31078,-0.0371087,0.963515
10,366,3,Yes,-3.17748,-0.0425223,0.958312
10,367,3,No,-1.05268,-0.429157,0.65102
10,368,3,Yes,-3.86656,-0.0210914,0.979071
10,369,3,Yes,-2.39424,-0.0956107,0.908764
10,370,3,Yes,-2.72232,-0.0679182,0.934282
10,371,3,No,-0.0885802,-2.46711,0.0848247
10,372,3,Yes,-3.54706,-0.0291719,0.971192
10,373,3,Yes,-4.13994,-0.0159917,0.984077
10,374,3,Yes,-3.31671,-0.0368843,0.96373
10,375,3,Yes,-3.73229,-0.024169,0.976063
10,376,3,Yes,-2.75014,-0.0659903,0.936085
10,377,3,Yes,-1.38261,-0.288835,0.749092
10,378,3,No,-0.0160094,-4.13884,0.0159404
10,379,3,Yes,-1.2174,-0.350894,0.704017
10,380,3,Yes,-3.58487,-0.0280708,0.972261
10,381,3,Yes,-0.285513,-1.39259,0.248416
10,382,3,No,-1.6166,-0.221287,0.80144
10,383,3,Yes,-0.939353,-0.495645,0.609142
10,384,3,Yes,-4.17092,-0.0154985,0.984563
10,385,3,No,-0.00361738,-5.60731,0.0036707
10,386,3,Yes,-4.59669,-0.0100766,0.989915
10,387,3,No,-0.000125654,-8.59514,0.000184992
10,388,3,No,-0.000397284,-7.69122,0.000456793
10,389,3,No,-0.000134477,-8.5506,0.000193417
10,390,3,Yes,-4.58763,-0.0101697,0.989824
10,391,3,Yes,-3.96077,-0.0191721,0.980953
10,392,3,Yes,-4.56923,-0.0103601,0.989635
10,393,3,No,-0.0034325,-5.65894,0.00348599
10,394,3,Yes,-2.00498,-0.144568,0.865345
10,395,3,No,-0.21403,-1.64644,0.192724
10,396,3,No,-0.0605317,-2.83369,0.0587922
10,397,3,No,-0.0212514,-3.85908,0.0210861
10,398,3,Yes,-2.98266,-0.051924,0.949345
10,399,3,No,-0.000352504,-7.79585,0.000411413
10,400,3,No,-0.00130339,-6.59877,0.00136196
10,401,3,No,-0.16584,-1.87812,0.152868
10,402,3,Yes,-3.23412,-0.0401299,0.960607
10,403,3,Yes,-1.79968,-0.180674,0.834658
10,404,3,Yes,-3.03038,-0.0494406,0.951705
10,405,3,Yes,-3.83713,-0.0217305,0.978446
10,406,3,Yes,-5.18026,-0.00558221,0.994374
10,407,3,No,-1.07631,-0.416718,0.659168
10,408,3,Yes,-4.0465,-0.0175782,0.982518
10,409,3,Yes,-4.40969,-0.0121739,0.987842
10,410,3,Yes,-3.88925,-0.0206119,0.979541
10,411,3,Yes,-1.50902,-0.249832,0.778886
10,412,3,Yes,-3.09838,-0.0461107,0.95488
10,413,3,Yes,-3.20879,-0.041183,0.959597
10,414,3,Yes,-0.241517,-1.53887,0.214611
10,415,3,Yes,-1.54316,-0.240348,0.786307
10,416,3,Yes,-3.46428,-0.0317341,0.968706
10,417,3,Yes,-0.863892,-0.547247,0.578506
10,418,3,No,-0.0258144,-3.66736,0.0255422
10,419,3,No,-0.0290055,-3.55268,0.0286462
10,420,3,No,-0.264993,-1.45737,0.232834
10,421,3,Yes,-0.0594233,-2.8516,0.0577482
10,422,3,No,-0.0111508,-4.49644,0.011148
10,423,3,No,-0.0300156,-3.51898,0.0296279
10,424,3,No,-0.103393,-2.31986,0.098281
10,425,3,No,-0.119879,-2.18009,0.113025
10,426,3,No,-0.0034679,-5.649,0.00352081
10,427,3,No,-0.00125063,-6.63851,0.00130889
10,428,3,Yes,-3.73021,-0.0242193,0.976014
10,429,3,Yes,-2.72578,-0.067675,0.934509
10,430,3,No,-0.482945,-0.959472,0.383073
10,431,3,No,-1.172,-0.370612,0.690271
10,432,3,Yes,-0.445253,-1.02333,0.359375
10,433,3,No,-0.0196332,-3.93727,0.0195003
10,434,3,No,-0.0944058,-2.40632,0.0901411
10,435,3,Yes,-2.16689,-0.121574,0.885473
10,436,3,No,-0.306594,-1.33139,0.264093
10,437,3,No,-0.0277082,-3.59768,0.0273855
10,438,3,No,-9.13781e-05,-8.7995,0.000150799
10,439,3,Yes,-3.27869,-0.0383446,0.962325
10,440,3,No,-0.000487327,-7.5113,0.000546838
10,441,3,No,-0.00049013,-7.50755,0.000548894
10,442,3,No,-0.430078,-1.05096,0.34958
10,443,3,Yes,-3.39186,-0.0341638,0.966356
10,444,3,Yes,-4.35907,-0.0128126,0.987211
10,445,3,Yes,-3.79742,-0.0226229,0.977573
10,446,3,No,-4.60183,-0.0100244,0.989967
10,447,3,Yes,-1.10881,-0.400319,0.670067
10,448,3,No,-0.0709521,-2.68014,0.0685496
10,449,3,No,-0.111543,-2.24804,0.1056
10,450,3,No,-0.0590511,-2.85769,0.0573975
10,451,3,Yes,-2.74035,-0.0666623,0.935456
10,452,3,No,-2.66469,-0.0721001,0.930383
10,453,3,Yes,-3.45228,-0.0321242,0.968329
10,454,3,No,-0.00392934,-5.52627,0.00398057
10,455,3,No,-0.000924836,-6.92431,0.000983523
10,456,3,Yes,-4.66525,-0.00940127,0.990584
10,457,3,No,-0.00166829,-6.36179,0.00172617
10,458,3,No,-0.000135431,-8.54353,0.00019479
10,459,3,Yes,-3.208,-0.0412159,0.959565
10,460,3,No,-0.551284,-0.858375,0.423825
10,461,3,Yes,-2.79143,-0.063232,0.93867
10,462,3,No,-0.132261,-2.0879,0.123939
10,463,3,No,-0.00262832,-5.9203,0.00268423
10,464,3,No,-0.000377607,-7.73576,0.000436895
10,465,3,No,-0.00357342,-5.61964,0.00362573
10,466,3,No,-0.000246376,-8.09164,0.000306069
10,467,3,No,-0.020556,-3.89193,0.0204048
10,468,3,Yes,-3.18035,-0.042399,0.958431
10,469,3,No,-0.00902854,-4.70527,0.00904697
10,470,3,No,-0.449002,-1.01668,0.361773
10,471,3,No,-0.0603009,-2.8374,0.0585743
10,472,3,No,-0.000497465,-7.49329,0.000556775
10,473,3,No,-0.00148627,-6.47317,0.00154423
10,474,3,No,-0.00860022,-4.75336,0.00862221
10,475,3,Yes,-3.32409,-0.0366081,0.963997
10,476,3,No,-0.994226,-0.461958,0.630012
10,477,3,Yes,-2.38425,-0.0966209,0.907847
10,478,3,Yes,-4.41752,-0.0120777,0.987937
10,479,3,No,-0.00139077,-6.53683,0.00144899
10,480,3,No,-0.000662129,-7.23407,0.000721533
10,481,3,No,-0.00264667,-5.91328,0.00270313
10,482,3,No,-0.00238918,-6.0134,0.00244562
10,483,3,No,-0.00100126,-6.84891,0.00106054
10,484,3,Yes,-3.16882,-0.0429012,0.957949
10,485,3,Yes,-3.70442,-0.0248623,0.975387
10,486,3,Yes,-2.72799,-0.0675208,0.934653
10,487,3,Yes,-3.81743,-0.0221684,0.978017
10,488,3,No,-1.32842,-0.307663,0.73512
10,489,3,No,-0.0930101,-2.42053,0.0888694
10,490,3,No,-0.0208268,-3.87902,0.0206698
10,491,3,Yes,-3.40638,-0.0336619,0.966841
10,492,3,No,-0.00312554,-5.75087,0.00317983
10,493,3,Yes,-3.58027,-0.0282031,0.972133
10,494,3,Yes,-3.93882,-0.0196028,0.98053
10,495,3,Yes,-2.15372,-0.12329,0.883956
10,496,3,Yes,-1.43898,-0.270642,0.762845
10,497,3,Yes,-0.321233,-1.29169,0.274789
10,498,3,Yes,-4.6317,-0.00972623,0.990262
10,499,3,Yes,-3.16291,-0.0431603,0.9577
10,500,3,Yes,-3.6197,-0.0270948,0.973211
10,501,3,Yes,-0.091478,-2.43637,0.0874727
10,502,3,Yes,-0.267846,-1.44803,0.235019
10,503,3,No,-0.709581,-0.676864,0.508179
10,504,3,Yes,-3.56676,-0.0285928,0.971754
10,505,3,Yes,-2.42535,-0.0925405,0.911558
10,506,3,Yes,-2.37074,-0.0980012,0.906594
10,507,3,No,-1.89451,-0.162911,0.849617
10,508,3,Yes,-3.77938,-0.0230416,0.977164
10,509,3,Yes,-4.40312,-0.0122547,0.987762
10,510,3,No,-0.086502,-2.48981,0.0829205
10,511,3,No,-2.44189,-0.0909509,0.913009
10,512,3,Yes,-4.13965,-0.0159964,0.984073
10,513,3,No,-0.00482152,-5.32478,0.00486915
10,514,3,Yes,-1.85009,-0.170984,0.842786
10,515,3,No,-0.437691,-1.03695,0.354513
10,516,3,Yes,-2.41617,-0.093437,0.910742
10,517,3,No,-0.920709,-0.507794,0.601787
10,518,3,No,-1.34971,-0.300101,0.7407
10,519,3,Yes,-3.52008,-0.029983,0.970405
10,520,3,Yes,-4.05872,-0.0173618,0.98273
10,521,3,No,-0.418088,-1.07366,0.341734
10,522,3,Yes,-1.78426,-0.183758,0.832088
10,523,3,No,-0.642885,-0.745946,0.474258
10,524,3,No,-2.47235,-0.0880968,0.915618
10,525,3,No,-0.00135519,-6.56145,0.00141375
10,526,3,Yes,-4.26091,-0.0141501,0.985891
10,527,3,Yes,-2.11711,-0.128198,0.879628
10,528,3,No,-0.232684,-1.57187,0.207643
10,529,3,No,-0.00112645,-6.73738,0.00118568
10,530,3,Yes,-3.27503,-0.0384882,0.962187
10,531,3,No,-0.470902,-0.979177,0.375598
10,532,3,No,-1.60212,-0.224909,0.798543
10,533,3,No,-9.11397e-05,-8.8014,0.000150513
10,534,3,No,-5.73413e-05,-9.05547,0.000116744
10,535,3,No,-4.95923e-05,-9.12874,0.000108496
10,536,3,No,-6.13351e-05,-9.02159,0.000120766
10,537,3,No,-0.0420882,-3.18751,0.041272
10,538,3,No,-0.00995581,-4.60861,0.00996511
10,539,3,Yes,-3.38453,-0.03442,0.966108
10,540,3,Yes,-0.143809,-2.00988,0.133997
10,541,3,No,-0.0491718,-3.03568,0.0480393
10,542,3,No,-0.00031673,-7.88514,0.000376272
10,543,3,No,-0.0861688,-2.49351,0.0826145
10,544,3,Yes,-3.01665,-0.0501416,0.951038
10,545,3,No,-0.000153613,-8.45468,0.000212889
10,546,3,No,-0.000233558,-8.13661,0.000292611
10,547,3,Yes,-2.78128,-0.0638982,0.938045
10,548,3,Yes,-2.56889,-0.0796508,0.923384
10,549,3,Yes,-3.48994,-0.0309158,0.969499
10,550,3,No,-0.000181334,-8.33217,0.000240635
10,551,3,No,-0.0018639,-6.2545,0.00192167
10,552,3,No,-0.674334,-0.712201,0.490534
10,553,3,No,-0.000291271,-7.95512,0.00035084
10,554,3,No,-1.22559,-0.34747,0.706432
10,555,3,Yes,-0.218415,-1.62828,0.196255
10,556,3,Yes,-1.43212,-0.272786,0.761212
10,557,3,No,-0.0201381,-3.91223,0.0199948
10,558,3,No,-0.00840905,-4.77556,0.00843283
10,559,3,Yes,-3.11758,-0.0452114,0.955739
10,560,3,No,-0.00195169,-6.20989,0.00200933
10,561,3,Yes,-2.43221,-0.0918775,0.912163
10,562,3,Yes,-2.75708,-0.0655179,0.936527
10,563,3,Yes,-4.55242,-0.0105378,0.989459
10,564,3,Yes,-5.34205,-0.00473791,0.995214
10,565,3,Yes,-3.31983,-0.0367673,0.963843
10,566,3,No,-0.210958,-1.65941,0.19024
10,567,3,Yes,-0.626613,-0.7643,0.465632
10,568,3,Yes,-0.0748462,-2.62869,0.0721685
10,569,3,Yes,-0.879441,-0.536069,0.585009
10,570,3,Yes,-0.645248,-0.743333,0.475498
10,571,3,Yes,-2.03899,-0.139378,0.869848
10,572,3,Yes,-3.24525,-0.0396758,0.961044
10,573,3,No,-0.413029,-1.08348,0.338396
10,574,3,No,-0.000226404,-8.16071,0.000285642
10,575,3,Yes,-5.38156,-0.00455162,0.9954
10,576,3,Yes,-0.7654,-0.625655,0.53488
10,577,3,No,-0.0480916,-3.05732,0.0470108
10,578,3,Yes,-3.61181,-0.0273125,0.972999
10,579,3,No,-0.196373,-1.72398,0.178343
10,580,3,No,-0.0165366,-4.10681,0.0164592
10,581,3,No,-0.00331713,-5.69257,0.00337071
10,582,3,No,-0.0137075,-4.2923,0.0136727
10,583,3,Yes,-2.70826,-0.0689147,0.933351
10,584,3,Yes,-4.4174,-0.012079,0.987935
10,585,3,Yes,-1.52954,-0.244082,0.783377
10,586,3,No,-0.0230527,-3.77885,0.0228477
10,587,3,No,-0.0310663,-3.48517,0.0306467
10,588,3,No,-0.0210464,-3.86868,0.0208847
10,589,3,No,-0.00717094,-4.93305,0.00720407
10,590,3,Yes,-4.3503,-0.012927,0.987098
10,591,3,No,-0.039694,-3.2448,0.0389739
10,592,3,No,-0.010279,-4.57707,0.0102844
10,593,3,Yes,-0.0401733,-3.23307,0.0394339
10,594,3,No,-3.1984,-0.041623,0.959175
10,595,3,No,-0.600807,-0.794759,0.451663
10,596,3,Yes,-1.09194,-0.408727,0.664456
10,597,3,Yes,-4.35959,-0.0128062,0.987217
10,598,3,Yes,-0.332813,-1.26176,0.283138
10,599,3,Yes,-1.50157,-0.251958,0.777232
10,600,3,Yes,-0.35577,-1.20589,0.299408
10,601,3,Yes,-0.720606,-0.666307,0.513572
10,602,3,No,-0.287928,-1.38532,0.250229
10,603,3,Yes,-4.31821,-0.0133535,0.986677
10,604,3,No,-0.871225,-0.541938,0.581586
10,605,3,No,-0.00296053,-5.80409,0.00301503
10,606,3,No,-0.000527163,-7.44136,0.000586452
10,607,3,No,-0.0131827,-4.33087,0.0131553
10,608,3,Yes,-0.726672,-0.660596,0.516513
10,609,3,No,-0.000515355,-7.46211,0.000574411
10,610,3,No,-0.101156,-2.34063,0.0962614
10,611,3,Yes,-1.94844,-0.15366,0.857513
10,612,3,Yes,-0.872528,-0.541002,0.582131
10,613,3,Yes,-1.82136,-0.176435,0.838204
10,614,3,Yes,-4.72384,-0.00886117,0.991119
10,615,3,No,-1.8933,-0.163126,0.849435
10,616,3,Yes,-1.7046,-0.200631,0.818166
10,617,3,Yes,-4.95895,-0.00698533,0.99298
10,618,3,Yes,-1.6646,-0.209743,0.810745
10,619,3,Yes,-3.16492,-0.0430719,0.957785
10,620,3,Yes,-4.65588,-0.00949134,0.990495
10,621,3,No,-0.134444,-2.07261,0.12585
10,622,3,Yes,-3.67043,-0.0257342,0.974536
10,623,3,Yes,-0.598618,-0.797423,0.450462
10,624,3,Yes,-3.11349,-0.0454022,0.955557
10,625,3,Yes,-1.87657,-0.16612,0.846895
10,626,3,Yes,-5.36814,-0.00461377,0.995337
10,627,3,No,-0.000163926,-8.40531,0.000223663
10,628,3,Yes,-3.51768,-0.030056,0.970333
10,629,3,Yes,-2.2484,-0.1115,0.894439
10,630,3,Yes,-0.878988,-0.53639,0.584822
10,631,3,Yes,-2.80052,-0.0626407,0.939225
10,632,3,Yes,-1.54251,-0.240526,0.786169
10,633,3,Yes,-0.761399,-0.629148,0.533015
10,634,3,Yes,-2.06118,-0.1361,0.872704
10,635,3,No,-0.00560457,-5.1763,0.00564851
10,636,3,No,-0.459099,-0.999112,0.368184
10,637,3,Yes,-2.49229,-0.0862784,0.917285
10,638,3,Yes,-2.39942,-0.095092,0.909235
10,639,3,Yes,-0.296197,-1.36095,0.256403
10,640,3,No,-0.000619246,-7.29536,0.000678639
10,641,3,No,-0.29014,-1.37872,0.251885
10,642,3,No,-0.269101,-1.44396,0.235979
10,643,3,Yes,-3.84,-0.0216671,0.978508
10,644,3,Yes,-3.54092,-0.0293535,0.971015
10,645,3,Yes,-2.32053,-0.103321,0.901785
10,646,3,Yes,-1.61299,-0.222183,0.800721
10,647,3,Yes,-0.435721,-1.04055,0.35324
10,648,3,No,-0.00118039,-6.69317,0.00123927
10,649,3,No,-1.67858,-0.206508,0.813372
10,650,3,No,-0.189882,-1.75445,0.172992
10,651,3,Yes,-2.92595,-0.0550425,0.946389
10,652,3,No,-0.854054,-0.554476,0.574339
10,653,3,No,-0.000297114,-7.94056,0.000355987
10,654,3,Yes,-0.897475,-0.52347,0.592426
10,655,3,Yes,-3.82475,-0.022005,0.978177
10,656,3,No,-2.38098,-0.0969533,0.907545
10,657,3,Yes,-1.11505,-0.397258,0.672121
10,658,3,Yes,-4.5764,-0.010285,0.989709
10,659,3,Yes,-0.675602,-0.710886,0.49118
10,660,3,Yes,-4.32398,-0.0132754,0.986754
10,661,3,No,-1.54734,-0.239215,0.7872
10,662,3,Yes,-2.3226,-0.103095,0.901987
10,663,3,No,-0.0598072,-2.84535,0.0581103
10,664,3,No,-0.00104768,-6.80662,0.00110636
10,665,3,No,-0.000128099,-8.58492,0.000186893
10,666,3,Yes,-4.30478,-0.0135359,0.986497
10,667,3,Yes,-2.33806,-0.10143,0.903491
10,668,3,Yes,-4.17205,-0.0154801,0.98458
10,669,3,Yes,-2.9465,-0.0538904,0.94748
10,670,3,Yes,-1.11151,-0.398991,0.670957
10,671,3,No,-0.0058073,-5.14128,0.00584985
10,672,3,No,-0.00451635,-5.3892,0.00456537
10,673,3,No,-0.000388102,-7.7123,0.000447266
10,674,3,No,-0.000254067,-8.06804,0.000313377
10,675,3,No,-0.000110036,-8.68459,0.000169163
10,676,3,No,-7.89197e-05,-8.88717,0.000138142
10,677,3,Yes,-1.59759,-0.226052,0.797629
10,678,3,No,-0.00819047,-4.80159,0.0082162
10,679,3,No,-2.87218,-0.0581756,0.943428
10,680,3,No,-0.00202133,-6.17596,0.00207868
10,681,3,No,-0.00154937,-6.43311,0.00160735
10,682,3,No,-0.0326497,-3.43637,0.0321794
10,683,3,Yes,-1.53161,-0.243511,0.783825
10,684,3,No,-0.870643,-0.542356,0.581342
10,685,3,No,-0.175533,-1.82604,0.16104
10,686,3,No,-0.00611958,-5.08962,0.00615999
10,687,3,No,-0.00118051,-6.69347,0.0012389
10,688,3,No,-0.000190992,-8.29353,0.000250116
10,689,3,Yes,-4.91752,-0.00728429,0.992683
10,690,3,No,-0.0753134,-2.6227,0.0726023
10,691,3,Yes,-1.49987,-0.252445,0.776854
10,692,3,No,-0.000128337,-8.58156,0.000187521
10,693,3,No,-0.00156292,-6.42464,0.00162102
10,694,3,No,-0.00482637,-5.32376,0.00487409
10,695,3,No,-0.000372956,-7.74734,0.000431866
10,696,3,Yes,-1.07102,-0.419461,0.657363
10,697,3,No,-0.00120605,-6.67272,0.00126487
10,698,3,No,-0.000256571,-8.06085,0.000315641
10,699,3,No,-0.00750862,-4.88756,0.00753934
10,700,3,No,-0.00139339,-6.53492,0.00145176
10,701,3,Yes,-2.39159,-0.0958778,0.908521
10,702,3,Yes,-1.94269,-0.154619,0.856691
10,703,3,No,-0.135209,-2.06731,0.126518
10,704,3,No,-0.0103141,-4.57364,0.0103197
10,705,3,No,-0.0569926,-2.89212,0.0554549
10,706,3,No,-0.748995,-0.640143,0.527186
10,707,3,No,-0.000713364,-7.16551,0.000772737
10,708,3,No,-0.000380827,-7.72843,0.000440107
10,709,3,Yes,-5.10558,-0.00602123,0.993937
10,710,3,Yes,-1.06272,-0.423818,0.654505
10,711,3,No,-0.00336964,-5.67707,0.00342338
10,712,3,No,-0.0112971,-4.48351,0.011293
10,713,3,No,-0.441313,-1.03039,0.356846
10,714,3,Yes,-2.54791,-0.0814122,0.92176
10,715,3,Yes,-2.28003,-0.107832,0.897725
10,716,3,Yes,-2.57696,-0.0789845,0.924
10,717,3,No,-0.000239699,-8.11448,0.000299159
10,718,3,No,-0.000723027,-7.15319,0.000782314
10,719,3,No,-0.000410045,-7.66461,0.000469112
10,720,3,No,-0.000832189,-7.02333,0.000890804
10,721,3,No,-0.00155862,-6.42737,0.0016166
10,722,3,No,-0.00235764,-6.02633,0.00241419
10,723,3,No,-0.621335,-0.770391,0.462805
10,724,3,No,-0.000808924,-7.05001,0.000867347
10,725,3,No,-0.165009,-1.88274,0.152164
10,726,3,No,-1.5828,-0.229842,0.794613
10,727,3,Yes,-4.66804,-0.00937558,0.99061
10,728,3,Yes,-4.86992,-0.00764435,0.992326
10,729,3,No,-0.0043119,-5.43471,0.00436225
10,730,3,Yes,-4.80204,-0.00818644,0.991787
10,731,3,Yes,-2.41557,-0.0934949,0.910689
10,732,3,Yes,-3.59486,-0.027788,0.972537
10,733,3,Yes,-4.49436,-0.0111751,0.988829
10,734,3,Yes,-0.727301,-0.660008,0.516817
10,735,3,No,-0.0180535,-4.02009,0.0179503
10,736,3,Yes,-0.715966,-0.670723,0.511309
10,737,3,No,-0.299866,-1.35038,0.259126
10,738,3,Yes,-0.438617,-1.03527,0.35511
10,739,3,No,-0.00116136,-6.70855,0.00122037
10,740,3,No,-1.15112,-0.380123,0.683737
10,741,3,Yes,-1.51007,-0.249533,0.779119
10,742,3,Yes,-3.08185,-0.0468983,0.954128
10,743,3,Yes,-2.60085,-0.0770449,0.925794
10,744,3,No,-0.248328,-1.51433,0.219942
10,745,3,Yes,-1.82703,-0.175345,0.839118
10,746,3,Yes,-1.28924,-0.322164,0.724537
10,747,3,Yes,-2.13698,-0.125509,0.881996
10,748,3,Yes,-0.174752,-1.83013,0.160384
10,749,3,No,-0.00105902,-6.79616,0.00111799
10,750,3,Yes,-4.12339,-0.0162617,0.983811
10,751,3,Yes,-3.62654,-0.0269075,0.973394
10,752,3,No,-0.131229,-2.09522,0.123035
10,753,3,No,-0.504422,-0.925825,0.396181
10,754,3,Yes,-3.29312,-0.0377831,0.962864
10,755,3,Yes,-4.67531,-0.00930651,0.990678
10,756,3,Yes,-4.67265,-0.00933172,0.990653
10,757,3,Yes,-3.79462,-0.0226875,0.97751
10,758,3,Yes,-3.2923,-0.037815,0.962834
10,759,3,No,-0.000574635,-7.36461,0.000633236
10,760,3,No,-1.84001,-0.172875,0.841194
10,761,3,No,-0.00417423,-5.46683,0.00422436
10,762,3,No,-0.23843,-1.55025,0.212183
10,763,3,Yes,-3.8215,-0.0220768,0.978106
10,764,3,Yes,-5.11028,-0.00599305,0.993966
10,765,3,No,-0.00170161,-6.34267,0.00175949
10,766,3,Yes,-4.6393,-0.00965148,0.990336
10,767,3,Yes,-2.35358,-0.099786,0.904977
10,768,3,Yes,-4.06219,-0.0173,0.98279
10,769,3,Yes,-3.16692,-0.0429847,0.957869
10,770,3,Yes,-0.383447,-1.14397,0.318532
10,771,3,No,-1.12688,-0.391539,0.675976
10,772,3,Yes,-3.61466,-0.0272343,0.973076
10,773,3,No,-0.0156337,-4.16231,0.0155706
10,774,3,Yes,-4.36634,-0.012719,0.987303
10,775,3,No,-0.0178965,-4.02875,0.0177956
10,776,3,Yes,-1.87219,-0.166914,0.846222
10,777,3,No,-0.175131,-1.82814,0.160703
10,778,3,No,-1.31187,-0.313694,0.730699
10,779,3,Yes,-3.90155,-0.0203568,0.979791
10,780,3,Yes,-3.03715,-0.0490978,0.952032
10,781,3,Yes,-4.73803,-0.00873489,0.991245
10,782,3,No,-1.73396,-0.194221,0.823427
10,783,3,No,-0.0171021,-4.07358,0.0170153
10,784,3,No,-0.000118143,-8.63719,0.000177375
10,785,3,No,-0.751829,-0.637608,0.528524
10,786,3,No,-0.00061179,-7.30755,0.000670421
10,787,3,No,-0.00303669,-5.77916,0.00309114
10,788,3,No,-0.0119333,-4.42937,0.0119212
10,789,3,No,-0.00893622,-4.71547,0.00895513
10,790,3,Yes,-3.36726,-0.0350309,0.965518
10,791,3,No,-0.127678,-2.12091,0.119915
10,792,3,No,-0.208715,-1.66902,0.188421
10,793,3,No,-0.0284125,-3.57297,0.0280707
10,794,3,No,-0.0134037,-4.31442,0.0133735
10,795,3,No,-0.150275,-1.96906,0.139579
10,796,3,Yes,-1.19863,-0.358891,0.69841
10,797,3,Yes,-0.914171,-0.512143,0.599175
10,798,3,No,-2.46663,-0.088626,0.915135
10,799,3,No,-2.72873,-0.0674677,0.934702
10,800,3,Yes,-2.05863,-0.136472,0.872379
10,801,3,No,-0.000611969,-7.30664,0.000671026
10,802,3,Yes,-5.10178,-0.0060451,0.993914
10,803,3,No,-0.892959,-0.526589,0.590582
10,804,3,No,-0.118935,-2.18753,0.112187
10,805,3,Yes,-0.350678,-1.21791,0.295831
10,806,3,No,-0.00187429,-6.24914,0.001932
10,807,3,Yes,-3.2386,-0.0399473,0.960783
10,808,3,No,-0.00151642,-6.45331,0.0015752
10,809,3,Yes,-3.92805,-0.0198184,0.980319
10,810,3,Yes,-0.154228,-1.94503,0.142975
10,811,3,No,-0.652192,-0.735729,0.479128
10,812,3,No,-0.000434076,-7.61399,0.000493468
10,813,3,No,-0.72453,-0.662606,0.515476
10,814,3,No,-0.0199926,-3.91937,0.0198524
10,815,3,No,-0.0826424,-2.53351,0.0793749
10,816,3,Yes,-2.67809,-0.0711048,0.93131
10,817,3,Yes,-3.02649,-0.0496384,0.951517
10,818,3,Yes,-1.32028,-0.310614,0.732954
10,819,3,No,-0.0559424,-2.91018,0.0544626
10,820,3,Yes,-2.03198,-0.140431,0.868932
10,821,3,Yes,-3.46256,-0.0317892,0.968653
10,822,3,Yes,-4.27965,-0.0138843,0.986153
10,823,3,Yes,-3.02383,-0.0497742,0.951388
10,824,3,Yes,-5.10497,-0.00602543,0.993934
10,825,3,Yes,-1.35335,-0.298831,0.741641
10,826,3,Yes,-0.0195928,-3.93933,0.0194601
10,827,3,No,-0.00210734,-6.13546,0.00216461
10,828,3,Yes,-3.38509,-0.0343999,0.966127
10,829,3,Yes,-3.26887,-0.0387306,0.961953
10,830,3,No,-0.000129589,-8.57578,0.000188609
10,831,3,No,-1.98219,-0.148161,0.862241
10,832,3,Yes,-3.4744,-0.0314094,0.969021
10,833,3,Yes,-4.8808,-0.00756003,0.992409
10,834,3,Yes,-2.12288,-0.127409,0.880321
10,835,3,Yes,-3.57889,-0.0282423,0.972095
10,836,3,Yes,-2.10537,-0.129815,0.878207
10,837,3,Yes,-3.05875,-0.0480222,0.953056
10,838,3,Yes,-2.65807,-0.0725968,0.929921
10,839,3,No,-0.000183182,-8.32415,0.000242573
10,840,3,Yes,-0.703427,-0.682856,0.505143
10,841,3,No,-1.2206,-0.349549,0.704964
10,842,3,No,-8.26155e-05,-8.86345,0.000141458
10,843,3,Yes,-4.02238,-0.0180124,0.982091
10,844,3,Yes,-1.37038,-0.292964,0.746005
10,845,3,No,-0.00445343,-5.40291,0.0045032
10,846,3,Yes,-0.168302,-1.86458,0.154951
10,847,3,No,-0.00138951,-6.53755,0.00144794
10,848,3,No,-0.00320572,-5.72595,0.00326006
10,849,3,Yes,-2.73148,-0.0672773,0.934881
10,850,3,No,-0.000335809,-7.83646,0.000395043
10,851,3,Yes,-3.82442,-0.0220125,0.97817
10,852,3,No,-0.124761,-2.14258,0.117344
10,853,3,Yes,-0.568568,-0.835349,0.433698
10,854,3,Yes,-4.76801,-0.00847355,0.991503
10,855,3,No,-0.477671,-0.968026,0.37981
10,856,3,No,-0.0493498,-3.03215,0.0482088
10,857,3,No,-0.123521,-2.15195,0.11625
10,858,3,No,-0.127798,-2.12002,0.120022
10,859,3,Yes,-0.652004,-0.735933,0.47903
10,860,3,No,-0.420592,-1.06886,0.343381
10,861,3,Yes,-3.43844,-0.0325798,0.967887
10,862,3,No,-0.0670136,-2.73526,0.0648732
10,863,3,No,-0.0023286,-6.03849,0.00238502
10,864,3,Yes,-3.86146,-0.021201,0.978964
10,865,3,No,-0.00111141,-6.75055,0.00117017
10,866,3,No,-0.000868519,-6.98253,0.000927897
10,867,3,No,-0.000867624,-6.9838,0.000926721
10,868,3,Yes,-1.03512,-0.438698,0.644838
10,869,3,Yes,-0.585157,-0.814094,0.443015
10,870,3,No,-0.00204223,-6.16628,0.0020989
10,871,3,No,-0.0126441,-4.37213,0.0126236
10,872,3,Yes,-3.07756,-0.047105,0.953931
10,873,3,Yes,-2.79123,-0.0632447,0.938658
10,874,3,Yes,-2.51352,-0.0843853,0.919022
10,875,3,No,-0.16758,-1.86853,0.154341
10,876,3,Yes,-1.80314,-0.179991,0.835228
10,877,3,No,-0.0161728,-4.12882,0.0161009
10,878,3,Yes,-4.65494,-0.00949977,0.990486
10,879,3,Yes,-2.19919,-0.117471,0.889114
10,880,3,Yes,-4.895,-0.00745241,0.992517
10,881,3,No,-0.0150134,-4.2023,0.0149602
10,882,3,Yes,-4.504,-0.011066,0.988936
10,883,3,Yes,-4.86831,-0.00765624,0.992314
10,884,3,Yes,-1.26047,-0.333322,0.716497
10,885,3,Yes,-2.4696,-0.0883508,0.915386
10,886,3,Yes,-4.93077,-0.0071869,0.99278
10,887,3,No,-1.06821,-0.420932,0.656396
10,888,3,Yes,-0.947757,-0.490288,0.612414
10,889,3,Yes,-0.285358,-1.39306,0.248299
10,890,3,Yes,-1.03382,-0.439413,0.644376
10,891,3,Yes,-4.19011,-0.0152005,0.984856
10,892,3,Yes,-4.82099,-0.00803183,0.991942
10,893,3,Yes,-4.65526,-0.00949766,0.990489
10,894,3,Yes,-3.97263,-0.0189428,0.981177
10,895,3,Yes,-3.93471,-0.0196851,0.98045
10,896,3,No,-0.000165953,-8.39885,0.000225112
10,897,3,No,-0.000318936,-7.88104,0.000377819
10,898,3,Yes,-2.98243,-0.0519365,0.949334
10,899,3,No,-0.000682647,-7.20597,0.000742097
10,900,3,No,-0.000439741,-7.60219,0.000499329
10,901,3,Yes,-4.74915,-0.00863719,0.991341
10,902,3,Yes,-1.16588,-0.37337,0.68837
10,903,3,No,-0.11386,-2.22862,0.10767
10,904,3,Yes,-4.55999,-0.0104575,0.989539
10,905,3,Yes,-4.49925,-0.01112,0.988883
10,906,3,Yes,-4.23781,-0.0144845,0.985562
10,907,3,No,-0.0804528,-2.55927,0.0773566
10,908,3,No,-0.381502,-1.14815,0.317205
10,909,3,No,-0.345085,-1.23135,0.291882
10,910,3,Yes,-1.71873,-0.197519,0.820717
10,911,3,No,-0.000523943,-7.44713,0.000583076
10,912,3,Yes,-0.333339,-1.26043,0.283515
10,913,3,No,-0.136151,-2.06083,0.127341
10,914,3,No,-0.00234354,-6.03209,0.00240033
10,915,3,Yes,-3.55396,-0.028968,0.971391
10,916,3,No,-0.012096,-4.41599,0.0120819
10,917,3,Yes,-1.90513,-0.161043,0.851205
10,918,3,Yes,-3.04928,-0.0484902,0.95261
10,919,3,Yes,-4.67407,-0.0093183,0.990666
10,920,3,Yes,-2.41801,-0.0932562,0.910906
10,921,3,No,-0.0143324,-4.24821,0.014289
10,922,3,No,-0.125478,-2.13721,0.117977
10,923,3,Yes,-3.92664,-0.0198457,0.980291
10,924,3,Yes,-4.40199,-0.0122685,0.987748
10,925,3,Yes,-0.377856,-1.15604,0.314711
10,926,3,Yes,-4.88149,-0.00755462,0.992415
10,927,3,Yes,-3.20806,-0.0412136,0.959567
10,928,3,No,-0.00118135,-6.6921,0.0012406
10,929,3,No,-0.000450713,-7.58168,0.000509675
10,930,3,Yes,-2.26625,-0.109414,0.896306
10,931,3,No,-0.0593364,-2.85301,0.0576669
10,932,3,No,-0.026714,-3.63363,0.0264186
10,933,3,Yes,-2.28692,-0.10705,0.898427
10,934,3,No,-0.00195772,-6.20712,0.00201491
10,935,3,No,-0.00379938,-5.55915,0.0038518
10,936,3,Yes,-3.54376,-0.0292698,0.971097
10,937,3,No,-0.0024371,-5.99395,0.00249365
10,938,3,No,-0.0189157,-3.97402,0.0187965
10,939,3,No,-0.00116523,-6.70563,0.00122393
10,940,3,Yes,-3.42526,-0.033021,0.967461
10,941,3,No,-0.010715,-4.53579,0.0107178
10,942,3,No,-0.0133338,-4.31964,0.0133039
10,943,3,Yes,-5.20603,-0.00543831,0.994517
10,944,3,Yes,-0.267853,-1.448,0.235025
10,945,3,No,-0.0615691,-2.81722,0.059768
10,946,3,Yes,-2.04364,-0.138683,0.870452
10,947,3,Yes,-0.500527,-0.931791,0.393825
10,948,3,Yes,-3.60717,-0.0274423,0.972873
10,949,3,Yes,-4.6135,-0.00990668,0.990083
10,950,3,No,-0.00162286,-6.3885,0.00168067
10,951,3,Yes,-3.09735,-0.0461584,0.954834
10,952,3,Yes,-1.12903,-0.390508,0.676673
10,953,3,Yes,-1.45773,-0.264887,0.767249
10,954,3,Yes,-3.83451,-0.0217885,0.978389
10,955,3,Yes,-1.0072,-0.454416,0.634782
10,956,3,Yes,-4.01889,-0.0180763,0.982028
10,957,3,Yes,-3.25994,-0.039085,0.961612
10,958,3,Yes,-4.12622,-0.0162152,0.983857
10,959,3,No,-0.00901795,-4.70645,0.00903623
10,960,3,No,-0.00216133,-6.11116,0.00221785
10,961,3,Yes,-3.44284,-0.0324352,0.968028
10,962,3,No,-0.00271438,-5.88886,0.00276998
10,963,3,No,-0.0757709,-2.61687,0.0730265
10,964,3,No,-0.459566,-0.998311,0.368479
10,965,3,No,-0.00267249,-5.90395,0.00272848
10,966,3,No,-0.0185981,-3.99076,0.0184845
10,967,3,No,-0.0672363,-2.73206,0.0650814
10,968,3,No,-1.56718,-0.23392,0.791379
10,969,3,Yes,-1.4467,-0.268255,0.764668
10,970,3,Yes,-4.05552,-0.0174178,0.982675
10,971,3,Yes,-3.66832,-0.0257895,0.974482
10,972,3,No,-0.0364912,-3.32721,0.035891
10,973,3,No,-0.237879,-1.5523,0.211748
10,974,3,Yes,-1.34882,-0.300412,0.740469
10,975,3,No,-0.331882,-1.26412,0.282471
10,976,3,No,-0.400697,-1.10804,0.330187
10,977,3,Yes,-1.0516,-0.429736,0.650643
10,978,3,Yes,-3.32553,-0.0365546,0.964049
10,979,3,Yes,-0.277321,-1.41779,0.242234
10,980,3,Yes,-0.49568,-0.939297,0.390879
10,981,3,Yes,-0.295287,-1.36359,0.255726
10,982,3,Yes,-0.24246,-1.53543,0.215351
10,983,3,Yes,-2.84627,-0.0597512,0.941943
10,984,3,No,-0.410416,-1.08861,0.336665
10,985,3,No,-0.905521,-0.517971,0.595693
10,986,3,Yes,-0.866166,-0.545593,0.579464
10,987,3,Yes,-0.894715,-0.525374,0.5913
10,988,3,Yes,-3.4107,-0.0335144,0.966984
10,989,3,Yes,-1.36305,-0.295475,0.744135
10,990,3,Yes,-0.788643,-0.605873,0.545565
10,991,3,Yes,-0.805767,-0.59183,0.553281
10,992,3,No,-0.672887,-0.713707,0.489797
10,993,3,Yes,-2.02805,-0.141026,0.868416
10,994,3,Yes,-1.27372,-0.328129,0.720228
10,995,3,Yes,-0.748798,-0.640319,0.527093
10,996,3,Yes,-3.15031,-0.0437216,0.957164
10,997,3,Yes,-2.58684,-0.0781764,0.924747
10,998,3,Yes,-4.16066,-0.0156603,0.984404
10,999,3,Yes,-4.35267,-0.0128961,0.987128
10,1000,3,Yes,-1.70738,-0.200014,0.818671
10,1001,3,Yes,-2.23623,-0.112946,0.893146
10,1002,3,Yes,-3.81938,-0.0221251,0.97806
10,1003,3,Yes,-4.65662,-0.00948388,0.990502
10,1004,3,Yes,-4.62748,-0.00976788,0.990221
10,1005,3,No,-0.60404,-0.790849,0.453433
10,1006,3,Yes,-0.975152,-0.473332,0.622887
10,1007,3,Yes,-2.39529,-0.095506,0.908859
10,1008,3,Yes,-1.73516,-0.193964,0.823639
10,1009,3,Yes,-4.5497,-0.0105667,0.98943
10,1010,3,Yes,-3.80697,-0.0224057,0.977786
10,1011,3,Yes,-4.51079,-0.010991,0.989011
10,1012,3,Yes,-4.09937,-0.0166625,0.983418
10,1013,3,Yes,-2.8206,-0.0613555,0.940433
10,1014,3,Yes,-4.52627,-0.0108201,0.98918
10,1015,3,No,-0.0469422,-3.08091,0.0459146
10,1016,3,Yes,-1.71095,-0.199225,0.819317
10,1017,3,Yes,-2.28334,-0.107457,0.898062
10,1018,3,Yes,-2.93061,-0.054779,0.946639
10,1019,3,Yes,-3.96281,-0.0191324,0.980992
10,1020,3,No,-0.000663978,-7.23243,0.000722716
10,1021,3,No,-0.00704895,-4.95009,0.00708233
10,1022,3,No,-0.00666144,-5.00585,0.00669827
10,1023,3,Yes,-4.48692,-0.0112586,0.988745
10,1024,3,Yes,-2.92671,-0.0549981,0.94643
10,1025,3,Yes,-0.569042,-0.834732,0.433965
10,1026,3,Yes,-3.38786,-0.0343039,0.966221
10,1027,3,Yes,-1.712,-0.198995,0.819506
10,1028,3,Yes,-1.76416,-0.187864,0.828679
10,1029,3,Yes,-1.70186,-0.201241,0.817667
10,1030,3,Yes,-2.14765,-0.124089,0.883249
10,1031,3,Yes,-0.207835,-1.67282,0.187707
10,1032,3,No,-0.0198332,-3.92725,0.0196965
10,1033,3,No,-0.0488972,-3.04113,0.0477779
10,1034,3,No,-1.56694,-0.233982,0.791329
10,1035,3,Yes,-1.76324,-0.188054,0.828521
10,1036,3,Yes,-3.10638,-0.0457336,0.95524
10,1037,3,Yes,-3.24741,-0.0395893,0.961128
10,1038,3,No,-0.00762405,-4.87248,0.00765394
10,1039,3,No,-0.146345,-1.99363,0.136191
10,1040,3,No,-0.0323628,-3.44502,0.0319022
10,1041,3,Yes,-3.63142,-0.0267742,0.973523
10,1042,3,Yes,-3.77609,-0.0231181,0.977089
10,1043,3,No,-0.525652,-0.894311,0.408865
10,1044,3,Yes,-2.6096,-0.0763461,0.92644
10,1045,3,Yes,-1.44884,-0.267597,0.765171
10,1046,3,No,-0.0108534,-4.5232,0.0108536
10,1047,3,No,-0.0168304,-4.0894,0.0167483
10,1048,3,No,-0.000305282,-7.91594,0.000364859
10,1049,3,No,-0.000249775,-8.08119,0.000309286
10,1050,3,No,-0.000148427,-8.48003,0.000207559
10,1051,3,No,-0.000306653,-7.91199,0.000366302
10,1052,3,No,-0.000141869,-8.51223,0.000200983
10,1053,3,No,-0.000347019,-7.80911,0.000405996
10,1054,3,No,-0.0343575,-3.38629,0.0338319
10,1055,3,No,-0.00217776,-6.10365,0.00223457
10,1056,3,No,-0.00292909,-5.81437,0.00298419
10,1057,3,No,-0.00163408,-6.38151,0.00169247
10,1058,3,No,-0.000337658,-7.83146,0.000397022
10,1059,3,No,-0.000184434,-8.32012,0.000243551
10,1060,3,No,-0.00324734,-5.71337,0.00330134
10,1061,3,Yes,-2.32182,-0.10318,0.901911
10,1062,3,Yes,-4.77721,-0.00839511,0.991581
10,1063,3,No,-4.02156,-0.0180277,0.982076
10,1064,3,Yes,-4.96693,-0.00692915,0.993036
10,1065,3,No,-1.99384,-0.146313,0.863837
10,1066,3,No,-0.000189084,-8.29994,0.000248516
10,1067,3,No,-0.000154626,-8.4494,0.000214017
10,1068,3,No,-0.0487666,-3.04374,0.0476536
10,1069,3,No,-0.00122706,-6.65645,0.00128563
10,1070,3,No,-0.000113315,-8.66234,0.000172969
10,1071,3,No,-6.18119e-05,-9.02097,0.000120841
10,1072,3,No,-0.00680384,-4.9849,0.00684005
10,1073,3,No,-4.74464e-05,-9.14561,0.000106681
10,1074,3,No,-0.000467469,-7.54953,0.000526324
10,1075,3,No,-0.000150573,-8.46708,0.000210266
10,1076,3,No,-0.512505,-0.913631,0.401042
10,1077,3,No,-0.00768586,-4.86447,0.00771546
10,1078,3,No,-0.241001,-1.54076,0.214205
10,1079,3,No,-0.0014547,-6.49352,0.00151312
10,1080,3,No,-0.0022602,-6.06726,0.00231738
10,1081,3,No,-0.00400043,-5.50854,0.00405179
10,1082,3,Yes,-0.232983,-1.57073,0.20788
10,1083,3,No,-0.00538611,-5.21564,0.00543064
10,1084,3,Yes,-4.01939,-0.0180666,0.982037
10,1085,3,Yes,-4.79938,-0.00820946,0.991766
10,1086,3,Yes,-5.33538,-0.00476995,0.995182
10,1087,3,Yes,-0.128044,-2.11823,0.120237
10,1088,3,No,-0.136675,-2.05724,0.127798
10,1089,3,Yes,-0.763304,-0.627482,0.533903
10,1090,3,Yes,-1.11363,-0.397953,0.671654
10,1091,3,Yes,-4.139,-0.0160069,0.984062
10,1092,3,Yes,-2.8592,-0.0589601,0.942689
10,1093,3,No,-0.000678113,-7.21273,0.000737101
10,1094,3,No,-0.000938916,-6.9095,0.000998192
10,1095,3,No,-0.00187883,-6.24705,0.00193604
10,1096,3,No,-0.0246994,-3.71084,0.0244554
10,1097,3,No,-0.00245192,-5.98809,0.00250831
10,1098,3,No,-0.0249732,-3.69999,0.0247223
10,1099,3,Yes,-0.148549,-1.97977,0.138093
10,1100,3,No,-0.956723,-0.484656,0.615873
10,1101,3,Yes,-4.01878,-0.0180782,0.982026
10,1102,3,Yes,-4.79552,-0.00824191,0.991734
10,1103,3,Yes,-4.42145,-0.0120291,0.987984
10,1104,3,Yes,-0.895479,-0.524846,0.591612
10,1105,3,No,-0.514596,-0.910516,0.402293
10,1106,3,Yes,-0.433401,-1.04481,0.351738
10,1107,3,No,-0.643387,-0.74539,0.474521
10,1108,3,Yes,-4.20005,-0.0150475,0.985006
10,1109,3,Yes,-4.18136,-0.0153353,0.984723
10,1110,3,Yes,-5.24552,-0.0052251,0.994729
10,1111,3,Yes,-4.18502,-0.0152791,0.984779
10,1112,3,Yes,-3.3929,-0.0341277,0.966391
10,1113,3,Yes,-3.01846,-0.0500486,0.951126
10,1114,3,Yes,-2.95604,-0.0533639,0.947978
10,1115,3,Yes,-1.93645,-0.155668,0.855794
10,1116,3,No,-0.043569,-3.15371,0.0426908
10,1117,3,Yes,-2.52635,-0.0832634,0.920055
10,1118,3,Yes,-4.5081,-0.0110204,0.988981
10,1119,3,Yes,-2.27427,-0.108491,0.897134
10,1120,3,Yes,-1.93122,-0.156551,0.855037
10,1121,3,Yes,-2.82974,-0.0607793,0.940975
10,1122,3,Yes,-4.34178,-0.0130386,0.986987
10,1123,3,Yes,-0.647546,-0.740804,0.476702
10,1124,3,Yes,-3.92891,-0.0198003,0.980336
10,1125,3,Yes,-2.19014,-0.118606,0.888105
10,1126,3,Yes,-3.40311,-0.0337743,0.966732
10,1127,3,No,-1.52197,-0.246185,0.781732
10,1128,3,No,-0.373065,-1.16655,0.31142
10,1129,3,No,-0.626434,-0.764504,0.465537
10,1130,3,No,-1.53458,-0.242693,0.784467
10,1131,3,Yes,-3.52936,-0.0297013,0.970678
10,1132,3,Yes,-1.47677,-0.25918,0.771639
10,1133,3,Yes,-3.91152,-0.0201525,0.979991
10,1134,3,Yes,-4.66116,-0.00944062,0.990545
10,1135,3,Yes,-4.06948,-0.017173,0.982915
10,1136,3,Yes,-4.10094,-0.0166355,0.983444
10,1137,3,Yes,-4.05214,-0.0174778,0.982616
10,1138,3,Yes,-0.293399,-1.3691,0.25432
10,1139,3,No,-0.688596,-0.697602,0.497749
10,1140,3,Yes,-4.11706,-0.016366,0.983709
10,1141,3,Yes,-3.1911,-0.0419346,0.958876
10,1142,3,Yes,-4.22134,-0.0147276,0.985322
10,1143,3,Yes,-5.29087,-0.00499067,0.994963
10,1144,3,Yes,-4.22318,-0.0147,0.985349
10,1145,3,No,-0.463377,-0.991813,0.370882
10,1146,3,Yes,-2.33166,-0.102117,0.902871
10,1147,3,Yes,-3.58358,-0.0281077,0.972226
10,1148,3,Yes,-2.98056,-0.0520364,0.949239
10,1149,3,Yes,-3.29403,-0.0377484,0.962898
10,1150,3,Yes,-0.354396,-1.20911,0.298445
10,1151,3,Yes,-2.8758,-0.0579591,0.943632
10,1152,3,Yes,-2.20355,-0.11693,0.889596
10,1153,3,No,-0.117288,-2.20066,0.110723
10,1154,3,No,-0.000999115,-6.85131,0.00105801
10,1155,3,No,-0.00554115,-5.18767,0.0055847
10,1156,3,No,-0.00236421,-6.02354,0.00242094
10,1157,3,No,-0.00184474,-6.2645,0.00190256
10,1158,3,No,-0.00953539,-4.65123,0.0095493
10,1159,3,No,-0.539351,-0.874832,0.416908
10,1160,3,Yes,-2.06164,-0.136032,0.872763
10,1161,3,Yes,-1.44018,-0.270269,0.763129
10,1162,3,No,-0.0341081,-3.39344,0.0335908
10,1163,3,Yes,-1.97572,-0.1492,0.861346
10,1164,3,No,-0.0144774,-4.23823,0.0144323
10,1165,3,No,-0.121018,-2.17119,0.114035
10,1166,3,Yes,-2.22983,-0.113714,0.89246
10,1167,3,Yes,-1.86189,-0.168797,0.844631
10,1168,3,Yes,-3.21295,-0.0410079,0.959765
10,1169,3,Yes,-0.539738,-0.87429,0.417134
10,1170,3,Yes,-1.98665,-0.147451,0.862854
10,1171,3,No,-0.125373,-2.13799,0.117885
10,1172,3,Yes,-3.27645,-0.0384322,0.96224
10,1173,3,No,-0.35151,-1.21593,0.296417
10,1174,3,No,-0.546206,-0.865323,0.420891
10,1175,3,Yes,-2.63204,-0.0745865,0.928073
10,1176,3,No,-0.737579,-0.650493,0.521758
10,1177,3,Yes,-3.83269,-0.0218282,0.97835
10,1178,3,Yes,-2.56128,-0.0802851,0.922799
10,1179,3,No,-0.156992,-1.92862,0.14534
10,1180,3,Yes,-4.47741,-0.0113679,0.988638
10,1181,3,Yes,-0.717452,-0.669304,0.512034
10,1182,3,Yes,-3.48832,-0.030967,0.96945
10,1183,3,No,-0.0198157,-3.92814,0.019679
10,1184,3,Yes,-4.21253,-0.0148595,0.985192
10,1185,3,No,-2.04179,-0.13896,0.870212
10,1186,3,Yes,-1.86762,-0.167747,0.845518
10,1187,3,No,-0.291138,-1.37577,0.252631
10,1188,3,No,-0.16321,-1.89282,0.150638
10,1189,3,No,-0.0174605,-4.05306,0.017368
10,1190,3,No,-0.000396688,-7.6922,0.000456346
10,1191,3,No,-0.000390666,-7.70559,0.000450277
10,1192,3,No,-0.000280002,-7.98782,0.000339555
10,1193,3,No,-0.000265872,-8.031,0.000325204
10,1194,3,No,-0.0107704,-4.53076,0.0107718
10,1195,3,No,-0.0246883,-3.71131,0.0244441
10,1196,3,No,-0.000664813,-7.23072,0.000723957
10,1197,3,No,-0.00138552,-6.54015,0.00144418
10,1198,3,No,-0.000725771,-7.14947,0.000785236
10,1199,3,No,-0.00242981,-5.99704,0.00248595
10,1200,3,No,-0.00025991,-8.05003,0.000319072
10,1201,3,No,-0.000551853,-7.40016,0.000611117
10,1202,3,Yes,-4.7902,-0.00828572,0.99169
10,1203,3,Yes,-4.82898,-0.00796694,0.992006
10,1204,3,Yes,-5.16557,-0.00566642,0.99429
10,1205,3,Yes,-4.8113,-0.00811096,0.991863
10,1206,3,No,-0.000136981,-8.53505,0.000196449
10,1207,3,No,-0.000595091,-7.33122,0.000654738
10,1208,3,No,-4.95923e-05,-9.12553,0.000108845
10,1209,3,No,-0.0011425,-6.72424,0.00120136
10,1210,3,No,-0.000224377,-8.16836,0.000283465
10,1211,3,No,-0.000122197,-8.61544,0.000181274
10,1212,3,No,-0.00208553,-6.14551,0.00214296
10,1213,3,No,-0.00578236,-5.14555,0.00582492
10,1214,3,No,-0.50423,-0.926117,0.396065
10,1215,3,No,-0.0188195,-3.97907,0.0187019
10,1216,3,No,-0.00320357,-5.72657,0.00325805
10,1217,3,Yes,-1.06104,-0.424704,0.653925
10,1218,3,No,-0.178291,-1.8118,0.163351
10,1219,3,No,-0.458559,-1.00004,0.367843
10,1220,3,Yes,-0.542561,-0.870359,0.418777
10,1221,3,Yes,-4.68874,-0.00918072,0.990802
10,1222,3,Yes,-4.52104,-0.0108771,0.989123
10,1223,3,Yes,-3.02424,-0.0497534,0.951408
10,1224,3,No,-0.00041881,-7.64549,0.000478166
10,1225,3,No,-0.000583461,-7.35023,0.000642405
10,1226,3,No,-0.000256929,-8.05872,0.000316314
10,1227,3,No,-0.00948226,-4.6568,0.00949626
10,1228,3,No,-0.00257191,-5.9414,0.00262819
10,1229,3,No,-0.00338226,-5.67342,0.00343589
10,1230,3,No,-0.0164016,-4.11489,0.0163267
10,1231,3,No,-0.00651912,-5.02707,0.0065576
10,1232,3,No,-0.0523805,-2.97413,0.0510887
10,1233,3,No,-0.00329393,-5.69937,0.00334786
10,1234,3,Yes,-3.27585,-0.0384551,0.962218
10,1235,3,Yes,-3.94929,-0.0193954,0.980733
10,1236,3,Yes,-4.17861,-0.0153779,0.984681
10,1237,3,Yes,-2.25735,-0.11045,0.895379
10,1238,3,No,-0.0863825,-2.49113,0.0828112
10,1239,3,No,-0.0191249,-3.96315,0.019002
10,1240,3,Yes,-3.56227,-0.0287235,0.971627
10,1241,3,Yes,-2.12406,-0.127249,0.880462
10,1242,3,Yes,-4.94838,-0.00706,0.992905
10,1243,3,Yes,-4.76229,-0.00852212,0.991454
10,1244,3,No,-0.00260477,-5.92895,0.00266112
10,1245,3,Yes,-3.64399,-0.0264349,0.973854
10,1246,3,Yes,-4.43451,-0.0118719,0.98814
10,1247,3,No,-0.000749213,-7.12012,0.000808618
10,1248,3,No,-0.00097519,-6.87458,0.00103367
10,1249,3,No,-0.0963375,-2.38703,0.0918965
10,1250,3,No,-0.00077194,-7.0931,0.000830765
10,1251,3,Yes,-4.87053,-0.00763979,0.992331
10,1252,3,Yes,-4.3175,-0.0133622,0.986668
10,1253,3,No,-0.00125773,-6.63289,0.00131627
10,1254,3,No,-0.000448685,-7.58506,0.000507954
10,1255,3,No,-0.00100079,-6.84966,0.00105976
10,1256,3,Yes,-1.02671,-0.44336,0.641839
10,1257,3,Yes,-0.491701,-0.94553,0.388451
10,1258,3,Yes,-5.42794,-0.00434172,0.995608
10,1259,3,Yes,-4.76112,-0.00853246,0.991445
10,1260,3,No,-0.00020685,-8.23221,0.000265933
10,1261,3,Yes,-3.43758,-0.0326083,0.967859
10,1262,3,No,-0.000196536,-8.27204,0.000255549
10,1263,3,Yes,-5.39944,-0.00446923,0.995481
10,1264,3,No,-0.00185172,-6.26088,0.00190945
10,1265,3,Yes,-2.50319,-0.0853015,0.918181
10,1266,3,No,-0.00449282,-5.3943,0.00454214
10,1267,3,Yes,-4.63031,-0.00973899,0.990249
10,1268,3,No,-0.000656582,-7.2422,0.000715691
10,1269,3,Yes,-4.3884,-0.0124378,0.98758
10,1270,3,No,-0.0337057,-3.40509,0.0332018
10,1271,3,No,-0.0993571,-2.35767,0.0946348
10,1272,3,No,-0.0109711,-4.51251,0.0109702
10,1273,3,Yes,-4.4794,-0.0113443,0.98866
10,1274,3,No,-0.00341593,-5.66377,0.00346921
10,1275,3,Yes,-4.27438,-0.0139587,0.98608
10,1276,3,No,-0.00247122,-5.98044,0.00252756
10,1277,3,No,-0.0031885,-5.73121,0.00324296
10,1278,3,No,-0.0944297,-2.40609,0.0901621
10,1279,3,No,-0.000137935,-8.53199,0.00019705
10,1280,3,No,-0.0548174,-2.92991,0.0533986
10,1281,3,Yes,-5.29828,-0.00495252,0.995
10,1282,3,No,-4.8174,-0.00806067,0.991913
10,1283,3,No,-0.00131419,-6.59097,0.00137263
10,1284,3,No,-0.000292702,-7.95109,0.000352256
10,1285,3,No,-0.29527,-1.36364,0.255713
10,1286,3,Yes,-5.32027,-0.00484332,0.995109
10,1287,3,Yes,-3.2989,-0.0375609,0.963078
10,1288,3,No,-0.000365801,-7.76264,0.000425309
10,1289,3,No,-0.000158621,-8.43241,0.000217684
10,1290,3,Yes,-5.15676,-0.0057169,0.99424
10,1291,3,No,-5.29899e-05,-9.09556,0.000112156
10,1292,3,No,-0.00022545,-8.1624,0.000285159
10,1293,3,No,-0.000261818,-8.04346,0.000321178
10,1294,3,No,-5.92488e-05,-9.0384,0.000118754
10,1295,3,Yes,-4.22881,-0.0146167,0.985431
10,1296,3,Yes,-4.24715,-0.0143481,0.985696
10,1297,3,No,-9.1855e-05,-8.79855,0.000150943
10,1298,3,No,-0.000261579,-8.04361,0.000321128
10,1299,3,No,-0.000627476,-7.28344,0.000686777
10,1300,3,Yes,-4.51667,-0.010925,0.989075
10,1301,3,No,-0.0824191,-2.53612,0.0791685
10,1302,3,No,-1.40452,-0.2816,0.754531
10,1303,3,No,-0.00187931,-6.24648,0.00193714
10,1304,3,No,-0.00370389,-5.58419,0.00375655
10,1305,3,No,-1.0897,-0.409862,0.663703
10,1306,3,Yes,-4.57071,-0.0103447,0.98965
10,1307,3,No,-0.00444924,-5.40396,0.00449847
10,1308,3,No,-0.00347101,-5.64809,0.00352402
10,1309,3,No,-0.00284982,-5.84128,0.00290494
10,1310,3,Yes,-3.48472,-0.031081,0.96934
10,1311,3,Yes,-3.28525,-0.0380876,0.962571
10,1312,3,Yes,-3.56966,-0.0285083,0.971836
10,1313,3,Yes,-4.08629,-0.0168832,0.9832
10,1314,3,Yes,-1.2585,-0.334105,0.715936
10,1315,3,No,-0.183072,-1.78766,0.167341
10,1316,3,Yes,-2.78427,-0.0637012,0.93823
10,1317,3,No,-0.182664,-1.7897,0.167001
10,1318,3,No,-0.000636124,-7.27144,0.000695069
10,1319,3,No,-0.307603,-1.32859,0.264836
10,1320,3,Yes,-5.23186,-0.00529766,0.994657
10,1321,3,No,-0.000933964,-6.91491,0.000992815
10,1322,3,Yes,-3.70788,-0.0247743,0.975472
10,1323,3,No,-0.781014,-0.612273,0.542085
10,1324,3,No,-0.0701633,-2.69093,0.067814
10,1325,3,Yes,-3.5505,-0.0290686,0.971292
10,1326,3,Yes,-3.28153,-0.0382328,0.962431
10,1327,3,Yes,-2.77302,-0.0644463,0.937531
10,1328,3,Yes,-5.75813,-0.0031021,0.996843
10,1329,3,No,-0.0212608,-3.85864,0.0210953
10,1330,3,No,-0.322944,-1.28719,0.276028
10,1331,3,Yes,-2.44986,-0.0901938,0.9137
10,1332,3,Yes,-0.331512,-1.26506,0.282205
10,1333,3,Yes,-3.27391,-0.0385322,0.962144
10,1334,3,Yes,-2.54407,-0.0817378,0.921459
10,1335,3,Yes,-2.37733,-0.0973247,0.907208
10,1336,3,Yes,-2.42096,-0.0929672,0.911169
10,1337,3,Yes,-3.54945,-0.0290996,0.971261
10,1338,3,Yes,-2.40234,-0.0948018,0.9095
10,1339,3,Yes,-3.46417,-0.0317372,0.968703
10,1340,3,Yes,-3.9706,-0.0189811,0.981139
10,1341,3,Yes,-3.52827,-0.0297335,0.970646
10,1342,3,Yes,-3.88015,-0.0208028,0.979354
10,1343,3,Yes,-5.05424,-0.00634257,0.993618
10,1344,3,Yes,-3.48909,-0.0309426,0.969473
10,1345,3,Yes,-2.04185,-0.138952,0.870219
10,1346,3,No,-0.0345774,-3.38004,0.0340442
10,1347,3,Yes,-5.1173,-0.00595054,0.994008
10,1348,3,Yes,-3.08349,-0.0468195,0.954203
10,1349,3,Yes,-1.91626,-0.159111,0.852852
10,1350,3,No,-4.18262,-0.0153157,0.984743
10,1351,3,Yes,-0.570029,-0.833444,0.434524
10,1352,3,Yes,-0.215814,-1.639,0.194162
10,1353,3,Yes,-4.74982,-0.00863052,0.991347
10,1354,3,No,-0.851069,-0.556695,0.573067
10,1355,3,Yes,-4.71511,-0.00893959,0.991042
10,1356,3,Yes,-3.42505,-0.0330278,0.967454
10,1357,3,Yes,-2.80409,-0.0624109,0.939442
10,1358,3,No,-0.318923,-1.29782,0.273111
10,1359,3,Yes,-4.44484,-0.0117482,0.988262
10,1360,3,No,-0.396599,-1.1164,0.327436
10,1361,3,Yes,-0.815117,-0.584345,0.557438
10,1362,3,Yes,-0.71513,-0.671523,0.5109
10,1363,3,No,-0.975594,-0.473063,0.623054
10,1364,3,Yes,-1.0313,-0.440808,0.643479
10,1365,3,Yes,-0.68896,-0.697234,0.497932
10,1366,3,Yes,-2.9975,-0.0511377,0.950091
10,1367,3,Yes,-0.297595,-1.3569,0.257442
10,1368,3,Yes,-4.05027,-0.0175105,0.982583
10,1369,3,Yes,-2.2894,-0.106771,0.898678
10,1370,3,Yes,-2.41089,-0.0939545,0.91027
10,0,4,No,-0.000549766,-7.40396,0.000608802
10,1,4,No,-0.000358288,-7.77983,0.000418059
10,2,4,No,-0.135189,-2.06744,0.126501
10,3,4,Yes,-2.80123,-0.0625956,0.939268
10,4,4,No,-0.00826414,-4.79277,0.00828898
10,5,4,Yes,-2.38107,-0.0969436,0.907554
10,6,4,No,-0.318722,-1.29835,0.272965
10,7,4,No,-0.119403,-2.18383,0.112603
10,8,4,No,-1.36378,-0.295222,0.744323
10,9,4,No,-0.0136475,-4.2966,0.0136139
10,10,4,No,-0.00063189,-7.27718,0.00069109
10,11,4,No,-0.00434082,-5.42824,0.00439058
10,12,4,No,-0.00127498,-6.62007,0.00133326
10,13,4,No,-0.0503195,-3.01321,0.0491306
10,14,4,Yes,-0.102073,-2.33206,0.0970896
10,15,4,Yes,-1.01405,-0.450494,0.637276
10,16,4,No,-0.0018273,-6.27368,0.00188516
10,17,4,No,-0.000840182,-7.01376,0.000899371
10,18,4,Yes,-2.50619,-0.0850343,0.918426
10,19,4,Yes,-2.71283,-0.0685897,0.933655
10,20,4,Yes,-2.00108,-0.145177,0.864819
10,21,4,Yes,-4.2762,-0.0139329,0.986105
10,22,4,Yes,-3.19943,-0.041579,0.959217
10,23,4,Yes,-2.67662,-0.0712118,0.931209
10,24,4,Yes,-2.74213,-0.0665389,0.935571
10,25,4,Yes,-3.28314,-0.0381703,0.962492
10,26,4,No,-0.135015,-2.06865,0.126349
10,27,4,No,-0.0133746,-4.31662,0.0133442
10,28,4,No,-1.19597,-0.36004,0.697607
10,29,4,Yes,-1.11584,-0.396875,0.672379
10,30,4,Yes,-4.60536,-0.00998892,0.990003
10,31,4,Yes,-2.49417,-0.0861092,0.91744
10,32,4,No,-0.37944,-1.1526,0.315796
10,33,4,Yes,-1.00693,-0.454569,0.634684
10,34,4,Yes,-0.360597,-1.19468,0.302781
10,35,4,No,-1.07329,-0.418281,0.658138
10,36,4,Yes,-3.34252,-0.0359263,0.964654
10,37,4,Yes,-4.61489,-0.00989308,0.990097
10,38,4,Yes,-1.15427,-0.378668,0.684732
10,39,4,No,-0.00167898,-6.35556,0.00173696
10,40,4,Yes,-3.19333,-0.0418385,0.958968
10,41,4,Yes,-2.39039,-0.0959996,0.908411
10,42,4,No,-0.000167503,-8.39328,0.00022637
10,43,4,Yes,-3.82461,-0.0220089,0.978174
10,44,4,Yes,-4.77085,-0.00844969,0.991527
10,45,4,No,-0.448127,-1.01823,0.361214
10,46,4,No,-1.48639,-0.256348,0.773827
10,47,4,Yes,-3.6395,-0.0265556,0.973736
10,48,4,Yes,-4.09088,-0.016806,0.983276
10,49,4,No,-0.00369354,-5.58698,0.00374608
10,50,4,No,-0.00637581,-5.04918,0.00641422
10,51,4,No,-0.0535161,-2.95327,0.0521658
10,52,4,No,-0.0158148,-4.15095,0.0157485
10,53,4,No,-0.0138569,-4.28156,0.0138202
10,54,4,Yes,-4.49371,-0.0111824,0.988822
10,55,4,Yes,-1.00983,-0.452904,0.635742
10,56,4,Yes,-2.09541,-0.131203,0.876988
10,57,4,Yes,-3.33524,-0.0361947,0.964396
10,58,4,Yes,-4.99951,-0.00670416,0.993259
10,59,4,No,-0.000703821,-7.17754,0.000763497
10,60,4,Yes,-2.27228,-0.108718,0.896929
10,61,4,Yes,-4.80444,-0.00816751,0.991807
10,62,4,Yes,-4.73189,-0.00878835,0.991191
10,63,4,Yes,-0.2653,-1.45636,0.23307
10,64,4,Yes,-2.99278,-0.051387,0.949855
10,65,4,Yes,-2.93222,-0.0546881,0.946725
10,66,4,Yes,-2.12562,-0.127038,0.880648
10,67,4,Yes,-4.54475,-0.0106201,0.989378
10,68,4,No,-0.310548,-1.32045,0.266998
10,69,4,No,-0.062142,-2.80825,0.0603066
10,70,4,Yes,-3.59918,-0.0276669,0.972655
10,71,4,No,-0.0044778,-5.39764,0.004527
10,72,4,Yes,-0.973311,-0.474447,0.622192
10,73,4,No,-0.000206134,-8.23247,0.000265864
10,74,4,Yes,-2.42456,-0.0926183,0.911488
10,75,4,No,-0.616358,-0.7762,0.460124
10,76,4,No,-0.0454608,-3.11221,0.0444996
10,77,4,No,-0.000385001,-7.71851,0.000444494
10,78,4,Yes,-4.58501,-0.0101961,0.989797
10,79,4,Yes,-3.75374,-0.0236483,0.976572
10,80,4,Yes,-0.250099,-1.50808,0.221322
10,81,4,Yes,-0.341142,-1.24098,0.289084
10,82,4,No,-3.80531,-0.022443,0.977749
10,83,4,Yes,-2.56053,-0.0803485,0.92274
10,84,4,Yes,-2.34093,-0.101123,0.903768
10,85,4,Yes,-3.73957,-0.0239901,0.976237
10,86,4,Yes,-4.28561,-0.0138011,0.986236
10,87,4,Yes,-4.38299,-0.0125068,0.987513
10,88,4,Yes,-2.82606,-0.0610101,0.940758
10,89,4,Yes,-3.07208,-0.0473704,0.953678
10,90,4,Yes,-2.70914,-0.0688522,0.93341
10,91,4,Yes,-3.24106,-0.0398467,0.96088
10,92,4,Yes,-0.407242,-1.09489,0.334556
10,93,4,Yes,-3.05268,-0.0483215,0.952771
10,94,4,Yes,-0.5736,-0.828817,0.43654
10,95,4,Yes,-4.78688,-0.00831415,0.991662
10,96,4,Yes,-4.04781,-0.0175548,0.98254
10,97,4,No,-0.236897,-1.55596,0.210974
10,98,4,Yes,-3.39975,-0.03389,0.966621
10,99,4,No,-0.0719876,-2.66618,0.069513
10,100,4,No,-0.375242,-1.16176,0.312918
10,101,4,Yes,-2.02137,-0.142042,0.867534
10,102,4,Yes,-2.34757,-0.10042,0.904404
10,103,4,Yes,-1.43162,-0.272941,0.761093
10,104,4,No,-0.169836,-1.85626,0.156247
10,105,4,No,-0.530407,-0.887477,0.411669
10,106,4,No,-0.000424773,-7.63336,0.000484001
10,107,4,No,-0.00851046,-4.76367,0.00853369
10,108,4,No,-0.0110812,-4.50262,0.0110793
10,109,4,No,-0.0347111,-3.37626,0.034173
10,110,4,Yes,-4.11779,-0.0163544,0.983721
10,111,4,No,-0.00310724,-5.75646,0.00316209
10,112,4,No,-0.00964028,-4.64047,0.00965255
10,113,4,No,-0.397229,-1.11511,0.32786
10,114,4,Yes,-3.12525,-0.0448579,0.956077
10,115,4,No,-0.000218058,-8.18913,0.000277638
10,116,4,No,-0.000489832,-7.50686,0.000549272
10,117,4,Yes,-5.08238,-0.00616456,0.993795
10,118,4,No,-0.510075,-0.917269,0.399585
10,119,4,No,-0.000198742,-8.26248,0.000258003
10,120,4,Yes,-4.75007,-0.00862913,0.991349
10,121,4,Yes,-4.64638,-0.00958311,0.990404
10,122,4,No,-0.0215816,-3.8439,0.0214087
10,123,4,Yes,-4.26681,-0.0140656,0.985974
10,124,4,No,-0.00254466,-5.95181,0.00260096
10,125,4,No,-0.233281,-1.5696,0.208116
10,126,4,Yes,-2.85507,-0.0592116,0.942451
10,127,4,Yes,-2.99032,-0.0515164,0.949732
10,128,4,No,-0.122483,-2.15988,0.115332
10,129,4,No,-0.000408017,-7.66915,0.000466985
10,130,4,No,-0.000259195,-8.05052,0.000318918
10,131,4,No,-0.000338731,-7.82886,0.000398057
10,132,4,No,-0.00190391,-6.23375,0.00196196
10,133,4,Yes,-2.77939,-0.0640237,0.937927
10,134,4,Yes,-3.97435,-0.0189101,0.98121
10,135,4,No,-0.000755357,-7.11316,0.000814265
10,136,4,Yes,-0.465403,-0.988386,0.372155
10,137,4,Yes,-1.67043,-0.208387,0.811845
10,138,4,Yes,-0.285701,-1.39202,0.248557
10,139,4,Yes,-2.74722,-0.06619,0.935898
10,140,4,No,-0.297196,-1.35805,0.257146
10,141,4,Yes,-3.43955,-0.032544,0.967923
10,142,4,No,-0.00235005,-6.02962,0.00240626
10,143,4,No,-3.16477,-0.0430797,0.957778
10,144,4,No,-7.85024e-05,-8.89143,0.000137554
10,145,4,Yes,-2.45963,-0.0892768,0.914538
10,146,4,Yes,-0.68788,-0.698324,0.497389
10,147,4,Yes,-1.77307,-0.186031,0.830199
10,148,4,Yes,-0.218134,-1.62943,0.196029
10,149,4,Yes,-3.21556,-0.040899,0.95987
10,150,4,Yes,-3.08947,-0.0465327,0.954477
10,151,4,Yes,-0.458908,-0.99944,0.368064
10,152,4,Yes,-2.33092,-0.102195,0.9028
10,153,4,Yes,-2.36733,-0.0983531,0.906275
10,154,4,No,-2.51296,-0.084435,0.918977
10,155,4,Yes,-3.00139,-0.0509342,0.950285
10,156,4,Yes,-3.30405,-0.037365,0.963268
10,157,4,Yes,-1.43223,-0.272749,0.761238
10,158,4,Yes,-0.794993,-0.600614,0.548442
10,159,4,Yes,-1.61448,-0.221813,0.801018
10,160,4,Yes,-3.09222,-0.0464027,0.954602
10,161,4,No,-1.98344,-0.147962,0.862413
10,162,4,No,-0.507454,-0.921223,0.398009
10,163,4,Yes,-1.12778,-0.39111,0.676266
10,164,4,Yes,-4.47148,-0.011436,0.98857
10,165,4,No,-0.247845,-1.51604,0.219566
10,166,4,Yes,-4.3442,-0.013007,0.987019
10,167,4,Yes,-1.89194,-0.163367,0.84923
10,168,4,No,-0.130748,-2.09866,0.122614
10,169,4,Yes,-2.07237,-0.134478,0.87412
10,170,4,Yes,-3.93367,-0.0197049,0.980429
10,171,4,Yes,-2.84003,-0.0601373,0.94158
10,172,4,No,-0.124118,-2.14742,0.116778
10,173,4,No,-0.00753162,-4.88448,0.00756261
10,174,4,Yes,-4.22107,-0.0147314,0.985318
10,175,4,Yes,-3.81963,-0.022119,0.978065
10,176,4,No,-0.000633798,-7.27463,0.000692853
10,177,4,No,-0.00535231,-5.2219,0.00539677
10,178,4,Yes,-3.98833,-0.0186438,0.981471
10,179,4,No,-0.0174495,-4.05371,0.0173569
10,180,4,No,-0.0299627,-3.52072,0.0295764
10,181,4,No,-0.102791,-2.32541,0.0977377
10,182,4,Yes,-2.72756,-0.0675509,0.934625
10,183,4,No,-0.669948,-0.716777,0.488295
10,184,4,No,-1.32371,-0.309365,0.733869
10,185,4,Yes,-3.66216,-0.0259515,0.974325
10,186,4,Yes,-2.88054,-0.0576766,0.943899
10,187,4,Yes,-0.560439,-0.846064,0.429075
10,188,4,Yes,-2.30773,-0.104725,0.900519
10,189,4,Yes,-2.7642,-0.0650372,0.936977
10,190,4,Yes,-2.56472,-0.0799976,0.923063
10,191,4,Yes,-1.41201,-0.279177,0.756362
10,192,4,No,-0.00148287,-6.47518,0.00154113
10,193,4,No,-0.00505315,-5.27857,0.00509942
10,194,4,Yes,-2.07491,-0.134114,0.874439
10,195,4,No,-0.000467171,-7.54997,0.000526097
10,196,4,No,-0.000395972,-7.69495,0.000455095
10,197,4,No,-0.000595568,-7.33146,0.000654575
10,198,4,Yes,-0.225884,-1.59826,0.202237
10,199,4,No,-0.00047868,-7.52705,0.00053829
10,200,4,No,-0.900001,-0.521735,0.593455
10,201,4,No,-0.0114178,-4.47304,0.0114119
10,202,4,Yes,-4.63201,-0.00972316,0.990265
10,203,4,No,-0.000307011,-7.91239,0.000366155
10,204,4,Yes,-0.852349,-0.555742,0.573613
10,205,4,No,-0.00022706,-8.15792,0.000286439
10,206,4,Yes,-3.6291,-0.0268377,0.973462
10,207,4,Yes,-5.08812,-0.00612917,0.993831
10,208,4,Yes,-3.98621,-0.0186836,0.981431
10,209,4,Yes,-4.62303,-0.0098117,0.990178
10,210,4,Yes,-0.654336,-0.733405,0.480243
10,211,4,Yes,-3.11199,-0.0454715,0.95549
10,212,4,Yes,-0.154105,-1.94577,0.142869
10,213,4,No,-6.07986e-05,-9.02652,0.000120173
10,214,4,No,-0.000641671,-7.26303,0.000700936
10,215,4,Yes,-3.81029,-0.0223298,0.977859
10,216,4,Yes,-5.2041,-0.00544933,0.994506
10,217,4,No,-0.00465437,-5.35961,0.00470247
10,218,4,Yes,-3.06738,-0.0475989,0.95346
10,219,4,Yes,-2.97764,-0.0521926,0.94909
10,220,4,Yes,-4.12742,-0.0161959,0.983877
10,221,4,Yes,-1.30083,-0.317794,0.72771
10,222,4,No,-1.11997,-0.394867,0.673731
10,223,4,Yes,-4.7427,-0.00869419,0.991285
10,224,4,Yes,-2.83628,-0.0603699,0.94136
10,225,4,Yes,-0.545052,-0.866913,0.420222
10,226,4,No,-0.0345537,-3.38074,0.0340203
10,227,4,No,-0.55567,-0.852446,0.426346
10,228,4,Yes,-2.61622,-0.0758228,0.926925
10,229,4,Yes,-5.13032,-0.00587241,0.994086
10,230,4,No,-0.000566404,-7.37662,0.000625677
10,231,4,Yes,-2.72636,-0.0676348,0.934547
10,232,4,Yes,-2.70997,-0.0687919,0.933465
10,233,4,Yes,-4.30765,-0.013497,0.986536
10,234,4,No,-0.120089,-2.17845,0.113211
10,235,4,Yes,-2.91313,-0.0557725,0.945698
10,236,4,No,-0.000375639,-7.74031,0.000434909
10,237,4,No,-0.000667914,-7.22619,0.000727245
10,238,4,No,-0.00784642,-4.84399,0.0078751
10,239,4,No,-0.116851,-2.20418,0.110334
10,240,4,Yes,-4.01856,-0.0180816,0.982022
10,241,4,No,-0.000110036,-8.68346,0.000169354
10,242,4,Yes,-0.313762,-1.31169,0.26935
10,243,4,Yes,-0.351511,-1.21593,0.296417
10,244,4,No,-0.00160973,-6.39614,0.00166788
10,245,4,No,-0.528769,-0.889822,0.410705
10,246,4,Yes,-3.18289,-0.0422881,0.958537
10,247,4,No,-0.374569,-1.16323,0.312456
10,248,4,Yes,-4.54981,-0.0105659,0.989431
10,249,4,No,-0.601877,-0.793462,0.45225
10,250,4,Yes,-2.92712,-0.0549757,0.946452
10,251,4,Yes,-1.18397,-0.365286,0.693957
10,252,4,Yes,-3.09488,-0.0462762,0.954722
10,253,4,No,-0.0027136,-5.88907,0.0027694
10,254,4,No,-0.0231176,-3.77609,0.0229107
10,255,4,No,-0.000615846,-7.30157,0.000674437
10,256,4,Yes,-1.38281,-0.288769,0.749141
10,257,4,Yes,-5.15203,-0.00574471,0.994213
10,258,4,Yes,-3.40418,-0.0337376,0.966768
10,259,4,Yes,-3.50218,-0.0305341,0.96987
10,260,4,No,-0.0192281,-3.95788,0.0191024
10,261,4,Yes,-0.601125,-0.794373,0.451838
10,262,4,Yes,-3.04785,-0.0485614,0.952542
10,263,4,Yes,-1.9009,-0.161784,0.850574
10,264,4,No,-0.000770031,-7.09512,0.000829092
10,265,4,Yes,-4.7604,-0.00853884,0.991438
10,266,4,No,-0.000246138,-8.09433,0.000305249
10,267,4,Yes,-4.16752,-0.0155513,0.98451
10,268,4,No,-0.000249775,-8.08196,0.000309047
10,269,4,Yes,-2.86522,-0.0585946,0.943033
10,270,4,No,-0.022669,-3.79543,0.0224719
10,271,4,Yes,-2.30406,-0.105131,0.900154
10,272,4,No,-1.00416,-0.45617,0.633669
10,273,4,No,-0.00321451,-5.72333,0.00326862
10,274,4,No,-0.00283775,-5.84543,0.00289292
10,275,4,No,-0.00305941,-5.77183,0.00311387
10,276,4,Yes,-1.76157,-0.188399,0.828235
10,277,4,No,-0.0933114,-2.41744,0.0891446
10,278,4,Yes,-4.55046,-0.0105579,0.989438
10,279,4,No,-0.018982,-3.9706,0.0188611
10,280,4,No,-0.000249298,-8.0826,0.000308849
10,281,4,No,-0.00492053,-5.30478,0.00496748
10,282,4,No,-0.000607317,-7.31331,0.000666567
10,283,4,Yes,-4.18601,-0.0152635,0.984794
10,284,4,Yes,-3.5586,-0.0288318,0.971523
10,285,4,Yes,-3.66573,-0.0258574,0.974416
10,286,4,No,-0.00283601,-5.84592,0.0028915
10,287,4,Yes,-3.70387,-0.024876,0.975373
10,288,4,No,-0.000209353,-8.22145,0.00026881
10,289,4,No,-1.49571,-0.253642,0.775923
10,290,4,Yes,-0.249717,-1.50942,0.221025
10,291,4,Yes,-5.07331,-0.00622129,0.993739
10,292,4,No,-0.00106397,-6.79196,0.0011227
10,293,4,Yes,-4.44567,-0.0117384,0.988271
10,294,4,Yes,-4.75511,-0.00858507,0.991393
10,295,4,Yes,-4.96616,-0.00693503,0.993031
10,296,4,No,-0.172296,-1.84308,0.158319
10,297,4,No,-0.0115232,-4.46399,0.0115156
10,298,4,No,-0.00373739,-5.5753,0.00379009
10,299,4,No,-0.134097,-2.07502,0.125546
10,300,4,Yes,-2.1119,-0.128912,0.879
10,301,4,Yes,-2.24772,-0.111581,0.894367
10,302,4,Yes,-2.18764,-0.118921,0.887825
10,303,4,Yes,-0.512034,-0.914336,0.400759
10,304,4,Yes,-2.77341,-0.0644203,0.937555
10,305,4,Yes,-2.15745,-0.122801,0.884387
10,306,4,Yes,-3.26799,-0.0387654,0.961919
10,307,4,Yes,-0.922206,-0.506805,0.602382
10,308,4,Yes,-0.983245,-0.468463,0.625927
10,309,4,No,-3.35195,-0.0355821,0.964986
10,310,4,No,-0.113388,-2.23254,0.107249
10,311,4,No,-0.00980375,-4.62382,0.00981468
10,312,4,Yes,-2.35596,-0.0995367,0.905203
10,313,4,No,-0.00511462,-5.26668,0.00516042
10,314,4,Yes,-4.89815,-0.00742857,0.99254
10,315,4,No,-0.000468423,-7.54616,0.000528101
10,316,4,No,-0.00213493,-6.12306,0.00219161
10,317,4,Yes,-4.77523,-0.00841176,0.991564
10,318,4,Yes,-5.07006,-0.00624247,0.993718
10,319,4,No,-0.0652932,-2.76039,0.0632631
10,320,4,No,-0.0158157,-4.15085,0.01575
10,321,4,No,-0.000812443,-7.04507,0.000871642
10,322,4,No,-0.0010799,-6.77789,0.00113861
10,323,4,No,-0.0011977,-6.67947,0.00125637
10,324,4,No,-0.000172272,-8.37053,0.00023158
10,325,4,No,-0.00496,-5.29688,0.00500691
10,326,4,No,-0.0102116,-4.58352,0.0102182
10,327,4,Yes,-3.88911,-0.0206156,0.979538
10,328,4,Yes,-4.34197,-0.0130363,0.98699
10,329,4,Yes,-4.70205,-0.00905819,0.990924
10,330,4,No,-0.65289,-0.734971,0.479491
10,331,4,No,-0.073443,-2.6469,0.0708666
10,332,4,No,-0.163707,-1.89002,0.15106
10,333,4,Yes,-1.16673,-0.372988,0.688634
10,334,4,Yes,-4.65605,-0.00948996,0.990497
10,335,4,Yes,-4.04878,-0.0175368,0.982557
10,336,4,Yes,-3.71553,-0.0245829,0.975659
10,337,4,Yes,-2.68246,-0.0707818,0.93161
10,338,4,Yes,-3.72188,-0.0244248,0.975813
10,339,4,No,-0.000254663,-8.0672,0.000313642
10,340,4,No,-0.000262593,-8.04141,0.000321836
10,341,4,No,-1.66805,-0.208941,0.811396
10,342,4,No,-1.18834,-0.363364,0.695293
10,343,4,No,-0.00288975,-5.82758,0.00294502
10,344,4,Yes,-4.15332,-0.0157768,0.984289
10,345,4,Yes,-0.354677,-1.20845,0.298642
10,346,4,Yes,-2.56389,-0.0800669,0.923
10,347,4,No,-0.132952,-2.08304,0.124544
10,348,4,No,-0.00131843,-6.58761,0.00137725
10,349,4,No,-0.171743,-1.84603,0.157854
10,350,4,Yes,-0.471807,-0.977675,0.376163
10,351,4,No,-1.1453,-0.382828,0.68189
10,352,4,No,-0.244842,-1.5268,0.217218
10,353,4,Yes,-1.28832,-0.322517,0.724281
10,354,4,No,-0.181617,-1.79493,0.166129
10,355,4,No,-0.11466,-2.22201,0.108384
10,356,4,Yes,-1.58383,-0.229574,0.794825
10,357,4,Yes,-0.633334,-0.756642,0.469212
10,358,4,No,-0.14392,-2.00915,0.134094
10,359,4,No,-0.321351,-1.29139,0.274873
10,360,4,Yes,-1.1047,-0.402346,0.66871
10,361,4,Yes,-3.10456,-0.0458189,0.955158
10,362,4,Yes,-2.11605,-0.128341,0.879501
10,363,4,No,-0.000386074,-7.71651,0.000445387
10,364,4,No,-0.000406884,-7.67123,0.000466018
10,365,4,Yes,-3.50008,-0.0305994,0.969807
10,366,4,Yes,-3.16232,-0.0431868,0.957675
10,367,4,No,-1.15328,-0.379129,0.684418
10,368,4,Yes,-3.83578,-0.0217604,0.978417
10,369,4,Yes,-2.33768,-0.10147,0.903454
10,370,4,Yes,-2.94069,-0.0542133,0.947174
10,371,4,No,-0.113232,-2.23385,0.107109
10,372,4,Yes,-3.68683,-0.0253094,0.97495
10,373,4,Yes,-4.02476,-0.0179693,0.982133
10,374,4,Yes,-3.10711,-0.0456993,0.955272
10,375,4,Yes,-3.8718,-0.0209803,0.97918
10,376,4,Yes,-2.58766,-0.0781096,0.924809
10,377,4,Yes,-1.32897,-0.307465,0.735265
10,378,4,No,-0.0222862,-3.81223,0.0220976
10,379,4,Yes,-1.28753,-0.322816,0.724064
10,380,4,Yes,-3.70506,-0.0248458,0.975403
10,381,4,Yes,-0.276252,-1.42115,0.241423
10,382,4,No,-1.76577,-0.187531,0.828955
10,383,4,Yes,-0.867956,-0.544296,0.580216
10,384,4,Yes,-4.17646,-0.0154119,0.984648
10,385,4,No,-0.00429155,-5.43943,0.0043417
10,386,4,Yes,-4.5308,-0.010771,0.989228
10,387,4,No,-0.000156415,-8.43994,0.00021605
10,388,4,No,-0.000584356,-7.34812,0.00064376
10,389,4,No,-0.000139008,-8.52401,0.000198629
10,390,4,Yes,-4.67919,-0.00927035,0.990714
10,391,4,Yes,-3.79061,-0.0227802,0.977419
10,392,4,Yes,-4.56276,-0.0104276,0.989567
10,393,4,No,-0.00483062,-5.32295,0.00487806
10,394,4,Yes,-2.09539,-0.131206,0.876985
10,395,4,No,-0.19133,-1.74755,0.17419
10,396,4,No,-0.0556233,-2.91574,0.0541609
10,397,4,No,-0.0191312,-3.96286,0.0190076
10,398,4,Yes,-3.60597,-0.0274754,0.972841
10,399,4,No,-0.000388996,-7.7097,0.000448429
10,400,4,No,-0.00135734,-6.56011,0.00141564
10,401,4,No,-0.14185,-2.02262,0.1323
10,402,4,Yes,-3.21083,-0.0410967,0.959679
10,403,4,Yes,-1.90605,-0.160882,0.851342
10,404,4,Yes,-2.94679,-0.0538751,0.947495
10,405,4,Yes,-3.87291,-0.0209567,0.979203
10,406,4,Yes,-4.76994,-0.00845804,0.99152
10,407,4,No,-1.17481,-0.369355,0.691139
10,408,4,Yes,-4.01626,-0.0181242,0.981981
10,409,4,Yes,-4.39841,-0.012313,0.987704
10,410,4,Yes,-3.96637,-0.0190636,0.981059
10,411,4,Yes,-1.55801,-0.23635,0.789458
10,412,4,Yes,-3.10957,-0.0455848,0.955382
10,413,4,Yes,-3.3416,-0.0359607,0.964622
10,414,4,Yes,-0.246545,-1.52068,0.218549
10,415,4,Yes,-1.53846,-0.24163,0.785301
10,416,4,Yes,-3.28692,-0.0380226,0.962634
10,417,4,Yes,-0.854081,-0.554456,0.574351
10,418,4,No,-0.017777,-4.03537,0.0176782
10,419,4,No,-0.0555344,-2.91729,0.0540769
10,420,4,No,-0.259715,-1.47496,0.228774
10,421,4,Yes,-0.0643176,-2.77495,0.0623486
10,422,4,No,-0.0105702,-4.54937,0.0105732
10,423,4,No,-0.0255341,-3.67812,0.0252689
10,424,4,No,-0.126401,-2.13033,0.118791
10,425,4,No,-0.102202,-2.33085,0.0972069
10,426,4,No,-0.00443918,-5.40611,0.0044888
10,427,4,No,-0.00141984,-6.51721,0.00147769
10,428,4,Yes,-3.62175,-0.0270385,0.973266
10,429,4,Yes,-2.52141,-0.0836937,0.919658
10,430,4,No,-0.407968,-1.09345,0.335039
10,431,4,No,-0.976821,-0.472322,0.623516
10,432,4,Yes,-0.405896,-1.09758,0.333659
10,433,4,No,-0.0159945,-4.13976,0.0159257
10,434,4,No,-0.137779,-2.04975,0.12876
10,435,4,Yes,-2.09061,-0.13188,0.876395
10,436,4,No,-0.329844,-1.26932,0.281007
10,437,4,No,-0.0200062,-3.91871,0.0198655
10,438,4,No,-0.000124701,-8.59955,0.000184177
10,439,4,Yes,-3.04973,-0.0484683,0.952631
10,440,4,No,-0.000531696,-7.43419,0.000590672
10,441,4,No,-0.000564794,-7.38,0.000623563
10,442,4,No,-0.462998,-0.992457,0.370643
10,443,4,Yes,-3.8125,-0.0222796,0.977909
10,444,4,Yes,-4.07561,-0.0170675,0.983019
10,445,4,Yes,-3.80256,-0.0225056,0.977688
10,446,4,No,-4.76574,-0.00849345,0.991484
10,447,4,Yes,-1.10382,-0.402784,0.668417
10,448,4,No,-0.126564,-2.12912,0.118935
10,449,4,No,-0.087839,-2.47515,0.0841458
10,450,4,No,-0.0389317,-3.26379,0.038241
10,451,4,Yes,-2.60407,-0.0767873,0.926032
10,452,4,No,-2.87763,-0.0578502,0.943735
10,453,4,Yes,-3.47041,-0.0315367,0.968898
10,454,4,No,-0.0057359,-5.15359,0.00577827
10,455,4,No,-0.00106493,-6.79117,0.00112359
10,456,4,Yes,-4.56461,-0.0104086,0.989587
10,457,4,No,-0.00179237,-6.29257,0.00184988
10,458,4,No,-0.000175849,-8.35388,0.000235466
10,459,4,Yes,-3.31224,-0.0370539,0.963568
10,460,4,No,-0.629568,-0.760919,0.467209
10,461,4,Yes,-3.27039,-0.0386706,0.962011
10,462,4,No,-0.119887,-2.18002,0.113032
10,463,4,No,-0.00371083,-5.58241,0.00376324
10,464,4,No,-0.00036437,-7.76587,0.000423937
10,465,4,No,-0.00377155,-5.56647,0.00382375
10,466,4,No,-0.000258777,-8.05388,0.000317846
10,467,4,No,-0.017855,-4.03102,0.0177551
10,468,4,Yes,-3.22096,-0.0406739,0.960085
10,469,4,No,-0.00637233,-5.04976,0.0064105
10,470,4,No,-0.377848,-1.15606,0.314705
10,471,4,No,-0.113905,-2.22826,0.10771
10,472,4,No,-0.00034994,-7.80159,0.000409059
10,473,4,No,-0.000850682,-7.0022,0.000909827
10,474,4,No,-0.00533415,-5.22515,0.00537924
10,475,4,Yes,-3.35933,-0.0353161,0.965244
10,476,4,No,-1.04899,-0.431141,0.649729
10,477,4,Yes,-2.4561,-0.0896078,0.914236
10,478,4,Yes,-4.5513,-0.0105497,0.989447
10,479,4,No,-0.00192709,-6.22234,0.00198447
10,480,4,No,-0.000662546,-7.23378,0.000721741
10,481,4,No,-0.00332694,-5.68967,0.00338051
10,482,4,No,-0.00234473,-6.03151,0.00240172
10,483,4,No,-0.00121978,-6.66231,0.00127812
10,484,4,Yes,-3.30676,-0.037261,0.963367
10,485,4,Yes,-3.7031,-0.0248947,0.975355
10,486,4,Yes,-2.54079,-0.0820191,0.9212
10,487,4,Yes,-3.88553,-0.0206907,0.979464
10,488,4,No,-1.44339,-0.269276,0.763887
10,489,4,No,-0.0708246,-2.68189,0.0684298
10,490,4,No,-0.0121118,-4.41465,0.0120981
10,491,4,Yes,-3.53576,-0.0295082,0.970865
10,492,4,No,-0.00819557,-4.80095,0.00822147
10,493,4,Yes,-3.54754,-0.0291574,0.971206
10,494,4,Yes,-3.7444,-0.0238738,0.976351
10,495,4,Yes,-2.20376,-0.116904,0.889619
10,496,4,Yes,-1.44876,-0.267622,0.765152
10,497,4,Yes,-0.337903,-1.24899,0.286778
10,498,4,Yes,-4.53558,-0.0107186,0.98928
10,499,4,Yes,-3.28501,-0.0380974,0.962562
10,500,4,Yes,-3.51746,-0.0300629,0.970327
10,501,4,Yes,-0.0700283,-2.69279,0.0676877
10,502,4,Yes,-0.253108,-1.49756,0.223661
10,503,4,No,-0.891897,-0.527325,0.590147
10,504,4,Yes,-3.98251,-0.0187538,0.981362
10,505,4,Yes,-2.59422,-0.0775774,0.9253
10,506,4,Yes,-2.00286,-0.144898,0.86506
10,507,4,No,-2.02288,-0.141812,0.867733
10,508,4,Yes,-3.91675,-0.0200458,0.980095
10,509,4,Yes,-4.21498,-0.0148222,0.985228
10,510,4,No,-0.0736033,-2.6448,0.0710153
10,511,4,No,-2.54342,-0.0817935,0.921408
10,512,4,Yes,-4.1908,-0.0151901,0.984867
10,513,4,No,-0.00480499,-5.3282,0.00485252
10,514,4,Yes,-1.94035,-0.155011,0.856355
10,515,4,No,-0.561544,-0.844596,0.429706
10,516,4,Yes,-2.71424,-0.0684892,0.933748
10,517,4,No,-0.909885,-0.515021,0.597453
10,518,4,No,-1.4212,-0.276235,0.75859
10,519,4,Yes,-3.62515,-0.0269464,0.973356
10,520,4,Yes,-4.05494,-0.0174278,0.982665
10,521,4,No,-0.444592,-1.02451,0.358952
10,522,4,Yes,-1.45553,-0.265552,0.766738
10,523,4,No,-0.643501,-0.745263,0.474581
10,524,4,No,-2.60462,-0.0767419,0.926073
10,525,4,No,-0.00140038,-6.52995,0.00145898
10,526,4,Yes,-4.24823,-0.014332,0.985711
10,527,4,Yes,-2.3919,-0.0958473,0.908549
10,528,4,No,-0.18513,-1.77748,0.169053
10,529,4,No,-0.00104589,-6.80802,0.00110482
10,530,4,Yes,-3.34296,-0.0359097,0.96467
10,531,4,No,-0.427561,-1.05566,0.347941
10,532,4,No,-1.82857,-0.175049,0.839366
10,533,4,No,-0.00012947,-8.57298,0.000189136
10,534,4,No,-6.04409e-05,-9.02916,0.000119856
10,535,4,No,-6.23484e-05,-9.01406,0.000121679
10,536,4,No,-6.56269e-05,-8.98964,0.000124687
10,537,4,No,-0.0340059,-3.3964,0.0334916
10,538,4,No,-0.0100046,-4.60373,0.0100138
10,539,4,Yes,-3.32165,-0.0366989,0.963909
10,540,4,Yes,-0.144806,-2.00345,0.134861
10,541,4,No,-0.124019,-2.14818,0.116689
10,542,4,No,-0.000338194,-7.83055,0.000397384
10,543,4,No,-0.0617237,-2.81481,0.0599128
10,544,4,Yes,-3.14539,-0.043942,0.956952
10,545,4,No,-0.000133046,-8.55659,0.000192263
10,546,4,No,-0.000268972,-8.0209,0.000328504
10,547,4,Yes,-2.89288,-0.0569483,0.944587
10,548,4,Yes,-2.76296,-0.0651211,0.936899
10,549,4,Yes,-3.3626,-0.035198,0.965357
10,550,4,No,-0.000223244,-8.17029,0.00028292
10,551,4,No,-0.00322815,-5.71919,0.00328218
10,552,4,No,-0.70686,-0.679503,0.506839
10,553,4,No,-0.000354889,-7.78864,0.000414389
10,554,4,No,-1.22475,-0.347819,0.706185
10,555,4,Yes,-0.219557,-1.62361,0.197173
10,556,4,Yes,-1.51404,-0.248411,0.779993
10,557,4,No,-0.0262038,-3.65263,0.0259214
10,558,4,No,-0.00946541,-4.65851,0.00947997
10,559,4,Yes,-2.98381,-0.0518625,0.949403
10,560,4,No,-0.00230488,-6.04836,0.0023616
10,561,4,Yes,-2.56053,-0.0803477,0.922741
10,562,4,Yes,-2.75485,-0.0656696,0.936385
10,563,4,Yes,-4.46741,-0.0114834,0.988524
10,564,4,Yes,-5.10407,-0.00603047,0.993928
10,565,4,Yes,-3.18129,-0.042357,0.95847
10,566,4,No,-0.228347,-1.5886,0.204199
10,567,4,Yes,-0.656969,-0.730561,0.48161
10,568,4,Yes,-0.1138,-2.22912,0.107617
10,569,4,Yes,-0.760119,-0.630271,0.532416
10,570,4,Yes,-0.676303,-0.71016,0.491536
10,571,4,Yes,-2.16326,-0.122044,0.885057
10,572,4,Yes,-3.30245,-0.0374253,0.963209
10,573,4,No,-0.430542,-1.0501,0.349882
10,574,4,No,-0.000185268,-8.3162,0.000244509
10,575,4,Yes,-5.13111,-0.00586738,0.99409
10,576,4,Yes,-0.756857,-0.633144,0.530889
10,577,4,No,-0.0441349,-3.14112,0.0432319
10,578,4,Yes,-3.45396,-0.0320696,0.968382
10,579,4,No,-0.195487,-1.72808,0.177615
10,580,4,No,-0.00953395,-4.65136,0.00954808
10,581,4,No,-0.00296681,-5.80189,0.00302165
10,582,4,No,-0.0120401,-4.42056,0.0120267
10,583,4,Yes,-2.60826,-0.0764529,0.926342
10,584,4,Yes,-4.41904,-0.0120587,0.987955
10,585,4,Yes,-1.6095,-0.223055,0.800023
10,586,4,No,-0.02407,-3.73631,0.0238406
10,587,4,No,-0.0816214,-2.54544,0.0784341
10,588,4,No,-0.0204119,-3.89887,0.0202636
10,589,4,No,-0.00906655,-4.70111,0.00908466
10,590,4,Yes,-4.32782,-0.0132242,0.986804
10,591,4,No,-0.0344875,-3.38258,0.0339576
10,592,4,No,-0.0161726,-4.12885,0.0161005
10,593,4,Yes,-0.0443587,-3.13617,0.0434465
10,594,4,No,-3.28575,-0.0380686,0.96259
10,595,4,No,-0.732742,-0.654948,0.519439
10,596,4,Yes,-1.15578,-0.377975,0.685207
10,597,4,Yes,-4.66523,-0.00940205,0.990584
10,598,4,Yes,-0.346845,-1.22709,0.293127
10,599,4,Yes,-1.51557,-0.24798,0.78033
10,600,4,Yes,-0.388123,-1.13404,0.321711
10,601,4,Yes,-0.546992,-0.864241,0.421346
10,602,4,No,-0.256577,-1.48561,0.22635
10,603,4,Yes,-4.2105,-0.0148907,0.985162
10,604,4,No,-0.872068,-0.541332,0.581938
10,605,4,No,-0.00213045,-6.12491,0.00218756
10,606,4,No,-0.000454768,-7.57297,0.00051413
10,607,4,No,-0.0119772,-4.42571,0.011965
10,608,4,Yes,-0.753075,-0.636497,0.529112
10,609,4,No,-0.000472419,-7.53896,0.000531921
10,610,4,No,-0.0814819,-2.54709,0.078305
10,611,4,Yes,-1.84269,-0.172371,0.841618
10,612,4,Yes,-1.00951,-0.453088,0.635625
10,613,4,Yes,-2.03671,-0.13972,0.869551
10,614,4,Yes,-4.70258,-0.00905338,0.990929
10,615,4,No,-1.90023,-0.161901,0.850475
10,616,4,Yes,-1.74428,-0.192022,0.82524
10,617,4,Yes,-4.89528,-0.00745037,0.992519
10,618,4,Yes,-1.76544,-0.187598,0.828899
10,619,4,Yes,-3.16956,-0.0428684,0.957981
10,620,4,Yes,-4.40833,-0.0121905,0.987825
10,621,4,No,-0.126489,-2.12968,0.118868
10,622,4,Yes,-3.6867,-0.0253126,0.974947
10,623,4,Yes,-0.684659,-0.70159,0.495767
10,624,4,Yes,-3.16043,-0.0432711,0.957595
10,625,4,Yes,-2.03134,-0.140529,0.868848
10,626,4,Yes,-5.15931,-0.00570257,0.994255
10,627,4,No,-0.000163867,-8.40711,0.00022326
10,628,4,Yes,-3.4123,-0.0334593,0.967037
10,629,4,Yes,-2.13902,-0.125236,0.882237
10,630,4,Yes,-0.704401,-0.681902,0.505624
10,631,4,Yes,-2.92807,-0.0549225,0.946503
10,632,4,Yes,-1.60169,-0.225016,0.798456
10,633,4,Yes,-0.75993,-0.630437,0.532328
10,634,4,Yes,-2.19676,-0.117774,0.888844
10,635,4,No,-0.00456767,-5.37791,0.0046172
10,636,4,No,-0.383491,-1.14388,0.318562
10,637,4,Yes,-2.45746,-0.0894799,0.914353
10,638,4,Yes,-2.58169,-0.078596,0.924358
10,639,4,Yes,-0.352092,-1.21455,0.296826
10,640,4,No,-0.000494662,-7.49841,0.000553933
10,641,4,No,-0.284034,-1.39708,0.247304
10,642,4,No,-0.289226,-1.38144,0.251202
10,643,4,Yes,-3.58593,-0.0280408,0.972291
10,644,4,Yes,-3.46792,-0.0316167,0.96882
10,645,4,Yes,-2.22692,-0.114066,0.892146
10,646,4,Yes,-1.74489,-0.191893,0.825347
10,647,4,Yes,-0.476209,-0.970415,0.378903
10,648,4,No,-0.00091881,-6.93021,0.000977736
10,649,4,No,-1.80355,-0.179909,0.835297
10,650,4,No,-0.221745,-1.61476,0.198928
10,651,4,Yes,-2.97944,-0.0520952,0.949182
10,652,4,No,-1.05062,-0.430264,0.650299
10,653,4,No,-0.000332947,-7.84288,0.000392512
10,654,4,Yes,-0.816219,-0.583469,0.557926
10,655,4,Yes,-3.9737,-0.0189224,0.981197
10,656,4,No,-2.47559,-0.0877984,0.915891
10,657,4,Yes,-0.932562,-0.500027,0.606479
10,658,4,Yes,-4.51785,-0.0109127,0.989088
10,659,4,Yes,-0.803145,-0.593952,0.552108
10,660,4,Yes,-4.1459,-0.0158951,0.984172
10,661,4,No,-1.3629,-0.295525,0.744097
10,662,4,Yes,-2.53238,-0.0827411,0.920535
10,663,4,No,-0.0558392,-2.91197,0.0543654
10,664,4,No,-0.00127259,-6.62154,0.0013313
10,665,4,No,-0.000150573,-8.46879,0.000209907
10,666,4,Yes,-3.99124,-0.0185893,0.981524
10,667,4,Yes,-2.38027,-0.0970248,0.90748
10,668,4,Yes,-4.04501,-0.0176049,0.982492
10,669,4,Yes,-2.82625,-0.0609988,0.940769
10,670,4,Yes,-1.363,-0.295491,0.744122
10,671,4,No,-0.00494916,-5.29906,0.00499601
10,672,4,No,-0.00478636,-5.33199,0.00483415
10,673,4,No,-0.000328833,-7.85502,0.000387777
10,674,4,No,-0.000286441,-7.96956,0.000345812
10,675,4,No,-0.000113017,-8.66523,0.00017247
10,676,4,No,-8.6192e-05,-8.83481,0.000145568
10,677,4,Yes,-2.43637,-0.0914778,0.912528
10,678,4,No,-0.00804973,-4.81877,0.0080762
10,679,4,No,-2.70171,-0.0693842,0.932913
10,680,4,No,-0.00154913,-6.4332,0.0016072
10,681,4,No,-0.000861778,-6.98995,0.000921035
10,682,4,No,-0.0368253,-3.3183,0.0362121
10,683,4,Yes,-1.34354,-0.302269,0.739095
10,684,4,No,-0.749869,-0.63936,0.527599
10,685,4,No,-0.2076,-1.67383,0.187516
10,686,4,No,-0.00427784,-5.44264,0.0043278
10,687,4,No,-0.000824434,-7.03155,0.000883508
10,688,4,No,-0.000244945,-8.09779,0.000304194
10,689,4,Yes,-4.8455,-0.00783513,0.992137
10,690,4,No,-0.0616773,-2.81553,0.0598694
10,691,4,Yes,-1.63675,-0.216358,0.8054
10,692,4,No,-0.000183003,-8.32454,0.000242478
10,693,4,No,-0.00204307,-6.16556,0.00210043
10,694,4,No,-0.00749721,-4.88897,0.00752872
10,695,4,No,-0.00036276,-7.77038,0.000422027
10,696,4,Yes,-1.06367,-0.423317,0.654833
10,697,4,No,-0.00124389,-6.6436,0.00130225
10,698,4,No,-0.000204703,-8.24004,0.000263859
10,699,4,No,-0.00509515,-5.27031,0.0051417
10,700,4,No,-0.00165373,-6.37032,0.00171152
10,701,4,Yes,-2.45755,-0.0894717,0.91436
10,702,4,Yes,-2.12296,-0.127399,0.88033
10,703,4,No,-0.0838178,-2.51999,0.0804557
10,704,4,No,-0.0203599,-3.90143,0.0202118
10,705,4,No,-0.0320685,-3.45398,0.0316177
10,706,4,No,-0.744712,-0.644,0.525157
10,707,4,No,-0.00064853,-7.25332,0.000707781
10,708,4,No,-0.00039472,-7.69844,0.000453508
10,709,4,Yes,-4.93508,-0.00715629,0.992811
10,710,4,Yes,-1.07979,-0.414922,0.660353
10,711,4,No,-0.00382558,-5.55255,0.00387732
10,712,4,No,-0.00646327,-5.03566,0.00650149
10,713,4,No,-0.322007,-1.28966,0.275349
10,714,4,Yes,-2.87741,-0.0578635,0.943723
10,715,4,Yes,-2.1007,-0.130463,0.877636
10,716,4,Yes,-2.53553,-0.082469,0.920785
10,717,4,No,-0.000257644,-8.05637,0.000317057
10,718,4,No,-0.000879078,-6.97107,0.000938594
10,719,4,No,-0.000361568,-7.77321,0.000420833
10,720,4,No,-0.000933248,-6.91528,0.000992449
10,721,4,No,-0.00171594,-6.33428,0.00177432
10,722,4,No,-0.00132297,-6.5842,0.00138195
10,723,4,No,-0.611771,-0.781608,0.457643
10,724,4,No,-0.000880689,-6.96958,0.000939994
10,725,4,No,-0.204508,-1.68734,0.185001
10,726,4,No,-1.50797,-0.250129,0.778654
10,727,4,Yes,-4.71209,-0.00896701,0.991015
10,728,4,Yes,-4.84577,-0.00783333,0.992139
10,729,4,No,-0.00395567,-5.51962,0.00400715
10,730,4,Yes,-4.926,-0.00722245,0.992745
10,731,4,Yes,-2.41595,-0.093458,0.910722
10,732,4,Yes,-3.68024,-0.0254793,0.974784
10,733,4,Yes,-4.40073,-0.0122841,0.987732
10,734,4,Yes,-1.06956,-0.420223,0.656862
10,735,4,No,-0.00799061,-4.82603,0.00801785
10,736,4,Yes,-0.862486,-0.548274,0.577913
10,737,4,No,-0.247463,-1.51741,0.219267
10,738,4,Yes,-0.404613,-1.10014,0.332804
10,739,4,No,-0.0015194,-6.45193,0.00157737
10,740,4,No,-0.986911,-0.466278,0.627296
10,741,4,Yes,-1.73423,-0.194163,0.823475
10,742,4,Yes,-3.11771,-0.0452061,0.955744
10,743,4,Yes,-2.70175,-0.0693817,0.932916
10,744,4,No,-0.291103,-1.37587,0.252606
10,745,4,Yes,-1.98632,-0.147504,0.862809
10,746,4,Yes,-1.22432,-0.347997,0.706059
10,747,4,Yes,-2.10221,-0.130254,0.877821
10,748,4,Yes,-0.205124,-1.68463,0.185502
10,749,4,No,-0.00165397,-6.37011,0.00171187
10,750,4,Yes,-3.86053,-0.0212207,0.978944
10,751,4,Yes,-3.84709,-0.0215125,0.97866
10,752,4,No,-0.190146,-1.75319,0.173211
10,753,4,No,-0.473774,-0.97442,0.377389
10,754,4,Yes,-3.20412,-0.041379,0.959408
10,755,4,Yes,-4.36996,-0.0126728,0.987349
10,756,4,Yes,-4.57041,-0.010348,0.989647
10,757,4,Yes,-4.05862,-0.0173639,0.982728
10,758,4,Yes,-3.31862,-0.0368123,0.963799
10,759,4,No,-0.000632367,-7.27657,0.000691511
10,760,4,No,-1.80243,-0.180131,0.835112
10,761,4,No,-0.00409379,-5.4858,0.00414496
10,762,4,No,-0.272836,-1.43196,0.238827
10,763,4,Yes,-3.73032,-0.0242165,0.976016
10,764,4,Yes,-4.921,-0.00725859,0.992709
10,765,4,No,-0.00244499,-5.99099,0.00250104
10,766,4,Yes,-4.52898,-0.0107898,0.989209
10,767,4,Yes,-2.36638,-0.0984526,0.906185
10,768,4,Yes,-4.11023,-0.0164796,0.983597
10,769,4,Yes,-3.15224,-0.0436351,0.957246
10,770,4,Yes,-0.358678,-1.19912,0.301442
10,771,4,No,-1.00117,-0.457903,0.632572
10,772,4,Yes,-3.62407,-0.0269752,0.973328
10,773,4,No,-0.0113527,-4.47869,0.0113476
10,774,4,Yes,-4.36693,-0.0127118,0.987311
10,775,4,No,-0.0166819,-4.09817,0.0166021
10,776,4,Yes,-1.77464,-0.18571,0.830466
10,777,4,No,-0.220382,-1.62026,0.197835
10,778,4,No,-1.30546,-0.316064,0.728969
10,779,4,Yes,-3.83954,-0.0216773,0.978498
10,780,4,Yes,-3.12827,-0.0447199,0.956209
10,781,4,Yes,-4.56855,-0.0103674,0.989628
10,782,4,No,-1.76407,-0.187881,0.828664
10,783,4,No,-0.0215101,-3.84717,0.0213387
10,784,4,No,-0.000155282,-8.44476,0.000215012
10,785,4,No,-0.631783,-0.758399,0.468388
10,786,4,No,-0.000621154,-7.2929,0.000680314
10,787,4,No,-0.00352867,-5.63188,0.00358163
10,788,4,No,-0.00923377,-4.68305,0.00925022
10,789,4,No,-0.00715317,-4.93553,0.00718622
10,790,4,Yes,-3.36998,-0.0349339,0.965612
10,791,4,No,-0.0888607,-2.46409,0.0850814
10,792,4,No,-0.164247,-1.88699,0.151518
10,793,4,No,-0.0256895,-3.67214,0.0254204
10,794,4,No,-0.0145787,-4.23138,0.0145315
10,795,4,No,-0.163168,-1.89306,0.150602
10,796,4,Yes,-0.958048,-0.48383,0.616381
10,797,4,Yes,-0.839248,-0.565593,0.56799
10,798,4,No,-2.56543,-0.0799391,0.923119
10,799,4,No,-2.93639,-0.0544529,0.946946
10,800,4,Yes,-2.09683,-0.131004,0.877162
10,801,4,No,-0.00072434,-7.15171,0.000783473
10,802,4,Yes,-4.86027,-0.00771919,0.992252
10,803,4,No,-1.05979,-0.425365,0.653493
10,804,4,No,-0.0974422,-2.37619,0.0928988
10,805,4,Yes,-0.333245,-1.26067,0.283447
10,806,4,No,-0.00266454,-5.90677,0.0027208
10,807,4,Yes,-3.59723,-0.027721,0.972602
10,808,4,No,-0.00154883,-6.43346,0.00160679
10,809,4,Yes,-3.96924,-0.019008,0.981113
10,810,4,Yes,-0.178672,-1.80985,0.163669
10,811,4,No,-0.495003,-0.940354,0.390467
10,812,4,No,-0.000716705,-7.16087,0.000776331
10,813,4,No,-0.750934,-0.638408,0.528102
10,814,4,No,-0.02295,-3.78327,0.0227467
10,815,4,No,-0.0975059,-2.37555,0.0929575
10,816,4,Yes,-2.81354,-0.0618043,0.940011
10,817,4,Yes,-3.28754,-0.0379996,0.962657
10,818,4,Yes,-1.33606,-0.304926,0.737135
10,819,4,No,-0.0387729,-3.26779,0.0380881
10,820,4,Yes,-2.18678,-0.11903,0.887729
10,821,4,Yes,-3.25421,-0.0393146,0.961391
10,822,4,Yes,-4.26701,-0.0140624,0.985977
10,823,4,Yes,-2.95106,-0.053639,0.947719
10,824,4,Yes,-4.913,-0.00731791,0.99265
10,825,4,Yes,-1.26232,-0.332593,0.717019
10,826,4,Yes,-0.0164668,-4.11096,0.016391
10,827,4,No,-0.00238733,-6.01425,0.00244355
10,828,4,Yes,-3.36272,-0.035194,0.965361
10,829,4,Yes,-3.33109,-0.0363475,0.964248
10,830,4,No,-0.000157667,-8.43634,0.00021683
10,831,4,No,-1.97924,-0.148634,0.861834
10,832,4,Yes,-3.66317,-0.025925,0.974351
10,833,4,Yes,-4.73333,-0.00877626,0.991203
10,834,4,Yes,-2.09987,-0.13058,0.877535
10,835,4,Yes,-3.32049,-0.0367433,0.963867
10,836,4,Yes,-2.32353,-0.102995,0.902078
10,837,4,Yes,-3.02573,-0.0496771,0.95148
10,838,4,Yes,-2.75587,-0.0656001,0.93645
10,839,4,No,-0.000215852,-8.19893,0.000274932
10,840,4,Yes,-0.698631,-0.687577,0.502763
10,841,4,No,-1.14975,-0.380758,0.683303
10,842,4,No,-0.00010944,-8.68527,0.000169048
10,843,4,Yes,-4.19767,-0.0150843,0.98497
10,844,4,Yes,-1.79695,-0.181217,0.834206
10,845,4,No,-0.00493107,-5.30272,0.00497775
10,846,4,Yes,-0.16289,-1.89463,0.150365
10,847,4,No,-0.00111964,-6.74324,0.00117875
10,848,4,No,-0.00180025,-6.28811,0.00185815
10,849,4,Yes,-2.79124,-0.0632442,0.938659
10,850,4,No,-0.000316432,-7.88713,0.000375522
10,851,4,Yes,-3.60341,-0.0275478,0.972771
10,852,4,No,-0.169108,-1.8602,0.155632
10,853,4,Yes,-0.448344,-1.01784,0.361353
10,854,4,Yes,-4.68709,-0.00919588,0.990787
10,855,4,No,-0.484027,-0.957733,0.383739
10,856,4,No,-0.051617,-2.98841,0.0503643
10,857,4,No,-0.155368,-1.93822,0.143951
10,858,4,No,-0.164474,-1.88572,0.151711
10,859,4,Yes,-0.673768,-0.71279,0.490246
10,860,4,No,-0.443087,-1.0272,0.357987
10,861,4,Yes,-3.54413,-0.0292579,0.971108
10,862,4,No,-0.0605933,-2.8327,0.0588501
10,863,4,No,-0.00293937,-5.81089,0.00299457
10,864,4,Yes,-3.85871,-0.0212602,0.978906
10,865,4,No,-0.00152931,-6.44533,0.00158782
10,866,4,No,-0.00104345,-6.81053,0.00110204
10,867,4,No,-0.000937961,-6.91073,0.000996968
10,868,4,Yes,-1.01077,-0.452365,0.636084
10,869,4,Yes,-0.608655,-0.785313,0.45595
10,870,4,No,-0.00159295,-6.40608,0.00165139
10,871,4,No,-0.0123684,-4.39392,0.0123515
10,872,4,Yes,-3.15327,-0.0435895,0.95729
10,873,4,Yes,-2.94768,-0.0538249,0.947542
10,874,4,Yes,-2.56984,-0.0795721,0.923457
10,875,4,No,-0.150575,-1.96721,0.139838
10,876,4,Yes,-2.05751,-0.136637,0.872235
10,877,4,No,-0.0120746,-4.41776,0.0120605
10,878,4,Yes,-4.53352,-0.0107409,0.989258
10,879,4,Yes,-2.24796,-0.111552,0.894392
10,880,4,Yes,-4.86098,-0.00771271,0.992258
10,881,4,No,-0.0136804,-4.29423,0.0136463
10,882,4,Yes,-4.33452,-0.0131355,0.986893
10,883,4,Yes,-4.84905,-0.00780701,0.992165
10,884,4,Yes,-1.19315,-0.361265,0.696754
10,885,4,Yes,-2.4165,-0.0934041,0.910772
10,886,4,Yes,-5.05654,-0.00632836,0.993633
10,887,4,No,-0.910486,-0.514616,0.597695
10,888,4,Yes,-0.805243,-0.592254,0.553047
10,889,4,Yes,-0.341383,-1.24039,0.289255
10,890,4,Yes,-1.03937,-0.436368,0.646342
10,891,4,Yes,-4.19935,-0.0150594,0.984996
10,892,4,Yes,-4.81325,-0.00809504,0.991879
10,893,4,Yes,-4.4565,-0.0116116,0.988398
10,894,4,Yes,-4.23667,-0.0145011,0.985545
10,895,4,Yes,-3.97176,-0.0189602,0.981161
10,896,4,No,-0.000202021,-8.24929,0.00026143
10,897,4,No,-0.000363237,-7.76937,0.000422453
10,898,4,Yes,-3.27964,-0.0383077,0.96236
10,899,4,No,-0.000687955,-7.19876,0.000747468
10,900,4,No,-0.000463414,-7.55611,0.000522875
10,901,4,Yes,-4.64565,-0.00959003,0.990397
10,902,4,Yes,-1.28302,-0.324539,0.722818
10,903,4,No,-0.0739198,-2.64068,0.0713085
10,904,4,Yes,-4.33372,-0.0131458,0.986882
10,905,4,Yes,-4.54302,-0.0106387,0.989359
10,906,4,Yes,-4.28806,-0.0137666,0.986269
10,907,4,No,-0.0698438,-2.69533,0.0675162
10,908,4,No,-0.339613,-1.24475,0.287996
10,909,4,No,-0.407232,-1.09491,0.334549
10,910,4,Yes,-1.72106,-0.197011,0.821134
10,911,4,No,-0.000503309,-7.48387,0.000562045
10,912,4,Yes,-0.34349,-1.23523,0.290752
10,913,4,No,-0.150405,-1.96826,0.139692
10,914,4,No,-0.00331306,-5.69383,0.00336648
10,915,4,Yes,-3.56228,-0.0287235,0.971627
10,916,4,No,-0.0141952,-4.25773,0.0141536
10,917,4,Yes,-1.94656,-0.153975,0.857243
10,918,4,Yes,-3.34759,-0.035741,0.964833
10,919,4,Yes,-4.62347,-0.00980724,0.990182
10,920,4,Yes,-2.5776,-0.0789322,0.924048
10,921,4,No,-0.015679,-4.15941,0.0156158
10,922,4,No,-0.127014,-2.1258,0.119331
10,923,4,Yes,-3.84797,-0.0214935,0.978678
10,924,4,Yes,-4.26556,-0.0140836,0.985957
10,925,4,Yes,-0.341497,-1.24011,0.289336
10,926,4,Yes,-4.80422,-0.00816937,0.991805
10,927,4,Yes,-2.68484,-0.0706083,0.931772
10,928,4,No,-0.00131431,-6.591,0.00137259
10,929,4,No,-0.000449818,-7.58262,0.000509194
10,930,4,Yes,-2.24944,-0.111377,0.894548
10,931,4,No,-0.0558656,-2.91151,0.05439
10,932,4,No,-0.0394738,-3.25025,0.0387623
10,933,4,Yes,-2.59618,-0.0774196,0.925446
10,934,4,No,-0.00217722,-6.1041,0.00223356
10,935,4,No,-0.00447115,-5.39903,0.00452069
10,936,4,Yes,-3.26542,-0.0388676,0.961821
10,937,4,No,-0.00272143,-5.88638,0.00277685
10,938,4,No,-0.0192996,-3.95419,0.019173
10,939,4,No,-0.0020623,-6.15634,0.00211988
10,940,4,Yes,-3.31651,-0.0368922,0.963723
10,941,4,No,-0.0112044,-4.49169,0.011201
10,942,4,No,-0.0155792,-4.16576,0.015517
10,943,4,Yes,-5.06139,-0.00629711,0.993664
10,944,4,Yes,-0.32218,-1.2892,0.275475
10,945,4,No,-0.0572505,-2.88774,0.0556987
10,946,4,Yes,-2.01341,-0.143263,0.866475
10,947,4,Yes,-0.473001,-0.975697,0.376907
10,948,4,Yes,-3.91141,-0.0201548,0.979989
10,949,4,Yes,-4.54385,-0.0106293,0.989368
10,950,4,No,-0.00235991,-6.02548,0.00241625
10,951,4,Yes,-3.17198,-0.0427626,0.958082
10,952,4,Yes,-0.925831,-0.504418,0.603821
10,953,4,Yes,-1.53495,-0.242592,0.784546
10,954,4,Yes,-3.71082,-0.0247007,0.975544
10,955,4,Yes,-1.01281,-0.451201,0.636825
10,956,4,Yes,-3.9957,-0.0185061,0.981607
10,957,4,Yes,-3.26286,-0.0389688,0.961724
10,958,4,Yes,-3.98336,-0.0187383,0.981378
10,959,4,No,-0.017066,-4.0757,0.0169794
10,960,4,No,-0.00182969,-6.27264,0.00188713
10,961,4,Yes,-3.38636,-0.0343558,0.96617
10,962,4,No,-0.00264613,-5.91387,0.00270155
10,963,4,No,-0.0725849,-2.65821,0.0700691
10,964,4,No,-0.533788,-0.882664,0.413655
10,965,4,No,-0.00252589,-5.95919,0.00258185
10,966,4,No,-0.0167609,-4.09351,0.0166796
10,967,4,No,-0.0760613,-2.61319,0.0732959
10,968,4,No,-1.49218,-0.254665,0.775131
10,969,4,Yes,-1.45345,-0.266186,0.766252
10,970,4,Yes,-4.21885,-0.0147651,0.985285
10,971,4,Yes,-3.72187,-0.0244252,0.975813
10,972,4,No,-0.0417424,-3.19557,0.0409407
10,973,4,No,-0.172559,-1.84168,0.158542
10,974,4,Yes,-1.55859,-0.236195,0.78958
10,975,4,No,-0.430327,-1.0505,0.349742
10,976,4,No,-0.48252,-0.960158,0.38281
10,977,4,Yes,-1.10718,-0.401119,0.669531
10,978,4,Yes,-3.18357,-0.0422587,0.958565
10,979,4,Yes,-0.260452,-1.47248,0.229342
10,980,4,Yes,-0.458394,-1.00032,0.367739
10,981,4,Yes,-0.297545,-1.35705,0.257404
10,982,4,Yes,-0.292421,-1.37198,0.25359
10,983,4,Yes,-2.72494,-0.0677339,0.934454
10,984,4,No,-0.503135,-0.92779,0.395403
10,985,4,No,-1.07493,-0.417432,0.658698
10,986,4,Yes,-1.12086,-0.394439,0.674018
10,987,4,Yes,-0.974693,-0.473609,0.622714
10,988,4,Yes,-3.63191,-0.0267613,0.973536
10,989,4,Yes,-1.43616,-0.271521,0.762174
10,990,4,Yes,-0.727579,-0.659748,0.516951
10,991,4,Yes,-0.906075,-0.517596,0.595917
10,992,4,No,-0.609835,-0.783908,0.456591
10,993,4,Yes,-2.05166,-0.137496,0.871486
10,994,4,Yes,-1.52655,-0.244911,0.782728
10,995,4,Yes,-0.900539,-0.521367,0.593673
10,996,4,Yes,-3.29188,-0.0378314,0.962818
10,997,4,Yes,-2.57299,-0.0793121,0.923697
10,998,4,Yes,-4.20176,-0.0150223,0.985032
10,999,4,Yes,-4.28413,-0.0138216,0.986215
10,1000,4,Yes,-1.89294,-0.16319,0.84938
10,1001,4,Yes,-2.21946,-0.114972,0.891338
10,1002,4,Yes,-3.79613,-0.0226528,0.977544
10,1003,4,Yes,-4.39902,-0.0123059,0.987711
10,1004,4,Yes,-4.52238,-0.0108626,0.989137
10,1005,4,No,-0.602728,-0.792433,0.452715
10,1006,4,Yes,-0.991779,-0.463397,0.629106
10,1007,4,Yes,-2.48002,-0.087392,0.916264
10,1008,4,Yes,-1.44921,-0.267481,0.765259
10,1009,4,Yes,-4.56959,-0.0103565,0.989638
10,1010,4,Yes,-3.8453,-0.0215515,0.978621
10,1011,4,Yes,-4.50172,-0.0110917,0.988911
10,1012,4,Yes,-4.15304,-0.0157814,0.984284
10,1013,4,Yes,-2.59107,-0.0778315,0.925065
10,1014,4,Yes,-4.51963,-0.0108931,0.989108
10,1015,4,No,-0.0425189,-3.17756,0.0416847
10,1016,4,Yes,-1.92205,-0.158114,0.853702
10,1017,4,Yes,-2.53338,-0.0826549,0.920614
10,1018,4,Yes,-2.95023,-0.0536851,0.947675
10,1019,4,Yes,-4.16173,-0.015643,0.98442
10,1020,4,No,-0.000521557,-7.45072,0.000580987
10,1021,4,No,-0.00937864,-4.66771,0.00939322
10,1022,4,No,-0.0066504,-5.0075,0.0066872
10,1023,4,Yes,-4.42713,-0.011961,0.988052
10,1024,4,Yes,-2.86273,-0.0587459,0.942891
10,1025,4,Yes,-0.557656,-0.849779,0.427484
10,1026,4,Yes,-3.32676,-0.0365082,0.964093
10,1027,4,Yes,-1.58202,-0.230043,0.794453
10,1028,4,Yes,-1.77038,-0.186581,0.829742
10,1029,4,Yes,-2.29671,-0.105951,0.899416
10,1030,4,Yes,-2.219,-0.115027,0.891289
10,1031,4,Yes,-0.233362,-1.56929,0.20818
10,1032,4,No,-0.0132687,-4.32445,0.01324
10,1033,4,No,-0.0447953,-3.12661,0.0438638
10,1034,4,No,-1.7812,-0.184375,0.831574
10,1035,4,Yes,-1.91946,-0.158559,0.853323
10,1036,4,Yes,-3.16003,-0.0432889,0.957578
10,1037,4,Yes,-3.3598,-0.0352983,0.96526
10,1038,4,No,-0.00566451,-5.16581,0.00570809
10,1039,4,No,-0.176891,-1.819,0.162179
10,1040,4,No,-0.0284736,-3.57085,0.0281303
10,1041,4,Yes,-3.83333,-0.021814,0.978364
10,1042,4,Yes,-3.51549,-0.0301235,0.970269
10,1043,4,No,-0.473374,-0.975081,0.37714
10,1044,4,Yes,-2.6906,-0.070187,0.932164
10,1045,4,Yes,-1.34461,-0.301894,0.739374
10,1046,4,No,-0.00835189,-4.78229,0.00837628
10,1047,4,No,-0.0139624,-4.27408,0.013924
10,1048,4,No,-0.00039949,-7.68671,0.000458856
10,1049,4,No,-0.000255439,-8.06208,0.000315253
10,1050,4,No,-0.000144611,-8.49618,0.000204235
10,1051,4,No,-0.000375341,-7.74034,0.000434898
10,1052,4,No,-0.000168457,-8.38626,0.000227965
10,1053,4,No,-0.000387088,-7.71418,0.000446426
10,1054,4,No,-0.0242041,-3.73081,0.0239719
10,1055,4,No,-0.00233165,-6.03708,0.00238838
10,1056,4,No,-0.00209706,-6.14045,0.00215382
10,1057,4,No,-0.00124992,-6.63891,0.00130837
10,1058,4,No,-0.000221873,-8.17652,0.000281162
10,1059,4,No,-0.000175253,-8.35756,0.000234603
10,1060,4,No,-0.00164226,-6.37705,0.00170004
10,1061,4,Yes,-2.31275,-0.104171,0.901018
10,1062,4,Yes,-4.72178,-0.00887975,0.991101
10,1063,4,No,-3.85616,-0.0213152,0.978852
10,1064,4,Yes,-4.82717,-0.00798142,0.991991
10,1065,4,No,-1.988,-0.147236,0.86304
10,1066,4,No,-0.00022086,-8.17922,0.000280405
10,1067,4,No,-0.000153136,-8.45753,0.000212284
10,1068,4,No,-0.0530878,-2.96108,0.05176
10,1069,4,No,-0.00151869,-6.45202,0.00157723
10,1070,4,No,-0.000142167,-8.5089,0.000201653
10,1071,4,No,-6.34214e-05,-9.00691,0.000122553
10,1072,4,No,-0.016983,-4.08048,0.0168983
10,1073,4,No,-5.37648e-05,-9.08951,0.000112837
10,1074,4,No,-0.000451428,-7.57924,0.000510918
10,1075,4,No,-0.000179665,-8.33984,0.000238795
10,1076,4,No,-0.504834,-0.925197,0.39643
10,1077,4,No,-0.00548008,-5.19848,0.00552463
10,1078,4,No,-0.204737,-1.68633,0.185187
10,1079,4,No,-0.00116136,-6.70878,0.00122008
10,1080,4,No,-0.00218284,-6.10144,0.0022395
10,1081,4,No,-0.00365597,-5.59684,0.00370935
10,1082,4,Yes,-0.265999,-1.45406,0.233606
10,1083,4,No,-0.00346449,-5.64987,0.00351778
10,1084,4,Yes,-3.98338,-0.0187372,0.981378
10,1085,4,Yes,-4.71007,-0.00898529,0.990996
10,1086,4,Yes,-5.22057,-0.00535884,0.994596
10,1087,4,Yes,-0.105756,-2.29844,0.10041
10,1088,4,No,-0.136824,-2.05623,0.127928
10,1089,4,Yes,-0.757656,-0.632439,0.531263
10,1090,4,Yes,-1.11258,-0.398468,0.671308
10,1091,4,Yes,-4.09197,-0.016787,0.983295
10,1092,4,Yes,-2.89446,-0.0568561,0.944674
10,1093,4,No,-0.000465621,-7.55253,0.00052475
10,1094,4,No,-0.000961527,-6.88729,0.00102061
10,1095,4,No,-0.00411695,-5.48028,0.0041679
10,1096,4,No,-0.0483712,-3.05166,0.0472773
10,1097,4,No,-0.00566613,-5.16561,0.00570926
10,1098,4,No,-0.0131679,-4.33201,0.0131403
10,1099,4,Yes,-0.17081,-1.85101,0.157069
10,1100,4,No,-0.966976,-0.478314,0.619791
10,1101,4,Yes,-3.9082,-0.0202203,0.979925
10,1102,4,Yes,-4.49142,-0.011208,0.988796
10,1103,4,Yes,-3.846,-0.0215356,0.978636
10,1104,4,Yes,-0.788707,-0.60582,0.545595
10,1105,4,No,-0.521575,-0.900236,0.40645
10,1106,4,Yes,-0.475073,-0.972281,0.378197
10,1107,4,No,-0.85439,-0.554228,0.574482
10,1108,4,Yes,-3.92828,-0.0198128,0.980324
10,1109,4,Yes,-4.03309,-0.0178183,0.982281
10,1110,4,Yes,-4.88097,-0.00755859,0.992411
10,1111,4,Yes,-3.88304,-0.020743,0.979413
10,1112,4,Yes,-3.3995,-0.0338994,0.966612
10,1113,4,Yes,-2.79383,-0.0630745,0.938817
10,1114,4,Yes,-3.4548,-0.0320415,0.968408
10,1115,4,Yes,-1.9356,-0.155811,0.855671
10,1116,4,No,-0.0435411,-3.15434,0.0426642
10,1117,4,Yes,-2.83537,-0.0604277,0.941307
10,1118,4,Yes,-4.44183,-0.0117841,0.988226
10,1119,4,Yes,-2.41625,-0.0934283,0.91075
10,1120,4,Yes,-2.15608,-0.12298,0.884229
10,1121,4,Yes,-2.81256,-0.0618674,0.939953
10,1122,4,Yes,-4.36037,-0.0127962,0.987227
10,1123,4,Yes,-0.639408,-0.749816,0.472426
10,1124,4,Yes,-3.94211,-0.0195376,0.980594
10,1125,4,Yes,-2.34557,-0.100632,0.904213
10,1126,4,Yes,-3.55421,-0.0289598,0.971398
10,1127,4,No,-1.64291,-0.214874,0.806596
10,1128,4,No,-0.329748,-1.26957,0.280937
10,1129,4,No,-0.579212,-0.821619,0.439693
10,1130,4,No,-1.51038,-0.249444,0.779188
10,1131,4,Yes,-3.45566,-0.0320146,0.968435
10,1132,4,Yes,-1.5384,-0.241645,0.785289
10,1133,4,Yes,-3.91817,-0.0200174,0.980124
10,1134,4,Yes,-4.70189,-0.00906006,0.990923
10,1135,4,Yes,-3.97542,-0.0188899,0.98123
10,1136,4,Yes,-4.08741,-0.0168641,0.983218
10,1137,4,Yes,-4.19994,-0.0150499,0.985004
10,1138,4,Yes,-0.308996,-1.32473,0.265859
10,1139,4,No,-0.70811,-0.67829,0.507455
10,1140,4,Yes,-3.50577,-0.0304221,0.969978
10,1141,4,Yes,-2.98169,-0.0519749,0.949296
10,1142,4,Yes,-4.19495,-0.0151269,0.984929
10,1143,4,Yes,-5.04944,-0.00637395,0.993587
10,1144,4,Yes,-4.17786,-0.0153894,0.98467
10,1145,4,No,-0.565814,-0.838957,0.432136
10,1146,4,Yes,-2.44449,-0.090703,0.913235
10,1147,4,Yes,-3.69343,-0.0251403,0.975115
10,1148,4,Yes,-3.23835,-0.0399571,0.960774
10,1149,4,Yes,-3.2853,-0.0380865,0.962573
10,1150,4,Yes,-0.344521,-1.23272,0.291483
10,1151,4,Yes,-2.7697,-0.0646683,0.937323
10,1152,4,Yes,-2.39352,-0.0956847,0.908697
10,1153,4,No,-0.108628,-2.27307,0.102989
10,1154,4,No,-0.00141446,-6.52044,0.00147294
10,1155,4,No,-0.00921224,-4.68537,0.00922878
10,1156,4,No,-0.00395399,-5.52009,0.00400526
10,1157,4,No,-0.00208153,-6.1473,0.00213912
10,1158,4,No,-0.00676219,-4.99104,0.00679821
10,1159,4,No,-0.477259,-0.968699,0.379554
10,1160,4,Yes,-1.99188,-0.146622,0.863569
10,1161,4,Yes,-1.49258,-0.254548,0.775221
10,1162,4,No,-0.026077,-3.65741,0.0257977
10,1163,4,Yes,-1.98786,-0.147258,0.86302
10,1164,4,No,-0.0135795,-4.30156,0.0135466
10,1165,4,No,-0.111337,-2.24977,0.105417
10,1166,4,Yes,-2.20987,-0.116147,0.890292
10,1167,4,Yes,-1.96674,-0.150652,0.860096
10,1168,4,Yes,-3.17623,-0.0425767,0.95826
10,1169,4,Yes,-0.548983,-0.861515,0.422497
10,1170,4,Yes,-2.19194,-0.118379,0.888307
10,1171,4,No,-0.106818,-2.28898,0.101364
10,1172,4,Yes,-3.44553,-0.0323462,0.968114
10,1173,4,No,-0.315407,-1.30724,0.270551
10,1174,4,No,-0.658478,-0.72894,0.482392
10,1175,4,Yes,-2.81213,-0.0618951,0.939927
10,1176,4,No,-0.680198,-0.706147,0.493513
10,1177,4,Yes,-3.93854,-0.0196078,0.980525
10,1178,4,Yes,-2.37625,-0.0974365,0.907107
10,1179,4,No,-0.128958,-2.11157,0.121041
10,1180,4,Yes,-4.44428,-0.0117548,0.988255
10,1181,4,Yes,-0.948426,-0.489866,0.612673
10,1182,4,Yes,-3.55903,-0.0288183,0.971535
10,1183,4,No,-0.0130554,-4.34045,0.0130299
10,1184,4,Yes,-3.88516,-0.020698,0.979457
10,1185,4,No,-2.44251,-0.0908919,0.913062
10,1186,4,Yes,-2.16823,-0.121401,0.885626
10,1187,4,No,-0.243986,-1.52989,0.216548
10,1188,4,No,-0.142218,-2.02021,0.132619
10,1189,4,No,-0.0104835,-4.55748,0.0104878
10,1190,4,No,-0.000497107,-7.493,0.000556934
10,1191,4,No,-0.000498181,-7.49159,0.000557725
10,1192,4,No,-0.000325733,-7.86181,0.000385154
10,1193,4,No,-0.000234035,-8.13355,0.000293507
10,1194,4,No,-0.0105752,-4.54885,0.0105787
10,1195,4,No,-0.0256524,-3.67357,0.0253842
10,1196,4,No,-0.000534677,-7.4287,0.000593922
10,1197,4,No,-0.00112776,-6.73686,0.0011863
10,1198,4,No,-0.000437832,-7.60608,0.000497389
10,1199,4,No,-0.00160644,-6.39793,0.00166491
10,1200,4,No,-0.000276962,-7.99742,0.000336309
10,1201,4,No,-0.00028042,-7.98738,0.000339702
10,1202,4,Yes,-4.75898,-0.00855092,0.991426
10,1203,4,Yes,-4.75223,-0.00860977,0.991368
10,1204,4,Yes,-4.9839,-0.0068108,0.993153
10,1205,4,Yes,-4.6239,-0.00980285,0.990186
10,1206,4,No,-0.000164582,-8.40356,0.000224056
10,1207,4,No,-0.000682945,-7.20534,0.000742562
10,1208,4,No,-6.56865e-05,-8.98539,0.000125218
10,1209,4,No,-0.000879555,-6.97114,0.000938527
10,1210,4,No,-0.000229445,-8.14972,0.000288798
10,1211,4,No,-0.000168874,-8.38351,0.000228592
10,1212,4,No,-0.00182228,-6.27641,0.00188002
10,1213,4,No,-0.00421296,-5.45772,0.00426303
10,1214,4,No,-0.593104,-0.804192,0.447423
10,1215,4,No,-0.0155176,-4.16968,0.0154564
10,1216,4,No,-0.00198,-6.19597,0.0020375
10,1217,4,Yes,-1.01418,-0.450424,0.637321
10,1218,4,No,-0.191808,-1.74529,0.174584
10,1219,4,No,-0.589228,-0.808999,0.445277
10,1220,4,Yes,-0.537625,-0.877249,0.415901
10,1221,4,Yes,-4.71957,-0.00889899,0.991081
10,1222,4,Yes,-4.37327,-0.0126303,0.987391
10,1223,4,Yes,-3.01279,-0.0503418,0.950848
10,1224,4,No,-0.000333663,-7.84115,0.000393193
10,1225,4,No,-0.000425787,-7.63084,0.000485226
10,1226,4,No,-0.000246436,-8.09291,0.000305679
10,1227,4,No,-0.0110148,-4.50856,0.0110136
10,1228,4,No,-0.00383216,-5.55079,0.00388417
10,1229,4,No,-0.0040969,-5.48496,0.00414847
10,1230,4,No,-0.0191021,-3.96437,0.0189789
10,1231,4,No,-0.00352814,-5.63205,0.00358102
10,1232,4,No,-0.0814107,-2.54792,0.0782398
10,1233,4,No,-0.00490663,-5.30744,0.00495429
10,1234,4,Yes,-3.10358,-0.0458642,0.955114
10,1235,4,Yes,-3.27887,-0.0383373,0.962331
10,1236,4,Yes,-4.15031,-0.0158247,0.984241
10,1237,4,Yes,-2.16959,-0.121225,0.885782
10,1238,4,No,-0.0705346,-2.68584,0.0681602
10,1239,4,No,-0.0152269,-4.18833,0.0151706
10,1240,4,Yes,-3.58271,-0.0281336,0.972201
10,1241,4,Yes,-2.43564,-0.0915476,0.912464
10,1242,4,Yes,-4.85185,-0.00778491,0.992187
10,1243,4,Yes,-4.57473,-0.010302,0.989692
10,1244,4,No,-0.00190953,-6.23123,0.00196692
10,1245,4,Yes,-3.47684,-0.0313312,0.969097
10,1246,4,Yes,-4.20607,-0.0149572,0.985096
10,1247,4,No,-0.000488937,-7.50851,0.000548366
10,1248,4,No,-0.000918214,-6.93075,0.000977212
10,1249,4,No,-0.0755466,-2.61972,0.0728187
10,1250,4,No,-0.000483272,-7.51913,0.000542575
10,1251,4,Yes,-4.74119,-0.00870693,0.991272
10,1252,4,Yes,-4.16147,-0.0156469,0.984416
10,1253,4,No,-0.000704417,-7.17674,0.000764111
10,1254,4,No,-0.000339864,-7.82569,0.000399321
10,1255,4,No,-0.000621989,-7.29178,0.000681077
10,1256,4,Yes,-1.04742,-0.43199,0.649178
10,1257,4,Yes,-0.568489,-0.835452,0.433653
10,1258,4,Yes,-5.05657,-0.00632734,0.993633
10,1259,4,Yes,-4.31354,-0.0134158,0.986615
10,1260,4,No,-0.000211142,-8.21429,0.000270741
10,1261,4,Yes,-3.53258,-0.0296033,0.970772
10,1262,4,No,-0.00024429,-8.09973,0.000303603
10,1263,4,Yes,-5.0706,-0.00623809,0.993722
10,1264,4,No,-0.00203387,-6.16995,0.00209121
10,1265,4,Yes,-2.1594,-0.122547,0.884612
10,1266,4,No,-0.00301218,-5.78705,0.00306685
10,1267,4,Yes,-4.60061,-0.0100366,0.989955
10,1268,4,No,-0.000753985,-7.11469,0.000813023
10,1269,4,Yes,-4.37045,-0.0126658,0.987355
10,1270,4,No,-0.0436358,-3.15222,0.0427547
10,1271,4,No,-0.155515,-1.93735,0.144077
10,1272,4,No,-0.00848918,-4.76618,0.00851232
10,1273,4,Yes,-4.44755,-0.0117157,0.988294
10,1274,4,No,-0.00584855,-5.13433,0.00589067
10,1275,4,Yes,-4.22439,-0.0146826,0.985367
10,1276,4,No,-0.00508347,-5.27268,0.00512954
10,1277,4,No,-0.00401671,-5.50451,0.00406813
10,1278,4,No,-0.0888733,-2.46395,0.0850934
10,1279,4,No,-0.000134298,-8.54994,0.000193544
10,1280,4,No,-0.063862,-2.78183,0.0619217
10,1281,4,Yes,-4.88311,-0.00754195,0.992427
10,1282,4,No,-4.26939,-0.0140284,0.98601
10,1283,4,No,-0.000599147,-7.32547,0.000658514
10,1284,4,No,-0.000296994,-7.94016,0.000356127
10,1285,4,No,-0.356645,-1.20385,0.30002
10,1286,4,Yes,-5.174,-0.00561787,0.994338
10,1287,4,Yes,-3.39241,-0.034144,0.966375
10,1288,4,No,-0.000386432,-7.71455,0.000446258
10,1289,4,No,-0.000156892,-8.43779,0.000216515
10,1290,4,Yes,-4.85647,-0.0077479,0.992223
10,1291,4,No,-5.77586e-05,-9.04948,0.000117446
10,1292,4,No,-0.00025514,-8.06283,0.000315014
10,1293,4,No,-0.000300095,-7.93108,0.000359375
10,1294,4,No,-7.87408e-05,-8.88606,0.000138296
10,1295,4,Yes,-4.35768,-0.01283,0.987193
10,1296,4,Yes,-4.22534,-0.0146679,0.98538
10,1297,4,No,-0.000113971,-8.66061,0.000173268
10,1298,4,No,-0.000260625,-8.04592,0.000320387
10,1299,4,No,-0.000439025,-7.60423,0.000498309
10,1300,4,Yes,-4.10881,-0.0165027,0.983574
10,1301,4,No,-0.0723864,-2.66087,0.0698835
10,1302,4,No,-1.44355,-0.269225,0.763926
10,1303,4,No,-0.00141608,-6.51946,0.00147438
10,1304,4,No,-0.00214431,-6.11857,0.00220146
10,1305,4,No,-1.06775,-0.421169,0.65624
10,1306,4,Yes,-4.43641,-0.0118498,0.988162
10,1307,4,No,-0.00320405,-5.72641,0.00325856
10,1308,4,No,-0.00330499,-5.69615,0.00335866
10,1309,4,No,-0.00195026,-6.21059,0.00200793
10,1310,4,Yes,-3.74654,-0.023821,0.976402
10,1311,4,Yes,-3.03673,-0.0491183,0.952011
10,1312,4,Yes,-4.14582,-0.0158961,0.984171
10,1313,4,Yes,-3.64822,-0.0263209,0.973964
10,1314,4,Yes,-1.70713,-0.20007,0.818625
10,1315,4,No,-0.207687,-1.67345,0.187587
10,1316,4,Yes,-2.69449,-0.069905,0.932427
10,1317,4,No,-0.119505,-2.18303,0.112693
10,1318,4,No,-0.000603441,-7.31957,0.000662405
10,1319,4,No,-0.289694,-1.38005,0.251552
10,1320,4,Yes,-4.851,-0.00779103,0.99218
10,1321,4,No,-0.00111314,-6.74856,0.0011725
10,1322,4,Yes,-3.57195,-0.0284428,0.971901
10,1323,4,No,-0.885164,-0.532028,0.587378
10,1324,4,No,-0.0307146,-3.49636,0.0303058
10,1325,4,Yes,-3.35537,-0.035458,0.965106
10,1326,4,Yes,-3.69637,-0.0250648,0.975188
10,1327,4,Yes,-2.76968,-0.0646696,0.937321
10,1328,4,Yes,-5.31285,-0.00488004,0.995072
10,1329,4,No,-0.0148847,-4.21081,0.0148335
10,1330,4,No,-0.270925,-1.43807,0.237372
10,1331,4,Yes,-2.28586,-0.107169,0.89832
10,1332,4,Yes,-0.363793,-1.18737,0.305006
10,1333,4,Yes,-3.41417,-0.0333967,0.967098
10,1334,4,Yes,-2.33237,-0.102039,0.90294
10,1335,4,Yes,-2.38188,-0.096861,0.907629
10,1336,4,Yes,-2.27845,-0.108012,0.897564
10,1337,4,Yes,-3.7089,-0.0247486,0.975497
10,1338,4,Yes,-2.71538,-0.0684086,0.933824
10,1339,4,Yes,-3.66311,-0.0259258,0.974349
10,1340,4,Yes,-3.89081,-0.0205792,0.979572
10,1341,4,Yes,-3.62389,-0.0269797,0.973323
10,1342,4,Yes,-3.8863,-0.0206734,0.97948
10,1343,4,Yes,-5.25255,-0.00518789,0.994766
10,1344,4,Yes,-3.49807,-0.0306618,0.969746
10,1345,4,Yes,-2.3355,-0.101704,0.903244
10,1346,4,No,-0.0421056,-3.1871,0.0412889
10,1347,4,Yes,-4.88776,-0.00750664,0.992462
10,1348,4,Yes,-3.19375,-0.0418212,0.958984
10,1349,4,Yes,-1.99058,-0.146828,0.863391
10,1350,4,No,-4.09271,-0.0167744,0.983307
10,1351,4,Yes,-0.561946,-0.844062,0.429935
10,1352,4,Yes,-0.152354,-1.95633,0.141367
10,1353,4,Yes,-4.88346,-0.00753931,0.99243
10,1354,4,No,-0.718108,-0.66868,0.512354
10,1355,4,Yes,-4.46128,-0.0115549,0.988453
10,1356,4,Yes,-3.51492,-0.0301408,0.970252
10,1357,4,Yes,-2.93714,-0.0544117,0.946986
10,1358,4,No,-0.343326,-1.23563,0.290635
10,1359,4,Yes,-4.56464,-0.0104076,0.989587
10,1360,4,No,-0.344654,-1.2324,0.291576
10,1361,4,Yes,-0.869146,-0.543436,0.580715
10,1362,4,Yes,-0.813191,-0.585877,0.556585
10,1363,4,No,-0.969902,-0.476525,0.620902
10,1364,4,Yes,-1.02268,-0.445616,0.640392
10,1365,4,Yes,-0.899937,-0.521781,0.593428
10,1366,4,Yes,-3.15533,-0.0434978,0.957378
10,1367,4,Yes,-0.313836,-1.31148,0.269404
10,1368,4,Yes,-4.15004,-0.0158288,0.984237
10,1369,4,Yes,-2.47855,-0.0875271,0.91614
10,1370,4,Yes,-2.45905,-0.0893309,0.914489
10,0,5,No,-0.000217938,-8.19009,0.000277374
10,1,5,No,-0.000154805,-8.45082,0.000213713
10,2,5,No,-0.0378427,-3.29157,0.0371931
10,3,5,Yes,-2.66521,-0.0720607,0.93042
10,4,5,No,-0.0158908,-4.14618,0.0158238
10,5,5,Yes,-2.54763,-0.0814362,0.921737
10,6,5,No,-0.336004,-1.25373,0.285422
10,7,5,No,-0.0575536,-2.88261,0.0559848
10,8,5,No,-1.3283,-0.307705,0.735089
10,9,5,No,-0.0102377,-4.58099,0.0102441
10,10,5,No,-0.00108098,-6.77684,0.00113981
10,11,5,No,-0.00486536,-5.31589,0.00491262
10,12,5,No,-0.000889816,-6.96007,0.000948976
10,13,5,No,-0.0548345,-2.92962,0.0534142
10,14,5,Yes,-0.108948,-2.27029,0.103276
10,15,5,Yes,-1.17568,-0.368965,0.691409
10,16,5,No,-0.00157325,-6.41843,0.00163112
10,17,5,No,-0.00110616,-6.75499,0.00116498
10,18,5,Yes,-2.71711,-0.068285,0.933939
10,19,5,Yes,-2.60361,-0.0768232,0.925999
10,20,5,Yes,-1.73882,-0.193183,0.824283
10,21,5,Yes,-4.07178,-0.0171336,0.982954
10,22,5,Yes,-2.71224,-0.0686306,0.933616
10,23,5,Yes,-2.64867,-0.073308,0.929259
10,24,5,Yes,-2.65784,-0.0726137,0.929905
10,25,5,Yes,-3.02521,-0.0497031,0.951455
10,26,5,No,-0.113989,-2.22756,0.107785
10,27,5,No,-0.0166666,-4.09906,0.0165872
10,28,5,No,-0.899234,-0.522262,0.593143
10,29,5,Yes,-0.980092,-0.470352,0.624745
10,30,5,Yes,-4.27898,-0.0138943,0.986144
10,31,5,Yes,-2.25929,-0.110223,0.895581
10,32,5,No,-0.437744,-1.03686,0.354547
10,33,5,Yes,-1.18172,-0.366282,0.693267
10,34,5,Yes,-0.510739,-0.916273,0.399983
10,35,5,No,-1.04173,-0.435078,0.647176
10,36,5,Yes,-3.1314,-0.0445763,0.956346
10,37,5,Yes,-4.53341,-0.0107419,0.989257
10,38,5,Yes,-1.60764,-0.223521,0.799651
10,39,5,No,-0.001153,-6.71618,0.00121108
10,40,5,Yes,-3.07675,-0.0471428,0.953894
10,41,5,Yes,-2.49975,-0.0856083,0.9179
10,42,5,No,-1.4186e-05,-9.52491,7.30064e-05
10,43,5,Yes,-3.58372,-0.0281041,0.972229
10,44,5,Yes,-4.70126,-0.00906511,0.990917
10,45,5,No,-0.324335,-1.28355,0.277034
10,46,5,No,-1.34923,-0.300267,0.740576
10,47,5,Yes,-3.49993,-0.0306035,0.969802
10,48,5,Yes,-3.62806,-0.0268666,0.973434
10,49,5,No,-0.00734529,-4.90927,0.00737745
10,50,5,No,-0.00984787,-4.61934,0.00985871
10,51,5,No,-0.026652,-3.63593,0.0263579
10,52,5,No,-0.0102891,-4.57596,0.0102958
10,53,5,No,-0.00687945,-4.97395,0.00691537
10,54,5,Yes,-4.5647,-0.0104076,0.989588
10,55,5,Yes,-0.932789,-0.49988,0.606568
10,56,5,Yes,-1.56647,-0.234107,0.791231
10,57,5,Yes,-3.77312,-0.0231877,0.977021
10,58,5,Yes,-4.48385,-0.0112938,0.988711
10,59,5,No,-0.000128635,-8.5803,0.000187757
10,60,5,Yes,-2.0731,-0.134373,0.874212
10,61,5,Yes,-5.17976,-0.00558652,0.994371
10,62,5,Yes,-4.93645,-0.00714638,0.99282
10,63,5,Yes,-0.323324,-1.2862,0.276304
10,64,5,Yes,-2.91491,-0.0556709,0.945795
10,65,5,Yes,-2.93132,-0.0547391,0.946677
10,66,5,Yes,-1.40805,-0.280455,0.755395
10,67,5,Yes,-4.77339,-0.00842733,0.991549
10,68,5,No,-0.378386,-1.15489,0.315074
10,69,5,No,-0.0383648,-3.27816,0.0376954
10,70,5,Yes,-3.58684,-0.0280159,0.972316
10,71,5,No,-0.00185017,-6.262,0.00190731
10,72,5,Yes,-1.07737,-0.41617,0.659529
10,73,5,No,-2.64648e-05,-9.36551,8.56219e-05
10,74,5,Yes,-2.54891,-0.0813274,0.921838
10,75,5,No,-0.674376,-0.712157,0.490556
10,76,5,No,-0.0432852,-3.16012,0.0424182
10,77,5,No,-9.68622e-05,-8.76718,0.000155754
10,78,5,Yes,-4.95282,-0.00702927,0.992937
10,79,5,Yes,-3.9645,-0.0190992,0.981024
10,80,5,Yes,-0.208329,-1.67068,0.188108
10,81,5,Yes,-0.328093,-1.27381,0.279747
10,82,5,No,-3.54512,-0.029229,0.971137
10,83,5,Yes,-2.12813,-0.126699,0.880948
10,84,5,Yes,-2.41631,-0.0934225,0.910755
10,85,5,Yes,-3.46318,-0.0317699,0.968672
10,86,5,Yes,-4.3457,-0.0129863,0.987038
10,87,5,Yes,-4.43813,-0.0118283,0.988183
10,88,5,Yes,-2.39998,-0.0950366,0.909286
10,89,5,Yes,-2.35787,-0.0993369,0.905384
10,90,5,Yes,-2.9489,-0.0537573,0.947606
10,91,5,Yes,-2.63649,-0.0742421,0.928392
10,92,5,Yes,-0.726774,-0.660501,0.516562
10,93,5,Yes,-2.99699,-0.0511651,0.950066
10,94,5,Yes,-0.452004,-1.01141,0.363686
10,95,5,Yes,-4.93523,-0.00715503,0.992812
10,96,5,Yes,-3.57576,-0.0283321,0.972008
10,97,5,No,-0.133503,-2.07916,0.125027
10,98,5,Yes,-3.41703,-0.0332994,0.967192
10,99,5,No,-0.0290855,-3.54995,0.0287243
10,100,5,No,-0.271471,-1.43632,0.237787
10,101,5,Yes,-1.95625,-0.15237,0.85862
10,102,5,Yes,-2.41948,-0.0931124,0.911037
10,103,5,Yes,-1.22605,-0.347276,0.706569
10,104,5,No,-0.277495,-1.41725,0.242365
10,105,5,No,-0.727982,-0.659372,0.517146
10,106,5,No,-9.99024e-05,-8.74451,0.000159324
10,107,5,No,-0.0156115,-4.16373,0.0155486
10,108,5,No,-0.0126623,-4.37075,0.012641
10,109,5,No,-0.0211328,-3.86465,0.020969
10,110,5,Yes,-3.7498,-0.0237427,0.976479
10,111,5,No,-0.000990285,-6.85947,0.00104941
10,112,5,No,-0.00864693,-4.74796,0.00866881
10,113,5,No,-0.395153,-1.11938,0.326463
10,114,5,Yes,-2.92761,-0.0549491,0.946478
10,115,5,No,-6.92034e-05,-8.9633,0.000128016
10,116,5,No,-8.16021e-05,-8.86421,0.00014135
10,117,5,Yes,-4.8022,-0.00818554,0.991789
10,118,5,No,-0.409163,-1.09108,0.335833
10,119,5,No,-0.000112421,-8.66788,0.000172014
10,120,5,Yes,-5.0886,-0.00612612,0.993834
10,121,5,Yes,-4.7937,-0.00825663,0.991719
10,122,5,No,-0.00778244,-4.85209,0.00781156
10,123,5,Yes,-3.89019,-0.0205926,0.97956
10,124,5,No,-0.000462878,-7.55685,0.000522486
10,125,5,No,-0.257938,-1.48098,0.227402
10,126,5,Yes,-3.17826,-0.042489,0.958344
10,127,5,Yes,-3.77989,-0.0230296,0.977176
10,128,5,No,-0.174532,-1.83128,0.1602
10,129,5,No,-3.30215e-05,-9.28778,9.25432e-05
10,130,5,No,-7.15877e-05,-8.94138,0.000130853
10,131,5,No,-6.8965e-05,-8.95964,0.000128485
10,132,5,No,-0.000646562,-7.25634,0.000705645
10,133,5,Yes,-2.05486,-0.137024,0.871897
10,134,5,Yes,-4.01749,-0.0181016,0.982003
10,135,5,No,-0.000956814,-6.89251,0.0010153
10,136,5,Yes,-0.476538,-0.969876,0.379108
10,137,5,Yes,-1.52713,-0.24475,0.782854
10,138,5,Yes,-0.263016,-1.46391,0.231315
10,139,5,Yes,-2.73086,-0.0673202,0.934841
10,140,5,No,-0.331151,-1.26598,0.281945
10,141,5,Yes,-3.63715,-0.0266189,0.973674
10,142,5,No,-0.00247773,-5.97799,0.00253375
10,143,5,No,-3.60382,-0.0275361,0.972782
10,144,5,No,-3.09945e-06,-9.68684,6.20915e-05
10,145,5,Yes,-2.3223,-0.103129,0.901958
10,146,5,Yes,-1.98091,-0.148367,0.862064
10,147,5,Yes,-2.05286,-0.137319,0.87164
10,148,5,Yes,-0.260861,-1.47111,0.229657
10,149,5,Yes,-3.56487,-0.0286482,0.971701
10,150,5,Yes,-3.20298,-0.0414273,0.959362
10,151,5,Yes,-0.577466,-0.823849,0.438714
10,152,5,Yes,-1.90462,-0.161132,0.851129
10,153,5,Yes,-2.0194,-0.142342,0.867273
10,154,5,No,-2.87505,-0.058004,0.94359
10,155,5,Yes,-3.59865,-0.0276815,0.972641
10,156,5,Yes,-3.07289,-0.0473314,0.953716
10,157,5,Yes,-1.50257,-0.251667,0.777457
10,158,5,Yes,-1.97047,-0.150046,0.860617
10,159,5,Yes,-1.99228,-0.146559,0.863624
10,160,5,Yes,-3.05586,-0.0481641,0.952921
10,161,5,No,-2.53033,-0.0829196,0.920372
10,162,5,No,-0.536863,-0.878323,0.415455
10,163,5,Yes,-1.12101,-0.394367,0.674067
10,164,5,Yes,-4.40918,-0.0121799,0.987836
10,165,5,No,-0.401592,-1.10623,0.330786
10,166,5,Yes,-4.49761,-0.0111383,0.988865
10,167,5,Yes,-1.75588,-0.189584,0.827254
10,168,5,No,-0.091959,-2.43136,0.0879116
10,169,5,Yes,-2.0643,-0.135646,0.873101
10,170,5,Yes,-3.98256,-0.0187532,0.981363
10,171,5,Yes,-2.77263,-0.0644724,0.937507
10,172,5,No,-0.11008,-2.26052,0.10429
10,173,5,No,-0.00742377,-4.89874,0.00745555
10,174,5,Yes,-4.73033,-0.00880254,0.991177
10,175,5,Yes,-4.40134,-0.0122762,0.98774
10,176,5,No,-0.00207138,-6.15216,0.00212874
10,177,5,No,-0.0119193,-4.43053,0.0119075
10,178,5,Yes,-3.69735,-0.0250404,0.975212
10,179,5,No,-0.00932113,-4.67374,0.00933671
10,180,5,No,-0.0185641,-3.99257,0.0184512
10,181,5,No,-0.0513161,-2.99411,0.050078
10,182,5,Yes,-2.8993,-0.0565729,0.944942
10,183,5,No,-0.784694,-0.609175,0.543768
10,184,5,No,-1.13629,-0.387056,0.679013
10,185,5,Yes,-4.36572,-0.0127269,0.987295
10,186,5,Yes,-2.83124,-0.0606854,0.941064
10,187,5,Yes,-0.413156,-1.08323,0.338479
10,188,5,Yes,-2.48836,-0.086633,0.916959
10,189,5,Yes,-2.26946,-0.109043,0.896638
10,190,5,Yes,-1.75718,-0.189312,0.82748
10,191,5,Yes,-1.44221,-0.26964,0.76361
10,192,5,No,-0.000770926,-7.09419,0.000829865
10,193,5,No,-0.00674305,-4.99388,0.00677888
10,194,5,Yes,-2.03536,-0.139922,0.869375
10,195,5,No,-0.00017889,-8.34521,0.000237517
10,196,5,No,-0.000111944,-8.67194,0.000171316
10,197,5,No,-0.000152123,-8.46156,0.00021143
10,198,5,Yes,-0.232691,-1.57185,0.207648
10,199,5,No,-0.000343143,-7.81898,0.000402008
10,200,5,No,-0.990028,-0.46443,0.628456
10,201,5,No,-0.0100937,-4.5949,0.0101026
10,202,5,Yes,-4.96193,-0.00696468,0.993001
10,203,5,No,-0.000243693,-8.10272,0.000302697
10,204,5,Yes,-0.934639,-0.498681,0.607295
10,205,5,No,-8.13637e-05,-8.87055,0.000140457
10,206,5,Yes,-3.50617,-0.0304103,0.96999
10,207,5,Yes,-5.44137,-0.00428365,0.995667
10,208,5,Yes,-4.0378,-0.0177337,0.982365
10,209,5,Yes,-4.56261,-0.0104298,0.989566
10,210,5,Yes,-0.373156,-1.16635,0.311483
10,211,5,Yes,-2.90211,-0.0564096,0.945096
10,212,5,Yes,-0.158013,-1.92264,0.146212
10,213,5,No,-1.19209e-06,-9.7222,5.99347e-05
10,214,5,No,-0.00109261,-6.76654,0.0011516
10,215,5,Yes,-3.99312,-0.0185536,0.981559
10,216,5,Yes,-5.01843,-0.00657714,0.993385
10,217,5,No,-0.00613877,-5.08657,0.00617883
10,218,5,Yes,-3.48675,-0.0310173,0.969402
10,219,5,Yes,-3.10919,-0.0456023,0.955366
10,220,5,Yes,-4.08334,-0.0169336,0.98315
10,221,5,Yes,-1.19783,-0.359236,0.698168
10,222,5,No,-1.22576,-0.347396,0.706484
10,223,5,Yes,-4.72484,-0.00885173,0.991128
10,224,5,Yes,-2.7302,-0.0673665,0.934797
10,225,5,Yes,-0.43171,-1.04793,0.350641
10,226,5,No,-0.0292971,-3.54282,0.0289299
10,227,5,No,-0.579086,-0.82178,0.439623
10,228,5,Yes,-2.42276,-0.092792,0.911329
10,229,5,Yes,-5.24436,-0.00523199,0.994723
10,230,5,No,-0.000165119,-8.40061,0.000224716
10,231,5,Yes,-2.48627,-0.0868233,0.916785
10,232,5,Yes,-2.79119,-0.0632483,0.938655
10,233,5,Yes,-4.06743,-0.0172097,0.98288
10,234,5,No,-0.25926,-1.4765,0.228423
10,235,5,Yes,-3.1154,-0.0453127,0.955642
10,236,5,No,-9.73391e-05,-8.76258,0.000156471
10,237,5,No,-0.000119932,-8.6245,0.00017964
10,238,5,No,-0.0054105,-5.21108,0.00545545
10,239,5,No,-0.102832,-2.32504,0.0977742
10,240,5,Yes,-3.96085,-0.0191704,0.980954
10,241,5,No,-4.52996e-06,-9.6566,6.39982e-05
10,242,5,Yes,-0.297715,-1.35656,0.25753
10,243,5,Yes,-0.315279,-1.30758,0.270458
10,244,5,No,-0.00202037,-6.17667,0.00207722
10,245,5,No,-0.692413,-0.693764,0.499662
10,246,5,Yes,-3.35057,-0.0356328,0.964938
10,247,5,No,-0.37856,-1.15451,0.315194
10,248,5,Yes,-4.25239,-0.0142729,0.985771
10,249,5,No,-0.476524,-0.969901,0.379098
10,250,5,Yes,-2.96496,-0.0528774,0.94844
10,251,5,Yes,-1.40151,-0.282584,0.753789
10,252,5,Yes,-3.26895,-0.0387278,0.961956
10,253,5,No,-0.00131133,-6.59317,0.0013696
10,254,5,No,-0.0364875,-3.32731,0.0358872
10,255,5,No,-0.000298902,-7.93423,0.000358248
10,256,5,Yes,-1.39542,-0.284581,0.752286
10,257,5,Yes,-5.02649,-0.00652392,0.993439
10,258,5,Yes,-3.53129,-0.0296427,0.970735
10,259,5,Yes,-3.43591,-0.0326644,0.967806
10,260,5,No,-0.0197995,-3.92898,0.0196625
10,261,5,Yes,-0.619218,-0.772854,0.461666
10,262,5,Yes,-3.10176,-0.0459505,0.955033
10,263,5,Yes,-1.49259,-0.254547,0.775222
10,264,5,No,-0.000189918,-8.29636,0.000249408
10,265,5,Yes,-4.67474,-0.00931156,0.990673
10,266,5,No,-0.000302837,-7.92302,0.000362283
10,267,5,Yes,-3.9396,-0.0195868,0.980545
10,268,5,No,-0.00024262,-8.10436,0.0003022
10,269,5,Yes,-2.3023,-0.105327,0.899977
10,270,5,No,-0.0362176,-3.3346,0.0356266
10,271,5,Yes,-2.39129,-0.095908,0.908494
10,272,5,No,-0.995778,-0.461047,0.630586
10,273,5,No,-0.00340325,-5.66738,0.00345669
10,274,5,No,-0.00436931,-5.42176,0.00441908
10,275,5,No,-0.0035191,-5.6347,0.00357152
10,276,5,Yes,-1.51267,-0.248796,0.779693
10,277,5,No,-0.139554,-2.03781,0.130306
10,278,5,Yes,-4.47443,-0.0114019,0.988604
10,279,5,No,-0.0170208,-4.07833,0.0169348
10,280,5,No,-6.93822e-05,-8.96304,0.000128049
10,281,5,No,-0.00440691,-5.41345,0.00445598
10,282,5,No,-0.000396211,-7.6938,0.000455614
10,283,5,Yes,-4.21136,-0.014877,0.985175
10,284,5,Yes,-3.46347,-0.031761,0.968681
10,285,5,Yes,-3.47371,-0.0314319,0.969
10,286,5,No,-0.00165349,-6.37036,0.00171145
10,287,5,Yes,-3.62415,-0.0269731,0.97333
10,288,5,No,-1.48417e-05,-9.50366,7.45742e-05
10,289,5,No,-1.67532,-0.207257,0.812763
10,290,5,Yes,-0.532734,-0.88416,0.413037
10,291,5,Yes,-5.17671,-0.00560313,0.994354
10,292,5,No,-0.000803615,-7.05535,0.000862732
10,293,5,Yes,-4.20221,-0.0150151,0.985038
10,294,5,Yes,-4.75103,-0.00861987,0.991358
10,295,5,Yes,-4.64708,-0.00957601,0.990411
10,296,5,No,-0.10114,-2.34078,0.0962465
10,297,5,No,-0.00678457,-4.98766,0.00682123
10,298,5,No,-0.00189394,-6.2389,0.00195188
10,299,5,No,-0.116581,-2.20636,0.110095
10,300,5,Yes,-2.06748,-0.135185,0.873503
10,301,5,Yes,-2.29866,-0.105733,0.899612
10,302,5,Yes,-1.79184,-0.182234,0.833357
10,303,5,Yes,-0.613857,-0.779143,0.458772
10,304,5,Yes,-2.37308,-0.0977608,0.906812
10,305,5,Yes,-2.57473,-0.0791687,0.92383
10,306,5,Yes,-3.51738,-0.0300655,0.970325
10,307,5,Yes,-1.09546,-0.406958,0.665634
10,308,5,Yes,-1.05904,-0.425766,0.653231
10,309,5,No,-2.96705,-0.052763,0.948548
10,310,5,No,-0.0185162,-3.99511,0.0184043
10,311,5,No,-0.00305224,-5.77414,0.00310667
10,312,5,Yes,-2.24819,-0.111526,0.894416
10,313,5,No,-0.00697921,-4.95983,0.00701373
10,314,5,Yes,-4.36369,-0.0127524,0.987269
10,315,5,No,-5.37648e-05,-9.08569,0.000113269
10,316,5,No,-0.000184851,-8.31731,0.000244238
10,317,5,Yes,-4.43434,-0.011874,0.988138
10,318,5,Yes,-4.83813,-0.007894,0.992079
10,319,5,No,-0.0369973,-3.31372,0.0363785
10,320,5,No,-0.00295419,-5.806,0.00300928
10,321,5,No,-0.000126906,-8.58689,0.000186524
10,322,5,No,-9.83525e-05,-8.75374,0.00015786
10,323,5,No,-0.000249954,-8.08042,0.000309522
10,324,5,No,-3.87438e-05,-9.23263,9.77896e-05
10,325,5,No,-0.003598,-5.61282,0.00365054
10,326,5,No,-0.0285804,-3.56721,0.028233
10,327,5,Yes,-4.49131,-0.0112099,0.988795
10,328,5,Yes,-4.34676,-0.0129735,0.987052
10,329,5,Yes,-4.97093,-0.00690094,0.993064
10,330,5,No,-0.62785,-0.762882,0.466293
10,331,5,No,-0.0707077,-2.68348,0.0683212
10,332,5,No,-0.228165,-1.58931,0.204054
10,333,5,Yes,-1.01011,-0.452747,0.635842
10,334,5,Yes,-4.79573,-0.00823932,0.991736
10,335,5,Yes,-4.46589,-0.0115007,0.988506
10,336,5,Yes,-4.07375,-0.0170998,0.982988
10,337,5,Yes,-2.75238,-0.0658372,0.936228
10,338,5,Yes,-3.93182,-0.0197421,0.980393
10,339,5,No,-4.79233e-05,-9.14151,0.000107119
10,340,5,No,-0.000121839,-8.6179,0.000180829
10,341,5,No,-2.24339,-0.112094,0.893908
10,342,5,No,-0.849328,-0.557994,0.572323
10,343,5,No,-0.00102817,-6.82411,0.00108717
10,344,5,Yes,-3.69699,-0.0250502,0.975203
10,345,5,Yes,-0.301347,-1.34616,0.260222
10,346,5,Yes,-2.31402,-0.104033,0.901143
10,347,5,No,-0.110281,-2.25879,0.10447
10,348,5,No,-0.000505814,-7.47888,0.000564854
10,349,5,No,-0.150015,-1.97067,0.139355
10,350,5,Yes,-0.359729,-1.19669,0.302175
10,351,5,No,-0.75103,-0.638322,0.528147
10,352,5,No,-0.218493,-1.62796,0.196318
10,353,5,Yes,-0.997371,-0.460115,0.631174
10,354,5,No,-0.0878512,-2.47501,0.0841568
10,355,5,No,-0.172953,-1.83959,0.158873
10,356,5,Yes,-1.20724,-0.355193,0.700997
10,357,5,Yes,-0.799361,-0.597033,0.55041
10,358,5,No,-0.164333,-1.88651,0.151591
10,359,5,No,-0.316403,-1.30455,0.271277
10,360,5,Yes,-1.13208,-0.389057,0.677656
10,361,5,Yes,-3.13218,-0.0445409,0.95638
10,362,5,Yes,-1.96762,-0.150509,0.860219
10,363,5,No,-0.000107533,-8.70184,0.000166271
10,364,5,No,-8.76227e-05,-8.82861,0.000146473
10,365,5,Yes,-3.59464,-0.0277937,0.972531
10,366,5,Yes,-3.28356,-0.0381541,0.962508
10,367,5,No,-1.72713,-0.195695,0.822216
10,368,5,Yes,-3.84103,-0.0216446,0.97853
10,369,5,Yes,-2.42631,-0.0924485,0.911643
10,370,5,Yes,-2.81612,-0.0616402,0.940166
10,371,5,No,-0.0872705,-2.48135,0.0836252
10,372,5,Yes,-3.4189,-0.0332351,0.967254
10,373,5,Yes,-4.14793,-0.0158625,0.984204
10,374,5,Yes,-3.62917,-0.0268356,0.973463
10,375,5,Yes,-3.8086,-0.0223679,0.977822
10,376,5,Yes,-2.16494,-0.121826,0.885251
10,377,5,Yes,-1.1825,-0.365938,0.693505
10,378,5,No,-0.0980293,-2.37047,0.0934312
10,379,5,Yes,-1.14778,-0.381673,0.682677
10,380,5,Yes,-3.12162,-0.045025,0.955917
10,381,5,Yes,-0.275774,-1.42265,0.24106
10,382,5,No,-1.44724,-0.268088,0.764795
10,383,5,Yes,-1.29963,-0.318243,0.727384
10,384,5,Yes,-3.76126,-0.0234683,0.976747
10,385,5,No,-0.00519071,-5.25202,0.0052366
10,386,5,Yes,-4.14656,-0.0158845,0.984182
10,387,5,No,-3.48693e-05,-9.26986,9.42163e-05
10,388,5,No,-0.000212513,-8.21038,0.0002718
10,389,5,No,-3.24255e-05,-9.29885,9.1524e-05
10,390,5,Yes,-4.53021,-0.0107767,0.989222
10,391,5,Yes,-3.77315,-0.0231874,0.977022
10,392,5,Yes,-4.36561,-0.0127287,0.987294
10,393,5,No,-0.00504363,-5.28031,0.00509055
10,394,5,Yes,-1.52283,-0.245945,0.781919
10,395,5,No,-0.100743,-2.34452,0.0958878
10,396,5,No,-0.0495669,-3.02788,0.0484153
10,397,5,No,-0.0261043,-3.65638,0.0258243
10,398,5,Yes,-3.13619,-0.0443587,0.956554
10,399,5,No,-0.000222946,-8.17055,0.000282845
10,400,5,No,-0.000604395,-7.31865,0.000663016
10,401,5,No,-0.120122,-2.17818,0.113241
10,402,5,Yes,-2.63962,-0.0740006,0.928616
10,403,5,Yes,-1.44974,-0.267322,0.765382
10,404,5,Yes,-2.60748,-0.0765157,0.926284
10,405,5,Yes,-4.0392,-0.0177083,0.982389
10,406,5,Yes,-4.9242,-0.00723565,0.992732
10,407,5,No,-1.38923,-0.286629,0.750746
10,408,5,Yes,-3.84061,-0.0216542,0.978521
10,409,5,Yes,-4.05432,-0.0174392,0.982654
10,410,5,Yes,-3.94739,-0.0194327,0.980696
10,411,5,Yes,-1.59888,-0.225726,0.79789
10,412,5,Yes,-3.13811,-0.0442712,0.956638
10,413,5,Yes,-2.74001,-0.0666856,0.935434
10,414,5,Yes,-0.208624,-1.66941,0.188347
10,415,5,Yes,-1.38175,-0.289124,0.748875
10,416,5,Yes,-3.27178,-0.0386157,0.962063
10,417,5,Yes,-1.05856,-0.426018,0.653065
10,418,5,No,-0.0121642,-4.41045,0.012149
10,419,5,No,-0.0742227,-2.63674,0.0715902
10,420,5,No,-0.187454,-1.76614,0.170981
10,421,5,Yes,-0.0479928,-3.05935,0.0469156
10,422,5,No,-0.00762537,-4.87232,0.00765511
10,423,5,No,-0.0113908,-4.47543,0.0113846
10,424,5,No,-0.120769,-2.17313,0.113814
10,425,5,No,-0.0268754,-3.62772,0.0265751
10,426,5,No,-0.00430819,-5.43573,0.00435778
10,427,5,No,-0.00171057,-6.33774,0.0017682
10,428,5,Yes,-4.01593,-0.0181304,0.981975
10,429,5,Yes,-2.58904,-0.0779972,0.924912
10,430,5,No,-0.434617,-1.04258,0.352525
10,431,5,No,-1.02928,-0.441932,0.642756
10,432,5,Yes,-0.466589,-0.986389,0.372899
10,433,5,No,-0.00854509,-4.75971,0.00856758
10,434,5,No,-0.0787305,-2.58005,0.0757659
10,435,5,Yes,-2.01588,-0.142883,0.866804
10,436,5,No,-0.321077,-1.29211,0.274675
10,437,5,No,-0.0117243,-4.44688,0.0117144
10,438,5,No,-0.000153553,-8.45573,0.000212666
10,439,5,Yes,-3.09314,-0.0463581,0.954643
10,440,5,No,-0.000114984,-8.65498,0.000174247
10,441,5,No,-0.000144015,-8.49912,0.000203635
10,442,5,No,-0.443196,-1.02701,0.358057
10,443,5,Yes,-3.45351,-0.0320841,0.968367
10,444,5,Yes,-4.03135,-0.0178489,0.982251
10,445,5,Yes,-3.39276,-0.0341323,0.966386
10,446,5,No,-4.73654,-0.0087477,0.991232
10,447,5,Yes,-1.23892,-0.341981,0.71032
10,448,5,No,-0.0584494,-2.86763,0.0568301
10,449,5,No,-0.145556,-1.99865,0.13551
10,450,5,No,-0.0605751,-2.83299,0.058833
10,451,5,Yes,-2.45236,-0.0899594,0.913915
10,452,5,No,-2.49799,-0.085766,0.917755
10,453,5,Yes,-3.75208,-0.0236882,0.976532
10,454,5,No,-0.0181284,-4.01604,0.0180231
10,455,5,No,-0.000400027,-7.68548,0.000459421
10,456,5,Yes,-4.79305,-0.00826168,0.991713
10,457,5,No,-0.00276172,-5.87206,0.00281691
10,458,5,No,-3.65979e-05,-9.25307,9.58114e-05
10,459,5,Yes,-3.33365,-0.0362531,0.964339
10,460,5,No,-1.03738,-0.437457,0.645638
10,461,5,Yes,-2.41909,-0.0931504,0.911003
10,462,5,No,-0.0871217,-2.48298,0.0834888
10,463,5,No,-0.00629783,-5.06133,0.00633674
10,464,5,No,-0.00121966,-6.66214,0.00127833
10,465,5,No,-0.00195581,-6.20804,0.00201306
10,466,5,No,-7.4747e-05,-8.92038,0.000133629
10,467,5,No,-0.0239373,-3.74175,0.0237111
10,468,5,Yes,-3.075,-0.0472286,0.953813
10,469,5,No,-0.00657888,-5.01822,0.00661592
10,470,5,No,-0.468869,-0.982567,0.374327
10,471,5,No,-0.601898,-0.793436,0.452261
10,472,5,No,-2.70609e-05,-9.35854,8.62211e-05
10,473,5,No,-0.000805702,-7.05265,0.000865062
10,474,5,No,-0.00863082,-4.74992,0.00865189
10,475,5,Yes,-3.21958,-0.0407303,0.960031
10,476,5,No,-1.14274,-0.384027,0.681073
10,477,5,Yes,-2.32082,-0.10329,0.901812
10,478,5,Yes,-3.95043,-0.0193736,0.980755
10,479,5,No,-0.00398696,-5.51206,0.00403755
10,480,5,No,-0.000979546,-6.8703,0.0010381
10,481,5,No,-0.00218427,-6.10037,0.0022419
10,482,5,No,-0.0028754,-5.83248,0.00293062
10,483,5,No,-0.000270463,-8.01545,0.000330301
10,484,5,Yes,-3.14712,-0.0438647,0.957027
10,485,5,Yes,-3.65977,-0.0260147,0.974263
10,486,5,Yes,-2.60145,-0.0769963,0.925839
10,487,5,Yes,-3.30996,-0.0371395,0.963484
10,488,5,No,-1.414,-0.278536,0.756846
10,489,5,No,-0.0893515,-2.45883,0.0855301
10,490,5,No,-0.00868204,-4.74399,0.00870332
10,491,5,Yes,-3.09636,-0.0462061,0.954789
10,492,5,No,-0.0121606,-4.41071,0.0121458
10,493,5,Yes,-3.4027,-0.0337884,0.966719
10,494,5,Yes,-4.01679,-0.0181149,0.98199
10,495,5,Yes,-2.35449,-0.0996909,0.905064
10,496,5,Yes,-1.36064,-0.296303,0.743518
10,497,5,Yes,-0.442003,-1.02915,0.35729
10,498,5,Yes,-4.73798,-0.00873513,0.991244
10,499,5,Yes,-3.36126,-0.0352459,0.965311
10,500,5,Yes,-3.52544,-0.0298194,0.970563
10,501,5,Yes,-0.101435,-2.33801,0.0965137
10,502,5,Yes,-0.280049,-1.40931,0.244298
10,503,5,No,-0.853319,-0.555021,0.574027
10,504,5,Yes,-2.93079,-0.0547682,0.946648
10,505,5,Yes,-2.43613,-0.0915008,0.912506
10,506,5,Yes,-1.80233,-0.180149,0.835096
10,507,5,No,-1.14663,-0.382208,0.682312
10,508,5,Yes,-3.89856,-0.0204188,0.97973
10,509,5,Yes,-4.09484,-0.0167375,0.983343
10,510,5,No,-0.173792,-1.83516,0.159578
10,511,5,No,-2.16908,-0.12129,0.885724
10,512,5,Yes,-4.03905,-0.0177109,0.982387
10,513,5,No,-0.00350666,-5.63789,0.00356016
10,514,5,Yes,-1.92074,-0.158338,0.853511
10,515,5,No,-0.548912,-0.861611,0.422456
10,516,5,Yes,-2.52404,-0.083465,0.919869
10,517,5,No,-0.978198,-0.471491,0.624034
10,518,5,No,-1.49147,-0.254868,0.774973
10,519,5,Yes,-3.69601,-0.0250754,0.975179
10,520,5,Yes,-4.40172,-0.0122726,0.987745
10,521,5,No,-0.444526,-1.02463,0.35891
10,522,5,Yes,-1.20561,-0.355892,0.700507
10,523,5,No,-0.785348,-0.608626,0.544066
10,524,5,No,-2.57616,-0.0790498,0.923939
10,525,5,No,-0.000846744,-7.00647,0.000905951
10,526,5,Yes,-4.10878,-0.0165044,0.983573
10,527,5,Yes,-2.29824,-0.105778,0.899571
10,528,5,No,-0.356663,-1.2038,0.300034
10,529,5,No,-0.0012048,-6.67394,0.00126334
10,530,5,Yes,-3.29006,-0.0379009,0.962751
10,531,5,No,-0.388988,-1.13222,0.322297
10,532,5,No,-1.74524,-0.191819,0.825408
10,533,5,No,-0.000110394,-8.68208,0.000169588
10,534,5,No,-1.96696e-06,-9.70574,6.0929e-05
10,535,5,No,-1.68087e-05,-9.48184,7.62189e-05
10,536,5,No,-2.12791e-05,-9.4251,8.06685e-05
10,537,5,No,-0.0138323,-4.28334,0.0137956
10,538,5,No,-0.0185511,-3.9933,0.0184377
10,539,5,Yes,-2.75764,-0.0654795,0.936563
10,540,5,Yes,-0.11137,-2.2495,0.105445
10,541,5,No,-0.091788,-2.43314,0.0877557
10,542,5,No,-7.90389e-05,-8.88612,0.000138287
10,543,5,No,-0.0645028,-2.77218,0.0625217
10,544,5,Yes,-2.72797,-0.067522,0.934652
10,545,5,No,-4.06512e-05,-9.2125,9.97788e-05
10,546,5,No,-0.000200292,-8.25692,0.000259443
10,547,5,Yes,-3.09102,-0.0464583,0.954547
10,548,5,Yes,-2.19271,-0.118283,0.888392
10,549,5,Yes,-3.95248,-0.0193338,0.980794
10,550,5,No,-3.14717e-05,-9.30539,9.09277e-05
10,551,5,No,-0.000764782,-7.10075,0.000824441
10,552,5,No,-1.11137,-0.39906,0.670911
10,553,5,No,-9.32856e-05,-8.78527,0.000152961
10,554,5,No,-1.78892,-0.182818,0.83287
10,555,5,Yes,-0.369176,-1.17521,0.308737
10,556,5,Yes,-1.33826,-0.304141,0.737714
10,557,5,No,-0.00924779,-4.68152,0.00926433
10,558,5,No,-0.00653472,-5.02482,0.00657238
10,559,5,Yes,-2.90396,-0.0563018,0.945198
10,560,5,No,-0.000799856,-7.06001,0.000858714
10,561,5,Yes,-2.25892,-0.110267,0.895543
10,562,5,Yes,-2.98869,-0.0516032,0.949649
10,563,5,Yes,-4.64973,-0.00955037,0.990436
10,564,5,Yes,-5.38107,-0.00455414,0.995397
10,565,5,Yes,-3.5697,-0.0285072,0.971837
10,566,5,No,-1.40163,-0.282545,0.753818
10,567,5,Yes,-2.22628,-0.114144,0.892077
10,568,5,Yes,-0.474851,-0.972647,0.378059
10,569,5,Yes,-0.95284,-0.487086,0.614378
10,570,5,Yes,-0.835267,-0.568631,0.566267
10,571,5,Yes,-2.10736,-0.129539,0.878449
10,572,5,Yes,-3.21449,-0.0409432,0.959827
10,573,5,No,-0.364701,-1.1853,0.305636
10,574,5,No,-7.02167e-05,-8.95336,0.000129295
10,575,5,Yes,-4.93362,-0.00716673,0.9928
10,576,5,Yes,-0.905016,-0.518314,0.595488
10,577,5,No,-0.0510093,-2.99994,0.049787
10,578,5,Yes,-2.64063,-0.0739229,0.928688
10,579,5,No,-0.182123,-1.7924,0.166551
10,580,5,No,-0.0066312,-5.01031,0.00666841
10,581,5,No,-0.00151415,-6.45527,0.00157212
10,582,5,No,-0.0110084,-4.50915,0.0110071
10,583,5,Yes,-2.77926,-0.0640316,0.937919
10,584,5,Yes,-3.95315,-0.0193203,0.980807
10,585,5,Yes,-1.17418,-0.369635,0.690945
10,586,5,No,-0.0232678,-3.76972,0.0230572
10,587,5,No,-0.0478666,-3.0619,0.0467959
10,588,5,No,-0.00839541,-4.77712,0.00841973
10,589,5,No,-0.0050108,-5.28685,0.00505738
10,590,5,Yes,-4.17204,-0.0154806,0.98458
10,591,5,No,-0.0166464,-4.10027,0.0165672
10,592,5,No,-0.063357,-2.78952,0.061447
10,593,5,Yes,-0.0481879,-3.05538,0.047102
10,594,5,No,-2.81672,-0.061602,0.940201
10,595,5,No,-0.577593,-0.823686,0.438785
10,596,5,Yes,-1.02433,-0.444691,0.640985
10,597,5,Yes,-4.61492,-0.00989236,0.990098
10,598,5,Yes,-0.337088,-1.25102,0.286196
10,599,5,Yes,-1.61556,-0.221545,0.801233
10,600,5,Yes,-0.47932,-0.965338,0.380832
10,601,5,Yes,-0.380235,-1.15088,0.316339
10,602,5,No,-0.208248,-1.67103,0.188042
10,603,5,Yes,-4.01523,-0.0181428,0.981962
10,604,5,No,-0.580132,-0.820449,0.440208
10,605,5,No,-0.00179529,-6.29087,0.00185304
10,606,5,No,-0.000653361,-7.2467,0.000712481
10,607,5,No,-0.0114157,-4.47323,0.0114097
10,608,5,Yes,-0.720851,-0.666075,0.513691
10,609,5,No,-0.000157488,-8.43628,0.000216842
10,610,5,No,-0.119619,-2.18214,0.112794
10,611,5,Yes,-1.90727,-0.16067,0.851523
10,612,5,Yes,-0.81196,-0.586858,0.556039
10,613,5,Yes,-1.86397,-0.168415,0.844953
10,614,5,Yes,-4.59813,-0.0100615,0.98993
10,615,5,No,-1.96362,-0.151161,0.859659
10,616,5,Yes,-1.88995,-0.16372,0.848929
10,617,5,Yes,-5.04402,-0.00640928,0.993553
10,618,5,Yes,-1.56385,-0.2348,0.790683
10,619,5,Yes,-3.1837,-0.0422529,0.95857
10,620,5,Yes,-4.36771,-0.0127012,0.987321
10,621,5,No,-0.0890814,-2.46172,0.0852834
10,622,5,Yes,-3.62193,-0.0270337,0.973271
10,623,5,Yes,-0.479451,-0.965125,0.380913
10,624,5,Yes,-3.12248,-0.0449857,0.955955
10,625,5,Yes,-1.82427,-0.175875,0.838673
10,626,5,Yes,-5.43191,-0.00432471,0.995625
10,627,5,No,-1.91333e-05,-9.4547,7.83156e-05
10,628,5,Yes,-3.21675,-0.0408485,0.959917
10,629,5,Yes,-1.51004,-0.249543,0.779112
10,630,5,Yes,-0.835671,-0.568322,0.566442
10,631,5,Yes,-2.6011,-0.0770238,0.925813
10,632,5,Yes,-1.48135,-0.257829,0.772682
10,633,5,Yes,-0.680326,-0.706016,0.493578
10,634,5,Yes,-2.03337,-0.140222,0.869114
10,635,5,No,-0.00367625,-5.59163,0.00372872
10,636,5,No,-0.42627,-1.05809,0.347098
10,637,5,Yes,-2.50088,-0.0855071,0.917992
10,638,5,Yes,-2.3502,-0.100142,0.904656
10,639,5,Yes,-0.257135,-1.48371,0.226782
10,640,5,No,-0.000857602,-6.99464,0.000916726
10,641,5,No,-0.232852,-1.57124,0.207776
10,642,5,No,-0.245093,-1.52589,0.217414
10,643,5,Yes,-3.72299,-0.024397,0.97584
10,644,5,Yes,-3.63316,-0.0267268,0.973569
10,645,5,Yes,-2.42895,-0.0921926,0.911876
10,646,5,Yes,-1.70453,-0.200647,0.818153
10,647,5,Yes,-0.873317,-0.540436,0.58246
10,648,5,No,-0.0015249,-6.44837,0.001583
10,649,5,No,-1.74768,-0.191304,0.825833
10,650,5,No,-0.241684,-1.53826,0.214742
10,651,5,Yes,-3.01252,-0.0503554,0.950835
10,652,5,No,-0.913704,-0.512456,0.598988
10,653,5,No,-4.70888e-05,-9.14923,0.000106295
10,654,5,Yes,-0.863475,-0.547551,0.57833
10,655,5,Yes,-3.73039,-0.0242157,0.976018
10,656,5,No,-2.58251,-0.0785293,0.924421
10,657,5,Yes,-1.06768,-0.42121,0.656214
10,658,5,Yes,-4.72194,-0.00887753,0.991103
10,659,5,Yes,-0.717073,-0.669665,0.51185
10,660,5,Yes,-3.97552,-0.0188874,0.981232
10,661,5,No,-1.10955,-0.399951,0.670313
10,662,5,Yes,-2.4626,-0.0889993,0.914792
10,663,5,No,-0.0596043,-2.84865,0.0579189
10,664,5,No,-0.000724936,-7.15108,0.000783973
10,665,5,No,-2.30077e-05,-9.41237,8.1702e-05
10,666,5,Yes,-4.24191,-0.0144252,0.985621
10,667,5,Yes,-2.74748,-0.0661719,0.935915
10,668,5,Yes,-3.63943,-0.0265573,0.973734
10,669,5,Yes,-3.42177,-0.0331388,0.967347
10,670,5,Yes,-1.35164,-0.299426,0.7412
10,671,5,No,-0.00634395,-5.05409,0.00638281
10,672,5,No,-0.0114846,-4.46734,0.0114771
10,673,5,No,-0.000322454,-7.87183,0.000381313
10,674,5,No,-6.90246e-05,-8.96131,0.00012827
10,675,5,No,-4.27971e-05,-9.18555,0.000102504
10,676,5,No,-2.44382e-05,-9.39055,8.35045e-05
10,677,5,Yes,-1.70859,-0.199747,0.81889
10,678,5,No,-0.00635625,-5.05216,0.00639511
10,679,5,No,-2.56777,-0.0797433,0.923298
10,680,5,No,-0.00199099,-6.19086,0.00204795
10,681,5,No,-0.000518695,-7.45599,0.000577933
10,682,5,No,-0.0596218,-2.84838,0.0579348
10,683,5,Yes,-1.42703,-0.274386,0.759993
10,684,5,No,-0.826777,-0.575183,0.562569
10,685,5,No,-0.146539,-1.99241,0.136359
10,686,5,No,-0.00791106,-4.83596,0.00793862
10,687,5,No,-0.000762813,-7.10414,0.00082165
10,688,5,No,-3.62999e-05,-9.25411,9.57121e-05
10,689,5,Yes,-5.16464,-0.0056717,0.994285
10,690,5,No,-0.154937,-1.94079,0.143581
10,691,5,Yes,-1.71245,-0.198896,0.819587
10,692,5,No,-1.38284e-05,-9.52227,7.31991e-05
10,693,5,No,-0.00150108,-6.46347,0.00155928
10,694,5,No,-0.00252135,-5.96091,0.00257741
10,695,5,No,-0.00131897,-6.58742,0.00137751
10,696,5,Yes,-1.63888,-0.215844,0.805814
10,697,5,No,-0.000331695,-7.84649,0.000391098
10,698,5,No,-6.32425e-05,-9.00546,0.000122731
10,699,5,No,-0.00262874,-5.9203,0.00268423
10,700,5,No,-0.00243053,-5.9968,0.00248655
10,701,5,Yes,-2.33765,-0.101473,0.903452
10,702,5,Yes,-1.65364,-0.21232,0.808659
10,703,5,No,-0.0880915,-2.4724,0.084377
10,704,5,No,-0.0566682,-2.89768,0.0551481
10,705,5,No,-0.0196198,-3.93796,0.0194868
10,706,5,No,-0.668619,-0.718172,0.487614
10,707,5,No,-0.000400445,-7.6852,0.000459551
10,708,5,No,-4.8877e-05,-9.13401,0.000107925
10,709,5,Yes,-5.1954,-0.00549758,0.994458
10,710,5,Yes,-1.02381,-0.444986,0.640796
10,711,5,No,-0.00499205,-5.29053,0.0050388
10,712,5,No,-0.0153803,-4.17846,0.0153212
10,713,5,No,-0.267579,-1.4489,0.234815
10,714,5,Yes,-2.9089,-0.0560167,0.945468
10,715,5,Yes,-2.20675,-0.116532,0.889949
10,716,5,Yes,-2.56421,-0.0800401,0.923025
10,717,5,No,-5.63876e-05,-9.06726,0.000115375
10,718,5,No,-0.000144015,-8.49892,0.000203675
10,719,5,No,-0.000410224,-7.66343,0.000469668
10,720,5,No,-0.00107137,-6.78557,0.0011299
10,721,5,No,-0.000384941,-7.71857,0.00044447
10,722,5,No,-0.00146914,-6.48412,0.00152741
10,723,5,No,-0.598104,-0.798051,0.450179
10,724,5,No,-0.00038035,-7.73033,0.000439275
10,725,5,No,-0.147349,-1.98729,0.137058
10,726,5,No,-0.898256,-0.522933,0.592744
10,727,5,Yes,-4.52053,-0.0108825,0.989117
10,728,5,Yes,-4.34778,-0.0129596,0.987065
10,729,5,No,-0.00623725,-5.0708,0.00627701
10,730,5,Yes,-4.73614,-0.00875119,0.991228
10,731,5,Yes,-1.93031,-0.156706,0.854905
10,732,5,Yes,-4.00245,-0.0183795,0.98173
10,733,5,Yes,-3.85314,-0.0213809,0.978788
10,734,5,Yes,-0.473695,-0.974552,0.377339
10,735,5,No,-0.00403005,-5.50126,0.00408139
10,736,5,Yes,-0.790497,-0.604332,0.546407
10,737,5,No,-0.217498,-1.63204,0.195518
10,738,5,Yes,-0.498601,-0.934762,0.392656
10,739,5,No,-0.00035799,-7.7814,0.000417402
10,740,5,No,-0.790621,-0.604229,0.546464
10,741,5,Yes,-1.49416,-0.254089,0.775576
10,742,5,Yes,-2.99558,-0.0512392,0.949995
10,743,5,Yes,-2.79683,-0.0628805,0.939001
10,744,5,No,-0.244821,-1.52687,0.217201
10,745,5,Yes,-1.98477,-0.14775,0.862595
10,746,5,Yes,-1.09386,-0.407762,0.665098
10,747,5,Yes,-2.07407,-0.134234,0.874334
10,748,5,Yes,-0.173554,-1.83642,0.159378
10,749,5,No,-0.00084066,-7.01317,0.000899896
10,750,5,Yes,-3.98126,-0.0187775,0.981339
10,751,5,Yes,-3.68628,-0.0253236,0.974936
10,752,5,No,-0.110469,-2.25718,0.104639
10,753,5,No,-0.40945,-1.09052,0.336023
10,754,5,Yes,-3.04412,-0.0487482,0.952364
10,755,5,Yes,-4.42504,-0.0119861,0.988027
10,756,5,Yes,-4.4622,-0.0115442,0.988464
10,757,5,Yes,-3.83893,-0.021691,0.978485
10,758,5,Yes,-3.218,-0.0407961,0.959967
10,759,5,No,-0.000162197,-8.41575,0.000221341
10,760,5,No,-1.98116,-0.148326,0.862099
10,761,5,No,-0.0108425,-4.52419,0.0108428
10,762,5,No,-0.302632,-1.34251,0.261173
10,763,5,Yes,-3.89781,-0.0204341,0.979715
10,764,5,Yes,-5.02116,-0.0065601,0.993403
10,765,5,No,-0.000811012,-7.04694,0.00087002
10,766,5,Yes,-4.91816,-0.00727996,0.992688
10,767,5,Yes,-2.37157,-0.097916,0.906672
10,768,5,Yes,-3.68239,-0.0254241,0.974839
10,769,5,Yes,-2.63817,-0.0741127,0.928512
10,770,5,Yes,-0.367565,-1.17882,0.307623
10,771,5,No,-0.825362,-0.576285,0.561949
10,772,5,Yes,-3.77121,-0.0232325,0.976977
10,773,5,No,-0.00559486,-5.17809,0.00563842
10,774,5,Yes,-4.00752,-0.0182848,0.981823
10,775,5,No,-0.0118408,-4.43711,0.0118294
10,776,5,Yes,-1.71982,-0.19728,0.820912
10,777,5,No,-0.178205,-1.81224,0.163278
10,778,5,No,-1.41835,-0.277143,0.757902
10,779,5,Yes,-3.5395,-0.0293966,0.970974
10,780,5,Yes,-2.83881,-0.0602134,0.941508
10,781,5,Yes,-4.65393,-0.00950988,0.990476
10,782,5,No,-1.58782,-0.228547,0.795642
10,783,5,No,-0.0142599,-4.25322,0.0142175
10,784,5,No,-4.06512e-05,-9.21144,9.98845e-05
10,785,5,No,-1.18568,-0.364532,0.694481
10,786,5,No,-0.00141793,-6.51804,0.00147647
10,787,5,No,-0.00318659,-5.732,0.0032404
10,788,5,No,-0.0161993,-4.1272,0.016127
10,789,5,No,-0.00648907,-5.03173,0.00652709
10,790,5,Yes,-3.44744,-0.0322834,0.968175
10,791,5,No,-0.0554986,-2.91793,0.0540422
10,792,5,No,-0.129573,-2.10711,0.121582
10,793,5,No,-0.0309827,-3.48783,0.0305654
10,794,5,No,-0.00922307,-4.6842,0.00923956
10,795,5,No,-0.160648,-1.90739,0.148459
10,796,5,Yes,-1.19916,-0.358661,0.69857
10,797,5,Yes,-0.81406,-0.585185,0.55697
10,798,5,No,-1.91978,-0.158505,0.853369
10,799,5,No,-2.79631,-0.0629133,0.938969
10,800,5,Yes,-2.07279,-0.134417,0.874174
10,801,5,No,-8.82784e-05,-8.82041,0.000147679
10,802,5,Yes,-4.71853,-0.00890801,0.991072
10,803,5,No,-0.851098,-0.556673,0.573079
10,804,5,No,-0.073073,-2.65178,0.0705217
10,805,5,Yes,-0.356481,-1.20423,0.299905
10,806,5,No,-0.00161313,-6.39392,0.00167159
10,807,5,Yes,-3.54502,-0.029232,0.971134
10,808,5,No,-0.000731259,-7.14335,0.000790055
10,809,5,Yes,-3.64116,-0.0265108,0.97378
10,810,5,Yes,-0.116615,-2.20608,0.110125
10,811,5,No,-0.99973,-0.45874,0.632043
10,812,5,No,-0.000808089,-7.05061,0.00086683
10,813,5,No,-0.591887,-0.805698,0.44675
10,814,5,No,-0.312187,-1.31597,0.268198
10,815,5,No,-0.0942523,-2.40788,0.090001
10,816,5,Yes,-2.99435,-0.0513039,0.949934
10,817,5,Yes,-3.38537,-0.034391,0.966137
10,818,5,Yes,-1.23788,-0.342405,0.710019
10,819,5,No,-0.0895665,-2.45653,0.0857271
10,820,5,Yes,-1.79439,-0.181725,0.833781
10,821,5,Yes,-3.10642,-0.0457313,0.955242
10,822,5,Yes,-4.02874,-0.0178963,0.982204
10,823,5,Yes,-3.01561,-0.0501961,0.950987
10,824,5,Yes,-5.06339,-0.00628475,0.993676
10,825,5,Yes,-0.994932,-0.461542,0.630273
10,826,5,Yes,-0.00731383,-4.91359,0.00734562
10,827,5,No,-0.000951385,-6.89734,0.0010104
10,828,5,Yes,-3.28315,-0.0381701,0.962492
10,829,5,Yes,-4.07567,-0.0170664,0.98302
10,830,5,No,-3.08757e-05,-9.30958,9.05474e-05
10,831,5,No,-1.2781,-0.326434,0.721449
10,832,5,Yes,-3.60833,-0.02741,0.972904
10,833,5,Yes,-4.44526,-0.0117439,0.988267
10,834,5,Yes,-1.89774,-0.16234,0.850102
10,835,5,Yes,-3.56217,-0.0287264,0.971625
10,836,5,Yes,-1.94634,-0.154011,0.857212
10,837,5,Yes,-3.12477,-0.0448807,0.956056
10,838,5,Yes,-2.92358,-0.0551766,0.946262
10,839,5,No,-5.17382e-05,-9.1058,0.000111014
10,840,5,Yes,-0.674425,-0.712107,0.490581
10,841,5,No,-1.1063,-0.401554,0.66924
10,842,5,No,-2.02658e-05,-9.44368,7.91834e-05
10,843,5,Yes,-3.77181,-0.0232181,0.976991
10,844,5,Yes,-1.42691,-0.274424,0.759965
10,845,5,No,-0.00785213,-4.84334,0.00788023
10,846,5,Yes,-0.147706,-1.98505,0.137366
10,847,5,No,-0.000473015,-7.53785,0.000532512
10,848,5,No,-0.00151367,-6.4554,0.00157192
10,849,5,Yes,-2.46503,-0.0887735,0.914999
10,850,5,No,-8.89937e-05,-8.81732,0.000148136
10,851,5,Yes,-3.25212,-0.0393994,0.96131
10,852,5,No,-0.163151,-1.89316,0.150587
10,853,5,Yes,-0.538808,-0.875592,0.416591
10,854,5,Yes,-4.38012,-0.0125434,0.987477
10,855,5,No,-0.628886,-0.761698,0.466846
10,856,5,No,-0.0165448,-4.10632,0.0164672
10,857,5,No,-0.136449,-2.05878,0.127601
10,858,5,No,-0.107522,-2.28276,0.101997
10,859,5,Yes,-0.646438,-0.742022,0.476122
10,860,5,No,-0.444496,-1.02468,0.35889
10,861,5,Yes,-3.41685,-0.033305,0.967186
10,862,5,No,-0.026563,-3.63924,0.0262707
10,863,5,No,-0.00294009,-5.8106,0.00299546
10,864,5,Yes,-4.25247,-0.0142716,0.985772
10,865,5,No,-0.00025359,-8.06914,0.000313033
10,866,5,No,-0.000229623,-8.14918,0.000288955
10,867,5,No,-0.000131198,-8.56494,0.000190663
10,868,5,Yes,-0.790855,-0.604034,0.54657
10,869,5,Yes,-0.467012,-0.985677,0.373165
10,870,5,No,-0.00236767,-6.02218,0.00242424
10,871,5,No,-0.00290105,-5.8239,0.00295588
10,872,5,Yes,-2.90444,-0.0562739,0.945224
10,873,5,Yes,-2.89728,-0.0566909,0.94483
10,874,5,Yes,-2.50761,-0.0849081,0.918543
10,875,5,No,-0.122834,-2.1572,0.115642
10,876,5,Yes,-1.90883,-0.160398,0.851755
10,877,5,No,-0.0151513,-4.19332,0.0150952
10,878,5,Yes,-4.76763,-0.00847692,0.9915
10,879,5,Yes,-2.00786,-0.144121,0.865732
10,880,5,Yes,-4.36067,-0.0127926,0.987231
10,881,5,No,-0.00802203,-4.82214,0.00804908
10,882,5,Yes,-4.54358,-0.0106322,0.989365
10,883,5,Yes,-4.65983,-0.00945241,0.990533
10,884,5,Yes,-1.21833,-0.350501,0.704294
10,885,5,Yes,-2.26907,-0.109089,0.896598
10,886,5,Yes,-4.41926,-0.0120552,0.987958
10,887,5,No,-0.994552,-0.461766,0.630133
10,888,5,Yes,-0.689872,-0.696315,0.498389
10,889,5,Yes,-0.29077,-1.37685,0.252356
10,890,5,Yes,-1.30404,-0.316596,0.728582
10,891,5,Yes,-3.83179,-0.0218485,0.978331
10,892,5,Yes,-4.9575,-0.00699529,0.99297
10,893,5,Yes,-4.20643,-0.0149509,0.985101
10,894,5,Yes,-4.3075,-0.0134989,0.986534
10,895,5,Yes,-3.79818,-0.022605,0.97759
10,896,5,No,-9.35241e-05,-8.78537,0.000152945
10,897,5,No,-0.000136027,-8.54166,0.000195154
10,898,5,Yes,-2.43848,-0.0912771,0.912711
10,899,5,No,-7.88004e-05,-8.88852,0.000137956
10,900,5,No,-6.06198e-05,-9.02852,0.000119933
10,901,5,Yes,-4.65253,-0.0095236,0.990463
10,902,5,Yes,-1.16504,-0.37375,0.688109
10,903,5,No,-0.0319159,-3.45869,0.0314692
10,904,5,Yes,-4.06181,-0.017308,0.982783
10,905,5,Yes,-4.24012,-0.0144504,0.985595
10,906,5,Yes,-4.04474,-0.0176094,0.982487
10,907,5,No,-0.118445,-2.19142,0.111752
10,908,5,No,-0.378768,-1.15406,0.315336
10,909,5,No,-0.231461,-1.57656,0.206673
10,910,5,Yes,-1.51212,-0.248953,0.779571
10,911,5,No,-0.000108308,-8.69296,0.000167753
10,912,5,Yes,-0.621595,-0.77009,0.462944
10,913,5,No,-0.201507,-1.70067,0.182551
10,914,5,No,-0.000622049,-7.29148,0.000681276
10,915,5,Yes,-3.89841,-0.0204222,0.979727
10,916,5,No,-0.00569424,-5.16062,0.00573782
10,917,5,Yes,-1.83799,-0.173257,0.840873
10,918,5,Yes,-3.31642,-0.0368956,0.96372
10,919,5,Yes,-4.56492,-0.0104061,0.98959
10,920,5,Yes,-2.33127,-0.102159,0.902833
10,921,5,No,-0.00573105,-5.15436,0.00577385
10,922,5,No,-0.109725,-2.26357,0.103973
10,923,5,Yes,-4.00337,-0.0183615,0.981747
10,924,5,Yes,-4.48135,-0.0113225,0.988683
10,925,5,Yes,-0.378338,-1.15499,0.315042
10,926,5,Yes,-4.64759,-0.0095712,0.990416
10,927,5,Yes,-2.5174,-0.0840445,0.919336
10,928,5,No,-0.000387982,-7.71158,0.000447585
10,929,5,No,-8.97686e-05,-8.81199,0.000148928
10,930,5,Yes,-2.35998,-0.0991175,0.905583
10,931,5,No,-0.0165521,-4.10589,0.0164744
10,932,5,No,-0.0082639,-4.79276,0.00828905
10,933,5,Yes,-2.19051,-0.118558,0.888147
10,934,5,No,-0.00068211,-7.20751,0.000740955
10,935,5,No,-0.00164059,-6.37792,0.00169855
10,936,5,Yes,-3.39276,-0.034132,0.966386
10,937,5,No,-0.000961885,-6.8873,0.0010206
10,938,5,No,-0.0119597,-4.42717,0.0119475
10,939,5,No,-0.000912665,-6.93687,0.000971243
10,940,5,Yes,-2.96057,-0.0531163,0.948214
10,941,5,No,-0.00961284,-4.64329,0.00962545
10,942,5,No,-0.0360999,-3.33778,0.0355135
10,943,5,Yes,-5.31673,-0.00486171,0.995091
10,944,5,Yes,-0.181107,-1.7975,0.165703
10,945,5,No,-0.0243244,-3.72595,0.0240887
10,946,5,Yes,-2.15103,-0.123644,0.883643
10,947,5,Yes,-0.447035,-1.02016,0.360516
10,948,5,Yes,-3.78505,-0.0229084,0.977294
10,949,5,Yes,-4.57166,-0.010335,0.98966
10,950,5,No,-0.00294295,-5.80973,0.00299805
10,951,5,Yes,-3.76916,-0.0232811,0.97693
10,952,5,Yes,-1.1376,-0.38644,0.679432
10,953,5,Yes,-1.42268,-0.275764,0.758948
10,954,5,Yes,-3.9374,-0.0196307,0.980502
10,955,5,Yes,-0.865096,-0.54637,0.579014
10,956,5,Yes,-4.11162,-0.0164564,0.98362
10,957,5,Yes,-3.33821,-0.0360851,0.964502
10,958,5,Yes,-4.03516,-0.0177806,0.982318
10,959,5,No,-0.0166881,-4.09782,0.0166079
10,960,5,No,-0.000942913,-6.90566,0.00100203
10,961,5,Yes,-3.41426,-0.0333929,0.967101
10,962,5,No,-0.00084233,-7.0111,0.000901761
10,963,5,No,-0.107849,-2.27988,0.10229
10,964,5,No,-0.521794,-0.899915,0.40658
10,965,5,No,-0.00412054,-5.47947,0.00417129
10,966,5,No,-0.0151709,-4.19204,0.0151146
10,967,5,No,-0.0244163,-3.72223,0.0241787
10,968,5,No,-1.33948,-0.303707,0.738034
10,969,5,Yes,-1.18197,-0.366173,0.693343
10,970,5,Yes,-3.54023,-0.0293751,0.970995
10,971,5,Yes,-3.22587,-0.0404699,0.960281
10,972,5,No,-0.0274633,-3.60643,0.027147
10,973,5,No,-0.0681569,-2.71893,0.0659412
10,974,5,Yes,-1.4956,-0.253676,0.775898
10,975,5,No,-0.403334,-1.10271,0.33195
10,976,5,No,-0.409365,-1.09068,0.335968
10,977,5,Yes,-1.06916,-0.420433,0.656724
10,978,5,Yes,-3.10199,-0.045939,0.955043
10,979,5,Yes,-0.245929,-1.52289,0.218068
10,980,5,Yes,-0.394207,-1.12134,0.325825
10,981,5,Yes,-0.360488,-1.19494,0.302705
10,982,5,Yes,-0.269879,-1.44144,0.236573
10,983,5,Yes,-2.57941,-0.0787831,0.924186
10,984,5,No,-0.437178,-1.03789,0.354181
10,985,5,No,-0.865065,-0.546393,0.579001
10,986,5,Yes,-0.88241,-0.533967,0.58624
10,987,5,Yes,-0.829421,-0.573132,0.563724
10,988,5,Yes,-3.39479,-0.0340628,0.966454
10,989,5,Yes,-1.605,-0.224182,0.799123
10,990,5,Yes,-0.650812,-0.737231,0.478409
10,991,5,Yes,-0.808122,-0.589933,0.554332
10,992,5,No,-0.459112,-0.999091,0.368193
10,993,5,Yes,-1.90237,-0.161526,0.850794
10,994,5,Yes,-1.34538,-0.301621,0.739575
10,995,5,Yes,-0.862909,-0.547964,0.578092
10,996,5,Yes,-2.82951,-0.0607937,0.940962
10,997,5,Yes,-2.60813,-0.0764634,0.926332
10,998,5,Yes,-3.99676,-0.0184857,0.981626
10,999,5,Yes,-3.99015,-0.0186096,0.981504
10,1000,5,Yes,-1.70136,-0.201352,0.817576
10,1001,5,Yes,-2.24142,-0.112328,0.893699
10,1002,5,Yes,-3.81272,-0.0222752,0.977913
10,1003,5,Yes,-4.68896,-0.00917891,0.990804
10,1004,5,Yes,-4.7599,-0.00854365,0.991434
10,1005,5,No,-0.417337,-1.07511,0.34124
10,1006,5,Yes,-0.909799,-0.515079,0.597418
10,1007,5,Yes,-2.68929,-0.0702827,0.932075
10,1008,5,Yes,-1.07141,-0.419258,0.657495
10,1009,5,Yes,-4.33984,-0.0130642,0.986962
10,1010,5,Yes,-4.0563,-0.0174039,0.982688
10,1011,5,Yes,-4.0626,-0.0172939,0.982797
10,1012,5,Yes,-4.05699,-0.0173921,0.9827
10,1013,5,Yes,-1.7607,-0.188578,0.828086
10,1014,5,Yes,-4.45149,-0.0116693,0.988339
10,1015,5,No,-0.023155,-3.77451,0.0229469
10,1016,5,Yes,-2.0428,-0.138809,0.870343
10,1017,5,Yes,-2.88013,-0.057702,0.943876
10,1018,5,Yes,-3.09225,-0.0464001,0.954603
10,1019,5,Yes,-4.18809,-0.015231,0.984826
10,1020,5,No,-0.00114799,-6.71986,0.00120663
10,1021,5,No,-0.0158343,-4.14972,0.0157679
10,1022,5,No,-0.00794327,-4.83193,0.00797067
10,1023,5,Yes,-4.38008,-0.012543,0.987476
10,1024,5,Yes,-2.48167,-0.0872412,0.916402
10,1025,5,Yes,-0.670967,-0.71571,0.488816
10,1026,5,Yes,-3.44665,-0.0323095,0.96815
10,1027,5,Yes,-1.08088,-0.414363,0.660722
10,1028,5,Yes,-1.63504,-0.216772,0.805066
10,1029,5,Yes,-1.91118,-0.159989,0.852103
10,1030,5,Yes,-2.12072,-0.127704,0.880062
10,1031,5,Yes,-0.231049,-1.57814,0.206346
10,1032,5,No,-0.00988929,-4.61522,0.00989945
10,1033,5,No,-0.0704402,-2.68713,0.0680718
10,1034,5,No,-1.61031,-0.222852,0.800186
10,1035,5,Yes,-2.02568,-0.141386,0.868104
10,1036,5,Yes,-3.18488,-0.0422021,0.958619
10,1037,5,Yes,-3.36504,-0.0351104,0.965441
10,1038,5,No,-0.00195444,-6.20858,0.00201197
10,1039,5,No,-0.050493,-3.00986,0.0492957
10,1040,5,No,-0.0915682,-2.43542,0.0875554
10,1041,5,Yes,-4.02207,-0.0180175,0.982085
10,1042,5,Yes,-3.66441,-0.0258917,0.974382
10,1043,5,No,-0.907307,-0.516761,0.596414
10,1044,5,Yes,-2.73795,-0.0668282,0.935301
10,1045,5,Yes,-1.51584,-0.247902,0.78039
10,1046,5,No,-0.00389529,-5.53474,0.003947
10,1047,5,No,-0.00816,-4.80528,0.0081859
10,1048,5,No,-5.9368e-05,-9.03581,0.000119062
10,1049,5,No,-7.9933e-05,-8.88047,0.000139071
10,1050,5,No,-2.41998e-05,-9.38436,8.4023e-05
10,1051,5,No,-8.41653e-05,-8.84858,0.000143577
10,1052,5,No,-3.62999e-05,-9.25694,9.54409e-05
10,1053,5,No,-7.11109e-05,-8.94178,0.0001308
10,1054,5,No,-0.0340868,-3.39407,0.0335697
10,1055,5,No,-0.00190827,-6.232,0.0019654
10,1056,5,No,-0.00206923,-6.15318,0.00212659
10,1057,5,No,-0.000625687,-7.2867,0.000684546
10,1058,5,No,-0.000185566,-8.31557,0.000244663
10,1059,5,No,-6.56865e-05,-8.9908,0.000124543
10,1060,5,No,-0.00415196,-5.47198,0.00420264
10,1061,5,Yes,-2.35399,-0.0997429,0.905017
10,1062,5,Yes,-4.88695,-0.00751313,0.992456
10,1063,5,No,-4.3547,-0.0128696,0.987154
10,1064,5,Yes,-5.1075,-0.00601026,0.993949
10,1065,5,No,-2.0232,-0.141763,0.867776
10,1066,5,No,-0.000130066,-8.5727,0.000189189
10,1067,5,No,-5.79374e-05,-9.05335,0.000116991
10,1068,5,No,-0.0520555,-2.98019,0.0507802
10,1069,5,No,-0.000831711,-7.02326,0.000890861
10,1070,5,No,-0.000101452,-8.7361,0.00016067
10,1071,5,No,-1.6749e-05,-9.48767,7.57759e-05
10,1072,5,No,-0.122497,-2.15977,0.115345
10,1073,5,No,-1.37092e-05,-9.52437,7.30452e-05
10,1074,5,No,-0.000162972,-8.41173,0.000222233
10,1075,5,No,-6.06794e-05,-9.03136,0.000119592
10,1076,5,No,-0.719129,-0.667709,0.512852
10,1077,5,No,-0.00794423,-4.83186,0.00797117
10,1078,5,No,-0.316583,-1.30407,0.271409
10,1079,5,No,-0.00170734,-6.33956,0.00176497
10,1080,5,No,-0.00495401,-5.29803,0.00500115
10,1081,5,No,-0.00641258,-5.04352,0.00645063
10,1082,5,Yes,-0.453705,-1.00844,0.364767
10,1083,5,No,-0.00675175,-4.99257,0.00678781
10,1084,5,Yes,-4.13501,-0.0160719,0.983998
10,1085,5,Yes,-4.89598,-0.00744569,0.992524
10,1086,5,Yes,-4.94585,-0.00707861,0.992888
10,1087,5,Yes,-0.13616,-2.06077,0.127348
10,1088,5,No,-0.186294,-1.77178,0.17002
10,1089,5,Yes,-0.853285,-0.555046,0.574012
10,1090,5,Yes,-1.22152,-0.349165,0.705235
10,1091,5,Yes,-4.00189,-0.01839,0.98172
10,1092,5,Yes,-2.97882,-0.0521294,0.94915
10,1093,5,No,-0.00122443,-6.65841,0.00128311
10,1094,5,No,-0.00118212,-6.69214,0.00124055
10,1095,5,No,-0.000735792,-7.13689,0.000795172
10,1096,5,No,-0.0245428,-3.71713,0.0243023
10,1097,5,No,-0.000968329,-6.88072,0.00102734
10,1098,5,No,-0.00869809,-4.74217,0.00871915
10,1099,5,Yes,-0.142809,-2.01636,0.133132
10,1100,5,No,-1.04612,-0.432689,0.648724
10,1101,5,Yes,-3.5619,-0.028734,0.971617
10,1102,5,Yes,-4.05012,-0.017513,0.982581
10,1103,5,Yes,-4.55392,-0.0105211,0.989475
10,1104,5,Yes,-0.875607,-0.538796,0.583416
10,1105,5,No,-0.499443,-0.933462,0.393167
10,1106,5,Yes,-0.690378,-0.695805,0.498643
10,1107,5,No,-0.708594,-0.67782,0.507693
10,1108,5,Yes,-3.85833,-0.0212687,0.978898
10,1109,5,Yes,-4.40064,-0.0122853,0.987731
10,1110,5,Yes,-5.11844,-0.00594424,0.994015
10,1111,5,Yes,-4.02854,-0.0179008,0.982201
10,1112,5,Yes,-3.46319,-0.03177,0.968672
10,1113,5,Yes,-2.81608,-0.0616421,0.940163
10,1114,5,Yes,-3.15059,-0.0437089,0.957176
10,1115,5,Yes,-1.87622,-0.166183,0.846842
10,1116,5,No,-0.0867049,-2.48757,0.0831071
10,1117,5,Yes,-2.29632,-0.105994,0.899378
10,1118,5,Yes,-4.30384,-0.0135485,0.986484
10,1119,5,Yes,-2.45493,-0.0897167,0.914136
10,1120,5,Yes,-1.87095,-0.167139,0.846031
10,1121,5,Yes,-2.8127,-0.061858,0.939961
10,1122,5,Yes,-4.09255,-0.0167775,0.983304
10,1123,5,Yes,-0.579918,-0.820721,0.440088
10,1124,5,Yes,-3.91367,-0.0201088,0.980034
10,1125,5,Yes,-2.0398,-0.139257,0.869953
10,1126,5,Yes,-3.67841,-0.0255269,0.974738
10,1127,5,No,-1.94343,-0.154496,0.856797
10,1128,5,No,-0.385982,-1.13857,0.320257
10,1129,5,No,-0.607128,-0.787138,0.455119
10,1130,5,No,-1.37923,-0.289972,0.748241
10,1131,5,Yes,-3.10051,-0.0460094,0.954976
10,1132,5,Yes,-1.84368,-0.172184,0.841775
10,1133,5,Yes,-4.17282,-0.0154677,0.984592
10,1134,5,Yes,-4.57994,-0.0102484,0.989745
10,1135,5,Yes,-4.01176,-0.0182064,0.9819
10,1136,5,Yes,-3.76479,-0.0233847,0.976829
10,1137,5,Yes,-3.96428,-0.0191037,0.981019
10,1138,5,Yes,-0.222362,-1.61227,0.199422
10,1139,5,No,-0.570428,-0.832927,0.434749
10,1140,5,Yes,-3.54799,-0.0291436,0.971219
10,1141,5,Yes,-2.83486,-0.0604586,0.941277
10,1142,5,Yes,-4.0528,-0.017466,0.982627
10,1143,5,Yes,-4.91765,-0.0072838,0.992684
10,1144,5,Yes,-4.01915,-0.0180707,0.982033
10,1145,5,No,-0.536017,-0.879515,0.41496
10,1146,5,Yes,-2.6204,-0.0754942,0.927231
10,1147,5,Yes,-3.88981,-0.0206004,0.979552
10,1148,5,Yes,-3.17088,-0.042811,0.958036
10,1149,5,Yes,-3.45701,-0.0319705,0.968478
10,1150,5,Yes,-0.334268,-1.25808,0.284181
10,1151,5,Yes,-3.13918,-0.044222,0.956685
10,1152,5,Yes,-2.29019,-0.106682,0.898759
10,1153,5,No,-0.111251,-2.25051,0.105339
10,1154,5,No,-0.00117997,-6.69389,0.00123838
10,1155,5,No,-0.0283925,-3.57368,0.0280507
10,1156,5,No,-0.00815687,-4.8057,0.00818247
10,1157,5,No,-0.00324728,-5.71343,0.00330113
10,1158,5,No,-0.00740119,-4.90173,0.00743324
10,1159,5,No,-0.669419,-0.717331,0.488024
10,1160,5,Yes,-1.36714,-0.29407,0.745181
10,1161,5,Yes,-0.983368,-0.468389,0.625973
10,1162,5,No,-0.0538931,-2.94644,0.0525232
10,1163,5,Yes,-1.61291,-0.222204,0.800705
10,1164,5,No,-0.0175981,-4.04535,0.0175025
10,1165,5,No,-0.135619,-2.06448,0.126877
10,1166,5,Yes,-2.02306,-0.141783,0.867758
10,1167,5,Yes,-1.88452,-0.164689,0.848107
10,1168,5,Yes,-3.25506,-0.0392809,0.961424
10,1169,5,Yes,-0.497013,-0.937224,0.391691
10,1170,5,Yes,-2.16917,-0.121279,0.885734
10,1171,5,No,-0.136898,-2.05572,0.127993
10,1172,5,Yes,-3.29203,-0.0378261,0.962824
10,1173,5,No,-0.265922,-1.45432,0.233546
10,1174,5,No,-0.490345,-0.947669,0.387621
10,1175,5,Yes,-2.94701,-0.0538622,0.947507
10,1176,5,No,-0.730594,-0.656938,0.518406
10,1177,5,Yes,-3.7227,-0.0244046,0.975833
10,1178,5,Yes,-2.42457,-0.0926175,0.911489
10,1179,5,No,-0.121027,-2.17112,0.114042
10,1180,5,Yes,-4.58464,-0.0101995,0.989793
10,1181,5,Yes,-0.660693,-0.726569,0.483537
10,1182,5,Yes,-3.50947,-0.0303081,0.970089
10,1183,5,No,-0.00663834,-5.00924,0.00667555
10,1184,5,Yes,-4.21878,-0.0147659,0.985284
10,1185,5,No,-2.74237,-0.066523,0.935586
10,1186,5,Yes,-2.10034,-0.130514,0.877592
10,1187,5,No,-0.587828,-0.810746,0.4445
10,1188,5,No,-0.336116,-1.25345,0.285502
10,1189,5,No,-0.00662022,-5.01198,0.00665732
10,1190,5,No,-9.87102e-05,-8.75304,0.000157971
10,1191,5,No,-6.96206e-05,-8.95766,0.000128739
10,1192,5,No,-9.81141e-05,-8.75561,0.000157565
10,1193,5,No,-3.74324e-05,-9.24625,9.64666e-05
10,1194,5,No,-0.0109339,-4.51587,0.0109334
10,1195,5,No,-0.0344812,-3.38278,0.033951
10,1196,5,No,-0.000176565,-8.35134,0.000236065
10,1197,5,No,-0.000560023,-7.38752,0.000618891
10,1198,5,No,-0.00049019,-7.50655,0.000549441
10,1199,5,No,-0.0030862,-5.7633,0.00314055
10,1200,5,No,-0.00014169,-8.51366,0.000200695
10,1201,5,No,-0.000304805,-7.91648,0.000364661
10,1202,5,Yes,-5.03559,-0.00646471,0.993498
10,1203,5,Yes,-5.15535,-0.00572589,0.994232
10,1204,5,Yes,-5.37546,-0.00458006,0.995372
10,1205,5,Yes,-4.92478,-0.00723163,0.992736
10,1206,5,No,-2.81338e-05,-9.34513,8.73848e-05
10,1207,5,No,-0.000409687,-7.66549,0.000468698
10,1208,5,No,-2.93259e-05,-9.32937,8.87727e-05
10,1209,5,No,-0.000333663,-7.84191,0.000392893
10,1210,5,No,-9.37625e-05,-8.78243,0.000153395
10,1211,5,No,-0.000181274,-8.33236,0.00024059
10,1212,5,No,-0.00619503,-5.07751,0.00623506
10,1213,5,No,-0.00691018,-4.96963,0.00694534
10,1214,5,No,-0.732031,-0.655605,0.519097
10,1215,5,No,-0.0289137,-3.55578,0.0285574
10,1216,5,No,-0.00322348,-5.72067,0.00327732
10,1217,5,Yes,-0.968466,-0.477401,0.620357
10,1218,5,No,-0.198558,-1.71398,0.180136
10,1219,5,No,-0.371708,-1.16956,0.310485
10,1220,5,Yes,-0.411123,-1.08722,0.337134
10,1221,5,Yes,-4.5814,-0.0102331,0.98976
10,1222,5,Yes,-4.37899,-0.0125574,0.987463
10,1223,5,Yes,-2.70274,-0.06931,0.932983
10,1224,5,No,-0.00136588,-6.5545,0.00142362
10,1225,5,No,-0.000910577,-6.93839,0.000969769
10,1226,5,No,-0.000377369,-7.73619,0.000436708
10,1227,5,No,-0.00916712,-4.69019,0.0091844
10,1228,5,No,-0.00125726,-6.63375,0.00131514
10,1229,5,No,-0.00336647,-5.67803,0.00342008
10,1230,5,No,-0.0126243,-4.3737,0.0126037
10,1231,5,No,-0.00356008,-5.62308,0.00361327
10,1232,5,No,-0.06212,-2.8086,0.0602857
10,1233,5,No,-0.002128,-6.12593,0.00218534
10,1234,5,Yes,-2.00521,-0.144532,0.865376
10,1235,5,Yes,-2.90341,-0.0563341,0.945167
10,1236,5,Yes,-3.78708,-0.0228617,0.97734
10,1237,5,Yes,-1.94218,-0.154705,0.856617
10,1238,5,No,-0.0795521,-2.57008,0.0765248
10,1239,5,No,-0.0249403,-3.70129,0.0246902
10,1240,5,Yes,-3.364,-0.0351482,0.965405
10,1241,5,Yes,-2.0016,-0.145095,0.864889
10,1242,5,Yes,-4.7549,-0.00858693,0.991391
10,1243,5,Yes,-4.53644,-0.0107087,0.989289
10,1244,5,No,-0.00159235,-6.40681,0.00165019
10,1245,5,Yes,-3.21196,-0.0410498,0.959725
10,1246,5,Yes,-4.01073,-0.0182261,0.981881
10,1247,5,No,-0.00123983,-6.64626,0.00129879
10,1248,5,No,-0.000513089,-7.46621,0.000572057
10,1249,5,No,-0.239528,-1.54618,0.213047
10,1250,5,No,-0.000994223,-6.85576,0.00105331
10,1251,5,Yes,-4.67008,-0.00935626,0.990629
10,1252,5,Yes,-4.02014,-0.0180525,0.982051
10,1253,5,No,-0.00147057,-6.48321,0.0015288
10,1254,5,No,-0.000883791,-6.96685,0.000942559
10,1255,5,No,-0.000570997,-7.37054,0.000629489
10,1256,5,Yes,-1.45578,-0.265478,0.766795
10,1257,5,Yes,-0.928053,-0.502963,0.6047
10,1258,5,Yes,-4.8572,-0.00774208,0.992228
10,1259,5,Yes,-4.19212,-0.0151688,0.984887
10,1260,5,No,-0.00018038,-8.3368,0.000239524
10,1261,5,Yes,-3.43368,-0.0327379,0.967734
10,1262,5,No,-0.000139365,-8.52691,0.000198055
10,1263,5,Yes,-5.07275,-0.00622465,0.993735
10,1264,5,No,-0.00145171,-6.49572,0.0015098
10,1265,5,Yes,-1.85685,-0.169728,0.843845
10,1266,5,No,-0.00348555,-5.644,0.00353848
10,1267,5,Yes,-4.67524,-0.00930747,0.990677
10,1268,5,No,-0.00062682,-7.28428,0.000686203
10,1269,5,Yes,-4.30337,-0.0135552,0.986478
10,1270,5,No,-0.0459754,-3.10122,0.0449916
10,1271,5,No,-0.112982,-2.23593,0.106886
10,1272,5,No,-0.00764279,-4.87001,0.00767286
10,1273,5,Yes,-4.0872,-0.0168675,0.983215
10,1274,5,No,-0.00144544,-6.50014,0.00150314
10,1275,5,Yes,-3.99644,-0.018492,0.98162
10,1276,5,No,-0.00110568,-6.75598,0.00116383
10,1277,5,No,-0.00615394,-5.08408,0.00619423
10,1278,5,No,-0.150025,-1.9706,0.139365
10,1279,5,No,-4.30355e-05,-9.185,0.00010256
10,1280,5,No,-0.10494,-2.30579,0.0996744
10,1281,5,Yes,-4.82925,-0.00796441,0.992008
10,1282,5,No,-4.8018,-0.00818854,0.991786
10,1283,5,No,-0.00151678,-6.45344,0.00157499
10,1284,5,No,-0.000126966,-8.59013,0.000185921
10,1285,5,No,-0.470095,-0.980519,0.375094
10,1286,5,Yes,-5.38229,-0.00454755,0.995403
10,1287,5,Yes,-3.17055,-0.0428249,0.958022
10,1288,5,No,-0.000115044,-8.65137,0.000174877
10,1289,5,No,-9.31068e-05,-8.78838,0.000152486
10,1290,5,Yes,-4.78637,-0.00831739,0.991658
10,1291,5,No,-8.88113e-06,-9.58908,6.84681e-05
10,1292,5,No,-6.58653e-05,-8.98829,0.000124856
10,1293,5,No,-6.16331e-05,-9.02167,0.000120757
10,1294,5,No,-2.84914e-05,-9.34105,8.77416e-05
10,1295,5,Yes,-4.26591,-0.0140782,0.985962
10,1296,5,Yes,-4.17263,-0.0154711,0.984589
10,1297,5,No,-0.000101929,-8.7342,0.000160976
10,1298,5,No,-6.87861e-05,-8.96019,0.000128414
10,1299,5,No,-0.000201246,-8.25129,0.000260907
10,1300,5,Yes,-4.32284,-0.0132907,0.986739
10,1301,5,No,-0.0933229,-2.41732,0.0891546
10,1302,5,No,-1.44877,-0.267618,0.765155
10,1303,5,No,-0.00207628,-6.15011,0.00213312
10,1304,5,No,-0.0040045,-5.50765,0.00405538
10,1305,5,No,-1.0621,-0.424145,0.654291
10,1306,5,Yes,-4.24582,-0.0143673,0.985677
10,1307,5,No,-0.00799151,-4.82588,0.00801898
10,1308,5,No,-0.00804126,-4.81982,0.00806773
10,1309,5,No,-0.00498606,-5.29164,0.00503322
10,1310,5,Yes,-3.6898,-0.0252324,0.975024
10,1311,5,Yes,-3.74522,-0.023853,0.976371
10,1312,5,Yes,-4.23508,-0.0145237,0.985522
10,1313,5,Yes,-3.96625,-0.019065,0.981057
10,1314,5,Yes,-1.43995,-0.27034,0.763074
10,1315,5,No,-0.254774,-1.4918,0.224954
10,1316,5,Yes,-2.6848,-0.0706105,0.931769
10,1317,5,No,-0.133621,-2.07834,0.12513
10,1318,5,No,-0.0011416,-6.725,0.00120045
10,1319,5,No,-0.299111,-1.35254,0.258567
10,1320,5,Yes,-5.34078,-0.0047436,0.995208
10,1321,5,No,-0.00125445,-6.63542,0.00131294
10,1322,5,Yes,-3.90067,-0.0203753,0.979773
10,1323,5,No,-0.908778,-0.515767,0.597007
10,1324,5,No,-0.080458,-2.5592,0.0773618
10,1325,5,Yes,-3.48948,-0.0309302,0.969485
10,1326,5,Yes,-4.18715,-0.0152451,0.984811
10,1327,5,Yes,-2.79665,-0.0628912,0.93899
10,1328,5,Yes,-5.6078,-0.00361595,0.996331
10,1329,5,No,-0.0137618,-4.28836,0.0137266
10,1330,5,No,-0.312908,-1.314,0.268726
10,1331,5,Yes,-2.77735,-0.064158,0.937801
10,1332,5,Yes,-0.474091,-0.973899,0.377586
10,1333,5,Yes,-2.95481,-0.0534311,0.947915
10,1334,5,Yes,-2.47194,-0.0881332,0.915584
10,1335,5,Yes,-2.36392,-0.0987078,0.905955
10,1336,5,Yes,-2.33997,-0.101227,0.903675
10,1337,5,Yes,-3.27388,-0.0385323,0.962143
10,1338,5,Yes,-2.4701,-0.088304,0.915428
10,1339,5,Yes,-4.29062,-0.0137304,0.986304
10,1340,5,Yes,-4.05708,-0.01739,0.982701
10,1341,5,Yes,-3.55258,-0.0290074,0.971351
10,1342,5,Yes,-3.98123,-0.0187778,0.981339
10,1343,5,Yes,-5.31557,-0.00486626,0.995086
10,1344,5,Yes,-3.4317,-0.0328051,0.96767
10,1345,5,Yes,-1.88535,-0.16454,0.848234
10,1346,5,No,-0.0434373,-3.15667,0.0425646
10,1347,5,Yes,-5.11905,-0.00594064,0.994019
10,1348,5,Yes,-3.19566,-0.0417399,0.959063
10,1349,5,Yes,-2.00715,-0.144231,0.865636
10,1350,5,No,-4.49091,-0.0112135,0.98879
10,1351,5,Yes,-0.806924,-0.590897,0.553798
10,1352,5,Yes,-0.212138,-1.6544,0.191195
10,1353,5,Yes,-5.23067,-0.00530419,0.99465
10,1354,5,No,-0.667545,-0.719301,0.487064
10,1355,5,Yes,-4.85558,-0.00775559,0.992216
10,1356,5,Yes,-3.40955,-0.0335544,0.966946
10,1357,5,Yes,-3.01791,-0.0500774,0.951099
10,1358,5,No,-0.291512,-1.37466,0.252911
10,1359,5,Yes,-4.36948,-0.0126779,0.987343
10,1360,5,No,-0.398791,-1.11192,0.328908
10,1361,5,Yes,-1.19645,-0.359831,0.697754
10,1362,5,Yes,-1.02282,-0.445541,0.64044
10,1363,5,No,-1.26104,-0.333097,0.716659
10,1364,5,Yes,-2.25515,-0.110707,0.895148
10,1365,5,Yes,-1.1914,-0.362029,0.696221
10,1366,5,Yes,-3.2791,-0.0383283,0.96234
10,1367,5,Yes,-0.307767,-1.32813,0.264956
10,1368,5,Yes,-4.05055,-0.0175053,0.982588
10,1369,5,Yes,-2.37238,-0.0978319,0.906747
10,1370,5,Yes,-3.08868,-0.0465712,0.954441
10,0,6,No,-6.92034e-05,-8.96307,0.000128046
10,1,6,No,-4.50621e-05,-9.17481,0.00010361
10,2,6,No,-0.0352469,-3.36123,0.0346906
10,3,6,Yes,-2.43162,-0.0919356,0.91211
10,4,6,No,-0.00963745,-4.64076,0.00964975
10,5,6,Yes,-2.59945,-0.0771572,0.92569
10,6,6,No,-0.283201,-1.39962,0.246676
10,7,6,No,-0.0431496,-3.16317,0.0422889
10,8,6,No,-1.23247,-0.344624,0.708445
10,9,6,No,-0.0145066,-4.23631,0.01446
10,10,6,No,-0.00143279,-6.50815,0.00149115
10,11,6,No,-0.00290864,-5.82139,0.00296332
10,12,6,No,-0.000689804,-7.19672,0.000748996
10,13,6,No,-0.045219,-3.11743,0.0442684
10,14,6,Yes,-0.111871,-2.24526,0.105893
10,15,6,Yes,-1.04468,-0.43347,0.648218
10,16,6,No,-0.00284384,-5.8433,0.00289909
10,17,6,No,-0.00161683,-6.3919,0.00167498
10,18,6,Yes,-2.57374,-0.0792498,0.923754
10,19,6,Yes,-2.74746,-0.0661739,0.935913
10,20,6,Yes,-1.86821,-0.167639,0.84561
10,21,6,Yes,-4.37699,-0.0125818,0.987438
10,22,6,Yes,-3.02142,-0.0498977,0.951271
10,23,6,Yes,-2.75711,-0.0655159,0.936529
10,24,6,Yes,-2.5914,-0.077804,0.92509
10,25,6,Yes,-3.09,-0.0465075,0.954501
10,26,6,No,-0.0816699,-2.54488,0.0784781
10,27,6,No,-0.0112904,-4.48419,0.0112854
10,28,6,No,-0.973922,-0.474076,0.622423
10,29,6,Yes,-0.980112,-0.47034,0.624753
10,30,6,Yes,-4.36997,-0.0126723,0.987349
10,31,6,Yes,-2.49724,-0.0858336,0.917693
10,32,6,No,-0.474938,-0.972504,0.378113
10,33,6,Yes,-1.51235,-0.248887,0.779622
10,34,6,Yes,-0.795636,-0.600085,0.548733
10,35,6,No,-1.01139,-0.452012,0.636309
10,36,6,Yes,-3.12201,-0.0450066,0.955934
10,37,6,Yes,-4.58071,-0.0102402,0.989753
10,38,6,Yes,-1.85435,-0.170191,0.843454
10,39,6,No,-0.000677159,-7.21398,0.000736178
10,40,6,Yes,-3.10724,-0.0456926,0.955279
10,41,6,Yes,-2.40822,-0.0942186,0.91003
10,42,6,No,-3.48693e-05,-9.26975,9.42264e-05
10,43,6,Yes,-3.91407,-0.0201006,0.980042
10,44,6,Yes,-4.52995,-0.0107801,0.989219
10,45,6,No,-0.320733,-1.29302,0.274425
10,46,6,No,-1.24869,-0.338024,0.713136
10,47,6,Yes,-3.70256,-0.0249087,0.975341
10,48,6,Yes,-3.7084,-0.0247614,0.975485
10,49,6,No,-0.00640706,-5.04421,0.00644619
10,50,6,No,-0.00992065,-4.61204,0.00993089
10,51,6,No,-0.0403333,-3.22918,0.0395876
10,52,6,No,-0.00945861,-4.6593,0.00947251
10,53,6,No,-0.00768514,-4.86451,0.00771512
10,54,6,Yes,-4.49767,-0.0111373,0.988866
10,55,6,Yes,-0.982629,-0.468832,0.625696
10,56,6,Yes,-1.52525,-0.245273,0.782445
10,57,6,Yes,-3.62549,-0.0269364,0.973366
10,58,6,Yes,-4.58981,-0.0101468,0.989846
10,59,6,No,-0.000525851,-7.44326,0.000585337
10,60,6,Yes,-2.28993,-0.10671,0.898732
10,61,6,Yes,-4.89527,-0.00745109,0.992519
10,62,6,Yes,-4.52985,-0.0107811,0.989218
10,63,6,Yes,-0.28012,-1.40909,0.244351
10,64,6,Yes,-2.64295,-0.073746,0.928853
10,65,6,Yes,-2.79338,-0.0631045,0.938789
10,66,6,Yes,-1.61617,-0.221394,0.801353
10,67,6,Yes,-4.56569,-0.0103977,0.989598
10,68,6,No,-0.461693,-0.994678,0.369821
10,69,6,No,-0.0496932,-3.0254,0.0485356
10,70,6,Yes,-3.88782,-0.0206425,0.979511
10,71,6,No,-0.000800751,-7.05872,0.000859831
10,72,6,Yes,-1.2311,-0.345187,0.708046
10,73,6,No,-2.00274e-05,-9.43977,7.9494e-05
10,74,6,Yes,-2.39962,-0.0950731,0.909253
10,75,6,No,-0.471565,-0.978076,0.376012
10,76,6,No,-0.0410488,-3.21198,0.0402746
10,77,6,No,-6.61037e-05,-8.98457,0.000125321
10,78,6,Yes,-4.60966,-0.00994509,0.990045
10,79,6,Yes,-3.98262,-0.0187527,0.981364
10,80,6,Yes,-0.229806,-1.58294,0.205359
10,81,6,Yes,-0.324602,-1.28286,0.277227
10,82,6,No,-3.47147,-0.0315034,0.96893
10,83,6,Yes,-2.33282,-0.101992,0.902984
10,84,6,Yes,-2.16601,-0.121688,0.885373
10,85,6,Yes,-3.26232,-0.0389904,0.961703
10,86,6,Yes,-4.21244,-0.0148611,0.985191
10,87,6,Yes,-4.39244,-0.0123876,0.98763
10,88,6,Yes,-2.99789,-0.0511176,0.950111
10,89,6,Yes,-2.8533,-0.0593207,0.942349
10,90,6,Yes,-2.60499,-0.0767126,0.926101
10,91,6,Yes,-2.88227,-0.0575744,0.943996
10,92,6,Yes,-0.500741,-0.931462,0.393954
10,93,6,Yes,-2.46765,-0.0885303,0.915221
10,94,6,Yes,-0.424696,-1.06106,0.34607
10,95,6,Yes,-4.68832,-0.00918517,0.990798
10,96,6,Yes,-3.99131,-0.0185882,0.981526
10,97,6,No,-0.20313,-1.69344,0.183876
10,98,6,Yes,-3.16835,-0.0429221,0.95793
10,99,6,No,-0.0333931,-3.41426,0.0328986
10,100,6,No,-0.229421,-1.58443,0.205053
10,101,6,Yes,-2.05506,-0.136997,0.871922
10,102,6,Yes,-2.20367,-0.116914,0.889609
10,103,6,Yes,-1.28624,-0.323309,0.723708
10,104,6,No,-0.133781,-2.07723,0.12527
10,105,6,No,-0.802651,-0.594353,0.551887
10,106,6,No,-0.000204882,-8.23889,0.000264162
10,107,6,No,-0.0105314,-4.55303,0.0105347
10,108,6,No,-0.0122709,-4.40175,0.0122551
10,109,6,No,-0.0312873,-3.47823,0.0308602
10,110,6,Yes,-3.77864,-0.0230584,0.977148
10,111,6,No,-0.00162447,-6.38717,0.00168292
10,112,6,No,-0.00863406,-4.7495,0.00865555
10,113,6,No,-0.448605,-1.01738,0.361519
10,114,6,Yes,-3.02224,-0.0498555,0.951311
10,115,6,No,-2.36037e-05,-9.40383,8.24033e-05
10,116,6,No,-0.000126489,-8.58925,0.000186085
10,117,6,Yes,-4.93264,-0.00717442,0.992793
10,118,6,No,-0.389451,-1.13125,0.322611
10,119,6,No,-0.000183838,-8.32003,0.000243574
10,120,6,Yes,-4.79849,-0.00821721,0.991758
10,121,6,Yes,-4.548,-0.0105852,0.989412
10,122,6,No,-0.00747727,-4.89167,0.00750839
10,123,6,Yes,-3.978,-0.01884,0.981278
10,124,6,No,-0.00213613,-6.12233,0.00219321
10,125,6,No,-0.35208,-1.21458,0.296817
10,126,6,Yes,-2.79133,-0.0632391,0.938664
10,127,6,Yes,-3.39482,-0.0340614,0.966455
10,128,6,No,-0.16823,-1.86498,0.154891
10,129,6,No,-0.000125297,-8.59567,0.000184893
10,130,6,No,-9.32856e-05,-8.78821,0.000152511
10,131,6,No,-0.00011564,-8.65017,0.000175087
10,132,6,No,-0.000468125,-7.54747,0.000527413
10,133,6,Yes,-2.46709,-0.0885825,0.915173
10,134,6,Yes,-3.97221,-0.0189512,0.981169
10,135,6,No,-0.000485419,-7.51544,0.000544578
10,136,6,Yes,-0.469091,-0.982193,0.374467
10,137,6,Yes,-1.45201,-0.266627,0.765914
10,138,6,Yes,-0.259034,-1.47726,0.228249
10,139,6,Yes,-2.74082,-0.066629,0.935487
10,140,6,No,-0.313723,-1.31179,0.269321
10,141,6,Yes,-3.6217,-0.0270399,0.973264
10,142,6,No,-0.00148538,-6.47345,0.00154379
10,143,6,No,-3.31532,-0.0369364,0.96368
10,144,6,No,4.05311e-06,-9.80364,5.5247e-05
10,145,6,Yes,-2.49874,-0.0856992,0.917816
10,146,6,Yes,-2.24159,-0.112307,0.893717
10,147,6,Yes,-1.977,-0.148993,0.861524
10,148,6,Yes,-0.315432,-1.30717,0.270569
10,149,6,Yes,-3.73255,-0.0241625,0.97607
10,150,6,Yes,-3.19901,-0.0415959,0.9592
10,151,6,Yes,-0.580192,-0.820373,0.440242
10,152,6,Yes,-2.53065,-0.0828898,0.920397
10,153,6,Yes,-2.07268,-0.134434,0.874159
10,154,6,No,-3.00365,-0.0508158,0.950397
10,155,6,Yes,-3.61763,-0.027153,0.973155
10,156,6,Yes,-3.44328,-0.0324199,0.968042
10,157,6,Yes,-1.68735,-0.204507,0.815001
10,158,6,Yes,-2.13806,-0.125364,0.882123
10,159,6,Yes,-1.77301,-0.186045,0.830188
10,160,6,Yes,-2.96793,-0.0527158,0.948593
10,161,6,No,-3.69417,-0.0251226,0.975133
10,162,6,No,-0.602122,-0.793167,0.452384
10,163,6,Yes,-1.27846,-0.326292,0.721551
10,164,6,Yes,-4.27801,-0.013907,0.986131
10,165,6,No,-0.567314,-0.836988,0.432987
10,166,6,Yes,-4.21122,-0.0148795,0.985173
10,167,6,Yes,-1.97672,-0.149038,0.861486
10,168,6,No,-0.151032,-1.96441,0.140231
10,169,6,Yes,-2.02145,-0.14203,0.867544
10,170,6,Yes,-3.83746,-0.0217237,0.978453
10,171,6,Yes,-3.04789,-0.0485606,0.952544
10,172,6,No,-0.0857864,-2.49776,0.0822639
10,173,6,No,-0.00432016,-5.43288,0.00437024
10,174,6,Yes,-4.34608,-0.0129824,0.987043
10,175,6,Yes,-3.99825,-0.0184578,0.981653
10,176,6,No,-0.00228863,-6.05535,0.00234514
10,177,6,No,-0.0121139,-4.41448,0.0121002
10,178,6,Yes,-3.59871,-0.0276794,0.972643
10,179,6,No,-0.0112972,-4.48357,0.0112924
10,180,6,No,-0.0130269,-4.34266,0.0130012
10,181,6,No,-0.0607638,-2.82998,0.0590103
10,182,6,Yes,-2.80521,-0.0623377,0.93951
10,183,6,No,-0.83211,-0.571057,0.564895
10,184,6,No,-1.22672,-0.347001,0.706763
10,185,6,Yes,-4.09858,-0.0166752,0.983405
10,186,6,Yes,-2.40098,-0.0949367,0.909377
10,187,6,Yes,-0.5799,-0.820744,0.440078
10,188,6,Yes,-2.22597,-0.114181,0.892044
10,189,6,Yes,-2.33795,-0.101441,0.903481
10,190,6,Yes,-2.20687,-0.116517,0.889962
10,191,6,Yes,-1.49801,-0.252979,0.776439
10,192,6,No,-0.000218773,-8.18668,0.000278319
10,193,6,No,-0.00301392,-5.78657,0.00306831
10,194,6,Yes,-2.51815,-0.0839789,0.919396
10,195,6,No,-4.78041e-05,-9.13956,0.000107328
10,196,6,No,-0.000282327,-7.9816,0.000341674
10,197,6,No,-0.000716227,-7.16193,0.000775506
10,198,6,Yes,-0.248683,-1.51307,0.220219
10,199,6,No,-0.000124522,-8.60101,0.00018391
10,200,6,No,-1.10661,-0.401404,0.66934
10,201,6,No,-0.0100514,-4.59918,0.0100595
10,202,6,Yes,-4.69718,-0.00910294,0.99088
10,203,6,No,-0.000476474,-7.53231,0.000535466
10,204,6,Yes,-0.846546,-0.560077,0.571132
10,205,6,No,-5.99641e-05,-9.03381,0.0001193
10,206,6,Yes,-3.59363,-0.0278227,0.972503
10,207,6,Yes,-5.20738,-0.005431,0.994524
10,208,6,Yes,-3.78733,-0.0228557,0.977345
10,209,6,Yes,-4.51069,-0.0109919,0.98901
10,210,6,Yes,-0.328168,-1.27362,0.2798
10,211,6,Yes,-2.81691,-0.0615902,0.940213
10,212,6,Yes,-0.139221,-2.04004,0.130016
10,213,6,No,-1.78814e-06,-9.70056,6.12456e-05
10,214,6,No,-0.00127379,-6.62077,0.00133233
10,215,6,Yes,-4.08917,-0.0168346,0.983248
10,216,6,Yes,-4.9125,-0.00732169,0.992646
10,217,6,No,-0.00637389,-5.04942,0.00641268
10,218,6,Yes,-3.38285,-0.0344787,0.966051
10,219,6,Yes,-3.42724,-0.032954,0.967526
10,220,6,Yes,-3.9621,-0.0191462,0.980978
10,221,6,Yes,-1.36826,-0.293686,0.745466
10,222,6,No,-1.10273,-0.403325,0.668056
10,223,6,Yes,-4.81811,-0.0080549,0.991919
10,224,6,Yes,-2.57198,-0.079395,0.923621
10,225,6,Yes,-0.502772,-0.928345,0.395184
10,226,6,No,-0.0491893,-3.03534,0.0480553
10,227,6,No,-0.50392,-0.926591,0.395878
10,228,6,Yes,-2.42081,-0.0929827,0.911155
10,229,6,Yes,-4.81566,-0.00807491,0.991899
10,230,6,No,-0.000288647,-7.96241,0.000348292
10,231,6,Yes,-2.51386,-0.0843564,0.91905
10,232,6,Yes,-2.49159,-0.0863418,0.917227
10,233,6,Yes,-4.09416,-0.0167504,0.983331
10,234,6,No,-0.17376,-1.83533,0.159552
10,235,6,Yes,-2.93408,-0.0545832,0.946824
10,236,6,No,-0.000119038,-8.6294,0.00017876
10,237,6,No,-0.000308859,-7.90737,0.000367999
10,238,6,No,-0.00444576,-5.40473,0.004495
10,239,6,No,-0.0845363,-2.51182,0.0811157
10,240,6,Yes,-4.34264,-0.0130272,0.986998
10,241,6,No,-1.90735e-06,-9.71001,6.06693e-05
10,242,6,Yes,-0.258933,-1.4776,0.228171
10,243,6,Yes,-0.278094,-1.41538,0.242819
10,244,6,No,-0.000436163,-7.6096,0.000495641
10,245,6,No,-0.671546,-0.715105,0.489112
10,246,6,Yes,-3.23131,-0.0402451,0.960497
10,247,6,No,-0.370146,-1.17304,0.309408
10,248,6,Yes,-4.43678,-0.0118446,0.988167
10,249,6,No,-0.495272,-0.939933,0.390631
10,250,6,Yes,-3.0076,-0.05061,0.950593
10,251,6,Yes,-1.35599,-0.297912,0.742323
10,252,6,Yes,-3.35132,-0.0356054,0.964964
10,253,6,No,-0.00282531,-5.84977,0.0028804
10,254,6,No,-0.0183186,-4.00571,0.0182103
10,255,6,No,-0.000198384,-8.26367,0.000257696
10,256,6,Yes,-1.38977,-0.286448,0.750882
10,257,6,Yes,-5.04569,-0.00639836,0.993563
10,258,6,Yes,-3.47005,-0.0315491,0.968886
10,259,6,Yes,-3.58956,-0.0279369,0.972391
10,260,6,No,-0.0224735,-3.80396,0.022281
10,261,6,Yes,-0.65503,-0.732653,0.480604
10,262,6,Yes,-3.13658,-0.0443402,0.956572
10,263,6,Yes,-1.41585,-0.277944,0.757294
10,264,6,No,-0.000203273,-8.24488,0.000262585
10,265,6,Yes,-4.42113,-0.012033,0.98798
10,266,6,No,-0.000296875,-7.93973,0.000356281
10,267,6,Yes,-3.81239,-0.0222824,0.977906
10,268,6,No,-0.000764662,-7.10205,0.00082337
10,269,6,Yes,-2.64254,-0.0737766,0.928824
10,270,6,No,-0.0323648,-3.44496,0.0319041
10,271,6,Yes,-2.46238,-0.0890199,0.914773
10,272,6,No,-0.838534,-0.566137,0.567681
10,273,6,No,-0.00404483,-5.49765,0.00409614
10,274,6,No,-0.00664506,-5.00828,0.00668199
10,275,6,No,-0.00104028,-6.81378,0.00109846
10,276,6,Yes,-1.61721,-0.221137,0.801559
10,277,6,No,-0.16425,-1.88698,0.15152
10,278,6,Yes,-4.40527,-0.0122274,0.987788
10,279,6,No,-0.0163589,-4.11753,0.0162837
10,280,6,No,-3.54058e-05,-9.26435,9.47366e-05
10,281,6,No,-0.00359633,-5.6133,0.00364878
10,282,6,No,-0.000473134,-7.53733,0.000532784
10,283,6,Yes,-4.03991,-0.017695,0.982402
10,284,6,Yes,-3.79331,-0.0227181,0.97748
10,285,6,Yes,-3.61896,-0.0271152,0.973191
10,286,6,No,-0.00193527,-6.21817,0.00199277
10,287,6,Yes,-3.32295,-0.0366507,0.963956
10,288,6,No,-4.12473e-05,-9.20622,0.000100406
10,289,6,No,-1.36801,-0.293774,0.745401
10,290,6,Yes,-0.404873,-1.09962,0.332978
10,291,6,Yes,-4.84275,-0.00785645,0.992115
10,292,6,No,-0.000638808,-7.26711,0.000698084
10,293,6,Yes,-3.95991,-0.0191882,0.980936
10,294,6,Yes,-4.55063,-0.0105573,0.98944
10,295,6,Yes,-4.6847,-0.00921813,0.990765
10,296,6,No,-0.0732683,-2.6492,0.0707033
10,297,6,No,-0.00366937,-5.59343,0.003722
10,298,6,No,-0.00098044,-6.86848,0.00103999
10,299,6,No,-0.140183,-2.03362,0.130853
10,300,6,Yes,-2.15423,-0.123224,0.884014
10,301,6,Yes,-2.37845,-0.0972104,0.907312
10,302,6,Yes,-2.21829,-0.115113,0.891212
10,303,6,Yes,-0.586496,-0.812414,0.44376
10,304,6,Yes,-2.83524,-0.0604346,0.941299
10,305,6,Yes,-2.59059,-0.0778718,0.925029
10,306,6,Yes,-3.43295,-0.0327624,0.96771
10,307,6,Yes,-0.906423,-0.517361,0.596057
10,308,6,Yes,-0.903352,-0.519447,0.594815
10,309,6,No,-3.57778,-0.0282743,0.972064
10,310,6,No,-0.015931,-4.1437,0.0158631
10,311,6,No,-0.00303944,-5.77812,0.00309434
10,312,6,Yes,-2.59964,-0.0771426,0.925704
10,313,6,No,-0.0038637,-5.54288,0.003915
10,314,6,Yes,-4.87534,-0.00760195,0.992368
10,315,6,No,-0.000129768,-8.57077,0.000189556
10,316,6,No,-0.000650498,-7.25076,0.00070959
10,317,6,Yes,-4.43643,-0.0118485,0.988163
10,318,6,Yes,-5.03991,-0.00643567,0.993526
10,319,6,No,-0.0334274,-3.41324,0.0329322
10,320,6,No,-0.00816751,-4.80442,0.00819296
10,321,6,No,-0.00028191,-7.98371,0.000340951
10,322,6,No,-0.000115938,-8.64719,0.000175609
10,323,6,No,-0.000349225,-7.80224,0.000408794
10,324,6,No,-6.22292e-05,-9.0166,0.000121371
10,325,6,No,-0.00290757,-5.82174,0.00296229
10,326,6,No,-0.00923841,-4.68256,0.00925472
10,327,6,Yes,-3.99699,-0.0184814,0.98163
10,328,6,Yes,-3.94083,-0.0195631,0.980569
10,329,6,Yes,-4.52952,-0.0107843,0.989215
10,330,6,No,-0.577832,-0.82338,0.438919
10,331,6,No,-0.0606579,-2.83166,0.0589115
10,332,6,No,-0.214469,-1.6446,0.193078
10,333,6,Yes,-1.13434,-0.387985,0.678383
10,334,6,Yes,-4.68792,-0.00918836,0.990795
10,335,6,Yes,-4.22158,-0.014724,0.985325
10,336,6,Yes,-3.87675,-0.0208755,0.979283
10,337,6,Yes,-2.49243,-0.0862661,0.917296
10,338,6,Yes,-3.8361,-0.021753,0.978424
10,339,6,No,-1.65106e-05,-9.48926,7.56559e-05
10,340,6,No,-2.86702e-05,-9.34262,8.7604e-05
10,341,6,No,-2.18352,-0.119443,0.887362
10,342,6,No,-0.991722,-0.463431,0.629084
10,343,6,No,-0.000664574,-7.23094,0.000723799
10,344,6,Yes,-3.53568,-0.0295112,0.970863
10,345,6,Yes,-0.327131,-1.27629,0.279053
10,346,6,Yes,-2.34273,-0.100933,0.90394
10,347,6,No,-0.109058,-2.26933,0.103375
10,348,6,No,-0.000245363,-8.09598,0.000304743
10,349,6,No,-0.126327,-2.13088,0.118726
10,350,6,Yes,-0.376202,-1.15965,0.313577
10,351,6,No,-0.750829,-0.6385,0.528053
10,352,6,No,-0.14048,-2.03166,0.13111
10,353,6,Yes,-0.867678,-0.544497,0.580099
10,354,6,No,-0.0718743,-2.6677,0.0694074
10,355,6,No,-0.130688,-2.09909,0.122561
10,356,6,Yes,-1.61187,-0.222463,0.800497
10,357,6,Yes,-0.85259,-0.555563,0.573716
10,358,6,No,-0.263718,-1.46158,0.231856
10,359,6,No,-0.379539,-1.15239,0.315864
10,360,6,Yes,-1.20709,-0.355259,0.700951
10,361,6,Yes,-3.16086,-0.0432519,0.957613
10,362,6,Yes,-1.90581,-0.160924,0.851307
10,363,6,No,-8.08868e-05,-8.87507,0.000139824
10,364,6,No,-0.000111646,-8.67303,0.00017113
10,365,6,Yes,-3.68948,-0.0252414,0.975016
10,366,6,Yes,-3.12112,-0.0450488,0.955895
10,367,6,No,-1.16555,-0.373521,0.688266
10,368,6,Yes,-3.88434,-0.0207155,0.97944
10,369,6,Yes,-2.46252,-0.0890072,0.914785
10,370,6,Yes,-2.75271,-0.0658155,0.936249
10,371,6,No,-0.155204,-1.9392,0.143811
10,372,6,Yes,-3.58172,-0.0281616,0.972174
10,373,6,Yes,-3.99437,-0.0185301,0.981582
10,374,6,Yes,-3.39823,-0.033943,0.966569
10,375,6,Yes,-4.08268,-0.0169456,0.983139
10,376,6,Yes,-2.12897,-0.126585,0.881047
10,377,6,Yes,-1.33359,-0.305807,0.736485
10,378,6,No,-0.0224891,-3.80328,0.0222962
10,379,6,Yes,-1.33528,-0.305202,0.736931
10,380,6,Yes,-3.41818,-0.0332598,0.96723
10,381,6,Yes,-0.283104,-1.39992,0.246603
10,382,6,No,-1.83296,-0.174212,0.840069
10,383,6,Yes,-1.09658,-0.406394,0.666009
10,384,6,Yes,-3.95625,-0.0192593,0.980866
10,385,6,No,-0.0031531,-5.74213,0.00320775
10,386,6,Yes,-4.65506,-0.0094991,0.990487
10,387,6,No,-4.8877e-05,-9.13131,0.000108218
10,388,6,No,-0.000409926,-7.66463,0.000469103
10,389,6,No,-4.13069e-05,-9.20117,0.000100915
10,390,6,Yes,-4.37156,-0.012652,0.987369
10,391,6,Yes,-4.13736,-0.0160335,0.984036
10,392,6,Yes,-4.656,-0.00948972,0.990496
10,393,6,No,-0.0108189,-4.52637,0.0108192
10,394,6,Yes,-1.63123,-0.217696,0.804323
10,395,6,No,-0.098141,-2.36939,0.0935322
10,396,6,No,-0.0224507,-3.80498,0.0222583
10,397,6,No,-0.0224423,-3.80531,0.022251
10,398,6,Yes,-3.03926,-0.0489923,0.952132
10,399,6,No,-0.000288111,-7.96459,0.000347534
10,400,6,No,-0.000556922,-7.39246,0.000615842
10,401,6,No,-0.0939233,-2.41121,0.0897014
10,402,6,Yes,-2.61515,-0.075906,0.926848
10,403,6,Yes,-1.77342,-0.185959,0.830259
10,404,6,Yes,-2.91469,-0.0556839,0.945782
10,405,6,Yes,-3.76127,-0.0234678,0.976747
10,406,6,Yes,-5.04249,-0.0064184,0.993543
10,407,6,No,-1.46834,-0.261689,0.769705
10,408,6,Yes,-3.96267,-0.019135,0.980989
10,409,6,Yes,-4.28854,-0.0137595,0.986276
10,410,6,Yes,-3.46561,-0.0316914,0.968748
10,411,6,Yes,-1.38909,-0.286672,0.750714
10,412,6,Yes,-3.10879,-0.0456215,0.955348
10,413,6,Yes,-2.78537,-0.0636295,0.938297
10,414,6,Yes,-0.216618,-1.63567,0.19481
10,415,6,Yes,-1.23521,-0.343498,0.709244
10,416,6,Yes,-3.24192,-0.0398107,0.960914
10,417,6,Yes,-1.28894,-0.32228,0.724453
10,418,6,No,-0.0133325,-4.31972,0.0133028
10,419,6,No,-0.0313138,-3.4774,0.0308858
10,420,6,No,-0.222853,-1.6103,0.199815
10,421,6,Yes,-0.0504688,-3.01032,0.0492729
10,422,6,No,-0.0104738,-4.55842,0.010478
10,423,6,No,-0.0137857,-4.28668,0.0137497
10,424,6,No,-0.14984,-1.97175,0.139204
10,425,6,No,-0.0302954,-3.50988,0.0298987
10,426,6,No,-0.00179261,-6.29239,0.00185021
10,427,6,No,-0.000728634,-7.14637,0.000787673
10,428,6,Yes,-3.88102,-0.0207848,0.979372
10,429,6,Yes,-2.49959,-0.0856232,0.917886
10,430,6,No,-0.473958,-0.974118,0.377503
10,431,6,No,-1.06309,-0.423622,0.654633
10,432,6,Yes,-0.457231,-1.00233,0.367003
10,433,6,No,-0.0152787,-4.18501,0.0152211
10,434,6,No,-0.056928,-2.89321,0.0553945
10,435,6,Yes,-1.77999,-0.184621,0.831371
10,436,6,No,-0.288037,-1.38499,0.250311
10,437,6,No,-0.0106344,-4.54334,0.0106371
10,438,6,No,-0.000682468,-7.20693,0.000741385
10,439,6,Yes,-3.4896,-0.0309265,0.969489
10,440,6,No,-0.000506112,-7.47729,0.000565756
10,441,6,No,-0.000227954,-8.15451,0.000287418
10,442,6,No,-0.412087,-1.08532,0.337772
10,443,6,Yes,-3.21056,-0.0411082,0.959668
10,444,6,Yes,-3.99493,-0.0185194,0.981592
10,445,6,Yes,-3.61336,-0.0272703,0.97304
10,446,6,No,-4.43081,-0.0119164,0.988096
10,447,6,Yes,-1.2302,-0.345559,0.707783
10,448,6,No,-0.0420425,-3.18858,0.0412278
10,449,6,No,-0.101295,-2.33933,0.0963866
10,450,6,No,-0.0330012,-3.42584,0.03252
10,451,6,Yes,-2.28769,-0.106963,0.898506
10,452,6,No,-2.67536,-0.0713055,0.931122
10,453,6,Yes,-3.52008,-0.0299826,0.970405
10,454,6,No,-0.00473007,-5.34384,0.00477723
10,455,6,No,-0.000150275,-8.47139,0.000209362
10,456,6,Yes,-4.75168,-0.00861416,0.991363
10,457,6,No,-0.00135597,-6.56109,0.00141426
10,458,6,No,-4.17241e-05,-9.20017,0.000101016
10,459,6,Yes,-3.15873,-0.0433468,0.957523
10,460,6,No,-1.27669,-0.326978,0.721057
10,461,6,Yes,-2.57907,-0.0788102,0.92416
10,462,6,No,-0.0790808,-2.57579,0.0760891
10,463,6,No,-0.00568771,-5.16188,0.00573057
10,464,6,No,-0.000707161,-7.1746,0.000765743
10,465,6,No,-0.00107429,-6.78272,0.00113312
10,466,6,No,-5.32284e-05,-9.08921,0.00011287
10,467,6,No,-0.0356728,-3.34944,0.0351018
10,468,6,Yes,-3.24923,-0.0395154,0.961198
10,469,6,No,-0.00623695,-5.07089,0.00627649
10,470,6,No,-0.465582,-0.988085,0.372267
10,471,6,No,-0.0634169,-2.7886,0.0615033
10,472,6,No,-6.5448e-05,-8.99195,0.0001244
10,473,6,No,-0.000928893,-6.92014,0.000987629
10,474,6,No,-0.00714872,-4.93613,0.00718195
10,475,6,Yes,-3.52884,-0.0297172,0.970663
10,476,6,No,-1.06818,-0.420944,0.656388
10,477,6,Yes,-2.12456,-0.127182,0.880522
10,478,6,Yes,-4.48211,-0.0113137,0.988691
10,479,6,No,-0.00156967,-6.42043,0.00162785
10,480,6,No,-0.00180467,-6.28605,0.001862
10,481,6,No,-0.00174663,-6.31731,0.00180468
10,482,6,No,-0.0024858,-5.97475,0.002542
10,483,6,No,-0.0008857,-6.96448,0.0009448
10,484,6,Yes,-3.58302,-0.0281245,0.97221
10,485,6,Yes,-3.92552,-0.0198685,0.980269
10,486,6,Yes,-2.9697,-0.0526201,0.948684
10,487,6,Yes,-3.44814,-0.0322605,0.968197
10,488,6,No,-1.41047,-0.279674,0.755985
10,489,6,No,-0.058948,-2.8594,0.0572995
10,490,6,No,-0.00750184,-4.88843,0.00753279
10,491,6,Yes,-3.15888,-0.0433396,0.957529
10,492,6,No,-0.0108415,-4.52429,0.0108417
10,493,6,Yes,-3.72819,-0.024269,0.975965
10,494,6,Yes,-3.82044,-0.022101,0.978083
10,495,6,Yes,-2.17666,-0.120317,0.886587
10,496,6,Yes,-1.13349,-0.388384,0.678112
10,497,6,Yes,-0.356608,-1.20393,0.299994
10,498,6,Yes,-4.51597,-0.0109336,0.989068
10,499,6,Yes,-3.3267,-0.03651,0.964091
10,500,6,Yes,-3.62725,-0.0268879,0.973412
10,501,6,Yes,-0.0606557,-2.83171,0.0589083
10,502,6,Yes,-0.299681,-1.35091,0.258989
10,503,6,No,-0.814306,-0.584989,0.557079
10,504,6,Yes,-3.29953,-0.0375365,0.963102
10,505,6,Yes,-2.69048,-0.070196,0.932156
10,506,6,Yes,-2.20381,-0.116897,0.889625
10,507,6,No,-1.33883,-0.303936,0.737864
10,508,6,Yes,-3.99659,-0.0184886,0.981623
10,509,6,Yes,-4.18014,-0.0153544,0.984705
10,510,6,No,-0.126224,-2.13164,0.118635
10,511,6,No,-2.11116,-0.129014,0.87891
10,512,6,Yes,-4.27466,-0.0139545,0.986084
10,513,6,No,-0.00182031,-6.27739,0.00187818
10,514,6,Yes,-2.05853,-0.136488,0.872366
10,515,6,No,-0.549508,-0.860797,0.4228
10,516,6,Yes,-2.76852,-0.0647484,0.937249
10,517,6,No,-1.02056,-0.446811,0.639627
10,518,6,No,-1.424,-0.275347,0.759264
10,519,6,Yes,-3.68388,-0.0253863,0.974876
10,520,6,Yes,-4.22575,-0.0146623,0.985386
10,521,6,No,-0.422976,-1.06431,0.344945
10,522,6,Yes,-1.6691,-0.208696,0.811594
10,523,6,No,-0.9702,-0.476342,0.621015
10,524,6,No,-2.52893,-0.0830399,0.92026
10,525,6,No,-0.000758518,-7.10872,0.000817893
10,526,6,Yes,-4.22298,-0.0147032,0.985346
10,527,6,Yes,-2.55652,-0.0806848,0.922431
10,528,6,No,-0.35886,-1.1987,0.301569
10,529,6,No,-0.000664276,-7.23161,0.000723311
10,530,6,Yes,-3.20694,-0.0412601,0.959522
10,531,6,No,-0.474571,-0.973107,0.377885
10,532,6,No,-1.71768,-0.197748,0.820528
10,533,6,No,-0.000120468,-8.62384,0.000179757
10,534,6,No,2.02656e-06,-9.76542,5.73994e-05
10,535,6,No,-3.07565e-05,-9.31482,9.00742e-05
10,536,6,No,-1.48417e-05,-9.50297,7.46257e-05
10,537,6,No,-0.0162908,-4.12164,0.0162169
10,538,6,No,-0.0198176,-3.92807,0.0196805
10,539,6,Yes,-3.28239,-0.0381991,0.962464
10,540,6,Yes,-0.129465,-2.10789,0.121487
10,541,6,No,-0.0922429,-2.42842,0.0881706
10,542,6,No,-4.7208e-05,-9.14475,0.000106773
10,543,6,No,-0.0820148,-2.54083,0.0787962
10,544,6,Yes,-2.79874,-0.0627565,0.939117
10,545,6,No,-2.26498e-06,-9.69555,6.15529e-05
10,546,6,No,-0.000171736,-8.37353,0.000230886
10,547,6,Yes,-3.21282,-0.0410126,0.959759
10,548,6,Yes,-2.69341,-0.0699832,0.932354
10,549,6,Yes,-3.48587,-0.031045,0.969375
10,550,6,No,-7.37337e-05,-8.92357,0.000133204
10,551,6,No,-0.00101618,-6.83524,0.00107514
10,552,6,No,-0.869897,-0.542894,0.58103
10,553,6,No,-0.000119991,-8.62505,0.000179541
10,554,6,No,-1.51504,-0.248128,0.780214
10,555,6,Yes,-0.296523,-1.36,0.256645
10,556,6,Yes,-1.34359,-0.302253,0.739108
10,557,6,No,-0.00461342,-5.36821,0.0046622
10,558,6,No,-0.00966845,-4.63751,0.00968122
10,559,6,Yes,-3.08589,-0.0467041,0.954313
10,560,6,No,-0.000429842,-7.62232,0.000489376
10,561,6,Yes,-2.32423,-0.102919,0.902147
10,562,6,Yes,-2.99483,-0.0512788,0.949958
10,563,6,Yes,-4.45703,-0.0116049,0.988404
10,564,6,Yes,-5.05771,-0.00632062,0.99364
10,565,6,Yes,-3.29333,-0.0377751,0.962872
10,566,6,No,-1.86939,-0.167424,0.845791
10,567,6,Yes,-2.22811,-0.113923,0.892275
10,568,6,Yes,-0.405331,-1.0987,0.333283
10,569,6,Yes,-0.828933,-0.57351,0.563511
10,570,6,Yes,-1.23806,-0.34233,0.710072
10,571,6,Yes,-2.2494,-0.111382,0.894544
10,572,6,Yes,-3.44219,-0.0324561,0.968007
10,573,6,No,-0.359069,-1.19821,0.301715
10,574,6,No,-1.25171e-05,-9.53944,7.19528e-05
10,575,6,Yes,-5.03063,-0.00649675,0.993466
10,576,6,Yes,-0.917408,-0.509984,0.60047
10,577,6,No,-0.0413197,-3.20554,0.0405348
10,578,6,Yes,-3.09187,-0.0464184,0.954586
10,579,6,No,-0.122471,-2.15998,0.11532
10,580,6,No,-0.00511096,-5.26731,0.00515716
10,581,6,No,-0.00272896,-5.88355,0.0027847
10,582,6,No,-0.0113466,-4.47926,0.0113411
10,583,6,Yes,-2.8862,-0.0573415,0.944216
10,584,6,Yes,-4.39417,-0.0123659,0.987652
10,585,6,Yes,-1.35636,-0.297783,0.742419
10,586,6,No,-0.0181835,-4.01303,0.0180775
10,587,6,No,-0.0478106,-3.06304,0.0467425
10,588,6,No,-0.01111,-4.50009,0.0111073
10,589,6,No,-0.00335146,-5.68234,0.00340536
10,590,6,Yes,-3.84328,-0.0215954,0.978578
10,591,6,No,-0.0160292,-4.13763,0.0159597
10,592,6,No,-0.0165414,-4.10656,0.0164634
10,593,6,Yes,-0.0634634,-2.78789,0.0615472
10,594,6,No,-2.98033,-0.0520487,0.949227
10,595,6,No,-0.567579,-0.836644,0.433137
10,596,6,Yes,-1.24998,-0.337506,0.713506
10,597,6,Yes,-4.5089,-0.0110119,0.98899
10,598,6,Yes,-0.32923,-1.27089,0.280565
10,599,6,Yes,-2.11759,-0.128132,0.879686
10,600,6,Yes,-0.467432,-0.984972,0.373428
10,601,6,Yes,-0.517544,-0.906151,0.404053
10,602,6,No,-0.367125,-1.17981,0.307318
10,603,6,Yes,-4.12305,-0.0162675,0.983806
10,604,6,No,-0.7828,-0.610767,0.542902
10,605,6,No,-0.000655508,-7.2434,0.000714831
10,606,6,No,-0.000333424,-7.8437,0.000392192
10,607,6,No,-0.0217825,-3.83474,0.0216056
10,608,6,Yes,-0.737535,-0.650533,0.521737
10,609,6,No,-0.000437594,-7.60703,0.000496915
10,610,6,No,-0.0854381,-2.50166,0.0819441
10,611,6,Yes,-1.89107,-0.163521,0.849099
10,612,6,Yes,-0.71302,-0.673547,0.509867
10,613,6,Yes,-2.05253,-0.137368,0.871598
10,614,6,Yes,-4.34432,-0.0130055,0.98702
10,615,6,No,-2.11216,-0.128877,0.879031
10,616,6,Yes,-1.92589,-0.157458,0.854263
10,617,6,Yes,-4.58857,-0.0101593,0.989833
10,618,6,Yes,-2.02712,-0.141167,0.868294
10,619,6,Yes,-3.13547,-0.0443911,0.956523
10,620,6,Yes,-4.21081,-0.0148849,0.985166
10,621,6,No,-0.0621208,-2.80859,0.0602864
10,622,6,Yes,-3.82983,-0.0218909,0.978288
10,623,6,Yes,-0.418916,-1.07207,0.342279
10,624,6,Yes,-3.09669,-0.0461901,0.954804
10,625,6,Yes,-2.04052,-0.13915,0.870047
10,626,6,Yes,-5.08552,-0.00614483,0.993815
10,627,6,No,-4.34527e-05,-9.18322,0.000102743
10,628,6,Yes,-3.36902,-0.0349684,0.965579
10,629,6,Yes,-1.67608,-0.207082,0.812906
10,630,6,Yes,-0.706238,-0.68011,0.506532
10,631,6,Yes,-2.73945,-0.0667245,0.935398
10,632,6,Yes,-1.39822,-0.28366,0.752979
10,633,6,Yes,-0.682981,-0.703301,0.49492
10,634,6,Yes,-1.8154,-0.177589,0.837237
10,635,6,No,-0.00308309,-5.76432,0.00313734
10,636,6,No,-0.466907,-0.985854,0.373099
10,637,6,Yes,-2.42013,-0.0930486,0.911095
10,638,6,Yes,-2.2543,-0.110806,0.895059
10,639,6,Yes,-0.206445,-1.67885,0.186577
10,640,6,No,-0.00143941,-6.50386,0.00149756
10,641,6,No,-0.194735,-1.73157,0.176996
10,642,6,No,-0.284398,-1.39597,0.247578
10,643,6,Yes,-3.70845,-0.0247594,0.975486
10,644,6,Yes,-3.7543,-0.0236341,0.976585
10,645,6,Yes,-2.61142,-0.0762018,0.926574
10,646,6,Yes,-1.66118,-0.210544,0.810096
10,647,6,Yes,-0.68351,-0.702758,0.495188
10,648,6,No,-0.000855633,-6.99664,0.000914894
10,649,6,No,-1.85026,-0.170951,0.842813
10,650,6,No,-0.293575,-1.36859,0.25445
10,651,6,Yes,-2.9586,-0.0532248,0.948111
10,652,6,No,-0.91102,-0.514257,0.59791
10,653,6,No,-0.000181811,-8.32962,0.00024125
10,654,6,Yes,-0.813901,-0.585311,0.5569
10,655,6,Yes,-4.18126,-0.0153374,0.984722
10,656,6,No,-2.49799,-0.0857669,0.917754
10,657,6,Yes,-0.916369,-0.510675,0.600055
10,658,6,Yes,-4.43066,-0.0119176,0.988094
10,659,6,Yes,-0.682531,-0.703759,0.494693
10,660,6,Yes,-4.19288,-0.0151572,0.984898
10,661,6,No,-1.56829,-0.233627,0.791611
10,662,6,Yes,-2.48774,-0.0866893,0.916907
10,663,6,No,-0.098835,-2.36268,0.0941621
10,664,6,No,-0.000829802,-7.02534,0.000889009
10,665,6,No,-9.53679e-06,-9.58784,6.85533e-05
10,666,6,Yes,-4.2737,-0.0139681,0.986071
10,667,6,Yes,-2.80687,-0.0622316,0.93961
10,668,6,Yes,-3.91493,-0.0200828,0.980059
10,669,6,Yes,-3.17445,-0.0426546,0.958185
10,670,6,Yes,-1.23237,-0.344666,0.708416
10,671,6,No,-0.00114805,-6.71985,0.00120665
10,672,6,No,-0.00461294,-5.36846,0.00466105
10,673,6,No,-0.000448089,-7.58635,0.000507297
10,674,6,No,-9.87102e-05,-8.75336,0.00015792
10,675,6,No,-5.86527e-05,-9.04476,0.000118001
10,676,6,No,-3.15314e-05,-9.30948,9.05562e-05
10,677,6,Yes,-2.27897,-0.107953,0.897616
10,678,6,No,-0.00659238,-5.01612,0.0066298
10,679,6,No,-2.7606,-0.0652796,0.93675
10,680,6,No,-0.00222477,-6.08271,0.00228186
10,681,6,No,-0.000637854,-7.26837,0.000697209
10,682,6,No,-0.0379459,-3.28893,0.0372915
10,683,6,Yes,-1.3541,-0.29857,0.741835
10,684,6,No,-0.887775,-0.530199,0.588454
10,685,6,No,-0.180834,-1.79888,0.165475
10,686,6,No,-0.0052807,-5.23511,0.0053259
10,687,6,No,-0.000251921,-8.07336,0.000311715
10,688,6,No,-2.83722e-05,-9.34113,8.77348e-05
10,689,6,Yes,-4.88188,-0.00755156,0.992418
10,690,6,No,-0.113498,-2.23163,0.107347
10,691,6,Yes,-1.68843,-0.204262,0.815201
10,692,6,No,-5.56127e-05,-9.07126,0.000114915
10,693,6,No,-0.00153767,-6.44028,0.00159586
10,694,6,No,-0.00348914,-5.64294,0.00354222
10,695,6,No,-0.000730125,-7.14518,0.000788606
10,696,6,Yes,-1.40148,-0.282593,0.753782
10,697,6,No,-0.000392395,-7.70202,0.000451886
10,698,6,No,-3.07565e-05,-9.31304,9.02343e-05
10,699,6,No,-0.000708891,-7.17175,0.00076793
10,700,6,No,-0.000994819,-6.85549,0.00105359
10,701,6,Yes,-2.48834,-0.0866355,0.916957
10,702,6,Yes,-1.85774,-0.169563,0.843984
10,703,6,No,-0.0885416,-2.46753,0.084789
10,704,6,No,-0.0118571,-4.43572,0.0118459
10,705,6,No,-0.0190853,-3.96521,0.0189629
10,706,6,No,-0.722342,-0.664666,0.514415
10,707,6,No,-0.000667139,-7.22706,0.000726609
10,708,6,No,-0.000151228,-8.46434,0.000210841
10,709,6,Yes,-4.83779,-0.00789604,0.992076
10,710,6,Yes,-1.1322,-0.388999,0.677695
10,711,6,No,-0.00192147,-6.22518,0.00197884
10,712,6,No,-0.00274056,-5.87949,0.00279604
10,713,6,No,-0.275345,-1.424,0.240735
10,714,6,Yes,-2.94446,-0.0540036,0.947373
10,715,6,Yes,-2.13828,-0.125335,0.882149
10,716,6,Yes,-2.41532,-0.0935189,0.910667
10,717,6,No,-2.76569e-05,-9.35597,8.64431e-05
10,718,6,No,-0.000110871,-8.67459,0.000170862
10,719,6,No,-0.000602188,-7.32137,0.000661219
10,720,6,No,-0.00129933,-6.60158,0.00135814
10,721,6,No,-0.00073442,-7.13888,0.000793595
10,722,6,No,-0.000636363,-7.27073,0.000695561
10,723,6,No,-0.60741,-0.786802,0.455272
10,724,6,No,-0.000252338,-8.07398,0.000311524
10,725,6,No,-0.190135,-1.75324,0.173201
10,726,6,No,-1.10442,-0.402488,0.668615
10,727,6,Yes,-4.71994,-0.00889563,0.991085
10,728,6,Yes,-4.36582,-0.0127252,0.987297
10,729,6,No,-0.00660162,-5.01474,0.00663896
10,730,6,Yes,-4.48892,-0.0112363,0.988768
10,731,6,Yes,-1.87357,-0.166664,0.846434
10,732,6,Yes,-3.70356,-0.0248832,0.975366
10,733,6,Yes,-4.16742,-0.0155532,0.984509
10,734,6,Yes,-0.507596,-0.921007,0.398094
10,735,6,No,-0.00261864,-5.92408,0.0026741
10,736,6,Yes,-0.7332,-0.654524,0.519659
10,737,6,No,-0.242852,-1.534,0.215658
10,738,6,Yes,-0.396507,-1.11659,0.327374
10,739,6,No,-0.000667556,-7.22607,0.000727332
10,740,6,No,-0.698017,-0.688184,0.502458
10,741,6,Yes,-1.45213,-0.26659,0.765942
10,742,6,Yes,-3.28985,-0.0379099,0.962743
10,743,6,Yes,-3.16023,-0.0432805,0.957586
10,744,6,No,-0.254293,-1.49346,0.224581
10,745,6,Yes,-2.205,-0.11675,0.889755
10,746,6,Yes,-0.775313,-0.617114,0.539468
10,747,6,Yes,-1.87067,-0.16719,0.845988
10,748,6,Yes,-0.213983,-1.64664,0.192685
10,749,6,No,-0.000512851,-7.46542,0.000572509
10,750,6,Yes,-3.75264,-0.0236743,0.976546
10,751,6,Yes,-3.82783,-0.0219364,0.978244
10,752,6,No,-0.0789006,-2.57798,0.075923
10,753,6,No,-0.34478,-1.23209,0.291666
10,754,6,Yes,-3.23741,-0.0399956,0.960737
10,755,6,Yes,-4.35135,-0.0129135,0.987111
10,756,6,Yes,-4.59412,-0.0101028,0.989889
10,757,6,Yes,-4.12562,-0.0162247,0.983847
10,758,6,Yes,-2.70452,-0.0691819,0.933102
10,759,6,No,-4.82213e-05,-9.14397,0.000106856
10,760,6,No,-2.40778,-0.0942625,0.90999
10,761,6,No,-0.0124333,-4.38874,0.0124156
10,762,6,No,-0.23544,-1.56143,0.209823
10,763,6,Yes,-3.8705,-0.021008,0.979153
10,764,6,Yes,-4.89013,-0.0074894,0.99248
10,765,6,No,-0.000738238,-7.13412,0.000797376
10,766,6,Yes,-4.6277,-0.00976475,0.990223
10,767,6,Yes,-2.30361,-0.105181,0.900109
10,768,6,Yes,-3.89369,-0.0205206,0.979631
10,769,6,Yes,-2.92551,-0.0550674,0.946366
10,770,6,Yes,-0.490352,-0.947656,0.387626
10,771,6,No,-0.884099,-0.532777,0.586938
10,772,6,Yes,-4.10162,-0.0166244,0.983455
10,773,6,No,-0.00667824,-5.00334,0.00671506
10,774,6,Yes,-4.10829,-0.0165124,0.983565
10,775,6,No,-0.0162126,-4.12635,0.0161408
10,776,6,Yes,-1.6688,-0.208765,0.811538
10,777,6,No,-0.219018,-1.62581,0.19674
10,778,6,No,-1.51617,-0.247811,0.780461
10,779,6,Yes,-3.58693,-0.0280127,0.972318
10,780,6,Yes,-2.84534,-0.0598088,0.941889
10,781,6,Yes,-4.35602,-0.0128523,0.987171
10,782,6,No,-1.70267,-0.201061,0.817815
10,783,6,No,-0.00770177,-4.86245,0.00773109
10,784,6,No,-3.5823e-05,-9.25973,9.5175e-05
10,785,6,No,-0.916772,-0.510407,0.600216
10,786,6,No,-0.00157122,-6.41963,0.00162916
10,787,6,No,-0.0009947,-6.85579,0.00105328
10,788,6,No,-0.0120595,-4.419,0.0120456
10,789,6,No,-0.00694331,-4.9649,0.00697825
10,790,6,Yes,-3.3203,-0.0367495,0.96386
10,791,6,No,-0.0630169,-2.79473,0.0611278
10,792,6,No,-0.11177,-2.24611,0.105803
10,793,6,No,-0.0214452,-3.85013,0.0212757
10,794,6,No,-0.00909759,-4.69774,0.00911533
10,795,6,No,-0.175965,-1.82379,0.161403
10,796,6,Yes,-1.26049,-0.333317,0.716501
10,797,6,Yes,-0.801167,-0.59556,0.551221
10,798,6,No,-2.2595,-0.110199,0.895603
10,799,6,No,-2.67557,-0.0712889,0.931137
10,800,6,Yes,-1.99154,-0.146676,0.863523
10,801,6,No,-0.00026146,-8.04425,0.000320923
10,802,6,Yes,-4.48713,-0.0112564,0.988748
10,803,6,No,-0.910179,-0.514823,0.597571
10,804,6,No,-0.0618518,-2.8128,0.0600332
10,805,6,Yes,-0.28584,-1.39161,0.248661
10,806,6,No,-0.00356026,-5.62307,0.0036133
10,807,6,Yes,-3.54203,-0.0293212,0.971047
10,808,6,No,-0.000276365,-7.99869,0.000335881
10,809,6,Yes,-3.8915,-0.0205652,0.979587
10,810,6,Yes,-0.0865326,-2.48947,0.0829493
10,811,6,No,-0.666464,-0.720442,0.486509
10,812,6,No,-0.00436279,-5.42337,0.00441201
10,813,6,No,-0.600906,-0.794641,0.451717
10,814,6,No,-0.0149689,-4.20531,0.0149153
10,815,6,No,-0.0596203,-2.84839,0.0579339
10,816,6,Yes,-2.72311,-0.0678626,0.934334
10,817,6,Yes,-3.37057,-0.0349137,0.965632
10,818,6,Yes,-1.21895,-0.35024,0.704477
10,819,6,No,-0.0388198,-3.26661,0.0381334
10,820,6,Yes,-2.10588,-0.129744,0.878268
10,821,6,Yes,-3.58533,-0.0280575,0.972274
10,822,6,Yes,-4.21422,-0.0148341,0.985217
10,823,6,Yes,-3.4792,-0.0312571,0.96917
10,824,6,Yes,-4.76922,-0.00846333,0.991514
10,825,6,Yes,-1.2152,-0.35182,0.703365
10,826,6,Yes,-0.00875179,-4.73603,0.00877285
10,827,6,No,-0.000599087,-7.32623,0.000658008
10,828,6,Yes,-3.21193,-0.0410505,0.959723
10,829,6,Yes,-3.49894,-0.0306344,0.969773
10,830,6,No,-1.69279e-05,-9.4899,7.56073e-05
10,831,6,No,-1.58325,-0.229724,0.794706
10,832,6,Yes,-3.62703,-0.0268947,0.973406
10,833,6,Yes,-4.49248,-0.0111967,0.988808
10,834,6,Yes,-1.86592,-0.168058,0.845255
10,835,6,Yes,-3.33781,-0.0360991,0.964487
10,836,6,Yes,-2.27869,-0.107985,0.897588
10,837,6,Yes,-3.10888,-0.045617,0.955351
10,838,6,Yes,-2.81112,-0.0619596,0.939866
10,839,6,No,-7.42701e-05,-8.92359,0.000133201
10,840,6,Yes,-0.637565,-0.751877,0.471453
10,841,6,No,-1.12122,-0.394265,0.674136
10,842,6,No,-3.60019e-05,-9.266,9.45808e-05
10,843,6,Yes,-3.99131,-0.0185879,0.981526
10,844,6,Yes,-1.9323,-0.156368,0.855194
10,845,6,No,-0.00388548,-5.53726,0.00393708
10,846,6,Yes,-0.114405,-2.22413,0.108156
10,847,6,No,-0.000262831,-8.04056,0.00032211
10,848,6,No,-0.000505575,-7.47836,0.000565148
10,849,6,Yes,-2.58531,-0.0783009,0.924632
10,850,6,No,-0.000100677,-8.74562,0.000159148
10,851,6,Yes,-3.55916,-0.0288147,0.971539
10,852,6,No,-0.123809,-2.14978,0.116503
10,853,6,Yes,-0.537987,-0.876743,0.416112
10,854,6,Yes,-4.40689,-0.0122078,0.987808
10,855,6,No,-0.638771,-0.750527,0.47209
10,856,6,No,-0.0230413,-3.77933,0.0228366
10,857,6,No,-0.0766979,-2.60518,0.0738852
10,858,6,No,-0.0789305,-2.57761,0.0759508
10,859,6,Yes,-0.682223,-0.704074,0.494537
10,860,6,No,-0.518575,-0.904633,0.404667
10,861,6,Yes,-3.20249,-0.0414492,0.959342
10,862,6,No,-0.048035,-3.05849,0.0469559
10,863,6,No,-0.0013509,-6.5647,0.00140916
10,864,6,Yes,-3.89616,-0.0204686,0.979681
10,865,6,No,-0.000229206,-8.14988,0.000288753
10,866,6,No,-0.000340281,-7.82534,0.000399459
10,867,6,No,-0.000303136,-7.92177,0.000362737
10,868,6,Yes,-1.00914,-0.453302,0.635489
10,869,6,Yes,-0.599901,-0.795861,0.451166
10,870,6,No,-0.00111463,-6.7482,0.00117292
10,871,6,No,-0.00347036,-5.64819,0.00352369
10,872,6,Yes,-3.27265,-0.038581,0.962097
10,873,6,Yes,-3.13007,-0.044638,0.956288
10,874,6,Yes,-2.41519,-0.0935326,0.910655
10,875,6,No,-0.102486,-2.32823,0.0974626
10,876,6,Yes,-1.83356,-0.174097,0.840166
10,877,6,No,-0.00942461,-4.66285,0.00943894
10,878,6,Yes,-4.51088,-0.0109891,0.989012
10,879,6,Yes,-1.90953,-0.160275,0.851859
10,880,6,Yes,-4.5201,-0.010888,0.989113
10,881,6,No,-0.0115905,-4.45818,0.0115828
10,882,6,Yes,-4.39312,-0.0123797,0.987639
10,883,6,Yes,-4.71901,-0.00890374,0.991077
10,884,6,Yes,-0.967605,-0.477928,0.62003
10,885,6,Yes,-2.27564,-0.108334,0.897275
10,886,6,Yes,-3.96639,-0.0190632,0.981059
10,887,6,No,-0.904749,-0.518496,0.59538
10,888,6,Yes,-0.578244,-0.822854,0.439151
10,889,6,Yes,-0.282851,-1.40069,0.246412
10,890,6,Yes,-1.54489,-0.239879,0.786677
10,891,6,Yes,-4.00442,-0.0183434,0.981766
10,892,6,Yes,-4.38283,-0.0125083,0.987511
10,893,6,Yes,-4.38928,-0.0124276,0.987591
10,894,6,Yes,-4.38725,-0.0124533,0.987566
10,895,6,Yes,-3.7963,-0.0226483,0.977548
10,896,6,No,-7.76083e-05,-8.89446,0.000137139
10,897,6,No,-5.18574e-05,-9.10955,0.000110598
10,898,6,Yes,-2.94211,-0.0541346,0.947249
10,899,6,No,-0.000289363,-7.9613,0.00034868
10,900,6,No,-0.000119097,-8.63337,0.000178052
10,901,6,Yes,-4.674,-0.00931902,0.990666
10,902,6,Yes,-1.27379,-0.328104,0.720246
10,903,6,No,-0.0362477,-3.33378,0.0356559
10,904,6,Yes,-3.99276,-0.0185611,0.981552
10,905,6,Yes,-4.05073,-0.0175028,0.982591
10,906,6,Yes,-4.33092,-0.0131831,0.986845
10,907,6,No,-0.0538668,-2.94692,0.0524982
10,908,6,No,-0.380578,-1.15014,0.316574
10,909,6,No,-0.278747,-1.41335,0.243313
10,910,6,Yes,-1.49869,-0.252784,0.77659
10,911,6,No,-0.000192661,-8.28548,0.000252137
10,912,6,Yes,-0.846216,-0.560325,0.57099
10,913,6,No,-0.259603,-1.47533,0.228688
10,914,6,No,-0.00122652,-6.65652,0.00128553
10,915,6,Yes,-3.57262,-0.0284227,0.97192
10,916,6,No,-0.00446349,-5.40066,0.00451333
10,917,6,Yes,-1.60464,-0.224272,0.79905
10,918,6,Yes,-3.46434,-0.0317323,0.968708
10,919,6,Yes,-4.66433,-0.00941017,0.990575
10,920,6,Yes,-2.21464,-0.115562,0.890813
10,921,6,No,-0.00671862,-4.99735,0.00675545
10,922,6,No,-0.142271,-2.01986,0.132666
10,923,6,Yes,-3.84315,-0.021598,0.978575
10,924,6,Yes,-4.75787,-0.00856168,0.991417
10,925,6,Yes,-0.323736,-1.28512,0.276601
10,926,6,Yes,-4.70296,-0.00905043,0.990932
10,927,6,Yes,-3.27087,-0.0386513,0.962029
10,928,6,No,-0.00126281,-6.62886,0.00132159
10,929,6,No,-5.87123e-05,-9.04531,0.000117937
10,930,6,Yes,-1.95833,-0.152027,0.858915
10,931,6,No,-0.0221112,-3.81998,0.0219269
10,932,6,No,-0.0110481,-4.5056,0.0110463
10,933,6,Yes,-2.30602,-0.104913,0.900349
10,934,6,No,-0.000443915,-7.59466,0.000503102
10,935,6,No,-0.00133066,-6.57935,0.00138867
10,936,6,Yes,-3.17398,-0.0426748,0.958166
10,937,6,No,-0.00114101,-6.72546,0.00119989
10,938,6,No,-0.00574807,-5.15143,0.0057908
10,939,6,No,-0.00616354,-5.08259,0.00620347
10,940,6,Yes,-3.04673,-0.0486175,0.952489
10,941,6,No,-0.00628415,-5.06341,0.00632359
10,942,6,No,-0.0209212,-3.87455,0.0207624
10,943,6,Yes,-4.95076,-0.00704355,0.992922
10,944,6,Yes,-0.310062,-1.32179,0.266642
10,945,6,No,-0.0397766,-3.24277,0.0390531
10,946,6,Yes,-2.20379,-0.116899,0.889623
10,947,6,Yes,-0.428025,-1.0548,0.348243
10,948,6,Yes,-3.71372,-0.0246278,0.975615
10,949,6,Yes,-4.58518,-0.0101939,0.989799
10,950,6,No,-0.00380308,-5.55826,0.00385525
10,951,6,Yes,-3.29644,-0.0376558,0.962988
10,952,6,Yes,-1.00142,-0.457757,0.632664
10,953,6,Yes,-1.7034,-0.200898,0.817948
10,954,6,Yes,-3.59291,-0.0278431,0.972483
10,955,6,Yes,-0.883298,-0.533341,0.586607
10,956,6,Yes,-4.08014,-0.0169902,0.983096
10,957,6,Yes,-3.47599,-0.031358,0.969071
10,958,6,Yes,-4.05443,-0.0174373,0.982656
10,959,6,No,-0.00703593,-4.95184,0.00706996
10,960,6,No,-0.00445487,-5.4027,0.00450412
10,961,6,Yes,-3.46744,-0.0316326,0.968805
10,962,6,No,-0.00105174,-6.80266,0.00111075
10,963,6,No,-0.0682111,-2.71815,0.0659925
10,964,6,No,-0.528062,-0.890838,0.410288
10,965,6,No,-0.00115939,-6.71039,0.00121812
10,966,6,No,-0.0179455,-4.02606,0.0178435
10,967,6,No,-0.0294883,-3.53644,0.0291152
10,968,6,No,-1.5022,-0.251777,0.777372
10,969,6,Yes,-1.09497,-0.407205,0.665469
10,970,6,Yes,-3.75853,-0.023534,0.976683
10,971,6,Yes,-3.17248,-0.0427406,0.958103
10,972,6,No,-0.0213049,-3.85666,0.0211373
10,973,6,No,-0.0693256,-2.70252,0.0670322
10,974,6,Yes,-1.66722,-0.209133,0.81124
10,975,6,No,-0.476908,-0.969272,0.379337
10,976,6,No,-0.420179,-1.06965,0.34311
10,977,6,Yes,-1.00106,-0.457965,0.632532
10,978,6,Yes,-3.22114,-0.0406666,0.960093
10,979,6,Yes,-0.300179,-1.34949,0.259357
10,980,6,Yes,-0.4109,-1.08766,0.336986
10,981,6,Yes,-0.3445,-1.23277,0.291468
10,982,6,Yes,-0.247431,-1.51752,0.219241
10,983,6,Yes,-2.24339,-0.112093,0.893908
10,984,6,No,-0.491958,-0.945127,0.388608
10,985,6,No,-0.986039,-0.466798,0.62697
10,986,6,Yes,-0.914117,-0.51218,0.599153
10,987,6,Yes,-0.965145,-0.479439,0.619094
10,988,6,Yes,-3.26393,-0.0389273,0.961764
10,989,6,Yes,-1.51981,-0.24679,0.781259
10,990,6,Yes,-0.525625,-0.894351,0.408849
10,991,6,Yes,-0.78653,-0.607637,0.544604
10,992,6,No,-0.353072,-1.21223,0.297514
10,993,6,Yes,-1.72188,-0.196831,0.82128
10,994,6,Yes,-1.60908,-0.223159,0.79994
10,995,6,Yes,-1.28342,-0.324386,0.722929
10,996,6,Yes,-3.06588,-0.0476725,0.95339
10,997,6,Yes,-2.5952,-0.0774996,0.925373
10,998,6,Yes,-4.1211,-0.0162996,0.983774
10,999,6,Yes,-4.19548,-0.0151184,0.984937
10,1000,6,Yes,-1.76292,-0.188118,0.828467
10,1001,6,Yes,-2.3441,-0.100787,0.904072
10,1002,6,Yes,-3.5827,-0.0281331,0.972201
10,1003,6,Yes,-4.40597,-0.0122195,0.987796
10,1004,6,Yes,-4.61345,-0.00990716,0.990083
10,1005,6,No,-0.375953,-1.1602,0.313406
10,1006,6,Yes,-0.762249,-0.628402,0.533412
10,1007,6,Yes,-2.605,-0.0767132,0.926101
10,1008,6,Yes,-1.14345,-0.383694,0.6813
10,1009,6,Yes,-4.71492,-0.00894121,0.99104
10,1010,6,Yes,-3.86117,-0.021207,0.978958
10,1011,6,Yes,-4.45874,-0.0115842,0.988424
10,1012,6,Yes,-3.93946,-0.019591,0.980543
10,1013,6,Yes,-2.39697,-0.0953383,0.909012
10,1014,6,Yes,-4.60086,-0.0100342,0.989957
10,1015,6,No,-0.0336549,-3.40659,0.033152
10,1016,6,Yes,-1.71449,-0.198447,0.819955
10,1017,6,Yes,-2.71688,-0.0683019,0.933923
10,1018,6,Yes,-2.94458,-0.0539966,0.947379
10,1019,6,Yes,-4.23446,-0.0145335,0.985513
10,1020,6,No,-0.00127886,-6.61702,0.00133734
10,1021,6,No,-0.00851984,-4.76269,0.00854213
10,1022,6,No,-0.00811367,-4.81094,0.00813973
10,1023,6,Yes,-4.45739,-0.0116006,0.988408
10,1024,6,Yes,-2.54998,-0.0812363,0.921921
10,1025,6,Yes,-0.833054,-0.570329,0.565306
10,1026,6,Yes,-3.58552,-0.0280526,0.972279
10,1027,6,Yes,-1.27815,-0.326413,0.721465
10,1028,6,Yes,-1.67079,-0.208303,0.811913
10,1029,6,Yes,-1.93191,-0.156435,0.855137
10,1030,6,Yes,-1.9883,-0.147189,0.86308
10,1031,6,Yes,-0.167187,-1.87069,0.154008
10,1032,6,No,-0.0112539,-4.48736,0.0112497
10,1033,6,No,-0.112189,-2.24258,0.106178
10,1034,6,No,-1.73392,-0.19423,0.82342
10,1035,6,Yes,-1.99357,-0.146356,0.8638
10,1036,6,Yes,-3.14009,-0.0441816,0.956724
10,1037,6,Yes,-3.43892,-0.0325641,0.967903
10,1038,6,No,-0.00185023,-6.26166,0.00190796
10,1039,6,No,-0.0388005,-3.2671,0.0381145
10,1040,6,No,-0.0745323,-2.63273,0.0718776
10,1041,6,Yes,-3.87427,-0.0209271,0.979232
10,1042,6,Yes,-3.57604,-0.0283245,0.972015
10,1043,6,No,-0.599626,-0.796196,0.451015
10,1044,6,Yes,-2.61431,-0.0759728,0.926786
10,1045,6,Yes,-1.8686,-0.167568,0.84567
10,1046,6,No,-0.00252554,-5.9592,0.00258181
10,1047,6,No,-0.0102304,-4.5817,0.0102369
10,1048,6,No,-0.000162495,-8.41265,0.000222028
10,1049,6,No,-3.7492e-05,-9.24064,9.70097e-05
10,1050,6,No,-3.17698e-05,-9.30156,9.12763e-05
10,1051,6,No,-0.000186043,-8.31254,0.000245406
10,1052,6,No,-4.20222e-05,-9.19611,0.000101427
10,1053,6,No,-0.000222946,-8.17339,0.000282045
10,1054,6,No,-0.0174176,-4.05552,0.0173255
10,1055,6,No,-0.00152979,-6.44514,0.00158812
10,1056,6,No,-0.000439979,-7.60357,0.000498641
10,1057,6,No,-0.000306773,-7.91356,0.000365728
10,1058,6,No,-8.64305e-05,-8.83232,0.000145931
10,1059,6,No,-9.05995e-06,-9.59658,6.79566e-05
10,1060,6,No,-0.00119853,-6.67883,0.00125718
10,1061,6,Yes,-2.27054,-0.108919,0.89675
10,1062,6,Yes,-4.50269,-0.0110809,0.988922
10,1063,6,No,-4.05869,-0.0173621,0.982729
10,1064,6,Yes,-4.79068,-0.00828193,0.991694
10,1065,6,No,-1.88258,-0.165037,0.847812
10,1066,6,No,-0.000103777,-8.72214,0.000162928
10,1067,6,No,-0.000122555,-8.61471,0.000181407
10,1068,6,No,-0.085359,-2.50255,0.0818715
10,1069,6,No,-0.00106129,-6.79403,0.00112038
10,1070,6,No,-0.000232843,-8.13694,0.000292512
10,1071,6,No,-1.6749e-05,-9.48331,7.61073e-05
10,1072,6,No,-0.0217668,-3.83545,0.0215902
10,1073,6,No,-2.61072e-05,-9.36472,8.56898e-05
10,1074,6,No,-0.000128337,-8.58128,0.000187574
10,1075,6,No,-5.01884e-05,-9.12027,0.000109419
10,1076,6,No,-0.468564,-0.983076,0.374136
10,1077,6,No,-0.0119356,-4.42925,0.0119227
10,1078,6,No,-0.265287,-1.4564,0.233059
10,1079,6,No,-0.00135108,-6.5643,0.00140973
10,1080,6,No,-0.00579963,-5.14255,0.00584244
10,1081,6,No,-0.00539588,-5.21379,0.00544067
10,1082,6,Yes,-0.326858,-1.277,0.278856
10,1083,6,No,-0.00495455,-5.29791,0.00500171
10,1084,6,Yes,-3.87223,-0.0209705,0.979189
10,1085,6,Yes,-4.8865,-0.00751667,0.992453
10,1086,6,Yes,-4.93481,-0.00715791,0.992809
10,1087,6,Yes,-0.0981579,-2.36923,0.0935472
10,1088,6,No,-0.165152,-1.88194,0.152285
10,1089,6,Yes,-0.858277,-0.551358,0.576133
10,1090,6,Yes,-1.17119,-0.370974,0.690021
10,1091,6,Yes,-3.79702,-0.0226322,0.977564
10,1092,6,Yes,-2.8853,-0.057395,0.944165
10,1093,6,No,-0.00135012,-6.56535,0.00140824
10,1094,6,No,-0.00175606,-6.31214,0.00181404
10,1095,6,No,-0.00104034,-6.81303,0.00109929
10,1096,6,No,-0.0241117,-3.73459,0.0238815
10,1097,6,No,-0.000858258,-6.99459,0.000916771
10,1098,6,No,-0.00719831,-4.92927,0.00723137
10,1099,6,Yes,-0.180428,-1.80093,0.165136
10,1100,6,No,-1.16447,-0.374007,0.687932
10,1101,6,Yes,-3.62644,-0.0269108,0.973391
10,1102,6,Yes,-4.18661,-0.0152537,0.984803
10,1103,6,Yes,-3.58427,-0.0280878,0.972245
10,1104,6,Yes,-0.787632,-0.606716,0.545106
10,1105,6,No,-0.472512,-0.976506,0.376603
10,1106,6,Yes,-0.73683,-0.65118,0.521399
10,1107,6,No,-0.669443,-0.717307,0.488036
10,1108,6,Yes,-3.83241,-0.0218346,0.978344
10,1109,6,Yes,-4.22251,-0.0147106,0.985339
10,1110,6,Yes,-4.82381,-0.00800858,0.991964
10,1111,6,Yes,-3.69538,-0.025091,0.975164
10,1112,6,Yes,-3.12877,-0.0446975,0.956231
10,1113,6,Yes,-2.75845,-0.0654246,0.936614
10,1114,6,Yes,-3.49565,-0.0307376,0.969673
10,1115,6,Yes,-1.89634,-0.162588,0.849891
10,1116,6,No,-0.0999168,-2.35233,0.0951414
10,1117,6,Yes,-2.65515,-0.0728173,0.929716
10,1118,6,Yes,-4.40946,-0.0121762,0.987839
10,1119,6,Yes,-2.31166,-0.104292,0.900909
10,1120,6,Yes,-1.96568,-0.150825,0.859948
10,1121,6,Yes,-2.66569,-0.0720243,0.930453
10,1122,6,Yes,-4.21273,-0.0148567,0.985195
10,1123,6,Yes,-0.576825,-0.824671,0.438354
10,1124,6,Yes,-3.99494,-0.0185197,0.981593
10,1125,6,Yes,-2.0887,-0.132148,0.87616
10,1126,6,Yes,-3.53185,-0.0296263,0.970751
10,1127,6,No,-1.91221,-0.15981,0.852255
10,1128,6,No,-0.517714,-0.905903,0.404153
10,1129,6,No,-0.554843,-0.85356,0.425871
10,1130,6,No,-1.30426,-0.316515,0.728641
10,1131,6,Yes,-2.93735,-0.0544001,0.946997
10,1132,6,Yes,-2.12778,-0.126746,0.880906
10,1133,6,Yes,-4.51238,-0.0109724,0.989028
10,1134,6,Yes,-4.76167,-0.00852813,0.991449
10,1135,6,Yes,-3.85233,-0.0213982,0.978771
10,1136,6,Yes,-4.10468,-0.0165725,0.983506
10,1137,6,Yes,-3.94441,-0.0194921,0.980638
10,1138,6,Yes,-0.350099,-1.21929,0.295423
10,1139,6,No,-0.589471,-0.808699,0.445411
10,1140,6,Yes,-4.01766,-0.0180986,0.982006
10,1141,6,Yes,-2.91571,-0.0556248,0.945838
10,1142,6,Yes,-4.10386,-0.0165867,0.983492
10,1143,6,Yes,-5.02365,-0.00654282,0.99342
10,1144,6,Yes,-4.18815,-0.0152302,0.984827
10,1145,6,No,-0.60338,-0.791645,0.453072
10,1146,6,Yes,-2.49647,-0.0859025,0.917629
10,1147,6,Yes,-3.91181,-0.0201468,0.979997
10,1148,6,Yes,-3.0862,-0.0466891,0.954328
10,1149,6,Yes,-3.35034,-0.0356411,0.96493
10,1150,6,Yes,-0.235482,-1.56127,0.209857
10,1151,6,Yes,-3.1006,-0.0460046,0.954981
10,1152,6,Yes,-2.26971,-0.109015,0.896664
10,1153,6,No,-0.0721486,-2.66403,0.0696625
10,1154,6,No,-0.000481244,-7.52277,0.000540599
10,1155,6,No,-0.0105132,-4.55477,0.0105163
10,1156,6,No,-0.00388649,-5.53699,0.00393813
10,1157,6,No,-0.00236624,-6.0229,0.00242249
10,1158,6,No,-0.00352317,-5.6334,0.00357619
10,1159,6,No,-0.689346,-0.696846,0.498125
10,1160,6,Yes,-1.30467,-0.316361,0.728753
10,1161,6,Yes,-1.1826,-0.36589,0.693538
10,1162,6,No,-0.0238889,-3.74374,0.023664
10,1163,6,Yes,-1.60887,-0.223213,0.799897
10,1164,6,No,-0.013195,-4.32995,0.0131674
10,1165,6,No,-0.0601905,-2.83917,0.0584709
10,1166,6,Yes,-2.09475,-0.131296,0.876906
10,1167,6,Yes,-2.00693,-0.144265,0.865607
10,1168,6,Yes,-3.26943,-0.038709,0.961974
10,1169,6,Yes,-0.560224,-0.846351,0.428952
10,1170,6,Yes,-2.26004,-0.110136,0.89566
10,1171,6,No,-0.123324,-2.15346,0.116075
10,1172,6,Yes,-3.62908,-0.0268388,0.973461
10,1173,6,No,-0.349356,-1.22106,0.294899
10,1174,6,No,-0.478428,-0.966788,0.38028
10,1175,6,Yes,-2.67558,-0.0712902,0.931137
10,1176,6,No,-0.680784,-0.705547,0.493809
10,1177,6,Yes,-4.09176,-0.016791,0.983291
10,1178,6,Yes,-2.73688,-0.0669017,0.935232
10,1179,6,No,-0.142988,-2.0152,0.133287
10,1180,6,Yes,-4.53446,-0.0107309,0.989268
10,1181,6,Yes,-0.63941,-0.749812,0.472427
10,1182,6,Yes,-3.71315,-0.0246423,0.975601
10,1183,6,No,-0.00836644,-4.78059,0.00839051
10,1184,6,Yes,-3.81965,-0.0221187,0.978066
10,1185,6,No,-2.70182,-0.0693761,0.932921
10,1186,6,Yes,-2.31919,-0.103467,0.901653
10,1187,6,No,-0.376801,-1.15834,0.313987
10,1188,6,No,-0.180532,-1.8004,0.165223
10,1189,6,No,-0.00540385,-5.21234,0.00544856
10,1190,6,No,-0.000343262,-7.81698,0.000402813
10,1191,6,No,-0.00024113,-8.1089,0.000300833
10,1192,6,No,-9.94255e-05,-8.74924,0.000158572
10,1193,6,No,-3.01008e-05,-9.31884,8.97129e-05
10,1194,6,No,-0.00738414,-4.90408,0.00741585
10,1195,6,No,-0.0220354,-3.82338,0.0218524
10,1196,6,No,-5.81758e-05,-9.05501,0.000116798
10,1197,6,No,-0.000227596,-8.15733,0.00028661
10,1198,6,No,-0.000147592,-8.48087,0.000207386
10,1199,6,No,-0.000345767,-7.81042,0.000405462
10,1200,6,No,-4.51813e-05,-9.1689,0.000104225
10,1201,6,No,-9.26299e-05,-8.78958,0.000152303
10,1202,6,Yes,-4.66967,-0.00935927,0.990625
10,1203,6,Yes,-4.7199,-0.00889581,0.991084
10,1204,6,Yes,-5.05311,-0.00634977,0.993611
10,1205,6,Yes,-4.73898,-0.00872581,0.991253
10,1206,6,No,-2.32461e-05,-9.40612,8.22146e-05
10,1207,6,No,-0.000579406,-7.3558,0.000638838
10,1208,6,No,-2.21732e-05,-9.41706,8.13196e-05
10,1209,6,No,-0.000178413,-8.34434,0.000237723
10,1210,6,No,-0.000101095,-8.7381,0.000160348
10,1211,6,No,-0.000174061,-8.36372,0.000233161
10,1212,6,No,-0.00582055,-5.139,0.00586321
10,1213,6,No,-0.005691,-5.16131,0.00573385
10,1214,6,No,-0.711365,-0.67514,0.509055
10,1215,6,No,-0.0256927,-3.67202,0.0254236
10,1216,6,No,-0.0029689,-5.80136,0.00302326
10,1217,6,Yes,-0.817508,-0.582451,0.558495
10,1218,6,No,-0.172221,-1.84348,0.158257
10,1219,6,No,-0.39618,-1.11726,0.327154
10,1220,6,Yes,-0.327322,-1.2758,0.279191
10,1221,6,Yes,-4.57266,-0.0103245,0.98967
10,1222,6,Yes,-4.29296,-0.0136986,0.986336
10,1223,6,Yes,-2.87496,-0.0580101,0.943585
10,1224,6,No,-0.000753031,-7.11606,0.000811911
10,1225,6,No,-0.00102787,-6.82498,0.00108623
10,1226,6,No,-0.000561156,-7.38417,0.00062097
10,1227,6,No,-0.00856396,-4.75752,0.00858638
10,1228,6,No,-0.00159092,-6.40759,0.0016489
10,1229,6,No,-0.00400994,-5.50622,0.0040612
10,1230,6,No,-0.00924226,-4.68214,0.00925858
10,1231,6,No,-0.00255798,-5.94677,0.00261412
10,1232,6,No,-0.0510298,-2.99955,0.0498063
10,1233,6,No,-0.00252111,-5.96109,0.00257694
10,1234,6,Yes,-2.08878,-0.132137,0.876169
10,1235,6,Yes,-3.64384,-0.0264386,0.97385
10,1236,6,Yes,-4.25885,-0.0141791,0.985862
10,1237,6,Yes,-1.86288,-0.168616,0.844784
10,1238,6,No,-0.0382576,-3.2809,0.0375923
10,1239,6,No,-0.0123218,-4.39766,0.0123053
10,1240,6,Yes,-3.48501,-0.0310724,0.969348
10,1241,6,Yes,-2.187,-0.119002,0.887754
10,1242,6,Yes,-4.77596,-0.00840587,0.99157
10,1243,6,Yes,-4.37144,-0.0126528,0.987368
10,1244,6,No,-0.000403366,-7.67856,0.000462611
10,1245,6,Yes,-3.20495,-0.0413446,0.959442
10,1246,6,Yes,-4.19717,-0.0150927,0.984963
10,1247,6,No,-0.000510346,-7.47045,0.00056964
10,1248,6,No,-0.000141035,-8.51462,0.000200503
10,1249,6,No,-0.193175,-1.73886,0.175711
10,1250,6,No,-0.00103837,-6.81501,0.00109712
10,1251,6,Yes,-4.59994,-0.0100438,0.989948
10,1252,6,Yes,-3.43871,-0.032571,0.967896
10,1253,6,No,-0.00179535,-6.29073,0.0018533
10,1254,6,No,-0.000537778,-7.42373,0.000596882
10,1255,6,No,-0.000235406,-8.12967,0.000294647
10,1256,6,Yes,-1.81282,-0.178093,0.836816
10,1257,6,Yes,-1.19007,-0.362609,0.695818
10,1258,6,Yes,-4.4619,-0.011547,0.98846
10,1259,6,Yes,-3.70927,-0.0247391,0.975506
10,1260,6,No,-6.87265e-05,-8.96424,0.000127895
10,1261,6,Yes,-2.94468,-0.0539904,0.947384
10,1262,6,No,-5.84739e-05,-9.04846,0.000117565
10,1263,6,Yes,-4.64051,-0.00963938,0.990348
10,1264,6,No,-0.00101081,-6.84012,0.00106991
10,1265,6,Yes,-1.79759,-0.181089,0.834312
10,1266,6,No,-0.00175929,-6.31016,0.00181763
10,1267,6,Yes,-4.41884,-0.0120616,0.987953
10,1268,6,No,-0.000366517,-7.76138,0.000425843
10,1269,6,Yes,-4.08134,-0.0169688,0.983116
10,1270,6,No,-0.0713691,-2.6745,0.0689373
10,1271,6,No,-0.099713,-2.35428,0.0949565
10,1272,6,No,-0.00429395,-5.43891,0.00434394
10,1273,6,Yes,-4.05194,-0.0174806,0.982612
10,1274,6,No,-0.00126501,-6.62734,0.0013236
10,1275,6,Yes,-4.19389,-0.0151423,0.984913
10,1276,6,No,-0.000931458,-6.91722,0.000990525
10,1277,6,No,-0.00282328,-5.85047,0.00287838
10,1278,6,No,-0.103601,-2.31796,0.0984685
10,1279,6,No,-2.46766e-05,-9.38246,8.41831e-05
10,1280,6,No,-0.0448612,-3.12516,0.0439272
10,1281,6,Yes,-4.90062,-0.00740936,0.992558
10,1282,6,No,-3.80478,-0.0224544,0.977737
10,1283,6,No,-0.00072935,-7.14514,0.000788644
10,1284,6,No,-0.000129589,-8.57273,0.000189184
10,1285,6,No,-0.44425,-1.02512,0.358732
10,1286,6,Yes,-4.8997,-0.00741608,0.992552
10,1287,6,Yes,-3.18858,-0.0420424,0.958772
10,1288,6,No,-0.000102644,-8.7264,0.000162236
10,1289,6,No,-0.000125714,-8.59283,0.000185419
10,1290,6,Yes,-4.5488,-0.0105755,0.989421
10,1291,6,No,4.76837e-07,-9.74186,5.87675e-05
10,1292,6,No,-0.000131854,-8.56125,0.000191369
10,1293,6,No,-0.000100498,-8.74188,0.000159744
10,1294,6,No,-3.27831e-05,-9.29172,9.21789e-05
10,1295,6,Yes,-4.17999,-0.0153563,0.984702
10,1296,6,Yes,-4.26683,-0.0140656,0.985975
10,1297,6,No,-0.00016792,-8.38723,0.000227744
10,1298,6,No,-0.000132391,-8.55811,0.000191971
10,1299,6,No,-0.00036443,-7.76632,0.000423745
10,1300,6,Yes,-3.47616,-0.0313528,0.969076
10,1301,6,No,-0.0982021,-2.36879,0.0935881
10,1302,6,No,-1.36103,-0.296169,0.743618
10,1303,6,No,-0.00164937,-6.37261,0.0017076
10,1304,6,No,-0.00391366,-5.53009,0.00396539
10,1305,6,No,-1.16822,-0.372313,0.689098
10,1306,6,Yes,-4.17344,-0.0154593,0.984602
10,1307,6,No,-0.00784354,-4.8444,0.00787184
10,1308,6,No,-0.00791196,-4.83574,0.00794034
10,1309,6,No,-0.00508826,-5.27168,0.00513466
10,1310,6,Yes,-3.90477,-0.0202902,0.979856
10,1311,6,Yes,-3.57383,-0.0283878,0.971953
10,1312,6,Yes,-4.30886,-0.0134794,0.986552
10,1313,6,Yes,-3.65609,-0.026112,0.974168
10,1314,6,Yes,-1.71123,-0.199164,0.819367
10,1315,6,No,-0.239982,-1.54451,0.213404
10,1316,6,Yes,-2.53844,-0.08222,0.921015
10,1317,6,No,-0.147651,-1.98539,0.137319
10,1318,6,No,-0.000553046,-7.39894,0.000611863
10,1319,6,No,-0.47537,-0.971792,0.378382
10,1320,6,Yes,-4.96351,-0.0069528,0.993012
10,1321,6,No,-0.000844835,-7.0085,0.000904107
10,1322,6,Yes,-3.85918,-0.0212497,0.978916
10,1323,6,No,-0.787549,-0.606786,0.545068
10,1324,6,No,-0.0499798,-3.0198,0.0488079
10,1325,6,Yes,-3.29699,-0.0376343,0.963008
10,1326,6,Yes,-3.6084,-0.0274077,0.972906
10,1327,6,Yes,-3.10986,-0.0455701,0.955396
10,1328,6,Yes,-5.23869,-0.00526129,0.994693
10,1329,6,No,-0.0163427,-4.11847,0.0162685
10,1330,6,No,-0.343841,-1.23437,0.291
10,1331,6,Yes,-2.08786,-0.132267,0.876055
10,1332,6,Yes,-0.435804,-1.0404,0.353294
10,1333,6,Yes,-3.03793,-0.049059,0.952069
10,1334,6,Yes,-2.29704,-0.105912,0.89945
10,1335,6,Yes,-2.37689,-0.0973699,0.907167
10,1336,6,Yes,-2.25898,-0.110259,0.89555
10,1337,6,Yes,-3.19518,-0.0417592,0.959043
10,1338,6,Yes,-2.33217,-0.102061,0.902921
10,1339,6,Yes,-4.18983,-0.0152042,0.984852
10,1340,6,Yes,-3.80204,-0.0225169,0.977676
10,1341,6,Yes,-3.64126,-0.0265076,0.973782
10,1342,6,Yes,-3.96214,-0.0191447,0.980979
10,1343,6,Yes,-4.66744,-0.00938033,0.990604
10,1344,6,Yes,-3.51258,-0.0302126,0.970182
10,1345,6,Yes,-2.46942,-0.0883674,0.915371
10,1346,6,No,-0.0988673,-2.36237,0.0941913
10,1347,6,Yes,-4.86856,-0.00765432,0.992316
10,1348,6,Yes,-3.22331,-0.0405761,0.960179
10,1349,6,Yes,-1.91463,-0.159391,0.852613
10,1350,6,No,-4.1083,-0.0165115,0.983565
10,1351,6,Yes,-0.802296,-0.594641,0.551728
10,1352,6,Yes,-0.348186,-1.22386,0.294075
10,1353,6,Yes,-4.96357,-0.00695214,0.993012
10,1354,6,No,-0.760559,-0.629884,0.532623
10,1355,6,Yes,-4.67264,-0.00933196,0.990653
10,1356,6,Yes,-3.76619,-0.0233515,0.976861
10,1357,6,Yes,-3.20392,-0.0413882,0.9594
10,1358,6,No,-0.27223,-1.43389,0.238365
10,1359,6,Yes,-4.4663,-0.0114957,0.988511
10,1360,6,No,-0.494448,-0.941221,0.390128
10,1361,6,Yes,-0.831026,-0.571892,0.564423
10,1362,6,Yes,-0.799826,-0.596653,0.550619
10,1363,6,No,-0.990278,-0.464284,0.628548
10,1364,6,Yes,-2.49988,-0.0855969,0.91791
10,1365,6,Yes,-1.96642,-0.150705,0.860051
10,1366,6,Yes,-3.36853,-0.0349861,0.965562
10,1367,6,Yes,-0.474236,-0.97366,0.377676
10,1368,6,Yes,-3.97319,-0.0189318,0.981188
10,1369,6,Yes,-2.40064,-0.0949709,0.909345
10,1370,6,Yes,-2.7537,-0.0657476,0.936312
10,0,7,No,-0.000651095,-7.2496,0.000710417
10,1,7,No,-0.000115878,-8.65046,0.000175036
10,2,7,No,-0.050615,-3.0075,0.049412
10,3,7,Yes,-2.71251,-0.0686123,0.933634
10,4,7,No,-0.00836812,-4.78041,0.00839205
10,5,7,Yes,-2.40193,-0.0948428,0.909462
10,6,7,No,-0.315683,-1.30649,0.270752
10,7,7,No,-0.0332631,-3.41808,0.0327735
10,8,7,No,-1.23028,-0.345524,0.707808
10,9,7,No,-0.0118819,-4.43369,0.01187
10,10,7,No,-0.00271701,-5.88786,0.00277275
10,11,7,No,-0.00448929,-5.39518,0.00453815
10,12,7,No,-0.000543265,-7.41467,0.000602313
10,13,7,No,-0.0489032,-3.04102,0.0477833
10,14,7,Yes,-0.0950964,-2.39938,0.0907687
10,15,7,Yes,-0.978779,-0.471142,0.624252
10,16,7,No,-0.00480763,-5.32758,0.00485551
10,17,7,No,-0.00235716,-6.02664,0.00241345
10,18,7,Yes,-2.93111,-0.0547494,0.946666
10,19,7,Yes,-2.71344,-0.0685459,0.933696
10,20,7,Yes,-1.90305,-0.161407,0.850896
10,21,7,Yes,-4.20508,-0.0149716,0.985081
10,22,7,Yes,-3.03562,-0.0491754,0.951958
10,23,7,Yes,-3.02873,-0.0495236,0.951626
10,24,7,Yes,-2.6107,-0.0762589,0.926521
10,25,7,Yes,-3.13338,-0.0444862,0.956432
10,26,7,No,-0.129626,-2.10673,0.121628
10,27,7,No,-0.0121215,-4.41391,0.0121071
10,28,7,No,-0.816348,-0.583369,0.557983
10,29,7,Yes,-0.886612,-0.531012,0.587975
10,30,7,Yes,-4.36079,-0.0127897,0.987232
10,31,7,Yes,-2.72339,-0.0678432,0.934352
10,32,7,No,-0.483861,-0.957999,0.383637
10,33,7,Yes,-1.1172,-0.396211,0.672825
10,34,7,Yes,-0.635452,-0.754251,0.470335
10,35,7,No,-0.9319,-0.500457,0.606218
10,36,7,Yes,-3.41483,-0.0333731,0.96712
10,37,7,Yes,-4.66714,-0.00938358,0.990601
10,38,7,Yes,-1.97968,-0.148563,0.861895
10,39,7,No,-0.00334942,-5.68298,0.00340321
10,40,7,Yes,-3.02535,-0.0496961,0.951462
10,41,7,Yes,-2.90967,-0.0559719,0.94551
10,42,7,No,-3.91014e-05,-9.22792,9.8252e-05
10,43,7,Yes,-3.72627,-0.0243164,0.975919
10,44,7,Yes,-4.72028,-0.00889238,0.991088
10,45,7,No,-0.335882,-1.25404,0.285334
10,46,7,No,-1.16821,-0.372316,0.689095
10,47,7,Yes,-3.6942,-0.0251206,0.975134
10,48,7,Yes,-3.68325,-0.025402,0.97486
10,49,7,No,-0.00542848,-5.208,0.00547226
10,50,7,No,-0.00753709,-4.88375,0.00756812
10,51,7,No,-0.0309426,-3.48909,0.0305268
10,52,7,No,-0.0077037,-4.86209,0.00773381
10,53,7,No,-0.00551915,-5.1916,0.00556278
10,54,7,Yes,-4.55248,-0.0105373,0.98946
10,55,7,Yes,-1.02324,-0.445302,0.640594
10,56,7,Yes,-1.59647,-0.226337,0.797402
10,57,7,Yes,-3.85267,-0.0213906,0.978778
10,58,7,Yes,-4.52714,-0.0108104,0.989189
10,59,7,No,-0.000252577,-8.07283,0.000311879
10,60,7,Yes,-2.06146,-0.136058,0.872739
10,61,7,Yes,-4.73353,-0.00877464,0.991205
10,62,7,Yes,-4.54245,-0.0106449,0.989353
10,63,7,Yes,-0.298864,-1.35325,0.258384
10,64,7,Yes,-2.67409,-0.0714,0.931035
10,65,7,Yes,-3.22515,-0.0404999,0.960253
10,66,7,Yes,-1.74279,-0.192339,0.824978
10,67,7,Yes,-4.51526,-0.0109408,0.98906
10,68,7,No,-0.426534,-1.05759,0.347271
10,69,7,No,-0.0245759,-3.71581,0.0243342
10,70,7,Yes,-3.60893,-0.0273935,0.972921
10,71,7,No,-0.00323245,-5.71805,0.00328593
10,72,7,Yes,-1.21585,-0.351544,0.703559
10,73,7,No,-3.08161e-05,-9.3101,9.04998e-05
10,74,7,Yes,-2.26499,-0.10956,0.896175
10,75,7,No,-0.818484,-0.58168,0.558926
10,76,7,No,-0.0556687,-2.91495,0.0542033
10,77,7,No,-8.47018e-05,-8.84593,0.000143958
10,78,7,Yes,-4.47337,-0.0114151,0.988592
10,79,7,Yes,-3.88328,-0.0207371,0.979418
10,80,7,Yes,-0.256324,-1.48648,0.226155
10,81,7,Yes,-0.291712,-1.37407,0.253061
10,82,7,No,-3.69158,-0.0251879,0.975069
10,83,7,Yes,-2.10957,-0.129233,0.878717
10,84,7,Yes,-2.61194,-0.0761605,0.926613
10,85,7,Yes,-3.52685,-0.0297772,0.970604
10,86,7,Yes,-4.22213,-0.0147161,0.985334
10,87,7,Yes,-4.48235,-0.0113111,0.988694
10,88,7,Yes,-2.78506,-0.0636497,0.938278
10,89,7,Yes,-2.69704,-0.0697208,0.932599
10,90,7,Yes,-2.78358,-0.063746,0.938187
10,91,7,Yes,-2.72271,-0.0678909,0.934307
10,92,7,Yes,-0.621798,-0.769855,0.463053
10,93,7,Yes,-2.96151,-0.0530649,0.948263
10,94,7,Yes,-0.466333,-0.986819,0.372738
10,95,7,Yes,-4.40365,-0.0122479,0.987768
10,96,7,Yes,-3.89955,-0.0203986,0.97975
10,97,7,No,-0.1438,-2.00993,0.133991
10,98,7,Yes,-3.53677,-0.0294788,0.970894
10,99,7,No,-0.0392173,-3.25662,0.0385159
10,100,7,No,-0.31426,-1.31033,0.269714
10,101,7,Yes,-2.03001,-0.140729,0.868674
10,102,7,Yes,-2.63312,-0.0745032,0.92815
10,103,7,Yes,-1.49738,-0.253161,0.776297
10,104,7,No,-0.274371,-1.42708,0.239995
10,105,7,No,-0.749574,-0.639624,0.52746
10,106,7,No,-0.000139127,-8.52439,0.000198554
10,107,7,No,-0.0103056,-4.57446,0.0103112
10,108,7,No,-0.00965617,-4.63877,0.00966898
10,109,7,No,-0.0200879,-3.91469,0.0199456
10,110,7,Yes,-3.96705,-0.0190505,0.981072
10,111,7,No,-0.00104351,-6.81016,0.00110245
10,112,7,No,-0.0105225,-4.55386,0.0105259
10,113,7,No,-0.399566,-1.11034,0.329429
10,114,7,Yes,-2.76493,-0.0649884,0.937023
10,115,7,No,-4.43468e-05,-9.17373,0.000103723
10,116,7,No,-0.000113136,-8.66574,0.000172382
10,117,7,Yes,-4.74831,-0.0086447,0.991334
10,118,7,No,-0.405443,-1.09848,0.333358
10,119,7,No,-7.80851e-05,-8.89254,0.000137402
10,120,7,Yes,-4.65568,-0.00949321,0.990493
10,121,7,Yes,-4.4261,-0.011973,0.98804
10,122,7,No,-0.00498282,-5.29232,0.0050298
10,123,7,Yes,-4.18473,-0.015283,0.984775
10,124,7,No,-0.000554596,-7.39566,0.000613873
10,125,7,No,-0.218366,-1.62848,0.196216
10,126,7,Yes,-2.9741,-0.0523828,0.94891
10,127,7,Yes,-3.4246,-0.0330431,0.96744
10,128,7,No,-0.126468,-2.12983,0.118851
10,129,7,No,-0.000117428,-8.64149,0.000176613
10,130,7,No,-5.99045e-05,-9.03402,0.000119275
10,131,7,No,-9.79948e-05,-8.75668,0.000157398
10,132,7,No,-0.000348629,-7.80517,0.000407599
10,133,7,Yes,-2.12507,-0.127111,0.880583
10,134,7,Yes,-3.86221,-0.0211849,0.97898
10,135,7,No,-0.000424535,-7.63311,0.000484124
10,136,7,Yes,-0.476099,-0.970596,0.378835
10,137,7,Yes,-1.64261,-0.214946,0.806537
10,138,7,Yes,-0.251709,-1.50243,0.222575
10,139,7,Yes,-2.75673,-0.0655416,0.936504
10,140,7,No,-0.334433,-1.25768,0.284298
10,141,7,Yes,-3.46841,-0.0316015,0.968835
10,142,7,No,-0.00129462,-6.60526,0.00135315
10,143,7,No,-3.32815,-0.0364566,0.964143
10,144,7,No,5.48361e-06,-9.82725,5.39577e-05
10,145,7,Yes,-2.48827,-0.0866416,0.916951
10,146,7,Yes,-2.10116,-0.130401,0.877692
10,147,7,Yes,-1.89315,-0.163152,0.849412
10,148,7,Yes,-0.344444,-1.23291,0.291427
10,149,7,Yes,-3.70876,-0.0247527,0.975494
10,150,7,Yes,-3.02482,-0.049723,0.951436
10,151,7,Yes,-0.672607,-0.713999,0.489653
10,152,7,Yes,-2.29084,-0.106608,0.898824
10,153,7,Yes,-2.57271,-0.0793341,0.923676
10,154,7,No,-3.09703,-0.0461731,0.95482
10,155,7,Yes,-3.73102,-0.0241996,0.976033
10,156,7,Yes,-3.70542,-0.0248364,0.975412
10,157,7,Yes,-1.90133,-0.16171,0.850638
10,158,7,Yes,-1.97215,-0.149775,0.860851
10,159,7,Yes,-2.09056,-0.131885,0.87639
10,160,7,Yes,-2.98909,-0.0515815,0.94967
10,161,7,No,-3.12399,-0.0449162,0.956021
10,162,7,No,-0.604612,-0.790161,0.453745
10,163,7,Yes,-1.28272,-0.324654,0.722735
10,164,7,Yes,-4.38406,-0.0124923,0.987526
10,165,7,No,-0.535833,-0.879772,0.414853
10,166,7,Yes,-4.49635,-0.0111525,0.988851
10,167,7,Yes,-1.89586,-0.162672,0.84982
10,168,7,No,-0.136656,-2.05737,0.127782
10,169,7,Yes,-1.88032,-0.165444,0.847467
10,170,7,Yes,-3.69842,-0.0250138,0.975239
10,171,7,Yes,-2.7315,-0.0672757,0.934882
10,172,7,No,-0.164445,-1.88588,0.151686
10,173,7,No,-0.00588105,-5.12884,0.00592307
10,174,7,Yes,-4.31374,-0.0134135,0.986617
10,175,7,Yes,-4.46207,-0.0115455,0.988462
10,176,7,No,-0.00623287,-5.07149,0.0062727
10,177,7,No,-0.00853884,-4.76043,0.00856142
10,178,7,Yes,-3.87037,-0.0210105,0.979151
10,179,7,No,-0.00841501,-4.77486,0.00843874
10,180,7,No,-0.0112622,-4.4866,0.0112581
10,181,7,No,-0.0679622,-2.72169,0.0657594
10,182,7,Yes,-2.83405,-0.06051,0.941229
10,183,7,No,-0.847997,-0.558989,0.571753
10,184,7,No,-1.04531,-0.433129,0.648439
10,185,7,Yes,-4.20707,-0.0149417,0.985111
10,186,7,Yes,-2.90067,-0.056493,0.945017
10,187,7,Yes,-0.391819,-1.1263,0.324213
10,188,7,Yes,-2.24589,-0.111798,0.894173
10,189,7,Yes,-2.6064,-0.0766007,0.926205
10,190,7,Yes,-2.149,-0.123912,0.883406
10,191,7,Yes,-1.44971,-0.26733,0.765376
10,192,7,No,-0.00244559,-5.9907,0.00250176
10,193,7,No,-0.00486387,-5.31619,0.00491113
10,194,7,Yes,-2.61601,-0.0758398,0.926911
10,195,7,No,-0.000106877,-8.70517,0.000165717
10,196,7,No,-0.000239878,-8.11323,0.000299532
10,197,7,No,-0.00043008,-7.62261,0.000489232
10,198,7,Yes,-0.253644,-1.4957,0.224078
10,199,7,No,-0.00110353,-6.75744,0.00116213
10,200,7,No,-0.986334,-0.466621,0.627081
10,201,7,No,-0.00666672,-5.00504,0.00670368
10,202,7,Yes,-4.5533,-0.010528,0.989468
10,203,7,No,-0.000671374,-7.22174,0.000730486
10,204,7,Yes,-1.00699,-0.454536,0.634706
10,205,7,No,-9.11397e-05,-8.80229,0.00015038
10,206,7,Yes,-3.6226,-0.0270157,0.973288
10,207,7,Yes,-4.97481,-0.00687429,0.993091
10,208,7,Yes,-3.72733,-0.0242902,0.975944
10,209,7,Yes,-4.67602,-0.00930043,0.990685
10,210,7,Yes,-0.346553,-1.2278,0.29292
10,211,7,Yes,-3.04586,-0.0486611,0.952447
10,212,7,Yes,-0.146322,-1.99378,0.136172
10,213,7,No,-3.09945e-06,-9.68567,6.21642e-05
10,214,7,No,-0.00328101,-5.70317,0.00333518
10,215,7,Yes,-4.04621,-0.0175823,0.982512
10,216,7,Yes,-4.67805,-0.00928046,0.990703
10,217,7,No,-0.00745596,-4.89453,0.00748696
10,218,7,Yes,-3.18391,-0.0422439,0.958579
10,219,7,Yes,-3.27987,-0.038298,0.962369
10,220,7,Yes,-4.13674,-0.0160432,0.984026
10,221,7,Yes,-1.22284,-0.348614,0.705624
10,222,7,No,-1.03501,-0.438759,0.644798
10,223,7,Yes,-4.82611,-0.00798965,0.991983
10,224,7,Yes,-2.69388,-0.0699499,0.932386
10,225,7,Yes,-0.472322,-0.97682,0.376484
10,226,7,No,-0.0801758,-2.56258,0.0771006
10,227,7,No,-0.539563,-0.874536,0.417031
10,228,7,Yes,-2.29042,-0.106656,0.898782
10,229,7,Yes,-4.79502,-0.00824479,0.99173
10,230,7,No,-0.000263368,-8.03847,0.000322784
10,231,7,Yes,-2.59797,-0.0772766,0.92558
10,232,7,Yes,-2.2927,-0.106399,0.899013
10,233,7,Yes,-4.05146,-0.0174896,0.982604
10,234,7,No,-0.344344,-1.23315,0.291357
10,235,7,Yes,-2.77514,-0.0643058,0.937663
10,236,7,No,-0.000163688,-8.40982,0.000222656
10,237,7,No,-0.000331338,-7.84751,0.000390699
10,238,7,No,-0.00530204,-5.23114,0.00534709
10,239,7,No,-0.111578,-2.24775,0.105631
10,240,7,Yes,-3.95204,-0.0193414,0.980786
10,241,7,No,-5.36442e-07,-9.72828,5.95711e-05
10,242,7,Yes,-0.272467,-1.43313,0.238546
10,243,7,Yes,-0.248309,-1.5144,0.219927
10,244,7,No,-0.00403765,-5.49952,0.00408849
10,245,7,No,-0.691772,-0.694406,0.499342
10,246,7,Yes,-3.28562,-0.0380739,0.962585
10,247,7,No,-0.423232,-1.06383,0.345112
10,248,7,Yes,-4.38189,-0.0125209,0.987499
10,249,7,No,-0.45117,-1.01287,0.363155
10,250,7,Yes,-3.14116,-0.044134,0.95677
10,251,7,Yes,-1.49408,-0.254115,0.775558
10,252,7,Yes,-3.61524,-0.0272187,0.973091
10,253,7,No,-0.00182055,-6.27718,0.00187858
10,254,7,No,-0.0219498,-3.82721,0.021769
10,255,7,No,-0.000456914,-7.56869,0.000516335
10,256,7,Yes,-1.35933,-0.296757,0.743181
10,257,7,Yes,-4.90938,-0.00734457,0.992623
10,258,7,Yes,-3.78232,-0.0229715,0.977232
10,259,7,Yes,-3.58672,-0.0280179,0.972313
10,260,7,No,-0.0197139,-3.93326,0.0195787
10,261,7,Yes,-0.687029,-0.699185,0.496961
10,262,7,Yes,-3.02819,-0.0495514,0.951599
10,263,7,Yes,-1.23847,-0.342162,0.710191
10,264,7,No,-0.000193853,-8.2812,0.000253217
10,265,7,Yes,-4.55143,-0.0105481,0.989448
10,266,7,No,-0.00103647,-6.81661,0.00109537
10,267,7,Yes,-3.80553,-0.0224388,0.977754
10,268,7,No,-0.000391441,-7.70447,0.000450781
10,269,7,Yes,-2.16923,-0.121271,0.885741
10,270,7,No,-0.0515424,-2.98983,0.050293
10,271,7,Yes,-2.48354,-0.087072,0.916558
10,272,7,No,-1.17724,-0.368269,0.69189
10,273,7,No,-0.00310533,-5.75719,0.00315979
10,274,7,No,-0.00459785,-5.37164,0.00464623
10,275,7,No,-0.00177218,-6.30332,0.00183011
10,276,7,Yes,-1.38723,-0.287294,0.750248
10,277,7,No,-0.0965606,-2.38483,0.0920989
10,278,7,Yes,-4.53261,-0.0107507,0.989248
10,279,7,No,-0.0235869,-3.75632,0.0233683
10,280,7,No,-5.82354e-05,-9.05422,0.00011689
10,281,7,No,-0.00472492,-5.3448,0.00477263
10,282,7,No,-0.000653361,-7.24643,0.000712669
10,283,7,Yes,-4.22302,-0.0147017,0.985346
10,284,7,Yes,-3.74615,-0.0238307,0.976393
10,285,7,Yes,-3.64074,-0.0265225,0.973769
10,286,7,No,-0.00148263,-6.4754,0.00154079
10,287,7,Yes,-3.68987,-0.0252322,0.975026
10,288,7,No,-4.01147e-05,-9.21425,9.96039e-05
10,289,7,No,-1.70359,-0.200857,0.817981
10,290,7,Yes,-0.682241,-0.704055,0.494547
10,291,7,Yes,-4.76368,-0.00851082,0.991466
10,292,7,No,-0.000437415,-7.60696,0.000496949
10,293,7,Yes,-4.15627,-0.0157295,0.984335
10,294,7,Yes,-4.52891,-0.0107907,0.989208
10,295,7,Yes,-4.77295,-0.00843166,0.991545
10,296,7,No,-0.109668,-2.26406,0.103922
10,297,7,No,-0.00517783,-5.25463,0.00522298
10,298,7,No,-0.000975667,-6.8739,0.00103437
10,299,7,No,-0.123048,-2.15556,0.115831
10,300,7,Yes,-1.91015,-0.160169,0.85195
10,301,7,Yes,-2.43664,-0.0914526,0.912551
10,302,7,Yes,-2.03718,-0.139649,0.869612
10,303,7,Yes,-0.679303,-0.707068,0.493059
10,304,7,Yes,-2.69077,-0.0701744,0.932176
10,305,7,Yes,-2.56673,-0.0798305,0.923218
10,306,7,Yes,-3.30604,-0.0372886,0.963341
10,307,7,Yes,-1.04881,-0.431241,0.649664
10,308,7,Yes,-1.03748,-0.437404,0.645673
10,309,7,No,-3.60152,-0.0276,0.97272
10,310,7,No,-0.0126325,-4.37306,0.0126118
10,311,7,No,-0.00121148,-6.66886,0.00126978
10,312,7,Yes,-2.27512,-0.108394,0.897222
10,313,7,No,-0.00452516,-5.38745,0.00457335
10,314,7,Yes,-4.38943,-0.0124242,0.987593
10,315,7,No,-0.000165834,-8.39642,0.000225661
10,316,7,No,-0.000242263,-8.10603,0.000301695
10,317,7,Yes,-4.3165,-0.0133763,0.986654
10,318,7,Yes,-4.8579,-0.00773745,0.992234
10,319,7,No,-0.0233448,-3.76646,0.0231324
10,320,7,No,-0.00394891,-5.52129,0.00400045
10,321,7,No,-0.000150096,-8.46993,0.000209666
10,322,7,No,-8.08868e-05,-8.87081,0.000140421
10,323,7,No,-0.000250192,-8.08022,0.000309586
10,324,7,No,-5.08441e-05,-9.11057,0.000110485
10,325,7,No,-0.00234629,-6.03098,0.00240299
10,326,7,No,-0.0142003,-4.25737,0.0141586
10,327,7,Yes,-4.18864,-0.0152227,0.984834
10,328,7,Yes,-4.20109,-0.0150328,0.985022
10,329,7,Yes,-4.52396,-0.0108452,0.989155
10,330,7,No,-0.596683,-0.799789,0.449397
10,331,7,No,-0.0289331,-3.55509,0.0285771
10,332,7,No,-0.215955,-1.63842,0.194276
10,333,7,Yes,-1.02754,-0.442895,0.642137
10,334,7,Yes,-4.48172,-0.0113181,0.988687
10,335,7,Yes,-4.0557,-0.017415,0.982678
10,336,7,Yes,-3.96594,-0.0190714,0.981051
10,337,7,Yes,-2.74305,-0.0664751,0.93563
10,338,7,Yes,-3.83138,-0.021857,0.978322
10,339,7,No,-3.75516e-05,-9.24358,9.67247e-05
10,340,7,No,-8.32115e-05,-8.85726,0.000142336
10,341,7,No,-1.97272,-0.149683,0.86093
10,342,7,No,-0.955202,-0.485606,0.615288
10,343,7,No,-0.000493231,-7.50094,0.000552531
10,344,7,Yes,-3.70633,-0.0248136,0.975434
10,345,7,Yes,-0.371128,-1.17085,0.310085
10,346,7,Yes,-2.09821,-0.130812,0.877332
10,347,7,No,-0.105003,-2.30522,0.0997311
10,348,7,No,-0.00140814,-6.52495,0.0014663
10,349,7,No,-0.103165,-2.32197,0.0980746
10,350,7,Yes,-0.413991,-1.0816,0.339032
10,351,7,No,-0.78814,-0.606292,0.545337
10,352,7,No,-0.206332,-1.67935,0.186484
10,353,7,Yes,-0.956449,-0.484827,0.615767
10,354,7,No,-0.0948468,-2.40189,0.0905411
10,355,7,No,-0.168287,-1.86466,0.154939
10,356,7,Yes,-1.54199,-0.240665,0.786059
10,357,7,Yes,-0.905505,-0.517982,0.595686
10,358,7,No,-0.210801,-1.66008,0.190113
10,359,7,No,-0.374241,-1.16396,0.312229
10,360,7,Yes,-1.27651,-0.327049,0.721006
10,361,7,Yes,-3.05271,-0.0483196,0.952772
10,362,7,Yes,-1.63042,-0.217891,0.804165
10,363,7,No,-0.000166668,-8.398,0.000225305
10,364,7,No,-0.000114686,-8.65757,0.000173797
10,365,7,Yes,-3.33912,-0.0360506,0.964534
10,366,7,Yes,-2.98128,-0.0519972,0.949275
10,367,7,No,-1.69975,-0.201714,0.817281
10,368,7,Yes,-3.75345,-0.0236548,0.976565
10,369,7,Yes,-2.33079,-0.10221,0.902786
10,370,7,Yes,-2.57696,-0.0789843,0.924
10,371,7,No,-0.0693562,-2.70208,0.0670615
10,372,7,Yes,-3.55551,-0.0289218,0.971435
10,373,7,Yes,-4.0637,-0.0172738,0.982816
10,374,7,Yes,-3.54682,-0.029178,0.971186
10,375,7,Yes,-3.69958,-0.0249838,0.975268
10,376,7,Yes,-2.28079,-0.107746,0.897803
10,377,7,Yes,-1.08681,-0.411328,0.66273
10,378,7,No,-0.0324883,-3.44122,0.0320236
10,379,7,Yes,-1.42882,-0.273822,0.760423
10,380,7,Yes,-3.18334,-0.0422685,0.958556
10,381,7,Yes,-0.254431,-1.49298,0.224689
10,382,7,No,-1.83641,-0.173554,0.840622
10,383,7,Yes,-1.29307,-0.320713,0.725589
10,384,7,Yes,-4.20445,-0.0149815,0.985072
10,385,7,No,-0.00201631,-6.17834,0.00207375
10,386,7,Yes,-4.57409,-0.0103099,0.989685
10,387,7,No,-1.74047e-05,-9.47583,7.66788e-05
10,388,7,No,-0.000135908,-8.54093,0.000195298
10,389,7,No,-2.50939e-05,-9.38062,8.43379e-05
10,390,7,Yes,-4.3842,-0.0124913,0.987528
10,391,7,Yes,-3.8854,-0.0206935,0.979462
10,392,7,Yes,-4.38445,-0.0124879,0.987531
10,393,7,No,-0.011672,-4.45125,0.0116633
10,394,7,Yes,-1.84084,-0.172718,0.841326
10,395,7,No,-0.193398,-1.73781,0.175895
10,396,7,No,-0.0327615,-3.43299,0.0322883
10,397,7,No,-0.0133293,-4.31996,0.0132996
10,398,7,Yes,-3.27478,-0.038497,0.962177
10,399,7,No,-0.000235883,-8.12766,0.00029524
10,400,7,No,-0.000450474,-7.58133,0.000509853
10,401,7,No,-0.125393,-2.13783,0.117903
10,402,7,Yes,-2.76699,-0.0648497,0.937153
10,403,7,Yes,-1.59091,-0.227757,0.796271
10,404,7,Yes,-2.62283,-0.0753039,0.927407
10,405,7,Yes,-3.77784,-0.0230769,0.977129
10,406,7,Yes,-4.87451,-0.00760844,0.992362
10,407,7,No,-1.62149,-0.22008,0.802407
10,408,7,Yes,-3.91408,-0.0200999,0.980042
10,409,7,Yes,-4.179,-0.0153728,0.984687
10,410,7,Yes,-3.74428,-0.023876,0.976349
10,411,7,Yes,-1.12936,-0.390351,0.676779
10,412,7,Yes,-3.02381,-0.0497753,0.951387
10,413,7,Yes,-2.72702,-0.0675883,0.93459
10,414,7,Yes,-0.230186,-1.58147,0.205661
10,415,7,Yes,-1.40467,-0.281552,0.754567
10,416,7,Yes,-3.30619,-0.0372826,0.963347
10,417,7,Yes,-0.924708,-0.505156,0.603376
10,418,7,No,-0.0100443,-4.59984,0.0100529
10,419,7,No,-0.0339763,-3.39724,0.0334634
10,420,7,No,-0.278644,-1.41367,0.243235
10,421,7,Yes,-0.0683966,-2.71553,0.066166
10,422,7,No,-0.00693383,-4.96624,0.00696886
10,423,7,No,-0.011908,-4.43151,0.0118958
10,424,7,No,-0.106515,-2.29168,0.101091
10,425,7,No,-0.0202176,-3.90834,0.0200726
10,426,7,No,-0.00204994,-6.16239,0.00210709
10,427,7,No,-0.00085092,-7.0021,0.000909914
10,428,7,Yes,-3.7227,-0.0244044,0.975833
10,429,7,Yes,-2.65192,-0.0730615,0.929489
10,430,7,No,-0.410901,-1.08765,0.336986
10,431,7,No,-1.09539,-0.406992,0.665611
10,432,7,Yes,-0.45739,-1.00205,0.367104
10,433,7,No,-0.00793894,-4.8324,0.0079669
10,434,7,No,-0.0433027,-3.15971,0.0424354
10,435,7,Yes,-2.15586,-0.12301,0.884203
10,436,7,No,-0.296257,-1.36077,0.256447
10,437,7,No,-0.0104238,-4.56317,0.0104283
10,438,7,No,-0.000628729,-7.28228,0.000687573
10,439,7,Yes,-3.47196,-0.0314876,0.968946
10,440,7,No,-0.000285905,-7.97078,0.000345389
10,441,7,No,-0.000293834,-7.94936,0.000352865
10,442,7,No,-0.39838,-1.11276,0.328633
10,443,7,Yes,-3.21864,-0.0407704,0.959993
10,444,7,Yes,-4.04641,-0.017579,0.982516
10,445,7,Yes,-3.6547,-0.0261486,0.974132
10,446,7,No,-4.75909,-0.00855074,0.991427
10,447,7,Yes,-1.34749,-0.300882,0.740122
10,448,7,No,-0.0345556,-3.38065,0.0340233
10,449,7,No,-0.100847,-2.34354,0.0959818
10,450,7,No,-0.0265876,-3.6383,0.0262953
10,451,7,Yes,-2.57875,-0.0788371,0.924136
10,452,7,No,-2.44918,-0.090259,0.913641
10,453,7,Yes,-3.57066,-0.0284799,0.971864
10,454,7,No,-0.00683756,-4.98009,0.00687301
10,455,7,No,-0.00154979,-6.43267,0.00160806
10,456,7,Yes,-4.59422,-0.0101022,0.98989
10,457,7,No,-0.00177523,-6.30188,0.00183274
10,458,7,No,-4.77445e-05,-9.14169,0.0001071
10,459,7,Yes,-3.43029,-0.0328524,0.967624
10,460,7,No,-1.27964,-0.32584,0.721879
10,461,7,Yes,-2.59707,-0.0773481,0.925513
10,462,7,No,-0.121572,-2.1669,0.114525
10,463,7,No,-0.00576701,-5.1482,0.00580953
10,464,7,No,-0.00207472,-6.15061,0.00213205
10,465,7,No,-0.00691949,-4.96827,0.00695474
10,466,7,No,-0.000146877,-8.48599,0.000206326
10,467,7,No,-0.0213901,-3.85268,0.0212215
10,468,7,Yes,-3.13867,-0.0442461,0.956662
10,469,7,No,-0.00511749,-5.26597,0.00516407
10,470,7,No,-0.432615,-1.04626,0.351228
10,471,7,No,-0.109953,-2.26161,0.104176
10,472,7,No,-7.49855e-05,-8.91742,0.000134026
10,473,7,No,-0.00106159,-6.79432,0.00112005
10,474,7,No,-0.00880134,-4.7305,0.00882153
10,475,7,Yes,-3.33961,-0.036033,0.964551
10,476,7,No,-1.22802,-0.346459,0.707146
10,477,7,Yes,-2.13914,-0.125219,0.882251
10,478,7,Yes,-4.23181,-0.0145727,0.985475
10,479,7,No,-0.00203984,-6.16702,0.00209735
10,480,7,No,-0.00526357,-5.23832,0.00530887
10,481,7,No,-0.00102656,-6.82545,0.00108572
10,482,7,No,-0.00183727,-6.26845,0.00189505
10,483,7,No,-0.000399789,-7.6868,0.000458817
10,484,7,Yes,-3.52805,-0.0297413,0.970639
10,485,7,Yes,-3.91155,-0.020152,0.979992
10,486,7,Yes,-2.90029,-0.0565168,0.944996
10,487,7,Yes,-3.74036,-0.0239713,0.976256
10,488,7,No,-1.2952,-0.319906,0.726174
10,489,7,No,-0.0611,-2.82464,0.0593266
10,490,7,No,-0.00608983,-5.09443,0.00613046
10,491,7,Yes,-3.16442,-0.0430948,0.957764
10,492,7,No,-0.0053773,-5.21728,0.00542175
10,493,7,Yes,-3.77722,-0.0230911,0.977115
10,494,7,Yes,-4.07247,-0.0171214,0.982966
10,495,7,Yes,-2.16947,-0.121241,0.885769
10,496,7,Yes,-1.53311,-0.243098,0.784148
10,497,7,Yes,-0.363416,-1.18822,0.304744
10,498,7,Yes,-4.30139,-0.0135816,0.986451
10,499,7,Yes,-3.35345,-0.0355278,0.965038
10,500,7,Yes,-3.70253,-0.0249096,0.97534
10,501,7,Yes,-0.0791825,-2.57455,0.0761834
10,502,7,Yes,-0.259861,-1.47447,0.228887
10,503,7,No,-0.843825,-0.562126,0.569963
10,504,7,Yes,-3.14825,-0.0438137,0.957076
10,505,7,Yes,-2.81601,-0.0616467,0.940159
10,506,7,Yes,-1.72877,-0.195337,0.822508
10,507,7,No,-1.41366,-0.278645,0.756764
10,508,7,Yes,-3.79342,-0.0227154,0.977483
10,509,7,Yes,-4.32466,-0.0132663,0.986763
10,510,7,No,-0.26469,-1.45837,0.232602
10,511,7,No,-2.30198,-0.105363,0.899945
10,512,7,Yes,-4.17876,-0.0153765,0.984683
10,513,7,No,-0.00618441,-5.07916,0.00622475
10,514,7,Yes,-2.42224,-0.0928429,0.911283
10,515,7,No,-0.482906,-0.959536,0.383048
10,516,7,Yes,-2.53665,-0.0823736,0.920874
10,517,7,No,-1.08761,-0.410924,0.662998
10,518,7,No,-1.48998,-0.255304,0.774636
10,519,7,Yes,-3.39828,-0.033941,0.966571
10,520,7,Yes,-3.98974,-0.0186177,0.981496
10,521,7,No,-0.375086,-1.1621,0.31281
10,522,7,Yes,-1.51213,-0.248951,0.779573
10,523,7,No,-0.73327,-0.65446,0.519692
10,524,7,No,-3.00487,-0.0507526,0.950458
10,525,7,No,-0.000662069,-7.23462,0.000721141
10,526,7,Yes,-4.4105,-0.0121633,0.987852
10,527,7,Yes,-2.35613,-0.0995193,0.905219
10,528,7,No,-0.337677,-1.24955,0.286616
10,529,7,No,-0.00053909,-7.42109,0.00059846
10,530,7,Yes,-3.46909,-0.0315789,0.968856
10,531,7,No,-0.384787,-1.14111,0.319444
10,532,7,No,-1.96631,-0.150723,0.860036
10,533,7,No,-0.000198026,-8.26388,0.000257643
10,534,7,No,2.38418e-06,-9.7816,5.64782e-05
10,535,7,No,-3.13525e-05,-9.30534,9.09318e-05
10,536,7,No,-5.25131e-05,-9.09984,0.000111677
10,537,7,No,-0.0145728,-4.23178,0.0145256
10,538,7,No,-0.0197689,-3.93049,0.0196328
10,539,7,Yes,-3.22696,-0.040425,0.960324
10,540,7,Yes,-0.17618,-1.82268,0.161583
10,541,7,No,-0.0465531,-3.08904,0.0455429
10,542,7,No,-6.89053e-05,-8.96289,0.000128068
10,543,7,No,-0.123117,-2.15504,0.115892
10,544,7,Yes,-2.7359,-0.0669691,0.935168
10,545,7,No,-2.74781e-05,-9.35623,8.64201e-05
10,546,7,No,-0.000447016,-7.58843,0.000506248
10,547,7,Yes,-3.33171,-0.0363244,0.96427
10,548,7,Yes,-2.41968,-0.0930928,0.911055
10,549,7,Yes,-3.96698,-0.0190522,0.981071
10,550,7,No,-5.3288e-05,-9.09062,0.000112711
10,551,7,No,-0.000747483,-7.12225,0.000806898
10,552,7,No,-0.836467,-0.567712,0.566787
10,553,7,No,-0.00012017,-8.62476,0.000179593
10,554,7,No,-2.23988,-0.11251,0.893535
10,555,7,Yes,-0.386748,-1.13695,0.320778
10,556,7,Yes,-1.53615,-0.242262,0.784804
10,557,7,No,-0.00501751,-5.28543,0.00506457
10,558,7,No,-0.00763468,-4.87112,0.00766434
10,559,7,Yes,-3.03866,-0.0490216,0.952104
10,560,7,No,-0.000368246,-7.75743,0.000427527
10,561,7,Yes,-2.41368,-0.0936802,0.91052
10,562,7,Yes,-3.06251,-0.0478372,0.953233
10,563,7,Yes,-4.5338,-0.0107384,0.989261
10,564,7,Yes,-4.93429,-0.00716169,0.992805
10,565,7,Yes,-3.45057,-0.032181,0.968274
10,566,7,No,-1.65056,-0.21305,0.808069
10,567,7,Yes,-2.55338,-0.080949,0.922187
10,568,7,Yes,-0.755976,-0.633924,0.530475
10,569,7,Yes,-1.01758,-0.448495,0.638551
10,570,7,Yes,-1.6086,-0.22328,0.799844
10,571,7,Yes,-2.55581,-0.0807436,0.922375
10,572,7,Yes,-3.19871,-0.0416089,0.959188
10,573,7,No,-0.332522,-1.2625,0.28293
10,574,7,No,-4.67907e-05,-9.15593,0.000105586
10,575,7,Yes,-4.88874,-0.00749919,0.992469
10,576,7,Yes,-0.941912,-0.494006,0.610141
10,577,7,No,-0.0523746,-2.97423,0.0510835
10,578,7,Yes,-3.08476,-0.0467574,0.954262
10,579,7,No,-0.166752,-1.87308,0.15364
10,580,7,No,-0.00467923,-5.35437,0.00472718
10,581,7,No,-0.00148269,-6.47529,0.00154096
10,582,7,No,-0.00417585,-5.46629,0.00422664
10,583,7,Yes,-2.62342,-0.0752574,0.92745
10,584,7,Yes,-4.21234,-0.0148628,0.985189
10,585,7,Yes,-1.48765,-0.255983,0.77411
10,586,7,No,-0.0147028,-4.22298,0.0146541
10,587,7,No,-0.0203451,-3.90212,0.0201979
10,588,7,No,-0.00644935,-5.03771,0.00648818
10,589,7,No,-0.00214759,-6.11706,0.0022048
10,590,7,Yes,-4.15954,-0.0156774,0.984386
10,591,7,No,-0.0105155,-4.55451,0.0105191
10,592,7,No,-0.0277119,-3.59756,0.0273889
10,593,7,Yes,-0.0580562,-2.87418,0.0564588
10,594,7,No,-2.86086,-0.0588591,0.942784
10,595,7,No,-0.450795,-1.01353,0.362916
10,596,7,Yes,-1.08635,-0.411566,0.662573
10,597,7,Yes,-4.63336,-0.00970943,0.990279
10,598,7,Yes,-0.347695,-1.22504,0.293728
10,599,7,Yes,-1.99484,-0.146155,0.863973
10,600,7,Yes,-0.458953,-0.999363,0.368092
10,601,7,Yes,-0.423147,-1.06399,0.345057
10,602,7,No,-0.278671,-1.41358,0.243256
10,603,7,Yes,-3.89154,-0.0205643,0.979587
10,604,7,No,-0.880645,-0.535216,0.585509
10,605,7,No,-0.00300178,-5.79044,0.00305644
10,606,7,No,-0.000255975,-8.06224,0.000315202
10,607,7,No,-0.0218782,-3.83043,0.0216991
10,608,7,Yes,-0.727417,-0.6599,0.516873
10,609,7,No,-0.000245124,-8.09668,0.000304531
10,610,7,No,-0.0839704,-2.51825,0.0805961
10,611,7,Yes,-2.06874,-0.135003,0.873662
10,612,7,Yes,-0.884325,-0.532618,0.587031
10,613,7,Yes,-1.92671,-0.157319,0.854382
10,614,7,Yes,-4.63085,-0.00973447,0.990254
10,615,7,No,-1.78124,-0.184368,0.831581
10,616,7,Yes,-1.6353,-0.216708,0.805118
10,617,7,Yes,-4.67494,-0.00931018,0.990674
10,618,7,Yes,-1.79395,-0.181813,0.833708
10,619,7,Yes,-3.24923,-0.0395148,0.961198
10,620,7,Yes,-4.24388,-0.0143952,0.985649
10,621,7,No,-0.112543,-2.2396,0.106494
10,622,7,Yes,-3.60861,-0.0274021,0.972912
10,623,7,Yes,-0.435755,-1.04049,0.353262
10,624,7,Yes,-3.30545,-0.0373103,0.963319
10,625,7,Yes,-2.10436,-0.129955,0.878084
10,626,7,Yes,-5.00827,-0.00664512,0.993318
10,627,7,No,-2.16963e-05,-9.4243,8.0733e-05
10,628,7,Yes,-3.41944,-0.0332165,0.967271
10,629,7,Yes,-1.69403,-0.202996,0.816234
10,630,7,Yes,-0.800688,-0.59595,0.551006
10,631,7,Yes,-2.7309,-0.0673176,0.934843
10,632,7,Yes,-1.29288,-0.320785,0.725537
10,633,7,Yes,-0.707388,-0.678992,0.507098
10,634,7,Yes,-2.22367,-0.114458,0.891795
10,635,7,No,-0.00156095,-6.42564,0.0016194
10,636,7,No,-0.398103,-1.11332,0.328446
10,637,7,Yes,-2.28981,-0.106724,0.89872
10,638,7,Yes,-2.68387,-0.0706794,0.931706
10,639,7,Yes,-0.184351,-1.78132,0.168406
10,640,7,No,-0.00321768,-5.7223,0.00327199
10,641,7,No,-0.179684,-1.80469,0.164515
10,642,7,No,-0.244972,-1.52633,0.21732
10,643,7,Yes,-3.71344,-0.024635,0.975608
10,644,7,Yes,-3.64055,-0.0265272,0.973764
10,645,7,Yes,-2.30434,-0.1051,0.900181
10,646,7,Yes,-1.63164,-0.217596,0.804403
10,647,7,Yes,-0.576565,-0.825002,0.438208
10,648,7,No,-0.000875618,-6.97604,0.000933941
10,649,7,No,-1.50605,-0.250676,0.778228
10,650,7,No,-0.217009,-1.63406,0.195124
10,651,7,Yes,-2.98391,-0.0518574,0.949408
10,652,7,No,-0.821438,-0.579355,0.560227
10,653,7,No,-8.44037e-05,-8.84658,0.000143864
10,654,7,Yes,-0.902765,-0.519847,0.594577
10,655,7,Yes,-4.02699,-0.0179286,0.982173
10,656,7,No,-2.45546,-0.0896668,0.914182
10,657,7,Yes,-1.01724,-0.448687,0.638428
10,658,7,Yes,-4.32186,-0.0133037,0.986726
10,659,7,Yes,-0.665901,-0.721037,0.486219
10,660,7,Yes,-4.23665,-0.0145007,0.985545
10,661,7,No,-1.09791,-0.40573,0.666451
10,662,7,Yes,-2.4886,-0.0866117,0.916979
10,663,7,No,-0.107809,-2.28023,0.102255
10,664,7,No,-0.000711933,-7.16735,0.000771321
10,665,7,No,7.15256e-07,-9.74829,5.8391e-05
10,666,7,Yes,-4.4389,-0.0118191,0.988192
10,667,7,Yes,-3.0519,-0.0483598,0.952734
10,668,7,Yes,-4.06683,-0.0172194,0.982869
10,669,7,Yes,-3.72663,-0.0243068,0.975928
10,670,7,Yes,-1.31102,-0.314008,0.73047
10,671,7,No,-0.00672883,-4.9959,0.00676523
10,672,7,No,-0.00446438,-5.40068,0.00451325
10,673,7,No,-0.000910219,-6.93909,0.000969091
10,674,7,No,-6.70575e-05,-8.97604,0.000126395
10,675,7,No,-3.39156e-05,-9.28203,9.30768e-05
10,676,7,No,-1.52589e-05,-9.50193,7.47028e-05
10,677,7,Yes,-1.82849,-0.175064,0.839354
10,678,7,No,-0.00599971,-5.10916,0.00604079
10,679,7,No,-2.7759,-0.0642551,0.93771
10,680,7,No,-0.00140551,-6.52671,0.00146372
10,681,7,No,-0.000452263,-7.5774,0.000511859
10,682,7,No,-0.0565171,-2.90027,0.0550051
10,683,7,Yes,-1.49287,-0.254462,0.775287
10,684,7,No,-0.980896,-0.46987,0.625047
10,685,7,No,-0.145804,-1.99707,0.135724
10,686,7,No,-0.00636237,-5.05123,0.00640108
10,687,7,No,-0.00113707,-6.7288,0.0011959
10,688,7,No,-5.56723e-05,-9.07335,0.000114675
10,689,7,Yes,-4.7892,-0.00829395,0.991681
10,690,7,No,-0.163035,-1.8938,0.150489
10,691,7,Yes,-1.48181,-0.257693,0.772788
10,692,7,No,-3.27831e-05,-9.2898,9.23557e-05
10,693,7,No,-0.0010046,-6.84629,0.00106333
10,694,7,No,-0.00159062,-6.40762,0.00164885
10,695,7,No,-0.00130333,-6.59885,0.00136186
10,696,7,Yes,-1.83965,-0.172943,0.841136
10,697,7,No,-0.000292582,-7.95162,0.000352072
10,698,7,No,-2.98028e-05,-9.32505,8.9157e-05
10,699,7,No,-0.000798425,-7.06177,0.000857206
10,700,7,No,-0.00139978,-6.53067,0.00145794
10,701,7,Yes,-2.30261,-0.105292,0.900008
10,702,7,Yes,-1.73848,-0.193256,0.824223
10,703,7,No,-0.0959145,-2.39123,0.0915117
10,704,7,No,-0.0316842,-3.46584,0.0312449
10,705,7,No,-0.0148779,-4.21129,0.0148263
10,706,7,No,-0.653318,-0.734506,0.479714
10,707,7,No,-0.000969045,-6.87991,0.00102818
10,708,7,No,-9.68026e-05,-8.76512,0.000156074
10,709,7,Yes,-4.73554,-0.00875654,0.991223
10,710,7,Yes,-1.18246,-0.365955,0.693493
10,711,7,No,-0.00312225,-5.7519,0.00317655
10,712,7,No,-0.0213968,-3.85237,0.0212281
10,713,7,No,-0.338461,-1.2476,0.287175
10,714,7,Yes,-2.59785,-0.0772857,0.925571
10,715,7,Yes,-2.29791,-0.105815,0.899537
10,716,7,Yes,-2.60184,-0.0769646,0.925868
10,717,7,No,-5.34072e-05,-9.09235,0.000112517
10,718,7,No,-0.000112778,-8.66811,0.000171974
10,719,7,No,-0.000781722,-7.08089,0.000840971
10,720,7,No,-0.00148968,-6.47095,0.00154766
10,721,7,No,-0.000600518,-7.32311,0.00066007
10,722,7,No,-0.00406865,-5.49197,0.00411948
10,723,7,No,-0.618654,-0.773513,0.461362
10,724,7,No,-0.000291927,-7.95364,0.000351361
10,725,7,No,-0.124233,-2.14656,0.116878
10,726,7,No,-0.937066,-0.497115,0.608247
10,727,7,Yes,-4.4882,-0.0112446,0.98876
10,728,7,Yes,-4.48615,-0.0112681,0.988737
10,729,7,No,-0.00535441,-5.22151,0.00539886
10,730,7,Yes,-4.6872,-0.00919509,0.990788
10,731,7,Yes,-2.27272,-0.108669,0.896974
10,732,7,Yes,-3.9791,-0.0188185,0.981299
10,733,7,Yes,-4.06887,-0.0171848,0.982904
10,734,7,Yes,-0.548511,-0.86216,0.422224
10,735,7,No,-0.00173564,-6.32348,0.00179359
10,736,7,Yes,-0.674389,-0.712145,0.490562
10,737,7,No,-0.22894,-1.58629,0.204671
10,738,7,Yes,-0.386212,-1.13808,0.320414
10,739,7,No,-0.000473134,-7.53718,0.000532866
10,740,7,No,-0.780455,-0.612746,0.541829
10,741,7,Yes,-1.41915,-0.276887,0.758096
10,742,7,Yes,-3.1928,-0.0418614,0.958946
10,743,7,Yes,-2.99193,-0.0514322,0.949812
10,744,7,No,-0.226965,-1.59401,0.203098
10,745,7,Yes,-2.18149,-0.1197,0.887134
10,746,7,Yes,-1.04339,-0.434172,0.647763
10,747,7,Yes,-2.27017,-0.108963,0.896711
10,748,7,Yes,-0.218791,-1.62674,0.196557
10,749,7,No,-0.000382616,-7.7243,0.00044193
10,750,7,Yes,-3.8818,-0.0207683,0.979387
10,751,7,Yes,-3.64689,-0.026357,0.97393
10,752,7,No,-0.0625707,-2.8016,0.060709
10,753,7,No,-0.439057,-1.03447,0.355394
10,754,7,Yes,-3.21845,-0.0407781,0.959985
10,755,7,Yes,-4.14995,-0.0158308,0.984236
10,756,7,Yes,-4.4657,-0.0115031,0.988504
10,757,7,Yes,-4.04609,-0.017585,0.98251
10,758,7,Yes,-3.07736,-0.0471145,0.953922
10,759,7,No,-0.000133821,-8.55208,0.000193131
10,760,7,No,-2.49477,-0.0860549,0.91749
10,761,7,No,-0.00832899,-4.785,0.00835361
10,762,7,No,-0.206967,-1.67658,0.187002
10,763,7,Yes,-3.9023,-0.0203409,0.979806
10,764,7,Yes,-4.74451,-0.00867765,0.991301
10,765,7,No,-0.000617277,-7.29805,0.000676815
10,766,7,Yes,-4.46737,-0.0114831,0.988523
10,767,7,Yes,-2.39642,-0.0953934,0.908962
10,768,7,Yes,-3.61978,-0.0270932,0.973213
10,769,7,Yes,-2.57664,-0.0790107,0.923975
10,770,7,Yes,-0.370306,-1.17268,0.309517
10,771,7,No,-0.74798,-0.641054,0.526706
10,772,7,Yes,-3.67347,-0.0256552,0.974613
10,773,7,No,-0.00550189,-5.19458,0.0055462
10,774,7,Yes,-4.30237,-0.0135686,0.986464
10,775,7,No,-0.0128742,-4.35433,0.0128503
10,776,7,Yes,-1.80017,-0.180578,0.834738
10,777,7,No,-0.239231,-1.54728,0.212813
10,778,7,No,-1.52879,-0.244289,0.783215
10,779,7,Yes,-3.56507,-0.028642,0.971707
10,780,7,Yes,-2.82866,-0.0608475,0.940911
10,781,7,Yes,-4.5572,-0.010487,0.989509
10,782,7,No,-1.70162,-0.201294,0.817624
10,783,7,No,-0.00448211,-5.39669,0.0045313
10,784,7,No,-5.48974e-05,-9.07516,0.000114468
10,785,7,No,-1.30879,-0.314833,0.729868
10,786,7,No,-0.00280015,-5.85837,0.00285574
10,787,7,No,-0.00106069,-6.79463,0.00111971
10,788,7,No,-0.0152383,-4.18764,0.0151811
10,789,7,No,-0.00564676,-5.16904,0.00568968
10,790,7,Yes,-3.33501,-0.0362024,0.964388
10,791,7,No,-0.0575161,-2.88325,0.0559491
10,792,7,No,-0.213707,-1.64779,0.192463
10,793,7,No,-0.0207247,-3.88387,0.0205698
10,794,7,No,-0.0056765,-5.16388,0.00571915
10,795,7,No,-0.173097,-1.83883,0.158993
10,796,7,Yes,-1.30679,-0.315574,0.729327
10,797,7,Yes,-0.802627,-0.594373,0.551876
10,798,7,No,-2.1674,-0.121509,0.885531
10,799,7,No,-2.77713,-0.0641724,0.937787
10,800,7,Yes,-2.30001,-0.105581,0.899748
10,801,7,No,-0.000165536,-8.39906,0.000225066
10,802,7,Yes,-4.59407,-0.0101032,0.989889
10,803,7,No,-0.760536,-0.629904,0.532612
10,804,7,No,-0.0592652,-2.8542,0.0575987
10,805,7,Yes,-0.294901,-1.36471,0.255439
10,806,7,No,-0.00174203,-6.32002,0.0017998
10,807,7,Yes,-3.36473,-0.0351219,0.965431
10,808,7,No,-0.00164429,-6.37584,0.00170209
10,809,7,Yes,-3.90895,-0.0202045,0.97994
10,810,7,Yes,-0.112265,-2.24194,0.106246
10,811,7,No,-0.814346,-0.584957,0.557097
10,812,7,No,-0.00121506,-6.66584,0.00127362
10,813,7,No,-0.630831,-0.759483,0.467881
10,814,7,No,-0.0181936,-4.0125,0.018087
10,815,7,No,-0.0467166,-3.08562,0.045699
10,816,7,Yes,-2.71921,-0.0681377,0.934077
10,817,7,Yes,-3.0923,-0.046399,0.954605
10,818,7,Yes,-1.09032,-0.409551,0.663909
10,819,7,No,-0.0243621,-3.72441,0.0241259
10,820,7,Yes,-1.82356,-0.17601,0.838559
10,821,7,Yes,-3.31872,-0.0368088,0.963803
10,822,7,Yes,-4.07267,-0.0171183,0.982969
10,823,7,Yes,-3.37858,-0.0346295,0.965906
10,824,7,Yes,-4.68592,-0.00920779,0.990776
10,825,7,Yes,-0.824677,-0.576819,0.561649
10,826,7,Yes,-0.00663774,-5.00936,0.00667479
10,827,7,No,-0.000467231,-7.54915,0.000526526
10,828,7,Yes,-3.15832,-0.0433642,0.957506
10,829,7,Yes,-3.65443,-0.0261558,0.974125
10,830,7,No,-1.22786e-05,-9.54082,7.18538e-05
10,831,7,No,-1.64609,-0.214114,0.807209
10,832,7,Yes,-3.66752,-0.0258108,0.974462
10,833,7,Yes,-4.21284,-0.014855,0.985197
10,834,7,Yes,-2.04354,-0.138698,0.870439
10,835,7,Yes,-3.36136,-0.0352427,0.965314
10,836,7,Yes,-2.89748,-0.056679,0.944841
10,837,7,Yes,-2.88085,-0.0576589,0.943916
10,838,7,Yes,-3.34652,-0.0357797,0.964795
10,839,7,No,-6.74747e-05,-8.97582,0.000126423
10,840,7,Yes,-0.645286,-0.74329,0.475518
10,841,7,No,-1.16719,-0.372779,0.688777
10,842,7,No,-1.74047e-05,-9.47462,7.67709e-05
10,843,7,Yes,-3.69835,-0.0250156,0.975237
10,844,7,Yes,-1.58284,-0.22983,0.794622
10,845,7,No,-0.00279794,-5.85942,0.00285272
10,846,7,Yes,-0.14152,-2.0248,0.132013
10,847,7,No,-0.000320367,-7.8762,0.000379652
10,848,7,No,-0.00053432,-7.42913,0.000593669
10,849,7,Yes,-2.63809,-0.0741193,0.928507
10,850,7,No,-0.00014485,-8.49654,0.000204162
10,851,7,Yes,-3.63295,-0.0267329,0.973564
10,852,7,No,-0.136747,-2.05676,0.12786
10,853,7,Yes,-0.557286,-0.850275,0.427272
10,854,7,Yes,-4.21451,-0.0148296,0.985221
10,855,7,No,-0.573706,-0.828681,0.436599
10,856,7,No,-0.0137577,-4.28867,0.0137224
10,857,7,No,-0.055424,-2.91921,0.0539728
10,858,7,No,-0.0467387,-3.08516,0.0457201
10,859,7,Yes,-0.795467,-0.600225,0.548656
10,860,7,No,-0.487406,-0.952331,0.385818
10,861,7,Yes,-3.11938,-0.045128,0.955818
10,862,7,No,-0.034165,-3.39181,0.0336456
10,863,7,No,-0.00129426,-6.60548,0.00135286
10,864,7,Yes,-3.66952,-0.0257585,0.974513
10,865,7,No,-0.000245482,-8.09605,0.000304724
10,866,7,No,-0.000205359,-8.23729,0.000264586
10,867,7,No,-0.000190276,-8.29676,0.00024931
10,868,7,Yes,-0.841156,-0.564144,0.568813
10,869,7,Yes,-0.557562,-0.849905,0.42743
10,870,7,No,-0.00642656,-5.04128,0.00646511
10,871,7,No,-0.0068213,-4.98243,0.00685695
10,872,7,Yes,-3.04591,-0.0486589,0.95245
10,873,7,Yes,-2.6487,-0.0733063,0.929261
10,874,7,Yes,-2.42221,-0.0928456,0.91128
10,875,7,No,-0.178807,-1.80916,0.163782
10,876,7,Yes,-1.80792,-0.179049,0.836016
10,877,7,No,-0.00995075,-4.60913,0.00995986
10,878,7,Yes,-4.47981,-0.0113408,0.988665
10,879,7,Yes,-2.20366,-0.116914,0.889609
10,880,7,Yes,-4.41585,-0.0120969,0.987916
10,881,7,No,-0.0112648,-4.48638,0.0112606
10,882,7,Yes,-4.50623,-0.0110407,0.988961
10,883,7,Yes,-4.62816,-0.00976101,0.990228
10,884,7,Yes,-1.34365,-0.302233,0.739123
10,885,7,Yes,-2.45145,-0.0900444,0.913837
10,886,7,Yes,-4.32625,-0.0132448,0.986784
10,887,7,No,-1.01966,-0.447315,0.639305
10,888,7,Yes,-0.623319,-0.768094,0.463869
10,889,7,Yes,-0.265107,-1.457,0.232921
10,890,7,Yes,-1.53304,-0.243116,0.784135
10,891,7,Yes,-4.02962,-0.0178808,0.98222
10,892,7,Yes,-4.41651,-0.0120896,0.987924
10,893,7,Yes,-4.45176,-0.0116662,0.988343
10,894,7,Yes,-4.33202,-0.0131675,0.98686
10,895,7,Yes,-3.86561,-0.0211116,0.979051
10,896,7,No,-0.000225331,-8.16413,0.000284667
10,897,7,No,-0.000108248,-8.69552,0.000167323
10,898,7,Yes,-2.67502,-0.0713309,0.931099
10,899,7,No,-0.000134119,-8.54971,0.00019359
10,900,7,No,-0.000107354,-8.69829,0.000166861
10,901,7,Yes,-4.5912,-0.0101322,0.98986
10,902,7,Yes,-1.15452,-0.378556,0.68481
10,903,7,No,-0.0273269,-3.61132,0.0270145
10,904,7,Yes,-4.0275,-0.0179198,0.982182
10,905,7,Yes,-4.2468,-0.0143532,0.985691
10,906,7,Yes,-4.14569,-0.0158989,0.984168
10,907,7,No,-0.0430081,-3.16637,0.0421536
10,908,7,No,-0.27112,-1.43744,0.23752
10,909,7,No,-0.240703,-1.54185,0.213971
10,910,7,Yes,-1.72456,-0.196249,0.821759
10,911,7,No,-0.000135252,-8.543,0.000194894
10,912,7,Yes,-0.727268,-0.660038,0.516801
10,913,7,No,-0.278571,-1.41389,0.24318
10,914,7,No,-0.000442841,-7.5962,0.000502326
10,915,7,Yes,-3.78339,-0.0229471,0.977256
10,916,7,No,-0.00330882,-5.69495,0.00336272
10,917,7,Yes,-1.96525,-0.150896,0.859887
10,918,7,Yes,-3.31728,-0.0368632,0.963751
10,919,7,Yes,-4.19137,-0.0151802,0.984875
10,920,7,Yes,-2.14809,-0.124032,0.8833
10,921,7,No,-0.00336725,-5.6777,0.00342122
10,922,7,No,-0.12697,-2.12612,0.119293
10,923,7,Yes,-3.81398,-0.0222467,0.977941
10,924,7,Yes,-4.60333,-0.0100087,0.989982
10,925,7,Yes,-0.306214,-1.33245,0.263815
10,926,7,Yes,-4.76697,-0.00848245,0.991494
10,927,7,Yes,-2.80131,-0.0625899,0.939273
10,928,7,No,-0.000438369,-7.60553,0.000497661
10,929,7,No,-7.96946e-05,-8.883,0.000138719
10,930,7,Yes,-2.38542,-0.0965013,0.907955
10,931,7,No,-0.0116708,-4.45136,0.011662
10,932,7,No,-0.00617218,-5.0811,0.00621268
10,933,7,Yes,-2.27006,-0.108975,0.8967
10,934,7,No,-0.00113337,-6.73177,0.00119235
10,935,7,No,-0.000980679,-6.86889,0.00103957
10,936,7,Yes,-3.39184,-0.0341646,0.966355
10,937,7,No,-0.00122754,-6.65603,0.00128617
10,938,7,No,-0.00726267,-4.92042,0.00729566
10,939,7,No,-0.00119018,-6.68571,0.00124855
10,940,7,Yes,-3.12649,-0.0448015,0.956131
10,941,7,No,-0.00271187,-5.88961,0.00276788
10,942,7,No,-0.0189308,-3.97324,0.0188112
10,943,7,Yes,-4.82644,-0.00798737,0.991985
10,944,7,Yes,-0.221819,-1.61446,0.198987
10,945,7,No,-0.0415043,-3.20119,0.0407112
10,946,7,Yes,-2.35664,-0.0994653,0.905268
10,947,7,Yes,-0.381406,-1.14836,0.317139
10,948,7,Yes,-3.49897,-0.0306337,0.969773
10,949,7,Yes,-4.47447,-0.0114016,0.988604
10,950,7,No,-0.00441164,-5.41234,0.00446093
10,951,7,Yes,-3.45294,-0.0321029,0.968349
10,952,7,Yes,-1.1517,-0.379856,0.68392
10,953,7,Yes,-1.50806,-0.250105,0.778673
10,954,7,Yes,-3.83519,-0.0217729,0.978404
10,955,7,Yes,-0.930864,-0.50113,0.60581
10,956,7,Yes,-3.99943,-0.0184358,0.981675
10,957,7,Yes,-3.50532,-0.0304364,0.969965
10,958,7,Yes,-4.10167,-0.0166234,0.983456
10,959,7,No,-0.00946842,-4.65817,0.00948325
10,960,7,No,-0.00415891,-5.4703,0.00420971
10,961,7,Yes,-3.27732,-0.0383981,0.962273
10,962,7,No,-0.000853724,-6.99892,0.00091281
10,963,7,No,-0.0384226,-3.27668,0.0377513
10,964,7,No,-0.487401,-0.952336,0.385816
10,965,7,No,-0.00193001,-6.22109,0.00198696
10,966,7,No,-0.0212265,-3.86029,0.0210606
10,967,7,No,-0.0234569,-3.76176,0.0232414
10,968,7,No,-1.43694,-0.271279,0.762359
10,969,7,Yes,-0.857583,-0.551869,0.575839
10,970,7,Yes,-3.90963,-0.0201913,0.979953
10,971,7,Yes,-3.73191,-0.0241777,0.976054
10,972,7,No,-0.0149876,-4.20405,0.0149341
10,973,7,No,-0.0672003,-2.73257,0.0650478
10,974,7,Yes,-1.79705,-0.181196,0.834223
10,975,7,No,-0.472199,-0.977024,0.376408
10,976,7,No,-0.396764,-1.11607,0.327547
10,977,7,Yes,-1.21809,-0.350603,0.704222
10,978,7,Yes,-3.41962,-0.0332105,0.967277
10,979,7,Yes,-0.26973,-1.44192,0.23646
10,980,7,Yes,-0.421196,-1.0677,0.343777
10,981,7,Yes,-0.32395,-1.28456,0.276756
10,982,7,Yes,-0.230921,-1.57863,0.206245
10,983,7,Yes,-2.64692,-0.0734419,0.929135
10,984,7,No,-0.366073,-1.18219,0.306588
10,985,7,No,-0.94531,-0.491842,0.611463
10,986,7,Yes,-0.837916,-0.566608,0.567414
10,987,7,Yes,-0.935455,-0.498155,0.607615
10,988,7,Yes,-3.58894,-0.0279558,0.972374
10,989,7,Yes,-1.46441,-0.262867,0.768799
10,990,7,Yes,-0.624147,-0.767138,0.464313
10,991,7,Yes,-0.869182,-0.54341,0.58073
10,992,7,No,-0.452264,-1.01095,0.363851
10,993,7,Yes,-1.91166,-0.159906,0.852174
10,994,7,Yes,-1.51923,-0.246952,0.781133
10,995,7,Yes,-1.12311,-0.39335,0.674753
10,996,7,Yes,-3.03625,-0.0491434,0.951988
10,997,7,Yes,-2.43172,-0.0919248,0.91212
10,998,7,Yes,-4.20265,-0.0150085,0.985045
10,999,7,Yes,-4.36347,-0.0127555,0.987267
10,1000,7,Yes,-1.94644,-0.153994,0.857226
10,1001,7,Yes,-2.20875,-0.116286,0.890168
10,1002,7,Yes,-3.77978,-0.0230315,0.977174
10,1003,7,Yes,-4.22035,-0.0147418,0.985307
10,1004,7,Yes,-4.29732,-0.0136383,0.986396
10,1005,7,No,-0.381397,-1.14837,0.317134
10,1006,7,Yes,-0.847305,-0.559507,0.571457
10,1007,7,Yes,-3.08239,-0.0468721,0.954153
10,1008,7,Yes,-1.19863,-0.358888,0.698412
10,1009,7,Yes,-4.44543,-0.0117418,0.988269
10,1010,7,Yes,-4.01289,-0.0181856,0.98192
10,1011,7,Yes,-4.24116,-0.0144353,0.98561
10,1012,7,Yes,-4.085,-0.0169057,0.983178
10,1013,7,Yes,-1.98054,-0.148426,0.862013
10,1014,7,Yes,-4.61422,-0.0098994,0.990091
10,1015,7,No,-0.0242163,-3.73033,0.0239835
10,1016,7,Yes,-1.68007,-0.206166,0.81365
10,1017,7,Yes,-2.75902,-0.0653866,0.93665
10,1018,7,Yes,-3.11916,-0.0451383,0.955808
10,1019,7,Yes,-4.09299,-0.0167696,0.983312
10,1020,7,No,-0.000649067,-7.25209,0.000708647
10,1021,7,No,-0.00992444,-4.61176,0.00993368
10,1022,7,No,-0.00565198,-5.16812,0.00569494
10,1023,7,Yes,-4.23535,-0.0145198,0.985526
10,1024,7,Yes,-2.68444,-0.0706364,0.931745
10,1025,7,Yes,-0.627817,-0.762919,0.466276
10,1026,7,Yes,-3.62513,-0.0269462,0.973356
10,1027,7,Yes,-1.5288,-0.244288,0.783216
10,1028,7,Yes,-1.73155,-0.194739,0.823001
10,1029,7,Yes,-2.18352,-0.119442,0.887363
10,1030,7,Yes,-2.19087,-0.118514,0.888187
10,1031,7,Yes,-0.154691,-1.94226,0.143371
10,1032,7,No,-0.00953515,-4.65128,0.00954882
10,1033,7,No,-0.0443648,-3.13604,0.0434519
10,1034,7,No,-1.42455,-0.275171,0.759398
10,1035,7,Yes,-1.97001,-0.150123,0.860552
10,1036,7,Yes,-3.01824,-0.050061,0.951116
10,1037,7,Yes,-3.52323,-0.029887,0.970498
10,1038,7,No,-0.00103229,-6.82058,0.00109103
10,1039,7,No,-0.0678144,-2.72378,0.0656222
10,1040,7,No,-0.107968,-2.27884,0.102397
10,1041,7,Yes,-4.15143,-0.0158065,0.984259
10,1042,7,Yes,-3.65023,-0.026267,0.974016
10,1043,7,No,-1.12121,-0.394269,0.674133
10,1044,7,Yes,-2.98279,-0.0519173,0.949351
10,1045,7,Yes,-1.49586,-0.253598,0.775957
10,1046,7,No,-0.00228194,-6.05805,0.00233881
10,1047,7,No,-0.00632698,-5.05675,0.00636587
10,1048,7,No,-0.000178174,-8.34544,0.000237463
10,1049,7,No,-5.51954e-05,-9.0749,0.000114497
10,1050,7,No,-4.32143e-05,-9.19063,0.000101985
10,1051,7,No,-0.000153613,-8.45228,0.000213401
10,1052,7,No,-5.44801e-05,-9.07855,0.00011408
10,1053,7,No,-0.000151944,-8.46254,0.000211222
10,1054,7,No,-0.0162895,-4.12169,0.0162161
10,1055,7,No,-0.000972505,-6.8766,0.00103159
10,1056,7,No,-0.00323801,-5.71616,0.00329213
10,1057,7,No,-0.00223182,-6.07983,0.00228843
10,1058,7,No,-0.000265455,-8.0341,0.000324198
10,1059,7,No,-3.18294e-05,-9.31028,9.04838e-05
10,1060,7,No,-0.00749006,-4.89002,0.00752084
10,1061,7,Yes,-2.64846,-0.0733247,0.929244
10,1062,7,Yes,-4.44509,-0.0117455,0.988265
10,1063,7,No,-3.94714,-0.0194382,0.980691
10,1064,7,Yes,-4.65642,-0.00948581,0.9905
10,1065,7,No,-1.92869,-0.156981,0.85467
10,1066,7,No,-0.000186222,-8.31457,0.000244909
10,1067,7,No,-8.82188e-05,-8.82113,0.000147573
10,1068,7,No,-0.0332894,-3.4173,0.0327989
10,1069,7,No,-0.000715392,-7.16298,0.000774697
10,1070,7,No,-9.90082e-05,-8.75378,0.000157854
10,1071,7,No,-4.17837e-05,-9.19757,0.00010128
10,1072,7,No,-0.014721,-4.22176,0.0146719
10,1073,7,No,-5.96048e-06,-9.62966,6.57453e-05
10,1074,7,No,-0.000139723,-8.52112,0.000199204
10,1075,7,No,-3.96379e-05,-9.21864,9.91679e-05
10,1076,7,No,-0.809257,-0.589021,0.554837
10,1077,7,No,-0.00664872,-5.00777,0.00668542
10,1078,7,No,-0.257197,-1.4835,0.22683
10,1079,7,No,-0.0011308,-6.73428,0.00118936
10,1080,7,No,-0.00453078,-5.38605,0.00457976
10,1081,7,No,-0.00515955,-5.25809,0.00520494
10,1082,7,Yes,-0.294496,-1.36589,0.255137
10,1083,7,No,-0.00550915,-5.19335,0.00555306
10,1084,7,Yes,-4.15977,-0.0156738,0.98439
10,1085,7,Yes,-4.76675,-0.00848455,0.991493
10,1086,7,Yes,-4.90175,-0.00740143,0.992567
10,1087,7,Yes,-0.112782,-2.2376,0.106707
10,1088,7,No,-0.206606,-1.67815,0.186708
10,1089,7,Yes,-0.989945,-0.46448,0.628425
10,1090,7,Yes,-1.22436,-0.347979,0.706072
10,1091,7,Yes,-3.49282,-0.030825,0.969587
10,1092,7,Yes,-2.7329,-0.0671778,0.934973
10,1093,7,No,-0.00242886,-5.99745,0.00248493
10,1094,7,No,-0.00327078,-5.70625,0.0033249
10,1095,7,No,-0.000593004,-7.33453,0.000652575
10,1096,7,No,-0.0168233,-4.08984,0.0167409
10,1097,7,No,-0.000543027,-7.41404,0.000602696
10,1098,7,No,-0.0063349,-5.05547,0.00637397
10,1099,7,Yes,-0.183275,-1.78665,0.16751
10,1100,7,No,-1.19504,-0.360444,0.697325
10,1101,7,Yes,-3.82721,-0.0219505,0.978231
10,1102,7,Yes,-4.08914,-0.016835,0.983247
10,1103,7,Yes,-3.73523,-0.0240958,0.976134
10,1104,7,Yes,-0.856993,-0.552304,0.575589
10,1105,7,No,-0.40847,-1.09245,0.335373
10,1106,7,Yes,-0.662597,-0.724538,0.48452
10,1107,7,No,-0.576641,-0.824906,0.438251
10,1108,7,Yes,-4.00192,-0.0183888,0.981721
10,1109,7,Yes,-4.37851,-0.0125634,0.987457
10,1110,7,Yes,-4.80563,-0.00815777,0.991817
10,1111,7,Yes,-3.73134,-0.0241918,0.976041
10,1112,7,Yes,-3.3564,-0.035422,0.965141
10,1113,7,Yes,-2.89278,-0.0569535,0.944581
10,1114,7,Yes,-3.60295,-0.0275605,0.972758
10,1115,7,Yes,-1.64719,-0.21385,0.807422
10,1116,7,No,-0.0777668,-2.59187,0.0748751
10,1117,7,Yes,-2.41487,-0.0935646,0.910626
10,1118,7,Yes,-4.39043,-0.012413,0.987605
10,1119,7,Yes,-2.17716,-0.120253,0.886643
10,1120,7,Yes,-2.01358,-0.143237,0.866498
10,1121,7,Yes,-2.75958,-0.065349,0.936686
10,1122,7,Yes,-4.4315,-0.0119082,0.988104
10,1123,7,Yes,-0.549165,-0.861266,0.422602
10,1124,7,Yes,-3.958,-0.0192252,0.9809
10,1125,7,Yes,-2.22876,-0.113845,0.892344
10,1126,7,Yes,-3.56528,-0.0286358,0.971713
10,1127,7,No,-2.07135,-0.134625,0.873992
10,1128,7,No,-0.41215,-1.0852,0.337814
10,1129,7,No,-0.509452,-0.918208,0.39921
10,1130,7,No,-1.47379,-0.260065,0.770957
10,1131,7,Yes,-2.93769,-0.0543807,0.947015
10,1132,7,Yes,-2.26934,-0.109058,0.896626
10,1133,7,Yes,-4.22822,-0.014625,0.985423
10,1134,7,Yes,-4.62731,-0.00976938,0.99022
10,1135,7,Yes,-4.19967,-0.0150531,0.985
10,1136,7,Yes,-3.939,-0.0195991,0.980533
10,1137,7,Yes,-4.07759,-0.0170332,0.983053
10,1138,7,Yes,-0.256295,-1.48658,0.226132
10,1139,7,No,-0.548638,-0.861987,0.422298
10,1140,7,Yes,-3.69728,-0.0250427,0.975211
10,1141,7,Yes,-3.23192,-0.0402202,0.960521
10,1142,7,Yes,-4.13357,-0.0160953,0.983975
10,1143,7,Yes,-4.79652,-0.00823361,0.991742
10,1144,7,Yes,-4.39369,-0.0123717,0.987646
10,1145,7,No,-0.538144,-0.876523,0.416203
10,1146,7,Yes,-2.62432,-0.0751875,0.927515
10,1147,7,Yes,-3.63314,-0.0267273,0.973569
10,1148,7,Yes,-3.22274,-0.0405998,0.960157
10,1149,7,Yes,-3.26422,-0.0389149,0.961775
10,1150,7,Yes,-0.211867,-1.65555,0.190976
10,1151,7,Yes,-3.00099,-0.0509547,0.950265
10,1152,7,Yes,-2.16715,-0.121541,0.885503
10,1153,7,No,-0.0796824,-2.56851,0.0766452
10,1154,7,No,-0.000598013,-7.32769,0.000657051
10,1155,7,No,-0.0121622,-4.4106,0.0121471
10,1156,7,No,-0.005763,-5.14882,0.00580589
10,1157,7,No,-0.00199624,-6.18807,0.00205367
10,1158,7,No,-0.00221533,-6.08696,0.00227216
10,1159,7,No,-0.452396,-1.01072,0.363935
10,1160,7,Yes,-1.29005,-0.321855,0.72476
10,1161,7,Yes,-1.2193,-0.350092,0.704582
10,1162,7,No,-0.0532347,-2.95839,0.0518992
10,1163,7,Yes,-1.86155,-0.168861,0.844577
10,1164,7,No,-0.0146276,-4.22804,0.0145801
10,1165,7,No,-0.0731895,-2.65023,0.0706307
10,1166,7,Yes,-2.06245,-0.135915,0.872865
10,1167,7,Yes,-1.69356,-0.203102,0.816146
10,1168,7,Yes,-2.91938,-0.0554151,0.946036
10,1169,7,Yes,-0.554175,-0.85446,0.425488
10,1170,7,Yes,-2.09987,-0.130581,0.877534
10,1171,7,No,-0.076858,-2.60317,0.0740338
10,1172,7,Yes,-3.33479,-0.0362106,0.96438
10,1173,7,No,-0.349583,-1.22052,0.295059
10,1174,7,No,-0.404756,-1.09986,0.3329
10,1175,7,Yes,-2.56663,-0.0798381,0.923211
10,1176,7,No,-0.752326,-0.637165,0.528759
10,1177,7,Yes,-3.71372,-0.0246283,0.975615
10,1178,7,Yes,-2.67184,-0.071567,0.930879
10,1179,7,No,-0.145237,-2.00069,0.135234
10,1180,7,Yes,-4.39737,-0.0123261,0.987691
10,1181,7,Yes,-0.624654,-0.766553,0.464585
10,1182,7,Yes,-3.46237,-0.0317965,0.968646
10,1183,7,No,-0.00415951,-5.47012,0.00421048
10,1184,7,Yes,-4.22986,-0.0146015,0.985446
10,1185,7,No,-2.6816,-0.0708463,0.93155
10,1186,7,Yes,-2.06708,-0.135242,0.873453
10,1187,7,No,-0.558404,-0.848777,0.427912
10,1188,7,No,-0.275881,-1.42231,0.241142
10,1189,7,No,-0.00358706,-5.61578,0.00363975
10,1190,7,No,-0.000179068,-8.34161,0.000238373
10,1191,7,No,-0.000145207,-8.4945,0.000204579
10,1192,7,No,-0.000107831,-8.69474,0.000167455
10,1193,7,No,-3.32599e-05,-9.28488,9.28114e-05
10,1194,7,No,-0.00440266,-5.41435,0.00445199
10,1195,7,No,-0.0145993,-4.22995,0.0145522
10,1196,7,No,-0.000406944,-7.67081,0.000466213
10,1197,7,No,-0.00107901,-6.7788,0.00113758
10,1198,7,No,-0.000870428,-6.98048,0.000929798
10,1199,7,No,-0.00232681,-6.03921,0.00238331
10,1200,7,No,-8.75034e-05,-8.82822,0.00014653
10,1201,7,No,-0.000390725,-7.7066,0.000449823
10,1202,7,Yes,-4.6151,-0.00989055,0.990099
10,1203,7,Yes,-4.60829,-0.00995894,0.990032
10,1204,7,Yes,-4.97236,-0.00689134,0.993074
10,1205,7,Yes,-4.53287,-0.0107478,0.989251
10,1206,7,No,-5.2215e-05,-9.10361,0.000111257
10,1207,7,No,-0.000424594,-7.63343,0.000483969
10,1208,7,No,-1.4186e-05,-9.51693,7.35912e-05
10,1209,7,No,-0.000256094,-8.06111,0.000315558
10,1210,7,No,-0.000128337,-8.57839,0.000188117
10,1211,7,No,-8.94706e-05,-8.81423,0.000148595
10,1212,7,No,-0.0054401,-5.2058,0.00548433
10,1213,7,No,-0.00614357,-5.08574,0.00618396
10,1214,7,No,-0.811064,-0.587574,0.555641
10,1215,7,No,-0.0401812,-3.23287,0.0394416
10,1216,7,No,-0.00266454,-5.90702,0.00272013
10,1217,7,Yes,-0.983725,-0.468177,0.626106
10,1218,7,No,-0.152497,-1.95547,0.141489
10,1219,7,No,-0.443733,-1.02604,0.358401
10,1220,7,Yes,-0.450604,-1.01386,0.362794
10,1221,7,Yes,-4.07265,-0.0171185,0.982969
10,1222,7,Yes,-3.91777,-0.0200245,0.980116
10,1223,7,Yes,-2.57176,-0.0794133,0.923603
10,1224,7,No,-0.00148132,-6.47574,0.00154027
10,1225,7,No,-0.00180562,-6.28532,0.00186336
10,1226,7,No,-0.000863448,-6.98817,0.00092268
10,1227,7,No,-0.00617463,-5.08071,0.00621513
10,1228,7,No,-0.00120337,-6.67502,0.00126198
10,1229,7,No,-0.00238643,-6.01448,0.00244298
10,1230,7,No,-0.00552593,-5.19027,0.00557014
10,1231,7,No,-0.00308393,-5.76389,0.0031387
10,1232,7,No,-0.0360332,-3.3396,0.0354491
10,1233,7,No,-0.00131318,-6.59143,0.001372
10,1234,7,Yes,-2.01156,-0.143546,0.866229
10,1235,7,Yes,-3.23172,-0.0402278,0.960513
10,1236,7,Yes,-3.86669,-0.0210884,0.979074
10,1237,7,Yes,-2.23308,-0.113325,0.892808
10,1238,7,No,-0.0436911,-3.15099,0.0428072
10,1239,7,No,-0.0185274,-3.9945,0.0184156
10,1240,7,Yes,-3.37198,-0.0348625,0.965681
10,1241,7,Yes,-2.123,-0.127393,0.880335
10,1242,7,Yes,-4.81129,-0.00811138,0.991863
10,1243,7,Yes,-4.28555,-0.013801,0.986235
10,1244,7,No,-0.00195647,-6.20764,0.00201387
10,1245,7,Yes,-3.4375,-0.0326113,0.967857
10,1246,7,Yes,-3.9337,-0.0197046,0.98043
10,1247,7,No,-0.00126215,-6.62933,0.00132097
10,1248,7,No,-0.000907952,-6.94125,0.000966999
10,1249,7,No,-0.172848,-1.84015,0.158784
10,1250,7,No,-0.00161785,-6.39157,0.00167552
10,1251,7,Yes,-4.55704,-0.0104887,0.989508
10,1252,7,Yes,-3.67735,-0.0255538,0.974712
10,1253,7,No,-0.00275562,-5.87424,0.00281077
10,1254,7,No,-0.000889578,-6.96051,0.000948553
10,1255,7,No,-0.000834575,-7.02008,0.000893704
10,1256,7,Yes,-1.71988,-0.197268,0.820922
10,1257,7,Yes,-1.00503,-0.455664,0.633989
10,1258,7,Yes,-4.57241,-0.0103262,0.989668
10,1259,7,Yes,-3.79568,-0.0226624,0.977534
10,1260,7,No,-0.000150513,-8.46976,0.000209702
10,1261,7,Yes,-2.67825,-0.0710917,0.931321
10,1262,7,No,-8.17809e-05,-8.86559,0.000141156
10,1263,7,Yes,-4.87297,-0.00761973,0.99235
10,1264,7,No,-0.000679068,-7.21101,0.000738366
10,1265,7,Yes,-1.84472,-0.171987,0.84194
10,1266,7,No,-0.00123386,-6.65078,0.00129294
10,1267,7,Yes,-4.68352,-0.00922968,0.990754
10,1268,7,No,-0.000206551,-8.23109,0.00026623
10,1269,7,Yes,-4.37826,-0.0125666,0.987454
10,1270,7,No,-0.0337786,-3.40298,0.0332721
10,1271,7,No,-0.0569833,-2.89228,0.0554465
10,1272,7,No,-0.00277427,-5.86741,0.00283002
10,1273,7,Yes,-3.85268,-0.0213903,0.978778
10,1274,7,No,-0.000597238,-7.3288,0.000656319
10,1275,7,Yes,-3.91647,-0.0200521,0.98009
10,1276,7,No,-0.000604932,-7.31688,0.000664193
10,1277,7,No,-0.00397811,-5.51402,0.00402963
10,1278,7,No,-0.13142,-2.09387,0.123202
10,1279,7,No,-4.36316e-05,-9.18153,0.000102917
10,1280,7,No,-0.036345,-3.33115,0.0357498
10,1281,7,Yes,-4.54737,-0.0105912,0.989406
10,1282,7,No,-4.10763,-0.0165226,0.983554
10,1283,7,No,-0.000488401,-7.51021,0.000547435
10,1284,7,No,-7.60584e-05,-8.90929,0.00013512
10,1285,7,No,-0.319259,-1.29692,0.273355
10,1286,7,Yes,-4.8385,-0.0078901,0.992082
10,1287,7,Yes,-3.01202,-0.0503807,0.950811
10,1288,7,No,-9.61469e-05,-8.76667,0.000155832
10,1289,7,No,-4.45853e-05,-9.17519,0.000103571
10,1290,7,Yes,-4.857,-0.00774376,0.992227
10,1291,7,No,-2.62261e-06,-9.68655,6.21094e-05
10,1292,7,No,-8.95302e-05,-8.80864,0.000149427
10,1293,7,No,-6.89053e-05,-8.9627,0.000128092
10,1294,7,No,-1.18018e-05,-9.54857,7.1299e-05
10,1295,7,Yes,-4.16162,-0.0156443,0.984419
10,1296,7,Yes,-4.15395,-0.0157668,0.984299
10,1297,7,No,-7.39721e-05,-8.92188,0.00013343
10,1298,7,No,-0.0001126,-8.666,0.000172338
10,1299,7,No,-0.000186997,-8.30858,0.000246379
10,1300,7,Yes,-3.5992,-0.0276653,0.972656
10,1301,7,No,-0.111255,-2.25048,0.105342
10,1302,7,No,-1.25708,-0.334668,0.715534
10,1303,7,No,-0.00143834,-6.50463,0.0014964
10,1304,7,No,-0.00418584,-5.46401,0.00423627
10,1305,7,No,-1.07315,-0.418355,0.65809
10,1306,7,Yes,-4.10388,-0.0165861,0.983492
10,1307,7,No,-0.00693359,-4.96629,0.00696857
10,1308,7,No,-0.00517255,-5.25554,0.00521823
10,1309,7,No,-0.0054235,-5.20879,0.00546797
10,1310,7,Yes,-3.78773,-0.0228464,0.977354
10,1311,7,Yes,-3.50248,-0.0305243,0.969879
10,1312,7,Yes,-4.11214,-0.0164474,0.983628
10,1313,7,Yes,-3.62828,-0.0268597,0.97344
10,1314,7,Yes,-1.76521,-0.187646,0.828859
10,1315,7,No,-0.199898,-1.70791,0.181234
10,1316,7,Yes,-2.70287,-0.0693005,0.932991
10,1317,7,No,-0.148646,-1.97916,0.138177
10,1318,7,No,-0.000421374,-7.64106,0.000480291
10,1319,7,No,-0.660395,-0.726887,0.483383
10,1320,7,Yes,-4.69328,-0.00913831,0.990844
10,1321,7,No,-0.000597536,-7.32822,0.000656703
10,1322,7,Yes,-3.58815,-0.0279777,0.972352
10,1323,7,No,-0.916295,-0.510725,0.600025
10,1324,7,No,-0.033436,-3.41298,0.0329409
10,1325,7,Yes,-3.33696,-0.0361297,0.964457
10,1326,7,Yes,-3.96015,-0.0191834,0.980941
10,1327,7,Yes,-2.82706,-0.0609473,0.940817
10,1328,7,Yes,-5.22294,-0.00534602,0.994609
10,1329,7,No,-0.0103961,-4.56574,0.0104016
10,1330,7,No,-0.286698,-1.38902,0.249306
10,1331,7,Yes,-2.1479,-0.124057,0.883278
10,1332,7,Yes,-0.400019,-1.10942,0.329732
10,1333,7,Yes,-3.37016,-0.0349278,0.965618
10,1334,7,Yes,-2.34443,-0.100752,0.904103
10,1335,7,Yes,-2.11931,-0.127895,0.879893
10,1336,7,Yes,-2.19931,-0.117455,0.889127
10,1337,7,Yes,-3.33648,-0.0361475,0.96444
10,1338,7,Yes,-2.51278,-0.0844517,0.918962
10,1339,7,Yes,-3.96749,-0.0190412,0.98108
10,1340,7,Yes,-3.65908,-0.0260326,0.974245
10,1341,7,Yes,-3.26519,-0.0388756,0.961813
10,1342,7,Yes,-3.61916,-0.0271096,0.973196
10,1343,7,Yes,-4.72261,-0.00887145,0.991109
10,1344,7,Yes,-3.25093,-0.0394471,0.961264
10,1345,7,Yes,-2.47821,-0.0875575,0.916112
10,1346,7,No,-0.0559342,-2.91031,0.0544554
10,1347,7,Yes,-4.78561,-0.00832388,0.991651
10,1348,7,Yes,-3.37234,-0.0348502,0.965693
10,1349,7,Yes,-1.82816,-0.175128,0.8393
10,1350,7,No,-4.09687,-0.0167038,0.983376
10,1351,7,Yes,-0.717225,-0.66952,0.511924
10,1352,7,Yes,-0.32901,-1.27146,0.280406
10,1353,7,Yes,-5.2236,-0.0053423,0.994612
10,1354,7,No,-0.705947,-0.680394,0.506388
10,1355,7,Yes,-4.54366,-0.0106309,0.989366
10,1356,7,Yes,-3.63482,-0.0266827,0.973613
10,1357,7,Yes,-3.11447,-0.0453565,0.955601
10,1358,7,No,-0.243489,-1.53168,0.216159
10,1359,7,Yes,-4.69855,-0.00908977,0.990892
10,1360,7,No,-0.410198,-1.08904,0.33652
10,1361,7,Yes,-1.18455,-0.365031,0.694135
10,1362,7,Yes,-1.04377,-0.433969,0.647895
10,1363,7,No,-1.68901,-0.20413,0.815309
10,1364,7,Yes,-2.244,-0.112021,0.893973
10,1365,7,Yes,-1.96025,-0.151712,0.859185
10,1366,7,Yes,-3.42627,-0.032987,0.967494
10,1367,7,Yes,-0.589621,-0.808513,0.445494
10,1368,7,Yes,-4.23806,-0.0144801,0.985565
10,1369,7,Yes,-2.55132,-0.081122,0.922026
10,1370,7,Yes,-2.83725,-0.0603097,0.941417
10,0,8,No,-0.00018813,-8.30329,0.000247685
10,1,8,No,-0.000198682,-8.2626,0.000257972
10,2,8,No,-0.050327,-3.01306,0.049138
10,3,8,Yes,-2.82359,-0.0611673,0.940611
10,4,8,No,-0.00845528,-4.77011,0.00847894
10,5,8,Yes,-2.62966,-0.0747712,0.927902
10,6,8,No,-0.352636,-1.21326,0.297208
10,7,8,No,-0.055923,-2.91052,0.0544444
10,8,8,No,-1.34985,-0.300052,0.740736
10,9,8,No,-0.0181117,-4.01694,0.0180069
10,10,8,No,-0.00207741,-6.14932,0.00213481
10,11,8,No,-0.0067029,-4.99979,0.00673897
10,12,8,No,-0.00143207,-6.50852,0.0014906
10,13,8,No,-0.0531472,-2.96001,0.0518151
10,14,8,Yes,-0.153678,-1.94833,0.142503
10,15,8,Yes,-1.0575,-0.426581,0.652699
10,16,8,No,-0.00384766,-5.54689,0.00389932
10,17,8,No,-0.0014763,-6.47958,0.00153437
10,18,8,Yes,-2.43328,-0.0917741,0.912257
10,19,8,Yes,-2.8493,-0.0595654,0.942119
10,20,8,Yes,-1.94868,-0.153622,0.857546
10,21,8,Yes,-4.24578,-0.0143676,0.985676
10,22,8,Yes,-2.91853,-0.0554638,0.94599
10,23,8,Yes,-2.89522,-0.0568115,0.944716
10,24,8,Yes,-2.48748,-0.0867131,0.916886
10,25,8,Yes,-3.00517,-0.0507363,0.950473
10,26,8,No,-0.11541,-2.21587,0.109052
10,27,8,No,-0.0109085,-4.51816,0.0109084
10,28,8,No,-0.812815,-0.586176,0.556419
10,29,8,Yes,-0.911884,-0.513676,0.598257
10,30,8,Yes,-4.50426,-0.0110638,0.988939
10,31,8,Yes,-2.72843,-0.0674892,0.934682
10,32,8,No,-0.452664,-1.01025,0.364106
10,33,8,Yes,-1.29716,-0.319172,0.726708
10,34,8,Yes,-0.634952,-0.754815,0.47007
10,35,8,No,-0.988772,-0.465175,0.627988
10,36,8,Yes,-3.13389,-0.0444625,0.956454
10,37,8,Yes,-4.49632,-0.0111528,0.988851
10,38,8,Yes,-1.71823,-0.197628,0.820627
10,39,8,No,-0.00120904,-6.67067,0.00126747
10,40,8,Yes,-3.26093,-0.0390456,0.961649
10,41,8,Yes,-2.46564,-0.0887169,0.915051
10,42,8,No,-0.000142823,-8.50333,0.000202779
10,43,8,Yes,-3.73192,-0.0241776,0.976055
10,44,8,Yes,-4.38762,-0.0124481,0.98757
10,45,8,No,-0.329104,-1.27122,0.280474
10,46,8,No,-1.17795,-0.367952,0.69211
10,47,8,Yes,-3.66291,-0.0259314,0.974344
10,48,8,Yes,-3.76177,-0.0234566,0.976759
10,49,8,No,-0.00749229,-4.8897,0.0075232
10,50,8,No,-0.0109861,-4.51121,0.0109845
10,51,8,No,-0.0451831,-3.11818,0.044235
10,52,8,No,-0.0147965,-4.21671,0.0147463
10,53,8,No,-0.00659178,-5.01623,0.00662907
10,54,8,Yes,-4.39445,-0.0123628,0.987655
10,55,8,Yes,-0.904285,-0.518812,0.595192
10,56,8,Yes,-1.69706,-0.202315,0.81679
10,57,8,Yes,-3.6887,-0.0252619,0.974997
10,58,8,Yes,-4.33563,-0.0131198,0.986907
10,59,8,No,-0.000483033,-7.51911,0.000542581
10,60,8,Yes,-2.25864,-0.110298,0.895513
10,61,8,Yes,-4.74942,-0.00863436,0.991344
10,62,8,Yes,-4.5591,-0.0104667,0.989529
10,63,8,Yes,-0.282185,-1.40273,0.245911
10,64,8,Yes,-2.63865,-0.0740759,0.928546
10,65,8,Yes,-2.87886,-0.0577769,0.943804
10,66,8,Yes,-1.9312,-0.156554,0.855035
10,67,8,Yes,-4.51568,-0.0109366,0.989064
10,68,8,No,-0.441706,-1.02969,0.357098
10,69,8,No,-0.0396458,-3.24599,0.0389275
10,70,8,Yes,-3.76621,-0.0233507,0.976862
10,71,8,No,-0.00139835,-6.53132,0.00145699
10,72,8,Yes,-1.17798,-0.367941,0.692117
10,73,8,No,-0.000114507,-8.65662,0.000173962
10,74,8,Yes,-2.4413,-0.0910067,0.912958
10,75,8,No,-0.654621,-0.733095,0.480392
10,76,8,No,-0.045708,-3.10692,0.0447359
10,77,8,No,-0.000403784,-7.67887,0.000462468
10,78,8,Yes,-4.49318,-0.0111877,0.988816
10,79,8,Yes,-3.79354,-0.0227129,0.977486
10,80,8,Yes,-0.28672,-1.38895,0.249322
10,81,8,Yes,-0.320357,-1.29401,0.274153
10,82,8,No,-3.59083,-0.0279021,0.972426
10,83,8,Yes,-2.27891,-0.107961,0.89761
10,84,8,Yes,-2.28535,-0.107228,0.898267
10,85,8,Yes,-3.01302,-0.0503291,0.95086
10,86,8,Yes,-3.99865,-0.0184504,0.981661
10,87,8,Yes,-4.18532,-0.0152744,0.984783
10,88,8,Yes,-2.96962,-0.0526243,0.94868
10,89,8,Yes,-2.73773,-0.066843,0.935287
10,90,8,Yes,-2.71581,-0.0683781,0.933852
10,91,8,Yes,-3.16254,-0.0431777,0.957684
10,92,8,Yes,-0.553965,-0.854744,0.425367
10,93,8,Yes,-2.46265,-0.0889945,0.914796
10,94,8,Yes,-0.451256,-1.01272,0.36321
10,95,8,Yes,-4.76979,-0.00845816,0.991518
10,96,8,Yes,-3.95366,-0.0193103,0.980817
10,97,8,No,-0.181312,-1.79647,0.165874
10,98,8,Yes,-3.5146,-0.0301511,0.970242
10,99,8,No,-0.0444299,-3.1346,0.0435144
10,100,8,No,-0.2888,-1.38271,0.250882
10,101,8,Yes,-2.15568,-0.123033,0.884183
10,102,8,Yes,-2.2524,-0.111029,0.894859
10,103,8,Yes,-1.40348,-0.281941,0.754274
10,104,8,No,-0.11842,-2.19162,0.111729
10,105,8,No,-0.76569,-0.625402,0.535015
10,106,8,No,-0.000329549,-7.85296,0.000388577
10,107,8,No,-0.0127667,-4.36263,0.012744
10,108,8,No,-0.017191,-4.06846,0.0171026
10,109,8,No,-0.0280333,-3.5862,0.0277018
10,110,8,Yes,-3.78982,-0.0227983,0.977402
10,111,8,No,-0.00288981,-5.82754,0.00294515
10,112,8,No,-0.0103319,-4.5719,0.0103377
10,113,8,No,-0.467633,-0.984635,0.373553
10,114,8,Yes,-2.97,-0.0526034,0.9487
10,115,8,No,-0.000137637,-8.53434,0.000196588
10,116,8,No,-0.000348748,-7.80395,0.000408097
10,117,8,Yes,-4.86786,-0.00765973,0.992311
10,118,8,No,-0.426405,-1.05783,0.347186
10,119,8,No,-0.000261818,-8.04522,0.000320613
10,120,8,Yes,-4.71643,-0.0089278,0.991054
10,121,8,Yes,-4.68021,-0.00926085,0.990723
10,122,8,No,-0.0110259,-4.50753,0.0110249
10,123,8,Yes,-4.2056,-0.0149639,0.985089
10,124,8,No,-0.00193401,-6.21885,0.00199142
10,125,8,No,-0.285914,-1.39138,0.248717
10,126,8,Yes,-2.94111,-0.0541904,0.947196
10,127,8,Yes,-3.44361,-0.0324095,0.968053
10,128,8,No,-0.169526,-1.85793,0.155986
10,129,8,No,-0.00026468,-8.03439,0.000324104
10,130,8,No,-0.000337419,-7.83239,0.000396653
10,131,8,No,-0.000344455,-7.8153,0.000403488
10,132,8,No,-0.00132398,-6.58387,0.00138241
10,133,8,Yes,-2.45182,-0.0900097,0.913868
10,134,8,Yes,-3.88254,-0.020753,0.979403
10,135,8,No,-0.000532053,-7.43335,0.000591167
10,136,8,Yes,-0.463208,-0.992099,0.370776
10,137,8,Yes,-1.74177,-0.192555,0.8248
10,138,8,Yes,-0.27807,-1.41546,0.242801
10,139,8,Yes,-2.62858,-0.0748554,0.927823
10,140,8,No,-0.3515,-1.21596,0.296409
10,141,8,Yes,-3.47288,-0.0314577,0.968974
10,142,8,No,-0.00266944,-5.9052,0.00272507
10,143,8,No,-3.32755,-0.0364786,0.964121
10,144,8,No,-4.84598e-05,-9.1405,0.000107228
10,145,8,Yes,-2.9696,-0.0526253,0.948679
10,146,8,Yes,-2.08656,-0.132451,0.875894
10,147,8,Yes,-2.20381,-0.116896,0.889625
10,148,8,Yes,-0.32703,-1.27656,0.27898
10,149,8,Yes,-3.4719,-0.0314901,0.968944
10,150,8,Yes,-3.43028,-0.0328518,0.967624
10,151,8,Yes,-0.746465,-0.642417,0.525989
10,152,8,Yes,-2.48032,-0.0873642,0.916289
10,153,8,Yes,-1.91809,-0.158793,0.853122
10,154,8,No,-3.22856,-0.0403582,0.960388
10,155,8,Yes,-3.32652,-0.0365173,0.964084
10,156,8,Yes,-3.3772,-0.0346784,0.965859
10,157,8,Yes,-1.5711,-0.232887,0.792197
10,158,8,Yes,-2.09335,-0.131493,0.876734
10,159,8,Yes,-2.12383,-0.127281,0.880435
10,160,8,Yes,-2.88102,-0.0576479,0.943926
10,161,8,No,-2.59077,-0.0778576,0.925042
10,162,8,No,-0.552389,-0.856878,0.424461
10,163,8,Yes,-0.999064,-0.459128,0.631798
10,164,8,Yes,-4.43655,-0.0118467,0.988164
10,165,8,No,-0.464916,-0.989206,0.37185
10,166,8,Yes,-4.3246,-0.0132678,0.986762
10,167,8,Yes,-1.78232,-0.184149,0.831763
10,168,8,No,-0.113136,-2.23466,0.107023
10,169,8,Yes,-2.01922,-0.142371,0.867249
10,170,8,Yes,-3.67843,-0.0255271,0.974739
10,171,8,Yes,-2.9819,-0.0519644,0.949307
10,172,8,No,-0.116553,-2.20658,0.11007
10,173,8,No,-0.00378849,-5.562,0.00384085
10,174,8,Yes,-4.40152,-0.0122735,0.987742
10,175,8,Yes,-3.79055,-0.0227812,0.977418
10,176,8,No,-0.00258709,-5.93589,0.00264272
10,177,8,No,-0.012936,-4.34956,0.0129118
10,178,8,Yes,-3.67679,-0.0255684,0.974697
10,179,8,No,-0.0073334,-4.91087,0.00736565
10,180,8,No,-0.0251656,-3.69244,0.0249097
10,181,8,No,-0.0659118,-2.75128,0.0638423
10,182,8,Yes,-2.73696,-0.0668966,0.935237
10,183,8,No,-0.888744,-0.529522,0.588852
10,184,8,No,-1.0253,-0.44415,0.641331
10,185,8,Yes,-3.85125,-0.0214211,0.978748
10,186,8,Yes,-2.44233,-0.0909083,0.913047
10,187,8,Yes,-0.507461,-0.921212,0.398013
10,188,8,Yes,-2.17308,-0.120776,0.88618
10,189,8,Yes,-2.54517,-0.0816445,0.921545
10,190,8,Yes,-2.27244,-0.108701,0.896946
10,191,8,Yes,-1.45393,-0.266041,0.766362
10,192,8,No,-0.000545472,-7.41093,0.000604573
10,193,8,No,-0.00209778,-6.14005,0.00215469
10,194,8,Yes,-2.37295,-0.0977742,0.9068
10,195,8,No,-0.000249238,-8.08276,0.0003088
10,196,8,No,-0.000378084,-7.73485,0.000437294
10,197,8,No,-0.000509929,-7.47072,0.000569484
10,198,8,Yes,-0.232406,-1.57294,0.207422
10,199,8,No,-0.000303374,-7.92172,0.000362755
10,200,8,No,-1.07426,-0.41778,0.658468
10,201,8,No,-0.00853583,-4.76077,0.00855855
10,202,8,Yes,-4.62462,-0.00979592,0.990193
10,203,8,No,-0.00119286,-6.68298,0.00125196
10,204,8,Yes,-0.871705,-0.541592,0.581787
10,205,8,No,-0.000193138,-8.28316,0.000252722
10,206,8,Yes,-3.46388,-0.0317478,0.968694
10,207,8,Yes,-5.01711,-0.00658614,0.993377
10,208,8,Yes,-3.66324,-0.0259231,0.974352
10,209,8,Yes,-4.52169,-0.0108705,0.98913
10,210,8,Yes,-0.342303,-1.23813,0.289908
10,211,8,Yes,-2.69865,-0.0696048,0.932707
10,212,8,Yes,-0.167009,-1.87166,0.153858
10,213,8,No,-5.13209e-05,-9.10817,0.00011075
10,214,8,No,-0.00139298,-6.53529,0.00145122
10,215,8,Yes,-3.9793,-0.018815,0.981302
10,216,8,Yes,-4.73146,-0.00879304,0.991187
10,217,8,No,-0.00763606,-4.87094,0.00766572
10,218,8,Yes,-3.33556,-0.0361827,0.964407
10,219,8,Yes,-3.19821,-0.0416307,0.959167
10,220,8,Yes,-3.99729,-0.0184756,0.981636
10,221,8,Yes,-1.36146,-0.296019,0.74373
10,222,8,No,-1.04314,-0.434311,0.647673
10,223,8,Yes,-4.78107,-0.00836265,0.991614
10,224,8,Yes,-2.6007,-0.0770569,0.925783
10,225,8,Yes,-0.539336,-0.874852,0.416899
10,226,8,No,-0.0403396,-3.22903,0.0395934
10,227,8,No,-0.613736,-0.779285,0.458707
10,228,8,Yes,-2.6075,-0.0765129,0.926286
10,229,8,Yes,-4.81836,-0.0080528,0.99192
10,230,8,No,-0.000497226,-7.49332,0.000556756
10,231,8,Yes,-2.6007,-0.0770561,0.925783
10,232,8,Yes,-2.43203,-0.0918958,0.912147
10,233,8,Yes,-4.18735,-0.0152435,0.984814
10,234,8,No,-0.121472,-2.16768,0.114436
10,235,8,Yes,-2.87968,-0.0577287,0.94385
10,236,8,No,-0.000309098,-7.9076,0.000367914
10,237,8,No,-0.0004689,-7.54645,0.000527948
10,238,8,No,-0.00771018,-4.86132,0.00773978
10,239,8,No,-0.106435,-2.29238,0.10102
10,240,8,Yes,-3.95213,-0.0193401,0.980788
10,241,8,No,-4.74464e-05,-9.15112,0.000106095
10,242,8,Yes,-0.306766,-1.33091,0.264221
10,243,8,Yes,-0.278981,-1.41262,0.24349
10,244,8,No,-0.000960453,-6.88878,0.0010191
10,245,8,No,-0.638413,-0.750927,0.471901
10,246,8,Yes,-3.30579,-0.0372983,0.963332
10,247,8,No,-0.41498,-1.07968,0.339685
10,248,8,Yes,-4.38563,-0.0124733,0.987546
10,249,8,No,-0.486239,-0.95419,0.385101
10,250,8,Yes,-2.79569,-0.0629545,0.938931
10,251,8,Yes,-1.25205,-0.336676,0.714098
10,252,8,Yes,-3.47722,-0.0313193,0.969109
10,253,8,No,-0.00424791,-5.44939,0.00429865
10,254,8,No,-0.0212546,-3.85896,0.0210886
10,255,8,No,-0.00116088,-6.70915,0.00121963
10,256,8,Yes,-1.46535,-0.262585,0.769016
10,257,8,Yes,-5.02863,-0.00650976,0.993453
10,258,8,Yes,-3.37785,-0.0346551,0.965881
10,259,8,Yes,-3.45842,-0.0319245,0.968522
10,260,8,No,-0.0241967,-3.73117,0.0239634
10,261,8,Yes,-0.577093,-0.824326,0.438505
10,262,8,Yes,-3.14239,-0.0440773,0.956823
10,263,8,Yes,-1.40361,-0.281899,0.754305
10,264,8,No,-0.000432823,-7.61706,0.000491958
10,265,8,Yes,-4.53783,-0.010694,0.989304
10,266,8,No,-0.000632486,-7.2765,0.000691561
10,267,8,Yes,-4.03804,-0.0177294,0.982369
10,268,8,No,-0.000697618,-7.18691,0.00075638
10,269,8,Yes,-2.41299,-0.0937483,0.910459
10,270,8,No,-0.0329648,-3.42693,0.0324846
10,271,8,Yes,-2.4135,-0.0936991,0.910504
10,272,8,No,-1.1732,-0.370074,0.690643
10,273,8,No,-0.00361021,-5.6094,0.00366306
10,274,8,No,-0.00662766,-5.01088,0.00666461
10,275,8,No,-0.0021924,-6.09705,0.00224937
10,276,8,Yes,-1.44673,-0.268244,0.764676
10,277,8,No,-0.136534,-2.05821,0.127675
10,278,8,Yes,-4.27207,-0.0139911,0.986048
10,279,8,No,-0.0226875,-3.79463,0.02249
10,280,8,No,-0.000172511,-8.37194,0.000231253
10,281,8,No,-0.00366452,-5.59484,0.00371678
10,282,8,No,-0.00108348,-6.77457,0.0011424
10,283,8,Yes,-4.15854,-0.0156934,0.98437
10,284,8,Yes,-3.72363,-0.0243816,0.975855
10,285,8,Yes,-3.8581,-0.0212737,0.978893
10,286,8,No,-0.00326415,-5.7083,0.0033181
10,287,8,Yes,-3.36801,-0.0350049,0.965544
10,288,8,No,-0.000151526,-8.46607,0.000210477
10,289,8,No,-1.52436,-0.245519,0.782253
10,290,8,Yes,-0.378137,-1.15543,0.314904
10,291,8,Yes,-4.77051,-0.00845191,0.991524
10,292,8,No,-0.00133389,-6.57657,0.00139253
10,293,8,Yes,-4.15568,-0.0157392,0.984326
10,294,8,Yes,-4.43057,-0.0119193,0.988093
10,295,8,Yes,-4.47709,-0.0113712,0.988634
10,296,8,No,-0.0842926,-2.51458,0.080892
10,297,8,No,-0.00526315,-5.23839,0.00530851
10,298,8,No,-0.00303215,-5.78051,0.00308695
10,299,8,No,-0.128262,-2.11664,0.120429
10,300,8,Yes,-2.10898,-0.129315,0.878646
10,301,8,Yes,-2.42794,-0.092291,0.911786
10,302,8,Yes,-2.23314,-0.113316,0.892815
10,303,8,Yes,-0.552053,-0.857333,0.424267
10,304,8,Yes,-2.87079,-0.0582586,0.943349
10,305,8,Yes,-2.53496,-0.0825187,0.92074
10,306,8,Yes,-3.32168,-0.0366981,0.96391
10,307,8,Yes,-1.11569,-0.396946,0.672332
10,308,8,Yes,-1.02164,-0.4462,0.640019
10,309,8,No,-3.39906,-0.0339139,0.966597
10,310,8,No,-0.0239078,-3.74296,0.0236826
10,311,8,No,-0.00620174,-5.07647,0.00624151
10,312,8,Yes,-2.20178,-0.117149,0.889401
10,313,8,No,-0.00531252,-5.22921,0.00535742
10,314,8,Yes,-4.65029,-0.00954454,0.990442
10,315,8,No,-0.000251206,-8.07774,0.000310353
10,316,8,No,-0.000752971,-7.1155,0.000812365
10,317,8,Yes,-4.42984,-0.0119283,0.988084
10,318,8,Yes,-4.91913,-0.00727252,0.992695
10,319,8,No,-0.0465627,-3.08884,0.0455521
10,320,8,No,-0.013548,-4.30384,0.0135157
10,321,8,No,-0.000458644,-7.56556,0.000517954
10,322,8,No,-0.00033098,-7.84999,0.000389733
10,323,8,No,-0.000730125,-7.14462,0.000789051
10,324,8,No,-0.000159097,-8.42878,0.000218475
10,325,8,No,-0.00460096,-5.37097,0.00464934
10,326,8,No,-0.0130224,-4.34305,0.012996
10,327,8,Yes,-4.15274,-0.0157854,0.98428
10,328,8,Yes,-4.16677,-0.0155633,0.984499
10,329,8,Yes,-4.49824,-0.0111304,0.988872
10,330,8,No,-0.602426,-0.792797,0.452551
10,331,8,No,-0.0658599,-2.75204,0.0637938
10,332,8,No,-0.153189,-1.95128,0.142084
10,333,8,Yes,-0.977644,-0.471825,0.623826
10,334,8,Yes,-4.50779,-0.0110234,0.988978
10,335,8,Yes,-4.04624,-0.0175826,0.982513
10,336,8,Yes,-3.87479,-0.0209166,0.979242
10,337,8,Yes,-2.68366,-0.0706936,0.931692
10,338,8,Yes,-3.71787,-0.0245246,0.975716
10,339,8,No,-0.000129589,-8.57573,0.000188617
10,340,8,No,-0.000179426,-8.34072,0.000238587
10,341,8,No,-2.12245,-0.127468,0.880269
10,342,8,No,-1.22722,-0.346794,0.70691
10,343,8,No,-0.00217603,-6.10429,0.00223313
10,344,8,Yes,-3.70494,-0.024849,0.9754
10,345,8,Yes,-0.388186,-1.13391,0.321754
10,346,8,Yes,-2.18067,-0.119806,0.88704
10,347,8,No,-0.102684,-2.3264,0.097641
10,348,8,No,-0.000386432,-7.71513,0.000445999
10,349,8,No,-0.168854,-1.86158,0.155418
10,350,8,Yes,-0.388898,-1.13241,0.322236
10,351,8,No,-0.725859,-0.661358,0.51612
10,352,8,No,-0.181019,-1.79794,0.16563
10,353,8,Yes,-0.930857,-0.501135,0.605807
10,354,8,No,-0.0982739,-2.3681,0.0936529
10,355,8,No,-0.102929,-2.32413,0.0978625
10,356,8,Yes,-1.79222,-0.18216,0.833419
10,357,8,Yes,-0.935857,-0.497894,0.607774
10,358,8,No,-0.230772,-1.57921,0.206126
10,359,8,No,-0.408508,-1.09238,0.335398
10,360,8,Yes,-1.157,-0.377415,0.685591
10,361,8,Yes,-3.06941,-0.0474994,0.953554
10,362,8,Yes,-1.90842,-0.160469,0.851694
10,363,8,No,-0.000278631,-7.99335,0.000337681
10,364,8,No,-0.000318161,-7.88272,0.000377182
10,365,8,Yes,-3.4584,-0.0319248,0.968522
10,366,8,Yes,-3.03738,-0.0490865,0.952042
10,367,8,No,-1.09879,-0.405287,0.666746
10,368,8,Yes,-3.90287,-0.0203302,0.979817
10,369,8,Yes,-2.34085,-0.101133,0.903759
10,370,8,Yes,-2.76361,-0.0650772,0.93694
10,371,8,No,-0.157079,-1.92811,0.145414
10,372,8,Yes,-3.86461,-0.0211342,0.97903
10,373,8,Yes,-4.10276,-0.0166045,0.983474
10,374,8,Yes,-3.27639,-0.0384339,0.962238
10,375,8,Yes,-3.87816,-0.0208452,0.979312
10,376,8,Yes,-2.44351,-0.0907972,0.913149
10,377,8,Yes,-1.19155,-0.361964,0.696267
10,378,8,No,-0.0227253,-3.79301,0.0225264
10,379,8,Yes,-1.31963,-0.310848,0.732782
10,380,8,Yes,-3.46549,-0.0316948,0.968744
10,381,8,Yes,-0.298904,-1.35314,0.258413
10,382,8,No,-1.8271,-0.17533,0.83913
10,383,8,Yes,-1.08413,-0.412698,0.661823
10,384,8,Yes,-4.10184,-0.0166205,0.983459
10,385,8,No,-0.0048553,-5.3178,0.00490322
10,386,8,Yes,-4.50965,-0.0110035,0.988998
10,387,8,No,-0.000134477,-8.54664,0.000194185
10,388,8,No,-0.000696007,-7.1886,0.0007551
10,389,8,No,-0.000141631,-8.51252,0.000200926
10,390,8,Yes,-4.43319,-0.0118877,0.988124
10,391,8,Yes,-3.94856,-0.0194099,0.980719
10,392,8,Yes,-4.54516,-0.0106148,0.989382
10,393,8,No,-0.00824816,-4.79472,0.00827284
10,394,8,Yes,-2.00187,-0.145052,0.864926
10,395,8,No,-0.145771,-1.99728,0.135695
10,396,8,No,-0.0272083,-3.61559,0.0268995
10,397,8,No,-0.0221041,-3.82029,0.0219202
10,398,8,Yes,-3.29612,-0.0376679,0.962976
10,399,8,No,-0.000757027,-7.11049,0.000816444
10,400,8,No,-0.00136116,-6.55782,0.0014189
10,401,8,No,-0.128114,-2.11771,0.120299
10,402,8,Yes,-2.80832,-0.0621383,0.939697
10,403,8,Yes,-1.82003,-0.176693,0.837988
10,404,8,Yes,-2.8498,-0.0595345,0.942148
10,405,8,Yes,-3.73685,-0.0240574,0.976172
10,406,8,Yes,-4.79396,-0.00825423,0.991721
10,407,8,No,-1.37314,-0.292029,0.746704
10,408,8,Yes,-3.8444,-0.0215712,0.978602
10,409,8,Yes,-4.05105,-0.0174968,0.982597
10,410,8,Yes,-3.56345,-0.0286889,0.971661
10,411,8,Yes,-1.34216,-0.302757,0.738735
10,412,8,Yes,-3.2224,-0.0406144,0.960143
10,413,8,Yes,-2.76715,-0.0648395,0.937163
10,414,8,Yes,-0.241189,-1.54007,0.214353
10,415,8,Yes,-1.26306,-0.3323,0.71723
10,416,8,Yes,-3.35361,-0.0355217,0.965044
10,417,8,Yes,-1.16001,-0.376039,0.686536
10,418,8,No,-0.0147573,-4.21933,0.0147076
10,419,8,No,-0.0318088,-3.46199,0.0313654
10,420,8,No,-0.254034,-1.49435,0.22438
10,421,8,Yes,-0.064944,-2.76558,0.0629355
10,422,8,No,-0.0100921,-4.59513,0.0101003
10,423,8,No,-0.0163701,-4.11682,0.0162952
10,424,8,No,-0.142648,-2.01741,0.132991
10,425,8,No,-0.0220559,-3.82245,0.0218727
10,426,8,No,-0.0016508,-6.37212,0.00170843
10,427,8,No,-0.000690221,-7.19605,0.000749499
10,428,8,Yes,-4.00207,-0.0183868,0.981723
10,429,8,Yes,-2.37479,-0.0975852,0.906971
10,430,8,No,-0.422887,-1.06448,0.344885
10,431,8,No,-1.21245,-0.35298,0.70255
10,432,8,Yes,-0.476222,-0.970395,0.378911
10,433,8,No,-0.0135601,-4.30301,0.013527
10,434,8,No,-0.0808901,-2.55407,0.0777601
10,435,8,Yes,-1.98435,-0.147816,0.862539
10,436,8,No,-0.326876,-1.27695,0.27887
10,437,8,No,-0.0107605,-4.53174,0.0107613
10,438,8,No,-0.00049007,-7.50671,0.000549354
10,439,8,Yes,-3.48697,-0.0310102,0.969408
10,440,8,No,-0.000365145,-7.76441,0.000424554
10,441,8,No,-0.000466515,-7.55063,0.000525749
10,442,8,No,-0.394226,-1.1213,0.325838
10,443,8,Yes,-3.43852,-0.0325785,0.96789
10,444,8,Yes,-3.63023,-0.0268073,0.973491
10,445,8,Yes,-3.55646,-0.0288934,0.971462
10,446,8,No,-4.32846,-0.0132149,0.986813
10,447,8,Yes,-1.37787,-0.290429,0.747899
10,448,8,No,-0.0622795,-2.80612,0.0604355
10,449,8,No,-0.130251,-2.10223,0.122177
10,450,8,No,-0.039055,-3.26069,0.0383597
10,451,8,Yes,-2.47264,-0.0880691,0.915643
10,452,8,No,-2.56447,-0.0800186,0.923045
10,453,8,Yes,-3.59004,-0.0279245,0.972404
10,454,8,No,-0.0053139,-5.22897,0.00535874
10,455,8,No,-0.000264203,-8.03601,0.00032358
10,456,8,Yes,-4.63226,-0.00972093,0.990268
10,457,8,No,-0.00240723,-6.00625,0.00246316
10,458,8,No,-0.00012786,-8.58384,0.000187094
10,459,8,Yes,-3.21544,-0.040904,0.959865
10,460,8,No,-1.16644,-0.373117,0.688544
10,461,8,Yes,-2.61441,-0.0759651,0.926793
10,462,8,No,-0.0842789,-2.51473,0.0808797
10,463,8,No,-0.00389535,-5.53478,0.00394685
10,464,8,No,-0.000880629,-6.97034,0.000939282
10,465,8,No,-0.00150299,-6.46216,0.00156132
10,466,8,No,-0.000237791,-8.12149,0.000297067
10,467,8,No,-0.035843,-3.34478,0.035266
10,468,8,Yes,-2.92511,-0.0550896,0.946344
10,469,8,No,-0.00737717,-4.90493,0.00740954
10,470,8,No,-0.406227,-1.09691,0.33388
10,471,8,No,-0.0479132,-3.06096,0.0468398
10,472,8,No,-0.000257406,-8.05752,0.000316693
10,473,8,No,-0.00142175,-6.51552,0.0014802
10,474,8,No,-0.00908604,-4.699,0.0091038
10,475,8,Yes,-3.44076,-0.0325044,0.967961
10,476,8,No,-1.1248,-0.392535,0.675303
10,477,8,Yes,-2.30697,-0.104808,0.900444
10,478,8,Yes,-4.28972,-0.0137432,0.986292
10,479,8,No,-0.000886893,-6.96353,0.0009457
10,480,8,No,-0.00229389,-6.05298,0.00235072
10,481,8,No,-0.00230608,-6.04782,0.00236287
10,482,8,No,-0.00241846,-6.00154,0.0024748
10,483,8,No,-0.000914813,-6.93321,0.000974807
10,484,8,Yes,-3.22582,-0.0404718,0.960279
10,485,8,Yes,-4.09217,-0.0167836,0.983298
10,486,8,Yes,-2.83852,-0.0602316,0.941491
10,487,8,Yes,-3.77593,-0.0231218,0.977086
10,488,8,No,-1.30343,-0.316822,0.728418
10,489,8,No,-0.0707969,-2.68227,0.0684037
10,490,8,No,-0.00611922,-5.08967,0.00615967
10,491,8,Yes,-3.22278,-0.0405975,0.960158
10,492,8,No,-0.00807209,-4.81598,0.00809877
10,493,8,Yes,-3.7451,-0.0238567,0.976368
10,494,8,Yes,-3.85914,-0.0212508,0.978915
10,495,8,Yes,-2.12051,-0.127734,0.880036
10,496,8,Yes,-1.37984,-0.289765,0.748396
10,497,8,Yes,-0.319126,-1.29728,0.273259
10,498,8,Yes,-4.72056,-0.00889033,0.99109
10,499,8,Yes,-3.31173,-0.0370727,0.963549
10,500,8,Yes,-3.4096,-0.0335516,0.966948
10,501,8,Yes,-0.0922678,-2.42817,0.0881928
10,502,8,Yes,-0.316727,-1.30369,0.271513
10,503,8,No,-0.721378,-0.665577,0.513947
10,504,8,Yes,-3.30208,-0.0374393,0.963196
10,505,8,Yes,-2.75953,-0.0653514,0.936682
10,506,8,Yes,-2.03213,-0.140409,0.868951
10,507,8,No,-1.15812,-0.376902,0.685943
10,508,8,Yes,-3.83963,-0.0216753,0.9785
10,509,8,Yes,-4.03938,-0.0177052,0.982393
10,510,8,No,-0.0949297,-2.40105,0.0906171
10,511,8,No,-2.13282,-0.126066,0.881504
10,512,8,Yes,-4.04296,-0.0176414,0.982456
10,513,8,No,-0.00154668,-6.43468,0.00160483
10,514,8,Yes,-2.02396,-0.141647,0.867876
10,515,8,No,-0.474629,-0.973011,0.377921
10,516,8,Yes,-2.35575,-0.0995604,0.905183
10,517,8,No,-1.01426,-0.450379,0.637349
10,518,8,No,-1.56294,-0.235039,0.790494
10,519,8,Yes,-3.63871,-0.0265773,0.973715
10,520,8,Yes,-4.46387,-0.0115251,0.988483
10,521,8,No,-0.38137,-1.14843,0.317115
10,522,8,Yes,-1.3607,-0.29628,0.743535
10,523,8,No,-0.835985,-0.568082,0.566578
10,524,8,No,-2.75133,-0.0659079,0.936161
10,525,8,No,-0.00163456,-6.38167,0.0016922
10,526,8,Yes,-4.24737,-0.0143452,0.985699
10,527,8,Yes,-2.26062,-0.110069,0.89572
10,528,8,No,-0.368816,-1.17601,0.308488
10,529,8,No,-0.000597298,-7.32838,0.0006566
10,530,8,Yes,-3.37553,-0.0347376,0.965802
10,531,8,No,-0.43064,-1.04992,0.349945
10,532,8,No,-1.83164,-0.174463,0.839858
10,533,8,No,-0.000331039,-7.84765,0.000390646
10,534,8,No,-4.14857e-05,-9.2069,0.000100338
10,535,8,No,-8.63113e-05,-8.83593,0.000145405
10,536,8,No,-7.46278e-05,-8.92176,0.000133445
10,537,8,No,-0.0190791,-3.96555,0.0189564
10,538,8,No,-0.0226231,-3.79742,0.0224273
10,539,8,Yes,-3.31202,-0.0370618,0.963559
10,540,8,Yes,-0.14388,-2.00941,0.13406
10,541,8,No,-0.120516,-2.17511,0.113589
10,542,8,No,-0.000195761,-8.27505,0.000254781
10,543,8,No,-0.0941773,-2.40864,0.0899324
10,544,8,Yes,-2.8139,-0.0617811,0.940033
10,545,8,No,-6.71171e-05,-8.97405,0.000126646
10,546,8,No,-0.000533842,-7.42999,0.000593161
10,547,8,Yes,-2.96253,-0.0530092,0.948315
10,548,8,Yes,-2.77605,-0.0642448,0.93772
10,549,8,Yes,-3.73294,-0.0241522,0.976079
10,550,8,No,-0.000171318,-8.37524,0.00023049
10,551,8,No,-0.00201022,-6.18124,0.00206774
10,552,8,No,-0.982967,-0.468629,0.625823
10,553,8,No,-0.000285785,-7.97125,0.000345226
10,554,8,No,-1.52672,-0.244864,0.782765
10,555,8,Yes,-0.22056,-1.61954,0.197978
10,556,8,Yes,-1.45201,-0.266625,0.765915
10,557,8,No,-0.00874566,-4.7368,0.00876617
10,558,8,No,-0.0133058,-4.32169,0.0132766
10,559,8,Yes,-2.83653,-0.060354,0.941375
10,560,8,No,-0.00132297,-6.58473,0.00138122
10,561,8,Yes,-2.47639,-0.0877255,0.915959
10,562,8,Yes,-3.20282,-0.0414356,0.959355
10,563,8,Yes,-4.4573,-0.0116015,0.988407
10,564,8,Yes,-4.95891,-0.00698581,0.99298
10,565,8,Yes,-3.53789,-0.0294447,0.970927
10,566,8,No,-1.75387,-0.190004,0.826907
10,567,8,Yes,-2.36911,-0.0981699,0.906442
10,568,8,Yes,-0.192134,-1.74375,0.174853
10,569,8,Yes,-0.843558,-0.562327,0.569848
10,570,8,Yes,-1.19311,-0.361282,0.696742
10,571,8,Yes,-2.03856,-0.139444,0.869791
10,572,8,Yes,-3.49774,-0.0306719,0.969736
10,573,8,No,-0.375183,-1.16189,0.312876
10,574,8,No,-0.000128874,-8.57985,0.000187842
10,575,8,Yes,-4.86719,-0.00766477,0.992305
10,576,8,Yes,-0.900474,-0.521412,0.593647
10,577,8,No,-0.0358648,-3.34418,0.0352872
10,578,8,Yes,-2.89627,-0.0567493,0.944774
10,579,8,No,-0.180335,-1.80139,0.165059
10,580,8,No,-0.00464623,-5.36124,0.00469482
10,581,8,No,-0.0031885,-5.7312,0.00324298
10,582,8,No,-0.00855693,-4.75829,0.00857973
10,583,8,Yes,-2.73702,-0.066892,0.935241
10,584,8,Yes,-4.12852,-0.0161779,0.983894
10,585,8,Yes,-1.2466,-0.338866,0.712536
10,586,8,No,-0.0179626,-4.02509,0.0178608
10,587,8,No,-0.0655979,-2.7559,0.063548
10,588,8,No,-0.0155723,-4.16622,0.0155098
10,589,8,No,-0.00539228,-5.21447,0.00543699
10,590,8,Yes,-4.02369,-0.0179887,0.982114
10,591,8,No,-0.012245,-4.40387,0.0122292
10,592,8,No,-0.0184647,-3.99789,0.0183532
10,593,8,Yes,-0.0551894,-2.92335,0.0537503
10,594,8,No,-2.59926,-0.0771723,0.925676
10,595,8,No,-0.54467,-0.86744,0.420001
10,596,8,Yes,-1.1641,-0.374175,0.687816
10,597,8,Yes,-4.62994,-0.00974356,0.990245
10,598,8,Yes,-0.309357,-1.32373,0.266124
10,599,8,Yes,-1.88192,-0.165155,0.847712
10,600,8,Yes,-0.450662,-1.01376,0.362831
10,601,8,Yes,-0.508875,-0.919076,0.398864
10,602,8,No,-0.349434,-1.22087,0.294955
10,603,8,Yes,-4.32318,-0.0132854,0.986743
10,604,8,No,-0.992429,-0.463015,0.629347
10,605,8,No,-0.00113271,-6.73292,0.00119097
10,606,8,No,-0.000412668,-7.65834,0.00047206
10,607,8,No,-0.0184436,-3.99898,0.0183332
10,608,8,Yes,-0.632274,-0.757842,0.468649
10,609,8,No,-0.000441887,-7.59865,0.000501098
10,610,8,No,-0.134279,-2.07375,0.125706
10,611,8,Yes,-1.9257,-0.157489,0.854235
10,612,8,Yes,-0.721271,-0.665679,0.513894
10,613,8,Yes,-1.89128,-0.163484,0.84913
10,614,8,Yes,-4.33026,-0.0131915,0.986837
10,615,8,No,-2.08235,-0.13305,0.87537
10,616,8,Yes,-1.95544,-0.152503,0.858506
10,617,8,Yes,-4.649,-0.00955729,0.990429
10,618,8,Yes,-1.98207,-0.14818,0.862225
10,619,8,Yes,-3.1517,-0.0436593,0.957223
10,620,8,Yes,-4.42274,-0.0120141,0.987999
10,621,8,No,-0.100469,-2.3471,0.0956403
10,622,8,Yes,-3.72307,-0.0243958,0.975842
10,623,8,Yes,-0.452055,-1.01132,0.363718
10,624,8,Yes,-2.85057,-0.0594872,0.942192
10,625,8,Yes,-2.12584,-0.127008,0.880675
10,626,8,Yes,-4.98154,-0.00682754,0.993137
10,627,8,No,-0.000139961,-8.52129,0.000199171
10,628,8,Yes,-3.15374,-0.0435688,0.95731
10,629,8,Yes,-1.86945,-0.167412,0.845801
10,630,8,Yes,-0.73243,-0.655236,0.519289
10,631,8,Yes,-2.6694,-0.0717482,0.93071
10,632,8,Yes,-1.33649,-0.304772,0.737248
10,633,8,Yes,-0.722791,-0.664244,0.514633
10,634,8,Yes,-2.02577,-0.141371,0.868116
10,635,8,No,-0.00554601,-5.1868,0.00558955
10,636,8,No,-0.38805,-1.1342,0.321661
10,637,8,Yes,-2.41276,-0.0937711,0.910437
10,638,8,Yes,-2.64713,-0.0734254,0.92915
10,639,8,Yes,-0.190476,-1.75161,0.173484
10,640,8,No,-0.00175141,-6.3148,0.00180921
10,641,8,No,-0.206165,-1.68008,0.186349
10,642,8,No,-0.29324,-1.36957,0.254201
10,643,8,Yes,-3.66596,-0.0258517,0.974422
10,644,8,Yes,-3.53087,-0.0296554,0.970722
10,645,8,Yes,-2.42348,-0.0927226,0.911392
10,646,8,Yes,-1.72023,-0.197192,0.820985
10,647,8,Yes,-0.785289,-0.608675,0.544039
10,648,8,No,-0.00188899,-6.24181,0.00194622
10,649,8,No,-1.612,-0.22243,0.800524
10,650,8,No,-0.280811,-1.40696,0.244873
10,651,8,Yes,-3.04089,-0.0489098,0.952211
10,652,8,No,-0.859818,-0.550227,0.576785
10,653,8,No,-0.000236897,-8.12311,0.000296586
10,654,8,Yes,-0.841991,-0.563511,0.569174
10,655,8,Yes,-4.22216,-0.0147161,0.985334
10,656,8,No,-2.49749,-0.0858112,0.917714
10,657,8,Yes,-0.935172,-0.498337,0.607505
10,658,8,Yes,-4.56046,-0.0104526,0.989543
10,659,8,Yes,-0.715535,-0.671135,0.511098
10,660,8,Yes,-3.62357,-0.0269888,0.973314
10,661,8,No,-1.27827,-0.326367,0.721498
10,662,8,Yes,-2.48382,-0.0870455,0.916581
10,663,8,No,-0.0900726,-2.45114,0.0861898
10,664,8,No,-0.00159611,-6.40401,0.00165482
10,665,8,No,-6.72959e-05,-8.97307,0.000126771
10,666,8,Yes,-4.14707,-0.015877,0.98419
10,667,8,Yes,-2.70819,-0.0689198,0.933347
10,668,8,Yes,-3.87485,-0.0209153,0.979244
10,669,8,Yes,-3.09114,-0.0464536,0.954552
10,670,8,Yes,-1.3278,-0.307886,0.734956
10,671,8,No,-0.00192864,-6.22156,0.00198603
10,672,8,No,-0.00425911,-5.44696,0.00430913
10,673,8,No,-0.000788761,-7.07267,0.000847914
10,674,8,No,-0.000219906,-8.18363,0.000279169
10,675,8,No,-0.000137637,-8.53097,0.000197252
10,676,8,No,-9.56104e-05,-8.7719,0.000155019
10,677,8,Yes,-1.95496,-0.152581,0.858439
10,678,8,No,-0.00712735,-4.93903,0.00716114
10,679,8,No,-2.99311,-0.0513689,0.949872
10,680,8,No,-0.00222077,-6.08462,0.00227749
10,681,8,No,-0.00102083,-6.83104,0.00107968
10,682,8,No,-0.0408364,-3.21706,0.0400704
10,683,8,Yes,-1.33295,-0.306037,0.736317
10,684,8,No,-0.955545,-0.485392,0.61542
10,685,8,No,-0.175205,-1.82776,0.160765
10,686,8,No,-0.00643003,-5.04075,0.00646849
10,687,8,No,-0.000492813,-7.50212,0.000551882
10,688,8,No,-0.000137815,-8.53053,0.000197339
10,689,8,Yes,-4.78894,-0.00829624,0.991679
10,690,8,No,-0.0827868,-2.53185,0.0795068
10,691,8,Yes,-1.64605,-0.214123,0.807202
10,692,8,No,-0.000151705,-8.46286,0.000211155
10,693,8,No,-0.00231588,-6.04375,0.0023725
10,694,8,No,-0.00618339,-5.07931,0.00622381
10,695,8,No,-0.00105974,-6.79601,0.00111816
10,696,8,Yes,-1.36376,-0.295227,0.744319
10,697,8,No,-0.000743666,-7.12711,0.000802988
10,698,8,No,-0.000116951,-8.6417,0.000176576
10,699,8,No,-0.00124854,-6.63971,0.00130732
10,700,8,No,-0.00204779,-6.16316,0.00210546
10,701,8,Yes,-2.58437,-0.0783768,0.924561
10,702,8,Yes,-1.88199,-0.165144,0.847722
10,703,8,No,-0.109985,-2.26133,0.104206
10,704,8,No,-0.0117598,-4.44389,0.0117494
10,705,8,No,-0.0123293,-4.39712,0.012312
10,706,8,No,-0.695907,-0.690278,0.501407
10,707,8,No,-0.00115849,-6.71109,0.00121726
10,708,8,No,-0.000283818,-7.97686,0.000343294
10,709,8,Yes,-4.77885,-0.00838098,0.991595
10,710,8,Yes,-1.11615,-0.396725,0.67248
10,711,8,No,-0.00179673,-6.29003,0.0018546
10,712,8,No,-0.00361362,-5.60851,0.00366631
10,713,8,No,-0.279491,-1.41104,0.243876
10,714,8,Yes,-2.79891,-0.062746,0.939127
10,715,8,Yes,-2.24852,-0.111486,0.894451
10,716,8,Yes,-2.68154,-0.0708504,0.931546
10,717,8,No,-0.000157965,-8.43528,0.00021706
10,718,8,No,-0.00049341,-7.5005,0.000552777
10,719,8,No,-0.000935634,-6.91335,0.000994362
10,720,8,No,-0.00119501,-6.68191,0.00125331
10,721,8,No,-0.00123541,-6.64956,0.00129452
10,722,8,No,-0.00111034,-6.75138,0.00116919
10,723,8,No,-0.632406,-0.757692,0.468719
10,724,8,No,-0.000777129,-7.08663,0.000836159
10,725,8,No,-0.152138,-1.95765,0.141181
10,726,8,No,-1.18364,-0.365434,0.693855
10,727,8,Yes,-4.49645,-0.0111508,0.988852
10,728,8,Yes,-4.17221,-0.0154792,0.984583
10,729,8,No,-0.00644143,-5.03906,0.00647945
10,730,8,Yes,-4.37929,-0.0125535,0.987467
10,731,8,Yes,-2.33325,-0.101945,0.903026
10,732,8,Yes,-3.33404,-0.0362385,0.964353
10,733,8,Yes,-4.16048,-0.0156621,0.984401
10,734,8,Yes,-0.617649,-0.774687,0.460821
10,735,8,No,-0.00444217,-5.4055,0.00449155
10,736,8,Yes,-0.756016,-0.633887,0.530494
10,737,8,No,-0.235243,-1.56218,0.209667
10,738,8,Yes,-0.494595,-0.94099,0.390218
10,739,8,No,-0.00101194,-6.83934,0.00107074
10,740,8,No,-0.721245,-0.665703,0.513882
10,741,8,Yes,-1.4631,-0.263262,0.768495
10,742,8,Yes,-3.41676,-0.0333077,0.967183
10,743,8,Yes,-3.22208,-0.0406275,0.96013
10,744,8,No,-0.246767,-1.51989,0.218724
10,745,8,Yes,-2.23248,-0.113396,0.892745
10,746,8,Yes,-0.924819,-0.505083,0.60342
10,747,8,Yes,-2.14801,-0.124042,0.88329
10,748,8,Yes,-0.240055,-1.54424,0.213461
10,749,8,No,-0.00118427,-6.68978,0.00124348
10,750,8,Yes,-3.97614,-0.0188749,0.981243
10,751,8,Yes,-3.71764,-0.0245303,0.97571
10,752,8,No,-0.109128,-2.26873,0.103437
10,753,8,No,-0.469726,-0.981135,0.374863
10,754,8,Yes,-3.10174,-0.0459517,0.955032
10,755,8,Yes,-4.43562,-0.0118585,0.988153
10,756,8,Yes,-4.50174,-0.0110912,0.988911
10,757,8,Yes,-4.11709,-0.016366,0.983709
10,758,8,Yes,-2.49244,-0.0862646,0.917297
10,759,8,No,-0.000284712,-7.97599,0.000343594
10,760,8,No,-2.26382,-0.109696,0.896054
10,761,8,No,-0.0104637,-4.55937,0.010468
10,762,8,No,-0.25621,-1.48687,0.226066
10,763,8,Yes,-3.81028,-0.0223303,0.977859
10,764,8,Yes,-4.68619,-0.0092049,0.990779
10,765,8,No,-0.0018015,-6.28756,0.00185919
10,766,8,Yes,-4.5477,-0.010588,0.989409
10,767,8,Yes,-2.36812,-0.0982712,0.906349
10,768,8,Yes,-3.79915,-0.022583,0.977612
10,769,8,Yes,-2.8628,-0.0587411,0.942895
10,770,8,Yes,-0.362193,-1.19102,0.303894
10,771,8,No,-0.794397,-0.601106,0.548173
10,772,8,Yes,-3.70648,-0.0248097,0.975438
10,773,8,No,-0.00631324,-5.0589,0.00635218
10,774,8,Yes,-4.27385,-0.0139658,0.986073
10,775,8,No,-0.0202167,-3.90837,0.020072
10,776,8,Yes,-1.6176,-0.221039,0.801638
10,777,8,No,-0.243089,-1.53314,0.215844
10,778,8,No,-1.45164,-0.266738,0.765829
10,779,8,Yes,-3.76011,-0.0234957,0.97672
10,780,8,Yes,-2.95639,-0.0533451,0.947997
10,781,8,Yes,-4.38272,-0.0125104,0.987509
10,782,8,No,-1.70049,-0.201548,0.817416
10,783,8,No,-0.0113379,-4.47999,0.0113329
10,784,8,No,-9.73391e-05,-8.76159,0.000156626
10,785,8,No,-0.929923,-0.501741,0.605439
10,786,8,No,-0.00188725,-6.2425,0.00194487
10,787,8,No,-0.00204283,-6.1658,0.00209991
10,788,8,No,-0.0141972,-4.2576,0.0141554
10,789,8,No,-0.007998,-4.82511,0.00802516
10,790,8,Yes,-3.24131,-0.0398361,0.96089
10,791,8,No,-0.0636138,-2.78561,0.0616877
10,792,8,No,-0.164964,-1.88298,0.152126
10,793,8,No,-0.0235305,-3.75863,0.0233143
10,794,8,No,-0.00959623,-4.64498,0.00960913
10,795,8,No,-0.20646,-1.67879,0.186589
10,796,8,Yes,-1.19416,-0.360827,0.697059
10,797,8,Yes,-0.823707,-0.577577,0.561224
10,798,8,No,-2.08952,-0.132033,0.87626
10,799,8,No,-2.74919,-0.0660542,0.936024
10,800,8,Yes,-1.97066,-0.150016,0.860643
10,801,8,No,-0.000448387,-7.58528,0.00050784
10,802,8,Yes,-4.4056,-0.0122238,0.987792
10,803,8,No,-0.777271,-0.615447,0.540368
10,804,8,No,-0.0822723,-2.53782,0.0790336
10,805,8,Yes,-0.267749,-1.44834,0.234945
10,806,8,No,-0.00643099,-5.04054,0.00646983
10,807,8,Yes,-3.43164,-0.0328074,0.967668
10,808,8,No,-0.000532352,-7.43339,0.000591145
10,809,8,Yes,-3.75613,-0.0235913,0.976627
10,810,8,Yes,-0.110811,-2.25425,0.104946
10,811,8,No,-0.642524,-0.746346,0.474068
10,812,8,No,-0.00360261,-5.61146,0.00365552
10,813,8,No,-0.5923,-0.805187,0.446978
10,814,8,No,-0.0172108,-4.06734,0.0171218
10,815,8,No,-0.064768,-2.76821,0.0627707
10,816,8,Yes,-2.8373,-0.0603071,0.94142
10,817,8,Yes,-3.07433,-0.0472608,0.953782
10,818,8,Yes,-1.13677,-0.386831,0.679166
10,819,8,No,-0.0329652,-3.4269,0.0324856
10,820,8,Yes,-1.95696,-0.152251,0.858721
10,821,8,Yes,-3.34755,-0.0357422,0.964832
10,822,8,Yes,-4.17792,-0.0153886,0.984671
10,823,8,Yes,-3.42659,-0.0329766,0.967504
10,824,8,Yes,-4.72746,-0.00882864,0.991152
10,825,8,Yes,-1.12024,-0.394735,0.673819
10,826,8,Yes,-0.00989296,-4.61485,0.00990306
10,827,8,No,-0.0018851,-6.24367,0.0019426
10,828,8,Yes,-3.15638,-0.0434512,0.957423
10,829,8,Yes,-3.79829,-0.0226034,0.977592
10,830,8,No,-9.23915e-05,-8.79107,0.000152076
10,831,8,No,-1.80947,-0.178745,0.836269
10,832,8,Yes,-3.36677,-0.0350494,0.965501
10,833,8,Yes,-4.71001,-0.0089856,0.990996
10,834,8,Yes,-1.96952,-0.150201,0.860484
10,835,8,Yes,-2.97776,-0.0521857,0.949096
10,836,8,Yes,-2.4025,-0.0947855,0.909514
10,837,8,Yes,-3.03181,-0.049368,0.951775
10,838,8,Yes,-2.87068,-0.0582666,0.943343
10,839,8,No,-0.000232068,-8.14271,0.000290831
10,840,8,Yes,-0.580697,-0.819731,0.440524
10,841,8,No,-1.16426,-0.374106,0.687864
10,842,8,No,-0.000102585,-8.72639,0.000162238
10,843,8,Yes,-4.00377,-0.0183547,0.981754
10,844,8,Yes,-2.06137,-0.136072,0.872728
10,845,8,No,-0.00255721,-5.94704,0.0026134
10,846,8,Yes,-0.166461,-1.87469,0.153394
10,847,8,No,-0.000892561,-6.95748,0.000951434
10,848,8,No,-0.001664,-6.36411,0.00172217
10,849,8,Yes,-2.81,-0.0620309,0.939798
10,850,8,No,-0.000366636,-7.76013,0.000426378
10,851,8,Yes,-3.57052,-0.028484,0.97186
10,852,8,No,-0.138315,-2.04613,0.129227
10,853,8,Yes,-0.52688,-0.892539,0.40959
10,854,8,Yes,-4.63419,-0.00970215,0.990287
10,855,8,No,-0.596005,-0.80062,0.449024
10,856,8,No,-0.0149533,-4.20629,0.0149007
10,857,8,No,-0.097405,-2.37655,0.092865
10,858,8,No,-0.0941024,-2.40939,0.0898643
10,859,8,Yes,-0.715318,-0.671343,0.510992
10,860,8,No,-0.503188,-0.927709,0.395435
10,861,8,Yes,-3.20334,-0.0414125,0.959376
10,862,8,No,-0.0450324,-3.12147,0.0440897
10,863,8,No,-0.00269137,-5.89713,0.00274716
10,864,8,Yes,-3.72468,-0.0243556,0.975881
10,865,8,No,-0.000643222,-7.26021,0.000702921
10,866,8,No,-0.000772536,-7.09201,0.000831674
10,867,8,No,-0.000495318,-7.497,0.000554716
10,868,8,Yes,-0.8311,-0.571835,0.564456
10,869,8,Yes,-0.501795,-0.929841,0.394593
10,870,8,No,-0.00147774,-6.47877,0.00153561
10,871,8,No,-0.00355691,-5.624,0.00360995
10,872,8,Yes,-3.19373,-0.0418224,0.958984
10,873,8,Yes,-2.8879,-0.0572414,0.94431
10,874,8,Yes,-2.41868,-0.0931912,0.910966
10,875,8,No,-0.137014,-2.05493,0.128094
10,876,8,Yes,-1.81477,-0.177712,0.837134
10,877,8,No,-0.0111564,-4.49599,0.0111529
10,878,8,Yes,-4.63398,-0.00970384,0.990285
10,879,8,Yes,-2.28485,-0.107284,0.898217
10,880,8,Yes,-4.4143,-0.0121168,0.987898
10,881,8,No,-0.0123577,-4.39482,0.0123404
10,882,8,Yes,-4.29129,-0.0137214,0.986314
10,883,8,Yes,-4.51915,-0.0108982,0.989102
10,884,8,Yes,-1.1277,-0.391149,0.67624
10,885,8,Yes,-2.38574,-0.0964696,0.907984
10,886,8,Yes,-4.18019,-0.0153541,0.984705
10,887,8,No,-0.934261,-0.498926,0.607147
10,888,8,Yes,-0.674274,-0.712265,0.490503
10,889,8,Yes,-0.326045,-1.2791,0.27827
10,890,8,Yes,-1.42501,-0.275025,0.759508
10,891,8,Yes,-4.08267,-0.0169456,0.983139
10,892,8,Yes,-4.4493,-0.0116952,0.988314
10,893,8,Yes,-4.30783,-0.0134943,0.986538
10,894,8,Yes,-4.26287,-0.0141217,0.985919
10,895,8,Yes,-3.74301,-0.023907,0.976319
10,896,8,No,-0.000265276,-8.03251,0.000324712
10,897,8,No,-0.000199099,-8.26249,0.000258002
10,898,8,Yes,-3.01997,-0.0499715,0.9512
10,899,8,No,-0.000647993,-7.25448,0.000706955
10,900,8,No,-0.000358288,-7.78102,0.000417559
10,901,8,Yes,-4.59855,-0.010058,0.989934
10,902,8,Yes,-1.30866,-0.314878,0.729835
10,903,8,No,-0.0520877,-2.97959,0.0508107
10,904,8,Yes,-4.1513,-0.0158094,0.984257
10,905,8,Yes,-4.0332,-0.0178164,0.982284
10,906,8,Yes,-4.22169,-0.0147227,0.985327
10,907,8,No,-0.0446011,-3.13084,0.0436787
10,908,8,No,-0.352937,-1.21255,0.29742
10,909,8,No,-0.307039,-1.33015,0.264421
10,910,8,Yes,-1.58969,-0.228068,0.796024
10,911,8,No,-0.000555908,-7.39412,0.000614821
10,912,8,Yes,-0.734942,-0.652916,0.520495
10,913,8,No,-0.249336,-1.51076,0.220728
10,914,8,No,-0.00165229,-6.3711,0.00171017
10,915,8,Yes,-3.75749,-0.0235585,0.976659
10,916,8,No,-0.00671082,-4.99856,0.00674725
10,917,8,Yes,-1.58503,-0.229267,0.795069
10,918,8,Yes,-3.27573,-0.0384596,0.962213
10,919,8,Yes,-4.09018,-0.0168175,0.983265
10,920,8,Yes,-2.47731,-0.0876404,0.916036
10,921,8,No,-0.00622519,-5.07268,0.00626523
10,922,8,No,-0.174127,-1.8334,0.15986
10,923,8,Yes,-3.92626,-0.0198537,0.980284
10,924,8,Yes,-4.49402,-0.0111791,0.988825
10,925,8,Yes,-0.388859,-1.13249,0.32221
10,926,8,Yes,-4.34695,-0.0129704,0.987055
10,927,8,Yes,-2.81709,-0.061578,0.940224
10,928,8,No,-0.000878302,-6.97247,0.000937275
10,929,8,No,-0.000238209,-8.12021,0.000297448
10,930,8,Yes,-1.98768,-0.147288,0.862995
10,931,8,No,-0.0144307,-4.24147,0.0143855
10,932,8,No,-0.0110941,-4.50148,0.0110919
10,933,8,Yes,-2.1839,-0.119394,0.887405
10,934,8,No,-0.000593898,-7.33407,0.000652874
10,935,8,No,-0.0034615,-5.65086,0.00351427
10,936,8,Yes,-3.06155,-0.0478842,0.953188
10,937,8,No,-0.00187501,-6.24881,0.00193264
10,938,8,No,-0.00689842,-4.97135,0.00693336
10,939,8,No,-0.00281163,-5.85437,0.00286717
10,940,8,Yes,-3.30754,-0.037232,0.963396
10,941,8,No,-0.00697344,-4.96062,0.00700818
10,942,8,No,-0.0246054,-3.7146,0.0243637
10,943,8,Yes,-4.834,-0.00792656,0.992046
10,944,8,Yes,-0.272542,-1.4329,0.238603
10,945,8,No,-0.0480708,-3.05776,0.04699
10,946,8,Yes,-2.17115,-0.121025,0.88596
10,947,8,Yes,-0.445823,-1.02232,0.35974
10,948,8,Yes,-3.60642,-0.0274633,0.972853
10,949,8,Yes,-4.59777,-0.0100654,0.989926
10,950,8,No,-0.00405303,-5.49575,0.00410395
10,951,8,Yes,-3.47802,-0.0312936,0.969133
10,952,8,Yes,-0.991433,-0.463602,0.628977
10,953,8,Yes,-1.43621,-0.271504,0.762187
10,954,8,Yes,-3.79111,-0.0227678,0.977431
10,955,8,Yes,-0.883805,-0.532984,0.586817
10,956,8,Yes,-4.04838,-0.0175446,0.98255
10,957,8,Yes,-3.45369,-0.0320788,0.968373
10,958,8,Yes,-4.10807,-0.0165158,0.983561
10,959,8,No,-0.00601596,-5.10651,0.0060568
10,960,8,No,-0.00344906,-5.65428,0.00350229
10,961,8,Yes,-3.38486,-0.0344089,0.96612
10,962,8,No,-0.00371119,-5.58226,0.00376383
10,963,8,No,-0.0428245,-3.17056,0.0419775
10,964,8,No,-0.548216,-0.862565,0.422054
10,965,8,No,-0.00348148,-5.64504,0.00353478
10,966,8,No,-0.0233334,-3.76695,0.023121
10,967,8,No,-0.0316366,-3.46732,0.0311988
10,968,8,No,-1.49086,-0.255048,0.774833
10,969,8,Yes,-1.09374,-0.407825,0.665057
10,970,8,Yes,-4.06083,-0.0173252,0.982766
10,971,8,Yes,-3.60589,-0.0274783,0.972838
10,972,8,No,-0.0367822,-3.31943,0.0361713
10,973,8,No,-0.0657661,-2.75342,0.0637055
10,974,8,Yes,-1.81103,-0.178441,0.836524
10,975,8,No,-0.486653,-0.953529,0.385356
10,976,8,No,-0.422731,-1.06478,0.344784
10,977,8,Yes,-1.16862,-0.372132,0.689223
10,978,8,Yes,-3.10667,-0.0457206,0.955253
10,979,8,Yes,-0.284939,-1.39433,0.247984
10,980,8,Yes,-0.36448,-1.1858,0.305483
10,981,8,Yes,-0.324625,-1.2828,0.277244
10,982,8,Yes,-0.265043,-1.45721,0.232872
10,983,8,Yes,-2.43793,-0.0913285,0.912664
10,984,8,No,-0.510814,-0.916161,0.400028
10,985,8,No,-0.929016,-0.502334,0.605081
10,986,8,Yes,-0.849246,-0.558055,0.572288
10,987,8,Yes,-0.899734,-0.521919,0.593346
10,988,8,Yes,-3.51431,-0.0301597,0.970234
10,989,8,Yes,-1.44337,-0.269282,0.763883
10,990,8,Yes,-0.667501,-0.719349,0.487041
10,991,8,Yes,-0.827328,-0.574755,0.56281
10,992,8,No,-0.446646,-1.02085,0.360267
10,993,8,Yes,-1.79447,-0.181709,0.833795
10,994,8,Yes,-1.51488,-0.248175,0.780178
10,995,8,Yes,-1.05967,-0.425432,0.653449
10,996,8,Yes,-3.12547,-0.0448481,0.956086
10,997,8,Yes,-2.72132,-0.0679884,0.934216
10,998,8,Yes,-4.2272,-0.0146405,0.985408
10,999,8,Yes,-4.35878,-0.0128163,0.987207
10,1000,8,Yes,-1.74984,-0.190849,0.826209
10,1001,8,Yes,-2.19945,-0.117438,0.889143
10,1002,8,Yes,-3.5954,-0.0277727,0.972552
10,1003,8,Yes,-4.55687,-0.010491,0.989506
10,1004,8,Yes,-4.79682,-0.00823067,0.991745
10,1005,8,No,-0.388864,-1.13248,0.322213
10,1006,8,Yes,-0.907612,-0.516555,0.596537
10,1007,8,Yes,-2.66513,-0.0720669,0.930414
10,1008,8,Yes,-1.19711,-0.359545,0.697953
10,1009,8,Yes,-4.47797,-0.0113622,0.988644
10,1010,8,Yes,-3.7619,-0.0234529,0.976762
10,1011,8,Yes,-4.39808,-0.012317,0.9877
10,1012,8,Yes,-3.9481,-0.0194194,0.98071
10,1013,8,Yes,-2.12014,-0.127782,0.879992
10,1014,8,Yes,-4.56919,-0.0103601,0.989634
10,1015,8,No,-0.0331935,-3.42012,0.0327067
10,1016,8,Yes,-1.71021,-0.199389,0.819183
10,1017,8,Yes,-2.69418,-0.0699279,0.932406
10,1018,8,Yes,-3.37295,-0.0348291,0.965714
10,1019,8,Yes,-4.29672,-0.0136465,0.986388
10,1020,8,No,-0.00109017,-6.7689,0.00114889
10,1021,8,No,-0.0105196,-4.55415,0.0105228
10,1022,8,No,-0.0103835,-4.56696,0.0103888
10,1023,8,Yes,-4.38942,-0.0124251,0.987593
10,1024,8,Yes,-2.60448,-0.0767544,0.926063
10,1025,8,Yes,-0.773334,-0.618807,0.538555
10,1026,8,Yes,-3.35196,-0.0355821,0.964986
10,1027,8,Yes,-1.68178,-0.205773,0.813969
10,1028,8,Yes,-1.73008,-0.195056,0.82274
10,1029,8,Yes,-2.15669,-0.122901,0.884299
10,1030,8,Yes,-2.06996,-0.134826,0.873817
10,1031,8,Yes,-0.161853,-1.90051,0.149484
10,1032,8,No,-0.0102171,-4.58299,0.0102237
10,1033,8,No,-0.0705218,-2.68601,0.068148
10,1034,8,No,-1.50264,-0.251651,0.77747
10,1035,8,Yes,-1.91259,-0.159745,0.852312
10,1036,8,Yes,-3.04314,-0.048797,0.952318
10,1037,8,Yes,-3.33296,-0.0362781,0.964315
10,1038,8,No,-0.00359854,-5.61253,0.0036516
10,1039,8,No,-0.0522806,-2.976,0.0509935
10,1040,8,No,-0.0544034,-2.93728,0.0530065
10,1041,8,Yes,-3.60481,-0.0275083,0.972809
10,1042,8,Yes,-3.69631,-0.0250671,0.975187
10,1043,8,No,-0.550716,-0.859149,0.423497
10,1044,8,Yes,-2.61597,-0.0758418,0.926908
10,1045,8,Yes,-1.94769,-0.153785,0.857406
10,1046,8,No,-0.0048919,-5.31047,0.0049393
10,1047,8,No,-0.0124349,-4.38868,0.0124163
10,1048,8,No,-0.000251384,-8.07523,0.000311132
10,1049,8,No,-0.000163628,-8.40835,0.000222985
10,1050,8,No,-0.000110513,-8.67845,0.000170205
10,1051,8,No,-0.000291986,-7.95288,0.000351626
10,1052,8,No,-0.000137696,-8.53273,0.000196905
10,1053,8,No,-0.000311721,-7.89922,0.000371011
10,1054,8,No,-0.0265436,-3.63995,0.026252
10,1055,8,No,-0.00203733,-6.16846,0.00209434
10,1056,8,No,-0.000683183,-7.20597,0.000742098
10,1057,8,No,-0.000438548,-7.60616,0.000497351
10,1058,8,No,-0.000312377,-7.89848,0.000371284
10,1059,8,No,-0.000103121,-8.72541,0.000162396
10,1060,8,No,-0.00219526,-6.09569,0.00225242
10,1061,8,Yes,-2.64119,-0.0738803,0.928728
10,1062,8,Yes,-4.5175,-0.0109164,0.989084
10,1063,8,No,-4.05663,-0.0173984,0.982694
10,1064,8,Yes,-4.72915,-0.00881372,0.991167
10,1065,8,No,-2.10775,-0.129485,0.878496
10,1066,8,No,-0.000289065,-7.96235,0.000348311
10,1067,8,No,-0.000274457,-8.00583,0.000333494
10,1068,8,No,-0.0819241,-2.54189,0.0787126
10,1069,8,No,-0.00210298,-6.1377,0.00215976
10,1070,8,No,-0.000281195,-7.9858,0.000340242
10,1071,8,No,-7.34952e-05,-8.92433,0.000133102
10,1072,8,No,-0.0138049,-4.28529,0.0137688
10,1073,8,No,-5.88911e-05,-9.04388,0.000118105
10,1074,8,No,-0.000472061,-7.54019,0.000531265
10,1075,8,No,-0.000188845,-8.30054,0.000248368
10,1076,8,No,-0.604208,-0.790646,0.453525
10,1077,8,No,-0.010114,-4.59299,0.010122
10,1078,8,No,-0.23631,-1.55816,0.210511
10,1079,8,No,-0.00154877,-6.43339,0.00160691
10,1080,8,No,-0.00549854,-5.19524,0.00554254
10,1081,8,No,-0.0054244,-5.20863,0.00546881
10,1082,8,Yes,-0.252373,-1.50012,0.223091
10,1083,8,No,-0.00597302,-5.11352,0.00601454
10,1084,8,Yes,-3.86386,-0.0211494,0.979014
10,1085,8,Yes,-4.679,-0.00927167,0.990712
10,1086,8,Yes,-4.64851,-0.00956121,0.990425
10,1087,8,Yes,-0.111404,-2.24922,0.105475
10,1088,8,No,-0.202585,-1.69586,0.183431
10,1089,8,Yes,-0.855297,-0.553556,0.574868
10,1090,8,Yes,-1.32893,-0.307478,0.735255
10,1091,8,Yes,-3.7161,-0.0245685,0.975673
10,1092,8,Yes,-2.88584,-0.0573632,0.944195
10,1093,8,No,-0.00130745,-6.59587,0.00136592
10,1094,8,No,-0.00238351,-6.01568,0.00244003
10,1095,8,No,-0.00225637,-6.06898,0.00231339
10,1096,8,No,-0.0329555,-3.42719,0.0324761
10,1097,8,No,-0.00200675,-6.18306,0.00206399
10,1098,8,No,-0.00581785,-5.13953,0.00586007
10,1099,8,Yes,-0.182879,-1.78863,0.16718
10,1100,8,No,-1.20842,-0.354691,0.701349
10,1101,8,Yes,-3.49188,-0.0308552,0.969558
10,1102,8,Yes,-4.41219,-0.012143,0.987872
10,1103,8,Yes,-3.87223,-0.0209704,0.979189
10,1104,8,Yes,-0.752742,-0.636794,0.528954
10,1105,8,No,-0.501402,-0.930447,0.394354
10,1106,8,Yes,-0.596691,-0.799778,0.449402
10,1107,8,No,-0.731673,-0.655939,0.518924
10,1108,8,Yes,-3.90596,-0.020266,0.97988
10,1109,8,Yes,-4.17003,-0.0155123,0.984549
10,1110,8,Yes,-4.82628,-0.00798911,0.991984
10,1111,8,Yes,-3.86451,-0.0211354,0.979028
10,1112,8,Yes,-3.33692,-0.0361317,0.964456
10,1113,8,Yes,-2.70366,-0.0692438,0.933044
10,1114,8,Yes,-3.67272,-0.0256743,0.974594
10,1115,8,Yes,-1.95088,-0.153257,0.857859
10,1116,8,No,-0.128498,-2.1149,0.120638
10,1117,8,Yes,-2.48955,-0.0865261,0.917058
10,1118,8,Yes,-4.44805,-0.0117102,0.988299
10,1119,8,Yes,-2.35197,-0.0999558,0.904824
10,1120,8,Yes,-1.91339,-0.159606,0.852429
10,1121,8,Yes,-2.86,-0.058911,0.942735
10,1122,8,Yes,-4.36822,-0.0126951,0.987327
10,1123,8,Yes,-0.558959,-0.848039,0.428229
10,1124,8,Yes,-3.89659,-0.0204599,0.97969
10,1125,8,Yes,-1.96508,-0.150923,0.859863
10,1126,8,Yes,-3.86811,-0.0210584,0.979103
10,1127,8,No,-1.95809,-0.152067,0.85888
10,1128,8,No,-0.455766,-1.00486,0.366075
10,1129,8,No,-0.614873,-0.777945,0.459322
10,1130,8,No,-1.36232,-0.295725,0.743949
10,1131,8,Yes,-2.50203,-0.0854042,0.918087
10,1132,8,Yes,-2.05575,-0.136895,0.872011
10,1133,8,Yes,-4.19589,-0.0151118,0.984944
10,1134,8,Yes,-4.53694,-0.0107043,0.989295
10,1135,8,Yes,-3.8388,-0.0216942,0.978482
10,1136,8,Yes,-4.29767,-0.013634,0.986401
10,1137,8,Yes,-3.75868,-0.02353,0.976687
10,1138,8,Yes,-0.29479,-1.36504,0.255356
10,1139,8,No,-0.628019,-0.76269,0.466383
10,1140,8,Yes,-3.32825,-0.0364523,0.964146
10,1141,8,Yes,-3.05407,-0.0482532,0.952836
10,1142,8,Yes,-4.37151,-0.0126525,0.987369
10,1143,8,Yes,-4.9884,-0.00678025,0.993184
10,1144,8,Yes,-4.22373,-0.0146921,0.985357
10,1145,8,No,-0.574729,-0.827363,0.437175
10,1146,8,Yes,-2.8539,-0.0592838,0.942384
10,1147,8,Yes,-3.84841,-0.0214834,0.978688
10,1148,8,Yes,-3.62721,-0.0268899,0.973411
10,1149,8,Yes,-3.3948,-0.0340616,0.966455
10,1150,8,Yes,-0.202949,-1.69424,0.183729
10,1151,8,Yes,-2.90694,-0.0561298,0.94536
10,1152,8,Yes,-2.34114,-0.101102,0.903788
10,1153,8,No,-0.0862834,-2.49224,0.0827197
10,1154,8,No,-0.000909563,-6.93936,0.000968828
10,1155,8,No,-0.00995725,-4.60845,0.00996669
10,1156,8,No,-0.00303072,-5.7811,0.00308514
10,1157,8,No,-0.00158758,-6.40973,0.00164537
10,1158,8,No,-0.00461647,-5.36762,0.00466495
10,1159,8,No,-0.538496,-0.876028,0.416409
10,1160,8,Yes,-1.39295,-0.285395,0.751673
10,1161,8,Yes,-1.24055,-0.341318,0.710791
10,1162,8,No,-0.0238294,-3.7462,0.0236059
10,1163,8,Yes,-2.00108,-0.145176,0.864819
10,1164,8,No,-0.0130785,-4.33872,0.0130525
10,1165,8,No,-0.0639566,-2.78039,0.0620105
10,1166,8,Yes,-2.19308,-0.118236,0.888434
10,1167,8,Yes,-1.70799,-0.199879,0.818781
10,1168,8,Yes,-3.13012,-0.0446351,0.95629
10,1169,8,Yes,-0.484758,-0.956558,0.38419
10,1170,8,Yes,-1.99838,-0.1456,0.864453
10,1171,8,No,-0.103993,-2.31438,0.098822
10,1172,8,Yes,-3.44197,-0.0324642,0.968
10,1173,8,No,-0.238402,-1.55035,0.212161
10,1174,8,No,-0.454249,-1.00749,0.365113
10,1175,8,Yes,-2.61579,-0.075857,0.926894
10,1176,8,No,-0.739271,-0.648945,0.522566
10,1177,8,Yes,-3.6841,-0.0253799,0.974882
10,1178,8,Yes,-2.64612,-0.0735032,0.929079
10,1179,8,No,-0.102754,-2.32575,0.0977045
10,1180,8,Yes,-4.42676,-0.0119653,0.988048
10,1181,8,Yes,-0.804579,-0.59279,0.55275
10,1182,8,Yes,-3.50034,-0.0305911,0.969815
10,1183,8,No,-0.0129487,-4.34861,0.012924
10,1184,8,Yes,-3.96628,-0.0190656,0.981057
10,1185,8,No,-2.38788,-0.0962528,0.908181
10,1186,8,Yes,-2.34886,-0.100283,0.904528
10,1187,8,No,-0.345425,-1.23052,0.292122
10,1188,8,No,-0.173114,-1.83874,0.159008
10,1189,8,No,-0.00871445,-4.74025,0.00873598
10,1190,8,No,-0.000395257,-7.69617,0.000454537
10,1191,8,No,-0.000266409,-8.02954,0.000325679
10,1192,8,No,-0.000218475,-8.18847,0.000277823
10,1193,8,No,-0.000122137,-8.61225,0.000181853
10,1194,8,No,-0.00783795,-4.84508,0.00786654
10,1195,8,No,-0.0262835,-3.64963,0.0259992
10,1196,8,No,-0.000158203,-8.43321,0.000217509
10,1197,8,No,-0.000375341,-7.74188,0.000434228
10,1198,8,No,-0.000355903,-7.78648,0.000415288
10,1199,8,No,-0.000664813,-7.23051,0.00072411
10,1200,8,No,-0.000192959,-8.28502,0.000252253
10,1201,8,No,-0.000315239,-7.88977,0.000374532
10,1202,8,Yes,-4.67825,-0.00927877,0.990705
10,1203,8,Yes,-4.72673,-0.00883525,0.991145
10,1204,8,Yes,-4.95756,-0.00699505,0.99297
10,1205,8,Yes,-4.57153,-0.0103353,0.989659
10,1206,8,No,-0.000113374,-8.66374,0.000172728
10,1207,8,No,-0.00093814,-6.91041,0.000997287
10,1208,8,No,-6.56865e-05,-8.98426,0.000125361
10,1209,8,No,-0.000832547,-7.02262,0.000891437
10,1210,8,No,-0.000407063,-7.6708,0.000466215
10,1211,8,No,-0.00028501,-7.9746,0.000344072
10,1212,8,No,-0.00616696,-5.08203,0.00620693
10,1213,8,No,-0.00637521,-5.04917,0.00641425
10,1214,8,No,-0.694344,-0.691835,0.500627
10,1215,8,No,-0.0220624,-3.82216,0.0218791
10,1216,8,No,-0.00340146,-5.66793,0.00345479
10,1217,8,Yes,-0.879488,-0.536035,0.585029
10,1218,8,No,-0.150924,-1.96507,0.140138
10,1219,8,No,-0.319815,-1.29545,0.273759
10,1220,8,Yes,-0.40444,-1.10049,0.332689
10,1221,8,Yes,-4.28964,-0.0137445,0.986291
10,1222,8,Yes,-3.85393,-0.0213636,0.978805
10,1223,8,Yes,-2.80531,-0.0623317,0.939516
10,1224,8,No,-0.00120862,-6.67064,0.00126751
10,1225,8,No,-0.00126734,-6.62575,0.0013257
10,1226,8,No,-0.000706207,-7.17529,0.000765218
10,1227,8,No,-0.0100781,-4.59646,0.0100869
10,1228,8,No,-0.00260047,-5.93077,0.00265628
10,1229,8,No,-0.00547582,-5.19937,0.00551974
10,1230,8,No,-0.0152419,-4.18739,0.015185
10,1231,8,No,-0.00284325,-5.84349,0.00289852
10,1232,8,No,-0.0788348,-2.57878,0.075862
10,1233,8,No,-0.00424809,-5.44946,0.00429837
10,1234,8,Yes,-2.38753,-0.0962868,0.908149
10,1235,8,Yes,-3.20004,-0.0415519,0.959242
10,1236,8,Yes,-4.29814,-0.0136265,0.986407
10,1237,8,Yes,-2.2593,-0.11022,0.895583
10,1238,8,No,-0.0519399,-2.98235,0.0506707
10,1239,8,No,-0.0204787,-3.89563,0.0203292
10,1240,8,Yes,-3.22804,-0.0403798,0.960367
10,1241,8,Yes,-2.04318,-0.138752,0.870392
10,1242,8,Yes,-4.79034,-0.00828434,0.991691
10,1243,8,Yes,-4.29431,-0.0136789,0.986355
10,1244,8,No,-0.000657178,-7.2412,0.000716408
10,1245,8,Yes,-3.18482,-0.0422049,0.958617
10,1246,8,Yes,-4.26419,-0.0141026,0.985938
10,1247,8,No,-0.00107519,-6.7819,0.00113406
10,1248,8,No,-0.000278035,-7.99365,0.000337581
10,1249,8,No,-0.145643,-1.9981,0.135585
10,1250,8,No,-0.00166173,-6.36549,0.0017198
10,1251,8,Yes,-4.77561,-0.00840935,0.991568
10,1252,8,Yes,-3.37425,-0.0347818,0.965758
10,1253,8,No,-0.00298612,-5.79561,0.00304069
10,1254,8,No,-0.00116679,-6.70417,0.00122571
10,1255,8,No,-0.000435447,-7.611,0.000494946
10,1256,8,Yes,-1.52865,-0.244328,0.783185
10,1257,8,Yes,-0.953848,-0.486453,0.614767
10,1258,8,Yes,-4.38473,-0.012484,0.987535
10,1259,8,Yes,-3.54981,-0.0290893,0.971272
10,1260,8,No,-0.000227835,-8.15631,0.000286903
10,1261,8,Yes,-3.07271,-0.0473382,0.953707
10,1262,8,No,-0.000223065,-8.17232,0.000282345
10,1263,8,Yes,-4.53151,-0.0107623,0.989236
10,1264,8,No,-0.00174699,-6.31711,0.00180505
10,1265,8,Yes,-1.83203,-0.174389,0.83992
10,1266,8,No,-0.00365866,-5.59619,0.00371176
10,1267,8,Yes,-4.4468,-0.011725,0.988285
10,1268,8,No,-0.000797172,-7.06277,0.000856353
10,1269,8,Yes,-3.97036,-0.0189863,0.981135
10,1270,8,No,-0.0785835,-2.58184,0.07563
10,1271,8,No,-0.111892,-2.24509,0.105912
10,1272,8,No,-0.00803411,-4.82061,0.00806135
10,1273,8,Yes,-4.18623,-0.0152593,0.984797
10,1274,8,No,-0.00368809,-5.58844,0.00374065
10,1275,8,Yes,-4.11689,-0.0163689,0.983706
10,1276,8,No,-0.00157797,-6.41538,0.0016361
10,1277,8,No,-0.00485201,-5.31851,0.00489976
10,1278,8,No,-0.106114,-2.29524,0.100731
10,1279,8,No,-0.000141035,-8.51531,0.000200365
10,1280,8,No,-0.0633883,-2.78904,0.0614766
10,1281,8,Yes,-5.07329,-0.00622135,0.993739
10,1282,8,No,-4.31791,-0.0133566,0.986673
10,1283,8,No,-0.000915052,-6.93376,0.000974273
10,1284,8,No,-0.000457511,-7.56762,0.00051689
10,1285,8,No,-0.377967,-1.1558,0.314787
10,1286,8,Yes,-4.99723,-0.00671928,0.993244
10,1287,8,Yes,-3.28863,-0.0379566,0.962697
10,1288,8,No,-0.000258121,-8.05481,0.000317553
10,1289,8,No,-0.000252636,-8.07232,0.00031204
10,1290,8,Yes,-4.2758,-0.0139377,0.9861
10,1291,8,No,-4.4168e-05,-9.17682,0.000103402
10,1292,8,No,-0.000222231,-8.175,0.00028159
10,1293,8,No,-0.000240355,-8.1117,0.000299992
10,1294,8,No,-7.70122e-05,-8.89934,0.000136471
10,1295,8,Yes,-4.30446,-0.01354,0.986493
10,1296,8,Yes,-4.1318,-0.0161239,0.983947
10,1297,8,No,-0.000277081,-7.99796,0.000336128
10,1298,8,No,-0.000284712,-7.97554,0.000343747
10,1299,8,No,-0.000628788,-7.28192,0.000687826
10,1300,8,Yes,-4.01789,-0.0180939,0.98201
10,1301,8,No,-0.130537,-2.10018,0.122428
10,1302,8,No,-1.40236,-0.282307,0.753998
10,1303,8,No,-0.00168059,-6.35457,0.00173868
10,1304,8,No,-0.00403801,-5.49936,0.00408915
10,1305,8,No,-1.05178,-0.429638,0.650706
10,1306,8,Yes,-4.57641,-0.010285,0.989709
10,1307,8,No,-0.00689566,-4.97165,0.00693126
10,1308,8,No,-0.00745788,-4.89426,0.00748902
10,1309,8,No,-0.00500673,-5.28755,0.0050538
10,1310,8,Yes,-3.96087,-0.0191693,0.980955
10,1311,8,Yes,-3.39799,-0.0339506,0.966562
10,1312,8,Yes,-4.48709,-0.0112565,0.988747
10,1313,8,Yes,-3.45884,-0.0319102,0.968536
10,1314,8,Yes,-1.76624,-0.187433,0.829035
10,1315,8,No,-0.264545,-1.45885,0.23249
10,1316,8,Yes,-2.4864,-0.0868106,0.916796
10,1317,8,No,-0.137645,-2.05065,0.128644
10,1318,8,No,-0.000541237,-7.41759,0.00060056
10,1319,8,No,-0.512102,-0.914233,0.4008
10,1320,8,Yes,-4.81398,-0.00808843,0.991885
10,1321,8,No,-0.000642089,-7.26268,0.000701182
10,1322,8,Yes,-3.59646,-0.0277427,0.972581
10,1323,8,No,-0.856163,-0.552916,0.575236
10,1324,8,No,-0.0382241,-3.28176,0.0375599
10,1325,8,Yes,-3.09574,-0.0462345,0.954761
10,1326,8,Yes,-3.51653,-0.0300906,0.9703
10,1327,8,Yes,-2.89688,-0.0567141,0.944808
10,1328,8,Yes,-5.3402,-0.00474648,0.995205
10,1329,8,No,-0.0144604,-4.23945,0.0144147
10,1330,8,No,-0.271249,-1.43703,0.237619
10,1331,8,Yes,-2.26599,-0.109444,0.896279
10,1332,8,Yes,-0.354161,-1.20967,0.298279
10,1333,8,Yes,-2.87562,-0.05797,0.943622
10,1334,8,Yes,-2.46632,-0.088653,0.915108
10,1335,8,Yes,-2.3221,-0.10315,0.901938
10,1336,8,Yes,-2.2482,-0.111524,0.894417
10,1337,8,Yes,-3.35679,-0.0354065,0.965155
10,1338,8,Yes,-2.63828,-0.0741037,0.92852
10,1339,8,Yes,-4.12901,-0.0161688,0.983902
10,1340,8,Yes,-3.7389,-0.0240064,0.976221
10,1341,8,Yes,-3.25285,-0.0393688,0.961339
10,1342,8,Yes,-3.95017,-0.0193781,0.98075
10,1343,8,Yes,-4.39729,-0.0123264,0.98769
10,1344,8,Yes,-3.47963,-0.0312422,0.969183
10,1345,8,Yes,-2.52198,-0.0836436,0.919704
10,1346,8,No,-0.0846594,-2.51041,0.0812297
10,1347,8,Yes,-4.741,-0.00870838,0.991271
10,1348,8,Yes,-3.20621,-0.0412913,0.959493
10,1349,8,Yes,-2.05124,-0.137559,0.871432
10,1350,8,No,-4.02629,-0.0179405,0.982161
10,1351,8,Yes,-0.898665,-0.522652,0.592911
10,1352,8,Yes,-0.384901,-1.14087,0.319522
10,1353,8,Yes,-4.71399,-0.00894903,0.991032
10,1354,8,No,-0.753645,-0.635991,0.52938
10,1355,8,Yes,-4.4556,-0.011621,0.988387
10,1356,8,Yes,-3.55936,-0.0288084,0.971545
10,1357,8,Yes,-3.10174,-0.045951,0.955032
10,1358,8,No,-0.270786,-1.43852,0.237265
10,1359,8,Yes,-4.28252,-0.0138433,0.986193
10,1360,8,No,-0.433655,-1.04434,0.351902
10,1361,8,Yes,-1.20882,-0.354522,0.701468
10,1362,8,Yes,-0.984176,-0.467907,0.626275
10,1363,8,No,-1.46384,-0.26304,0.768666
10,1364,8,Yes,-2.30498,-0.105029,0.900245
10,1365,8,Yes,-1.3433,-0.302355,0.739032
10,1366,8,Yes,-3.25543,-0.0392655,0.961438
10,1367,8,Yes,-0.464737,-0.989512,0.371736
10,1368,8,Yes,-3.9322,-0.0197341,0.980401
10,1369,8,Yes,-2.36988,-0.0980896,0.906513
10,1370,8,Yes,-2.77155,-0.0645449,0.937439
10,0,9,No,-0.000111586,-8.6759,0.000170639
10,1,9,No,-8.80995e-05,-8.82512,0.000146985
10,2,9,No,-0.0395113,-3.24933,0.0387977
10,3,9,Yes,-2.64433,-0.0736406,0.928951
10,4,9,No,-0.0109074,-4.51831,0.0109068
10,5,9,Yes,-2.56249,-0.0801841,0.922892
10,6,9,No,-0.35219,-1.21432,0.296895
10,7,9,No,-0.0768872,-2.60281,0.0740609
10,8,9,No,-1.2209,-0.349424,0.705053
10,9,9,No,-0.00607676,-5.09656,0.00611737
10,10,9,No,-0.000905685,-6.94389,0.000964455
10,11,9,No,-0.00438033,-5.41924,0.00443023
10,12,9,No,-0.00082676,-7.02976,0.000885093
10,13,9,No,-0.0670579,-2.73463,0.0649139
10,14,9,Yes,-0.105524,-2.30052,0.1002
10,15,9,Yes,-1.1215,-0.394129,0.674228
10,16,9,No,-0.00215291,-6.11482,0.00220974
10,17,9,No,-0.00115055,-6.71753,0.00120945
10,18,9,Yes,-2.92551,-0.0550667,0.946366
10,19,9,Yes,-2.56652,-0.0798483,0.923202
10,20,9,Yes,-1.68881,-0.204175,0.815271
10,21,9,Yes,-4.29757,-0.0136353,0.986399
10,22,9,Yes,-3.09915,-0.0460735,0.954915
10,23,9,Yes,-2.87979,-0.0577206,0.943857
10,24,9,Yes,-2.48465,-0.0869703,0.91665
10,25,9,Yes,-3.11498,-0.0453321,0.955623
10,26,9,No,-0.119067,-2.18648,0.112304
10,27,9,No,-0.0157843,-4.15281,0.0157192
10,28,9,No,-0.893509,-0.526207,0.590807
10,29,9,Yes,-0.991328,-0.463663,0.628938
10,30,9,Yes,-4.34689,-0.0129718,0.987054
10,31,9,Yes,-2.28179,-0.107633,0.897904
10,32,9,No,-0.467079,-0.985566,0.373206
10,33,9,Yes,-1.21647,-0.351284,0.703742
10,34,9,Yes,-0.568381,-0.835592,0.433592
10,35,9,No,-1.12228,-0.393749,0.674484
10,36,9,Yes,-3.337,-0.0361288,0.964459
10,37,9,Yes,-4.62998,-0.00974296,0.990246
10,38,9,Yes,-1.64175,-0.215153,0.80637
10,39,9,No,-0.000485896,-7.51473,0.000544964
10,40,9,Yes,-3.2906,-0.0378808,0.962771
10,41,9,Yes,-2.28376,-0.107408,0.898106
10,42,9,No,-3.12929e-05,-9.3124,9.02921e-05
10,43,9,Yes,-3.92138,-0.0199524,0.980187
10,44,9,Yes,-4.65546,-0.00949549,0.990491
10,45,9,No,-0.348079,-1.22412,0.293998
10,46,9,No,-1.84906,-0.171175,0.842624
10,47,9,Yes,-3.75592,-0.0235956,0.976622
10,48,9,Yes,-3.85841,-0.0212665,0.9789
10,49,9,No,-0.00648073,-5.03302,0.00651868
10,50,9,No,-0.00743043,-4.89784,0.0074622
10,51,9,No,-0.0122021,-4.40734,0.0121868
10,52,9,No,-0.014288,-4.2513,0.0142448
10,53,9,No,-0.00758021,-4.87809,0.00761112
10,54,9,Yes,-4.53694,-0.0107044,0.989295
10,55,9,Yes,-1.04579,-0.432872,0.648606
10,56,9,Yes,-1.69584,-0.202591,0.816565
10,57,9,Yes,-3.46159,-0.0318214,0.968622
10,58,9,Yes,-4.46486,-0.0115137,0.988494
10,59,9,No,-0.000153136,-8.45521,0.000212776
10,60,9,Yes,-2.33263,-0.102011,0.902965
10,61,9,Yes,-4.90988,-0.00734115,0.992627
10,62,9,Yes,-5.01462,-0.00660234,0.99336
10,63,9,Yes,-0.395838,-1.11797,0.326924
10,64,9,Yes,-2.84015,-0.0601306,0.941586
10,65,9,Yes,-3.17596,-0.0425889,0.958249
10,66,9,Yes,-1.52839,-0.2444,0.783129
10,67,9,Yes,-4.71563,-0.00893436,0.991046
10,68,9,No,-0.331593,-1.26486,0.282263
10,69,9,No,-0.132738,-2.08453,0.124358
10,70,9,Yes,-3.66605,-0.0258499,0.974424
10,71,9,No,-0.000941601,-6.90747,0.00100023
10,72,9,Yes,-1.03607,-0.438174,0.645176
10,73,9,No,-4.41084e-05,-9.17717,0.000103367
10,74,9,Yes,-2.65378,-0.072921,0.929619
10,75,9,No,-0.834071,-0.569548,0.565748
10,76,9,No,-0.0292725,-3.54366,0.0289056
10,77,9,No,-9.84717e-05,-8.75703,0.000157342
10,78,9,Yes,-4.82506,-0.00799848,0.991974
10,79,9,Yes,-4.05862,-0.0173644,0.982728
10,80,9,Yes,-0.237804,-1.55258,0.211689
10,81,9,Yes,-0.315957,-1.30575,0.270953
10,82,9,No,-3.58734,-0.0280016,0.97233
10,83,9,Yes,-2.12623,-0.126956,0.88072
10,84,9,Yes,-2.49569,-0.0859728,0.917565
10,85,9,Yes,-2.81097,-0.0619687,0.939857
10,86,9,Yes,-4.11962,-0.0163239,0.98375
10,87,9,Yes,-4.37708,-0.0125814,0.987439
10,88,9,Yes,-2.6801,-0.0709561,0.931448
10,89,9,Yes,-2.28663,-0.107083,0.898398
10,90,9,Yes,-2.91038,-0.0559316,0.945548
10,91,9,Yes,-2.67646,-0.0712247,0.931197
10,92,9,Yes,-0.615247,-0.777504,0.459524
10,93,9,Yes,-2.90109,-0.0564684,0.94504
10,94,9,Yes,-0.53877,-0.875644,0.416569
10,95,9,Yes,-4.85838,-0.00773439,0.992237
10,96,9,Yes,-3.53659,-0.0294837,0.970889
10,97,9,No,-0.202127,-1.6979,0.183057
10,98,9,Yes,-3.14777,-0.0438353,0.957055
10,99,9,No,-0.0356661,-3.34963,0.0350953
10,100,9,No,-0.294686,-1.36534,0.255279
10,101,9,Yes,-2.09612,-0.131104,0.877075
10,102,9,Yes,-2.22073,-0.114818,0.891476
10,103,9,Yes,-1.65437,-0.212148,0.808798
10,104,9,No,-0.219636,-1.62329,0.197237
10,105,9,No,-0.662959,-0.724154,0.484706
10,106,9,No,-0.000117845,-8.63776,0.000177274
10,107,9,No,-0.00808621,-4.81433,0.00811217
10,108,9,No,-0.0115502,-4.46164,0.0115427
10,109,9,No,-0.0252935,-3.68744,0.0250345
10,110,9,Yes,-3.79245,-0.0227378,0.977461
10,111,9,No,-0.0027815,-5.86493,0.00283705
10,112,9,No,-0.00726591,-4.92006,0.00729828
10,113,9,No,-0.478116,-0.967298,0.380086
10,114,9,Yes,-3.11087,-0.0455241,0.955441
10,115,9,No,-5.60299e-05,-9.06872,0.000115207
10,116,9,No,-9.13781e-05,-8.80044,0.000150658
10,117,9,Yes,-4.77465,-0.00841681,0.991559
10,118,9,No,-0.459675,-0.998124,0.368548
10,119,9,No,-7.05744e-05,-8.9507,0.000129639
10,120,9,Yes,-4.87272,-0.00762249,0.992348
10,121,9,Yes,-4.69544,-0.00911924,0.990864
10,122,9,No,-0.00950946,-4.65392,0.00952363
10,123,9,Yes,-3.81898,-0.0221342,0.978051
10,124,9,No,-0.000845432,-7.00793,0.000904622
10,125,9,No,-0.262575,-1.46538,0.230977
10,126,9,Yes,-2.82347,-0.0611741,0.940604
10,127,9,Yes,-3.68255,-0.0254199,0.974843
10,128,9,No,-0.206382,-1.67912,0.186526
10,129,9,No,-3.0518e-05,-9.31672,8.99026e-05
10,130,9,No,-5.31688e-05,-9.09074,0.000112698
10,131,9,No,-0.0001309,-8.56935,0.000189825
10,132,9,No,-0.00212896,-6.12575,0.00218573
10,133,9,Yes,-2.51175,-0.0845417,0.918879
10,134,9,Yes,-3.87111,-0.020995,0.979166
10,135,9,No,-0.000524539,-7.44668,0.000583338
10,136,9,Yes,-0.533189,-0.883512,0.413304
10,137,9,Yes,-1.61038,-0.222835,0.800199
10,138,9,Yes,-0.233803,-1.56762,0.208529
10,139,9,Yes,-2.78681,-0.0635346,0.938386
10,140,9,No,-0.383871,-1.14307,0.318821
10,141,9,Yes,-3.4316,-0.0328088,0.967667
10,142,9,No,-0.0030844,-5.76381,0.00313893
10,143,9,No,-3.40573,-0.0336843,0.966819
10,144,9,No,2.26497e-06,-9.77022,5.71242e-05
10,145,9,Yes,-2.10011,-0.130547,0.877564
10,146,9,Yes,-2.7678,-0.0647957,0.937204
10,147,9,Yes,-1.94797,-0.153739,0.857445
10,148,9,Yes,-0.274598,-1.42636,0.240167
10,149,9,Yes,-3.73845,-0.0240184,0.97621
10,150,9,Yes,-3.3775,-0.0346672,0.965869
10,151,9,Yes,-0.606318,-0.78811,0.454677
10,152,9,Yes,-2.45355,-0.089846,0.914018
10,153,9,Yes,-2.23345,-0.113279,0.892849
10,154,9,No,-3.20705,-0.0412555,0.959527
10,155,9,Yes,-3.61933,-0.0271057,0.973201
10,156,9,Yes,-3.67864,-0.0255205,0.974744
10,157,9,Yes,-1.48764,-0.255986,0.774107
10,158,9,Yes,-2.34315,-0.100888,0.903981
10,159,9,Yes,-1.68907,-0.204117,0.81532
10,160,9,Yes,-3.56598,-0.0286156,0.971732
10,161,9,No,-3.20137,-0.0414968,0.959296
10,162,9,No,-0.496503,-0.938017,0.39138
10,163,9,Yes,-1.03304,-0.439848,0.644096
10,164,9,Yes,-4.39299,-0.0123805,0.987637
10,165,9,No,-0.44217,-1.02885,0.357398
10,166,9,Yes,-4.30577,-0.013522,0.98651
10,167,9,Yes,-1.70197,-0.201218,0.817686
10,168,9,No,-0.131207,-2.09539,0.123015
10,169,9,Yes,-2.0764,-0.1339,0.874626
10,170,9,Yes,-4.11041,-0.0164767,0.9836
10,171,9,Yes,-2.90388,-0.0563076,0.945193
10,172,9,No,-0.10732,-2.28454,0.101815
10,173,9,No,-0.00638504,-5.04774,0.00642344
10,174,9,Yes,-4.63487,-0.00969499,0.990293
10,175,9,Yes,-4.23926,-0.0144634,0.985583
10,176,9,No,-0.00158155,-6.41328,0.00163954
10,177,9,No,-0.00758213,-4.87787,0.00761274
10,178,9,Yes,-3.8977,-0.0204368,0.979713
10,179,9,No,-0.00836482,-4.78083,0.00838851
10,180,9,No,-0.0252497,-3.68916,0.0249915
10,181,9,No,-0.0382435,-3.28127,0.0375782
10,182,9,Yes,-2.69166,-0.0701109,0.932236
10,183,9,No,-0.771124,-0.620704,0.537534
10,184,9,No,-1.1544,-0.378611,0.684772
10,185,9,Yes,-4.3463,-0.0129797,0.987046
10,186,9,Yes,-2.78844,-0.0634273,0.938487
10,187,9,Yes,-0.414654,-1.08031,0.33947
10,188,9,Yes,-2.53142,-0.0828242,0.920459
10,189,9,Yes,-2.40569,-0.0944694,0.909802
10,190,9,Yes,-1.81491,-0.177685,0.837157
10,191,9,Yes,-1.47516,-0.259657,0.771272
10,192,9,No,-0.000263487,-8.03824,0.000322858
10,193,9,No,-0.00149744,-6.46567,0.00155586
10,194,9,Yes,-2.2476,-0.111595,0.894354
10,195,9,No,-0.000101393,-8.73614,0.000160663
10,196,9,No,-0.000144373,-8.49924,0.000203611
10,197,9,No,-0.000135431,-8.54373,0.000194751
10,198,9,Yes,-0.204347,-1.68805,0.184868
10,199,9,No,-0.000128039,-8.58322,0.000187209
10,200,9,No,-0.883562,-0.533156,0.586716
10,201,9,No,-0.00600067,-5.10892,0.00604222
10,202,9,Yes,-4.96829,-0.00691973,0.993045
10,203,9,No,-0.000295206,-7.94603,0.000354046
10,204,9,Yes,-0.917355,-0.510019,0.600449
10,205,9,No,-6.49116e-05,-8.99484,0.00012404
10,206,9,Yes,-3.82064,-0.0220975,0.978087
10,207,9,Yes,-5.24274,-0.00524038,0.994715
10,208,9,Yes,-4.12614,-0.0162165,0.983856
10,209,9,Yes,-4.45752,-0.0115994,0.98841
10,210,9,Yes,-0.342084,-1.23867,0.289752
10,211,9,Yes,-2.84818,-0.0596348,0.942054
10,212,9,Yes,-0.22668,-1.59513,0.202871
10,213,9,No,1.66893e-06,-9.76119,5.76425e-05
10,214,9,No,-0.000889339,-6.96072,0.00094836
10,215,9,Yes,-4.20675,-0.0149463,0.985106
10,216,9,Yes,-5.10918,-0.00599929,0.993959
10,217,9,No,-0.00423385,-5.4528,0.00428405
10,218,9,Yes,-3.43788,-0.0325999,0.967869
10,219,9,Yes,-3.45385,-0.0320729,0.968378
10,220,9,Yes,-4.14778,-0.0158653,0.984201
10,221,9,Yes,-1.33852,-0.304048,0.737782
10,222,9,No,-1.31502,-0.312535,0.731547
10,223,9,Yes,-4.77164,-0.00844254,0.991534
10,224,9,Yes,-2.54815,-0.0813921,0.921778
10,225,9,Yes,-0.405914,-1.09754,0.333672
10,226,9,No,-0.0092064,-4.68601,0.00922282
10,227,9,No,-0.569398,-0.834266,0.434167
10,228,9,Yes,-2.57143,-0.079441,0.923578
10,229,9,Yes,-5.20158,-0.00546336,0.994492
10,230,9,No,-0.000149738,-8.47147,0.000209345
10,231,9,Yes,-2.45213,-0.0899811,0.913895
10,232,9,Yes,-2.4681,-0.0884889,0.915259
10,233,9,Yes,-4.15581,-0.0157372,0.984328
10,234,9,No,-0.212776,-1.65171,0.19171
10,235,9,Yes,-2.89175,-0.0570148,0.944524
10,236,9,No,-0.000127562,-8.58344,0.00018717
10,237,9,No,-9.7816e-05,-8.75833,0.000157138
10,238,9,No,-0.00670806,-4.99889,0.00674502
10,239,9,No,-0.0980226,-2.37054,0.0934249
10,240,9,Yes,-3.97628,-0.0188728,0.981246
10,241,9,No,-1.3113e-06,-9.70595,6.09161e-05
10,242,9,Yes,-0.275409,-1.4238,0.240783
10,243,9,Yes,-0.2933,-1.36939,0.254246
10,244,9,No,-0.000282804,-7.98072,0.000341974
10,245,9,No,-0.611881,-0.781478,0.457702
10,246,9,Yes,-3.5128,-0.0302063,0.970188
10,247,9,No,-0.482069,-0.960883,0.382532
10,248,9,Yes,-4.18768,-0.0152378,0.98482
10,249,9,No,-0.503876,-0.926658,0.395851
10,250,9,Yes,-2.92076,-0.0553375,0.94611
10,251,9,Yes,-1.27962,-0.325848,0.721872
10,252,9,Yes,-3.23468,-0.0401081,0.96063
10,253,9,No,-0.00157229,-6.41898,0.00163021
10,254,9,No,-0.025544,-3.67773,0.0252787
10,255,9,No,-0.000225629,-8.16448,0.000284567
10,256,9,Yes,-1.45781,-0.264859,0.767269
10,257,9,Yes,-4.95455,-0.00701624,0.992949
10,258,9,Yes,-3.69883,-0.0250028,0.975249
10,259,9,Yes,-3.69316,-0.0251472,0.975108
10,260,9,No,-0.0102983,-4.57514,0.0103042
10,261,9,Yes,-0.610727,-0.782847,0.457076
10,262,9,Yes,-2.77381,-0.0643941,0.93758
10,263,9,Yes,-1.88758,-0.164143,0.84857
10,264,9,No,-0.000235466,-8.12819,0.000295085
10,265,9,Yes,-4.39943,-0.0123005,0.987716
10,266,9,No,-0.000304984,-7.91757,0.000364264
10,267,9,Yes,-3.92991,-0.0197803,0.980356
10,268,9,No,-0.000192065,-8.28754,0.000251617
10,269,9,Yes,-3.44237,-0.0324502,0.968013
10,270,9,No,-0.0224189,-3.80639,0.022227
10,271,9,Yes,-2.54865,-0.0813491,0.921818
10,272,9,No,-0.879483,-0.536038,0.585027
10,273,9,No,-0.00429682,-5.43828,0.00434671
10,274,9,No,-0.00483542,-5.32196,0.00488289
10,275,9,No,-0.00284558,-5.84269,0.00290086
10,276,9,Yes,-1.46863,-0.261603,0.769772
10,277,9,No,-0.235488,-1.56125,0.209862
10,278,9,Yes,-4.5555,-0.0105046,0.989491
10,279,9,No,-0.00982813,-4.62136,0.00983884
10,280,9,No,-4.84001e-05,-9.13951,0.000107334
10,281,9,No,-0.0019978,-6.18761,0.0020546
10,282,9,No,-0.000357334,-7.78365,0.000416465
10,283,9,Yes,-4.1994,-0.0150582,0.984996
10,284,9,Yes,-3.73975,-0.0239862,0.976241
10,285,9,Yes,-3.37017,-0.0349271,0.965618
10,286,9,No,-0.00231659,-6.04339,0.00237335
10,287,9,Yes,-3.43989,-0.0325326,0.967934
10,288,9,No,-1.27555e-05,-9.53221,7.24752e-05
10,289,9,No,-1.57803,-0.231078,0.793631
10,290,9,Yes,-0.454767,-1.00659,0.365442
10,291,9,Yes,-5.24409,-0.00523373,0.994722
10,292,9,No,-0.000577497,-7.3589,0.000636863
10,293,9,Yes,-4.24432,-0.0143894,0.985655
10,294,9,Yes,-4.60158,-0.0100263,0.989965
10,295,9,Yes,-4.52758,-0.0108056,0.989194
10,296,9,No,-0.137573,-2.05114,0.128581
10,297,9,No,-0.00286596,-5.83573,0.00292112
10,298,9,No,-0.00368714,-5.58865,0.00373984
10,299,9,No,-0.127471,-2.12243,0.119733
10,300,9,Yes,-1.88793,-0.16408,0.848624
10,301,9,Yes,-2.33851,-0.101383,0.903534
10,302,9,Yes,-1.73363,-0.194292,0.823369
10,303,9,Yes,-0.681775,-0.704532,0.494311
10,304,9,Yes,-2.73056,-0.0673405,0.934821
10,305,9,Yes,-3.12898,-0.0446876,0.95624
10,306,9,Yes,-3.8966,-0.020459,0.97969
10,307,9,Yes,-0.984589,-0.467661,0.626429
10,308,9,Yes,-0.891447,-0.527638,0.589962
10,309,9,No,-3.11324,-0.0454133,0.955546
10,310,9,No,-0.025783,-3.66857,0.0255114
10,311,9,No,-0.00514637,-5.26055,0.00519215
10,312,9,Yes,-2.24384,-0.11204,0.893955
10,313,9,No,-0.00556656,-5.18323,0.00560951
10,314,9,Yes,-4.51655,-0.0109267,0.989074
10,315,9,No,-5.85335e-05,-9.04784,0.000117638
10,316,9,No,-0.000379277,-7.73207,0.000438507
10,317,9,Yes,-4.35883,-0.0128162,0.987207
10,318,9,Yes,-4.92559,-0.00722485,0.992742
10,319,9,No,-0.0458857,-3.10314,0.0449054
10,320,9,No,-0.00892894,-4.71625,0.00894817
10,321,9,No,-8.89937e-05,-8.81602,0.000148329
10,322,9,No,-7.87408e-05,-8.88967,0.000137797
10,323,9,No,-0.000297173,-7.93843,0.000356745
10,324,9,No,-4.53602e-05,-9.16591,0.000104537
10,325,9,No,-0.00413628,-5.47577,0.00418674
10,326,9,No,-0.0496756,-3.02576,0.0485181
10,327,9,Yes,-4.49693,-0.0111458,0.988857
10,328,9,Yes,-4.39621,-0.0123409,0.987677
10,329,9,Yes,-4.87525,-0.00760315,0.992367
10,330,9,No,-0.848462,-0.558641,0.571952
10,331,9,No,-0.148612,-1.97937,0.138148
10,332,9,No,-0.212815,-1.65154,0.191742
10,333,9,Yes,-1.2203,-0.349673,0.704877
10,334,9,Yes,-4.9406,-0.00711679,0.99285
10,335,9,Yes,-4.37451,-0.0126146,0.987406
10,336,9,Yes,-4.03443,-0.0177937,0.982305
10,337,9,Yes,-2.68171,-0.0708381,0.931558
10,338,9,Yes,-3.68891,-0.0252563,0.975002
10,339,9,No,-2.98624e-05,-9.32784,8.8909e-05
10,340,9,No,-6.47327e-05,-8.99744,0.000123719
10,341,9,No,-2.20428,-0.116838,0.889677
10,342,9,No,-0.816873,-0.582953,0.558215
10,343,9,No,-0.00232346,-6.04068,0.00237979
10,344,9,Yes,-3.65979,-0.0260145,0.974264
10,345,9,Yes,-0.348201,-1.22383,0.294084
10,346,9,Yes,-2.29811,-0.105794,0.899558
10,347,9,No,-0.105369,-2.30192,0.10006
10,348,9,No,-0.000207803,-8.23035,0.000266427
10,349,9,No,-0.154492,-1.94345,0.1432
10,350,9,Yes,-0.299841,-1.35045,0.259108
10,351,9,No,-0.939884,-0.495304,0.60935
10,352,9,No,-0.303507,-1.34005,0.261818
10,353,9,Yes,-1.1271,-0.391432,0.676048
10,354,9,No,-0.150413,-1.96821,0.139698
10,355,9,No,-0.16918,-1.85981,0.155693
10,356,9,Yes,-1.3732,-0.292007,0.746719
10,357,9,Yes,-0.795373,-0.600302,0.548614
10,358,9,No,-0.187703,-1.76493,0.171188
10,359,9,No,-0.380291,-1.15076,0.316378
10,360,9,Yes,-1.15376,-0.378904,0.684571
10,361,9,Yes,-3.20129,-0.0415004,0.959293
10,362,9,Yes,-2.4766,-0.0877056,0.915977
10,363,9,No,-6.46135e-05,-8.99559,0.000123948
10,364,9,No,-0.000123866,-8.60465,0.00018324
10,365,9,Yes,-3.47419,-0.0314164,0.969015
10,366,9,Yes,-3.44649,-0.032314,0.968145
10,367,9,No,-1.42371,-0.275439,0.759194
10,368,9,Yes,-3.90303,-0.0203264,0.979821
10,369,9,Yes,-2.41661,-0.0933941,0.910781
10,370,9,Yes,-2.99774,-0.051125,0.950103
10,371,9,No,-0.122597,-2.15901,0.115432
10,372,9,Yes,-3.38516,-0.0343987,0.96613
10,373,9,Yes,-4.22397,-0.0146884,0.98536
10,374,9,Yes,-3.51868,-0.0300258,0.970363
10,375,9,Yes,-4.05206,-0.0174788,0.982614
10,376,9,Yes,-2.04737,-0.138132,0.870933
10,377,9,Yes,-1.0679,-0.421093,0.656291
10,378,9,No,-0.0133417,-4.31908,0.0133113
10,379,9,Yes,-1.38901,-0.286698,0.750693
10,380,9,Yes,-3.71377,-0.024627,0.975616
10,381,9,Yes,-0.302035,-1.34421,0.260731
10,382,9,No,-1.90697,-0.160721,0.851478
10,383,9,Yes,-1.08727,-0.411095,0.662885
10,384,9,Yes,-3.72154,-0.0244332,0.975805
10,385,9,No,-0.00296495,-5.80242,0.00302004
10,386,9,Yes,-4.34596,-0.0129843,0.987042
10,387,9,No,-2.40806e-05,-9.38919,8.36181e-05
10,388,9,No,-0.000179426,-8.34058,0.000238619
10,389,9,No,-1.22786e-05,-9.54307,7.16921e-05
10,390,9,Yes,-4.40615,-0.0122168,0.987799
10,391,9,Yes,-4.05832,-0.0173689,0.982723
10,392,9,Yes,-4.39606,-0.0123424,0.987675
10,393,9,No,-0.00586258,-5.13192,0.00590488
10,394,9,Yes,-1.67005,-0.208475,0.811774
10,395,9,No,-0.105927,-2.29691,0.100563
10,396,9,No,-0.0395219,-3.24907,0.038808
10,397,9,No,-0.0235284,-3.75873,0.0233119
10,398,9,Yes,-3.38451,-0.0344213,0.966108
10,399,9,No,-0.000167384,-8.39285,0.000226467
10,400,9,No,-0.000495557,-7.49702,0.000554703
10,401,9,No,-0.142066,-2.02121,0.132488
10,402,9,Yes,-2.92575,-0.0550528,0.946379
10,403,9,Yes,-1.53971,-0.241289,0.785569
10,404,9,Yes,-2.85522,-0.0592025,0.94246
10,405,9,Yes,-3.88456,-0.0207112,0.979444
10,406,9,Yes,-4.86254,-0.00770081,0.99227
10,407,9,No,-1.36764,-0.293901,0.745307
10,408,9,Yes,-3.99918,-0.0184405,0.98167
10,409,9,Yes,-4.07399,-0.0170957,0.982992
10,410,9,Yes,-4.20909,-0.014911,0.985141
10,411,9,Yes,-1.66092,-0.210603,0.810048
10,412,9,Yes,-3.46879,-0.0315897,0.968847
10,413,9,Yes,-2.39034,-0.0960033,0.908407
10,414,9,Yes,-0.223686,-1.60698,0.20048
10,415,9,Yes,-1.28918,-0.322188,0.724519
10,416,9,Yes,-3.51205,-0.0302288,0.970166
10,417,9,Yes,-1.2135,-0.352536,0.702862
10,418,9,No,-0.00854797,-4.7594,0.00857021
10,419,9,No,-0.0519794,-2.98162,0.0507074
10,420,9,No,-0.19174,-1.74561,0.174527
10,421,9,Yes,-0.0688132,-2.70968,0.0665543
10,422,9,No,-0.00793305,-4.83316,0.00796089
10,423,9,No,-0.0133841,-4.31592,0.0133535
10,424,9,No,-0.108856,-2.27109,0.103194
10,425,9,No,-0.0351744,-3.36327,0.0346199
10,426,9,No,-0.00148794,-6.47224,0.00154567
10,427,9,No,-0.000618291,-7.29751,0.00067718
10,428,9,Yes,-4.23988,-0.0144544,0.985592
10,429,9,Yes,-2.376,-0.0974614,0.907084
10,430,9,No,-0.485358,-0.955598,0.384559
10,431,9,No,-1.15801,-0.376955,0.685907
10,432,9,Yes,-0.46477,-0.989455,0.371757
10,433,9,No,-0.00568651,-5.16219,0.00572882
10,434,9,No,-0.116295,-2.20867,0.10984
10,435,9,Yes,-1.98713,-0.147376,0.862919
10,436,9,No,-0.315158,-1.30791,0.270369
10,437,9,No,-0.00852729,-4.76175,0.00855015
10,438,9,No,-0.000145565,-8.49135,0.000205225
10,439,9,Yes,-3.58681,-0.0280159,0.972315
10,440,9,No,-9.71603e-05,-8.76278,0.000156439
10,441,9,No,-0.00010491,-8.71413,0.000164238
10,442,9,No,-0.463023,-0.992415,0.370659
10,443,9,Yes,-3.35377,-0.0355161,0.96505
10,444,9,Yes,-3.7251,-0.0243457,0.975891
10,445,9,Yes,-3.69245,-0.0251656,0.975091
10,446,9,No,-4.77267,-0.00843358,0.991543
10,447,9,Yes,-1.2182,-0.350558,0.704254
10,448,9,No,-0.0886763,-2.46607,0.0849128
10,449,9,No,-0.105262,-2.30288,0.0999643
10,450,9,No,-0.0341492,-3.39226,0.0336305
10,451,9,Yes,-2.3321,-0.10207,0.902914
10,452,9,No,-2.45688,-0.0895345,0.914303
10,453,9,Yes,-3.79635,-0.0226474,0.977549
10,454,9,No,-0.0157375,-4.1558,0.0156724
10,455,9,No,-0.000134775,-8.54682,0.00019415
10,456,9,Yes,-4.81975,-0.00804264,0.991932
10,457,9,No,-0.00262181,-5.92277,0.00267761
10,458,9,No,-2.77762e-05,-9.34791,8.71419e-05
10,459,9,Yes,-3.301,-0.0374811,0.963156
10,460,9,No,-0.975443,-0.473155,0.622997
10,461,9,Yes,-2.66083,-0.0723892,0.930114
10,462,9,No,-0.0999147,-2.35236,0.0951386
10,463,9,No,-0.00252601,-5.95922,0.00258177
10,464,9,No,-0.000647814,-7.25486,0.000706686
10,465,9,No,-0.000646204,-7.2565,0.000705532
10,466,9,No,-5.0546e-05,-9.11909,0.000109548
10,467,9,No,-0.0220919,-3.82084,0.021908
10,468,9,Yes,-3.04455,-0.048727,0.952385
10,469,9,No,-0.00408463,-5.48802,0.00413577
10,470,9,No,-0.513229,-0.91255,0.401476
10,471,9,No,-0.0750418,-2.62618,0.0723499
10,472,9,No,-4.17837e-05,-9.20661,0.000100368
10,473,9,No,-0.000656701,-7.2422,0.000715695
10,474,9,No,-0.00536376,-5.21971,0.00540859
10,475,9,Yes,-3.17952,-0.0424347,0.958397
10,476,9,No,-0.998649,-0.459369,0.631645
10,477,9,Yes,-2.4609,-0.0891579,0.914647
10,478,9,Yes,-4.24547,-0.0143727,0.985672
10,479,9,No,-0.000873232,-6.97828,0.000931847
10,480,9,No,-0.00104661,-6.80764,0.00110524
10,481,9,No,-0.00169576,-6.34598,0.00175367
10,482,9,No,-0.0042038,-5.4598,0.00425417
10,483,9,No,-0.000385597,-7.71827,0.000444601
10,484,9,Yes,-3.36881,-0.0349765,0.965571
10,485,9,Yes,-3.81393,-0.0222482,0.97794
10,486,9,Yes,-2.94185,-0.0541499,0.947235
10,487,9,Yes,-3.80218,-0.0225144,0.977679
10,488,9,No,-1.32659,-0.308321,0.734636
10,489,9,No,-0.0893539,-2.45881,0.0855317
10,490,9,No,-0.00956187,-4.64851,0.00957532
10,491,9,Yes,-3.11243,-0.0454509,0.95551
10,492,9,No,-0.00568291,-5.16267,0.00572606
10,493,9,Yes,-3.70886,-0.0247499,0.975496
10,494,9,Yes,-3.97638,-0.0188712,0.981248
10,495,9,Yes,-2.3824,-0.096809,0.907677
10,496,9,Yes,-1.49384,-0.254182,0.775505
10,497,9,Yes,-0.431923,-1.04754,0.350779
10,498,9,Yes,-4.81416,-0.00808783,0.991886
10,499,9,Yes,-3.42283,-0.0331018,0.967382
10,500,9,Yes,-3.40809,-0.0336031,0.966898
10,501,9,Yes,-0.121619,-2.16653,0.114567
10,502,9,Yes,-0.299718,-1.3508,0.259017
10,503,9,No,-0.899999,-0.521738,0.593454
10,504,9,Yes,-3.4035,-0.0337616,0.966745
10,505,9,Yes,-2.72918,-0.0674373,0.934731
10,506,9,Yes,-1.7873,-0.183144,0.832599
10,507,9,No,-1.23152,-0.345014,0.708168
10,508,9,Yes,-3.73579,-0.0240828,0.976147
10,509,9,Yes,-4.0163,-0.0181236,0.981982
10,510,9,No,-0.158396,-1.92041,0.146539
10,511,9,No,-2.15047,-0.123717,0.883577
10,512,9,Yes,-4.15959,-0.0156769,0.984387
10,513,9,No,-0.00789725,-4.83768,0.00792498
10,514,9,Yes,-2.21854,-0.115085,0.891238
10,515,9,No,-0.804902,-0.592529,0.552895
10,516,9,Yes,-2.5252,-0.0833636,0.919962
10,517,9,No,-0.963589,-0.480398,0.618501
10,518,9,No,-1.54909,-0.238741,0.787572
10,519,9,Yes,-3.9084,-0.0202166,0.979929
10,520,9,Yes,-4.35904,-0.0128135,0.98721
10,521,9,No,-0.400262,-1.10892,0.329895
10,522,9,Yes,-1.19872,-0.358851,0.698437
10,523,9,No,-0.700306,-0.685923,0.503596
10,524,9,No,-2.72394,-0.0678043,0.934388
10,525,9,No,-0.000721476,-7.1555,0.000780516
10,526,9,Yes,-4.23655,-0.0145031,0.985543
10,527,9,Yes,-2.38538,-0.0965058,0.907951
10,528,9,No,-0.421138,-1.06781,0.343739
10,529,9,No,-0.000554358,-7.39653,0.000613343
10,530,9,Yes,-3.73791,-0.0240312,0.976198
10,531,9,No,-0.410206,-1.08902,0.336525
10,532,9,No,-1.70036,-0.201577,0.817393
10,533,9,No,-7.68333e-05,-8.89955,0.000136442
10,534,9,No,2.38419e-07,-9.74153,5.87869e-05
10,535,9,No,-2.05638e-05,-9.43363,7.99834e-05
10,536,9,No,-1.45436e-05,-9.51631,7.36363e-05
10,537,9,No,-0.004822,-5.32473,0.00486938
10,538,9,No,-0.0220024,-3.82489,0.0218196
10,539,9,Yes,-3.3929,-0.0341272,0.966391
10,540,9,Yes,-0.100463,-2.34716,0.0956352
10,541,9,No,-0.138393,-2.0456,0.129295
10,542,9,No,-0.00010646,-8.70734,0.000165358
10,543,9,No,-0.0414806,-3.20174,0.0406889
10,544,9,Yes,-2.62594,-0.0750608,0.927633
10,545,9,No,-1.26959e-05,-9.54682,7.14241e-05
10,546,9,No,-0.00013406,-8.55021,0.000193492
10,547,9,Yes,-3.23946,-0.0399117,0.960817
10,548,9,Yes,-2.20808,-0.116368,0.890095
10,549,9,Yes,-3.50336,-0.0304966,0.969906
10,550,9,No,-2.39614e-05,-9.39101,8.34665e-05
10,551,9,No,-0.00171887,-6.33291,0.00177675
10,552,9,No,-1.09531,-0.407035,0.665582
10,553,9,No,-8.29731e-05,-8.85784,0.000142254
10,554,9,No,-1.52955,-0.244079,0.78338
10,555,9,Yes,-0.365859,-1.18267,0.30644
10,556,9,Yes,-1.82008,-0.176682,0.837997
10,557,9,No,-0.0115419,-4.46234,0.0115346
10,558,9,No,-0.00990301,-4.61384,0.00991309
10,559,9,Yes,-3.0713,-0.0474074,0.953642
10,560,9,No,-0.00203817,-6.16787,0.00209557
10,561,9,Yes,-2.19315,-0.118227,0.888442
10,562,9,Yes,-3.02316,-0.0498082,0.951356
10,563,9,Yes,-4.59757,-0.0100677,0.989924
10,564,9,Yes,-5.29959,-0.00494748,0.995007
10,565,9,Yes,-3.57924,-0.0282328,0.972105
10,566,9,No,-1.65198,-0.212713,0.808341
10,567,9,Yes,-2.63637,-0.074252,0.928383
10,568,9,Yes,-0.337906,-1.24898,0.28678
10,569,9,Yes,-0.874185,-0.539815,0.582822
10,570,9,Yes,-2.3236,-0.102988,0.902085
10,571,9,Yes,-2.2169,-0.115284,0.89106
10,572,9,Yes,-3.43133,-0.0328168,0.967658
10,573,9,No,-0.360372,-1.19521,0.302624
10,574,9,No,-2.12791e-05,-9.43189,8.01226e-05
10,575,9,Yes,-4.86135,-0.00771078,0.99226
10,576,9,Yes,-0.85525,-0.553591,0.574848
10,577,9,No,-0.042118,-3.18682,0.0413004
10,578,9,Yes,-2.68683,-0.0704623,0.931907
10,579,9,No,-0.310842,-1.31965,0.267213
10,580,9,No,-0.00726261,-4.9205,0.00729508
10,581,9,No,-0.00145619,-6.49257,0.00151456
10,582,9,No,-0.00716961,-4.93311,0.00720363
10,583,9,Yes,-2.91577,-0.0556217,0.945841
10,584,9,Yes,-4.03558,-0.0177733,0.982325
10,585,9,Yes,-1.32938,-0.307317,0.735374
10,586,9,No,-0.0201894,-3.9097,0.0200453
10,587,9,No,-0.0809132,-2.55379,0.0777814
10,588,9,No,-0.0150596,-4.19929,0.0150054
10,589,9,No,-0.00669936,-5.00013,0.00673665
10,590,9,Yes,-4.08054,-0.0169822,0.983103
10,591,9,No,-0.0197927,-3.92931,0.0196561
10,592,9,No,-0.0500463,-3.01851,0.0488711
10,593,9,Yes,-0.0315732,-3.46927,0.0311378
10,594,9,No,-2.67814,-0.0711002,0.931314
10,595,9,No,-0.405712,-1.09794,0.333537
10,596,9,Yes,-0.948253,-0.489975,0.612606
10,597,9,Yes,-4.59771,-0.0100666,0.989926
10,598,9,Yes,-0.336283,-1.25303,0.285621
10,599,9,Yes,-1.72719,-0.195679,0.822228
10,600,9,Yes,-0.477694,-0.967987,0.379824
10,601,9,Yes,-0.3795,-1.15247,0.315838
10,602,9,No,-0.267304,-1.44979,0.234606
10,603,9,Yes,-4.11795,-0.0163514,0.983723
10,604,9,No,-0.7717,-0.62021,0.5378
10,605,9,No,-0.000477965,-7.5291,0.000537188
10,606,9,No,-0.00043503,-7.61333,0.000493795
10,607,9,No,-0.0163865,-4.11581,0.0163118
10,608,9,Yes,-0.662723,-0.724404,0.484585
10,609,9,No,-0.000217819,-8.18981,0.000277451
10,610,9,No,-0.0986669,-2.36431,0.0940089
10,611,9,Yes,-1.9523,-0.15302,0.858061
10,612,9,Yes,-0.982455,-0.468935,0.625631
10,613,9,Yes,-1.91549,-0.159243,0.852739
10,614,9,Yes,-4.5897,-0.0101474,0.989845
10,615,9,No,-1.92463,-0.157674,0.854078
10,616,9,Yes,-1.88126,-0.165276,0.84761
10,617,9,Yes,-5.07002,-0.00624277,0.993718
10,618,9,Yes,-1.73111,-0.194835,0.822922
10,619,9,Yes,-3.27716,-0.0384044,0.962267
10,620,9,Yes,-4.12095,-0.0163025,0.983772
10,621,9,No,-0.0912068,-2.4392,0.087225
10,622,9,Yes,-3.70258,-0.0249079,0.975342
10,623,9,Yes,-0.49505,-0.940282,0.390495
10,624,9,Yes,-3.09753,-0.0461504,0.954842
10,625,9,Yes,-1.8801,-0.165483,0.847434
10,626,9,Yes,-5.29707,-0.00496006,0.994994
10,627,9,No,-2.5988e-05,-9.37424,8.48781e-05
10,628,9,Yes,-3.03101,-0.0494078,0.951736
10,629,9,Yes,-1.55987,-0.235856,0.789849
10,630,9,Yes,-0.730463,-0.657061,0.518342
10,631,9,Yes,-2.62624,-0.0750369,0.927654
10,632,9,Yes,-1.34434,-0.301989,0.739303
10,633,9,Yes,-0.80936,-0.588939,0.554883
10,634,9,Yes,-1.9343,-0.156029,0.855484
10,635,9,No,-0.00574471,-5.15199,0.00578755
10,636,9,No,-0.501543,-0.93023,0.39444
10,637,9,Yes,-2.59363,-0.0776258,0.925256
10,638,9,Yes,-2.66789,-0.0718606,0.930606
10,639,9,Yes,-0.387412,-1.13554,0.321229
10,640,9,No,-0.000740087,-7.13205,0.000799036
10,641,9,No,-0.185711,-1.77463,0.169536
10,642,9,No,-0.275116,-1.42472,0.240561
10,643,9,Yes,-3.79101,-0.0227703,0.977429
10,644,9,Yes,-3.94927,-0.019396,0.980732
10,645,9,Yes,-2.44266,-0.0908774,0.913076
10,646,9,Yes,-1.79447,-0.181709,0.833795
10,647,9,Yes,-0.787943,-0.606458,0.545247
10,648,9,No,-0.000911234,-6.93787,0.000970274
10,649,9,No,-1.97591,-0.149168,0.861373
10,650,9,No,-0.244465,-1.52816,0.216922
10,651,9,Yes,-3.52501,-0.0298329,0.97055
10,652,9,No,-1.02483,-0.444412,0.641163
10,653,9,No,-2.43786e-05,-9.39233,8.33564e-05
10,654,9,Yes,-0.795737,-0.600003,0.548778
10,655,9,Yes,-3.59058,-0.0279091,0.972419
10,656,9,No,-2.37242,-0.0978293,0.90675
10,657,9,Yes,-0.90806,-0.516252,0.596718
10,658,9,Yes,-4.78934,-0.00829317,0.991683
10,659,9,Yes,-0.806463,-0.591269,0.553592
10,660,9,Yes,-3.9943,-0.0185316,0.981581
10,661,9,No,-1.1506,-0.380363,0.683573
10,662,9,Yes,-2.63477,-0.0743751,0.928269
10,663,9,No,-0.0979588,-2.37115,0.093368
10,664,9,No,-0.000769733,-7.09613,0.000828257
10,665,9,No,-1.00732e-05,-9.57376,6.95254e-05
10,666,9,Yes,-3.94414,-0.0194978,0.980633
10,667,9,Yes,-2.72288,-0.067879,0.934318
10,668,9,Yes,-3.8845,-0.020712,0.979443
10,669,9,Yes,-2.89228,-0.056984,0.944553
10,670,9,Yes,-1.27462,-0.32778,0.720479
10,671,9,No,-0.00083201,-7.02345,0.000890696
10,672,9,No,-0.00526596,-5.23785,0.00531134
10,673,9,No,-0.000344336,-7.81548,0.000403419
10,674,9,No,-9.23319e-05,-8.79088,0.000152105
10,675,9,No,-1.03713e-05,-9.56751,6.99609e-05
10,676,9,No,-9.11955e-06,-9.58697,6.86127e-05
10,677,9,Yes,-3.11964,-0.0451165,0.95583
10,678,9,No,-0.00641234,-5.04354,0.00645047
10,679,9,No,-2.40501,-0.0945365,0.909741
10,680,9,No,-0.0026533,-5.91111,0.002709
10,681,9,No,-0.000333842,-7.84095,0.000393274
10,682,9,No,-0.0691087,-2.70555,0.0668299
10,683,9,Yes,-1.29321,-0.320661,0.725626
10,684,9,No,-0.865293,-0.546228,0.579096
10,685,9,No,-0.262307,-1.46627,0.230771
10,686,9,No,-0.00688588,-4.97313,0.00692105
10,687,9,No,-0.000198265,-8.26377,0.000257669
10,688,9,No,-2.74185e-05,-9.35535,8.64962e-05
10,689,9,Yes,-5.13084,-0.00586929,0.994089
10,690,9,No,-0.144086,-2.00808,0.134238
10,691,9,Yes,-2.14753,-0.124105,0.883235
10,692,9,No,-1.99081e-05,-9.44109,7.93893e-05
10,693,9,No,-0.00212424,-6.12774,0.00218137
10,694,9,No,-0.00388805,-5.5365,0.00394008
10,695,9,No,-0.00074468,-7.12598,0.000803894
10,696,9,Yes,-1.31445,-0.312745,0.731394
10,697,9,No,-0.000490607,-7.50675,0.00054933
10,698,9,No,-5.37648e-05,-9.08982,0.000112802
10,699,9,No,-0.00112006,-6.74361,0.00117831
10,700,9,No,-0.00230966,-6.04661,0.00236573
10,701,9,Yes,-2.30484,-0.105045,0.900231
10,702,9,Yes,-1.74792,-0.191253,0.825875
10,703,9,No,-0.134024,-2.07553,0.125482
10,704,9,No,-0.0159459,-4.14275,0.0158782
10,705,9,No,-0.0195294,-3.94249,0.0193986
10,706,9,No,-0.628982,-0.761588,0.466897
10,707,9,No,-0.000540402,-7.41888,0.000599783
10,708,9,No,-4.94135e-05,-9.12698,0.000108687
10,709,9,Yes,-5.11168,-0.00598466,0.993974
10,710,9,Yes,-1.13149,-0.389336,0.677467
10,711,9,No,-0.00118236,-6.69206,0.00124065
10,712,9,No,-0.00134588,-6.56834,0.00140405
10,713,9,No,-0.254352,-1.49326,0.224627
10,714,9,Yes,-2.7281,-0.0675131,0.93466
10,715,9,Yes,-2.21076,-0.116038,0.890389
10,716,9,Yes,-2.62732,-0.0749529,0.927732
10,717,9,No,-3.57634e-05,-9.26299,9.4866e-05
10,718,9,No,-0.000131139,-8.56673,0.000190323
10,719,9,No,-0.000359421,-7.77826,0.000418714
10,720,9,No,-0.000825388,-7.03058,0.000884363
10,721,9,No,-0.000465024,-7.55308,0.000524463
10,722,9,No,-0.000290317,-7.95907,0.000349456
10,723,9,No,-0.636865,-0.752663,0.471083
10,724,9,No,-0.000331039,-7.84877,0.000390208
10,725,9,No,-0.264152,-1.46015,0.232189
10,726,9,No,-0.942786,-0.493448,0.610482
10,727,9,Yes,-4.49061,-0.0112167,0.988787
10,728,9,Yes,-4.19955,-0.015056,0.984999
10,729,9,No,-0.00342532,-5.66101,0.00347881
10,730,9,Yes,-4.73644,-0.0087486,0.991231
10,731,9,Yes,-2.05123,-0.137559,0.871431
10,732,9,Yes,-4.04396,-0.0176234,0.982473
10,733,9,Yes,-4.27763,-0.0139127,0.986125
10,734,9,Yes,-0.511349,-0.915359,0.400349
10,735,9,No,-0.00330355,-5.6966,0.00335718
10,736,9,Yes,-0.862921,-0.547955,0.578097
10,737,9,No,-0.220205,-1.62099,0.197692
10,738,9,Yes,-0.496607,-0.937856,0.391443
10,739,9,No,-0.000285428,-7.973,0.000344623
10,740,9,No,-0.765727,-0.625372,0.535031
10,741,9,Yes,-1.64827,-0.213594,0.807628
10,742,9,Yes,-3.58521,-0.0280619,0.972271
10,743,9,Yes,-2.61503,-0.0759174,0.926838
10,744,9,No,-0.420914,-1.06824,0.343592
10,745,9,Yes,-2.17086,-0.12106,0.885927
10,746,9,Yes,-1.03831,-0.436946,0.645969
10,747,9,Yes,-2.20022,-0.117342,0.889228
10,748,9,Yes,-0.188884,-1.75924,0.172166
10,749,9,No,-0.00058698,-7.34407,0.000646378
10,750,9,Yes,-3.91651,-0.0200516,0.980091
10,751,9,Yes,-4.04013,-0.0176918,0.982406
10,752,9,No,-0.174124,-1.83341,0.159857
10,753,9,No,-0.544339,-0.867896,0.419809
10,754,9,Yes,-3.23932,-0.0399174,0.960812
10,755,9,Yes,-4.34273,-0.0130262,0.987
10,756,9,Yes,-4.32948,-0.013202,0.986826
10,757,9,Yes,-4.00692,-0.0182968,0.981812
10,758,9,Yes,-2.8141,-0.0617682,0.940045
10,759,9,No,-6.07986e-05,-9.02879,0.000119901
10,760,9,No,-2.22504,-0.114294,0.891943
10,761,9,No,-0.00641858,-5.04255,0.00645687
10,762,9,No,-0.324751,-1.28247,0.277336
10,763,9,Yes,-4.10064,-0.0166411,0.983439
10,764,9,Yes,-4.88861,-0.00750063,0.992469
10,765,9,No,-0.0010441,-6.80931,0.00110339
10,766,9,Yes,-4.82706,-0.00798292,0.991991
10,767,9,Yes,-2.29306,-0.106359,0.899049
10,768,9,Yes,-3.84314,-0.0215987,0.978575
10,769,9,Yes,-2.70618,-0.0690629,0.933212
10,770,9,Yes,-0.385883,-1.13878,0.32019
10,771,9,No,-0.866123,-0.545625,0.579446
10,772,9,Yes,-3.982,-0.0187637,0.981353
10,773,9,No,-0.00543112,-5.20739,0.0054756
10,774,9,Yes,-3.89859,-0.0204186,0.979731
10,775,9,No,-0.0104059,-4.5649,0.0104103
10,776,9,Yes,-1.59815,-0.225913,0.797741
10,777,9,No,-0.195908,-1.72614,0.17796
10,778,9,No,-1.59771,-0.226025,0.797652
10,779,9,Yes,-3.68812,-0.0252767,0.974983
10,780,9,Yes,-2.76752,-0.064814,0.937186
10,781,9,Yes,-4.40085,-0.0122824,0.987734
10,782,9,No,-1.53656,-0.24215,0.784892
10,783,9,No,-0.0144827,-4.23788,0.0144373
10,784,9,No,-2.48554e-05,-9.38343,8.41009e-05
10,785,9,No,-1.00949,-0.453101,0.635617
10,786,9,No,-0.00102024,-6.83193,0.00107871
10,787,9,No,-0.00326761,-5.7072,0.00332177
10,788,9,No,-0.0108139,-4.52685,0.0108141
10,789,9,No,-0.00626076,-5.06711,0.00630023
10,790,9,Yes,-3.25698,-0.0392043,0.961498
10,791,9,No,-0.0571009,-2.89029,0.0555568
10,792,9,No,-0.155297,-1.93865,0.14389
10,793,9,No,-0.0326145,-3.43742,0.0321455
10,794,9,No,-0.00862805,-4.75016,0.00864978
10,795,9,No,-0.192573,-1.74168,0.175215
10,796,9,Yes,-1.14054,-0.385059,0.680371
10,797,9,Yes,-0.993053,-0.462648,0.629578
10,798,9,No,-1.70346,-0.200885,0.817958
10,799,9,No,-3.09608,-0.0462178,0.954777
10,800,9,Yes,-2.16335,-0.122033,0.885067
10,801,9,No,-6.69979e-05,-8.97478,0.000126555
10,802,9,Yes,-4.56679,-0.0103854,0.989609
10,803,9,No,-0.79861,-0.597646,0.550073
10,804,9,No,-0.0901506,-2.45033,0.0862598
10,805,9,Yes,-0.356786,-1.20352,0.300119
10,806,9,No,-0.00267296,-5.90387,0.00272871
10,807,9,Yes,-3.26852,-0.0387447,0.96194
10,808,9,No,-0.000298366,-7.93503,0.00035796
10,809,9,Yes,-3.78461,-0.02292,0.977284
10,810,9,Yes,-0.117423,-2.19957,0.110844
10,811,9,No,-0.721531,-0.665432,0.514021
10,812,9,No,-0.00102388,-6.82807,0.00108289
10,813,9,No,-0.585769,-0.813326,0.443355
10,814,9,No,-0.0169708,-4.08123,0.0168857
10,815,9,No,-0.0659834,-2.75023,0.0639096
10,816,9,Yes,-3.24607,-0.0396432,0.961076
10,817,9,Yes,-3.2461,-0.0396427,0.961077
10,818,9,Yes,-1.0822,-0.413687,0.661169
10,819,9,No,-0.0439728,-3.14471,0.0430768
10,820,9,Yes,-1.9658,-0.150803,0.859965
10,821,9,Yes,-2.96783,-0.0527208,0.948588
10,822,9,Yes,-4.07452,-0.017086,0.983001
10,823,9,Yes,-3.14388,-0.044011,0.956887
10,824,9,Yes,-4.92426,-0.00723469,0.992732
10,825,9,Yes,-0.870598,-0.542389,0.581324
10,826,9,Yes,-0.00547822,-5.19891,0.00552226
10,827,9,No,-0.00228236,-6.05804,0.00233885
10,828,9,Yes,-3.45638,-0.0319907,0.968458
10,829,9,Yes,-4.26006,-0.0141621,0.985879
10,830,9,No,-1.15038e-05,-9.55973,7.05075e-05
10,831,9,No,-1.40847,-0.28032,0.755498
10,832,9,Yes,-3.61558,-0.0272086,0.9731
10,833,9,Yes,-4.48648,-0.0112647,0.988741
10,834,9,Yes,-1.99301,-0.146444,0.863723
10,835,9,Yes,-3.2293,-0.0403277,0.960417
10,836,9,Yes,-2.25376,-0.110869,0.895003
10,837,9,Yes,-3.07595,-0.0471828,0.953857
10,838,9,Yes,-3.06072,-0.0479253,0.953149
10,839,9,No,-5.36456e-05,-9.09079,0.000112692
10,840,9,Yes,-0.807816,-0.590179,0.554196
10,841,9,No,-1.0946,-0.407389,0.665346
10,842,9,No,-1.77027e-05,-9.47243,7.69396e-05
10,843,9,Yes,-4.05961,-0.0173453,0.982745
10,844,9,Yes,-1.5563,-0.236807,0.789097
10,845,9,No,-0.0022685,-6.06396,0.00232503
10,846,9,Yes,-0.241859,-1.53762,0.214879
10,847,9,No,-0.000550481,-7.40206,0.000609958
10,848,9,No,-0.000638271,-7.26819,0.000697329
10,849,9,Yes,-2.41149,-0.0938973,0.910323
10,850,9,No,-3.86246e-05,-9.23448,9.76097e-05
10,851,9,Yes,-3.51074,-0.0302686,0.970127
10,852,9,No,-0.121373,-2.16844,0.114349
10,853,9,Yes,-0.54424,-0.868034,0.419751
10,854,9,Yes,-4.58208,-0.0102269,0.989767
10,855,9,No,-0.563033,-0.842624,0.430554
10,856,9,No,-0.0209328,-3.87401,0.0207737
10,857,9,No,-0.114069,-2.22689,0.107857
10,858,9,No,-0.141886,-2.02239,0.132332
10,859,9,Yes,-0.767428,-0.623895,0.535822
10,860,9,No,-0.403575,-1.10223,0.332111
10,861,9,Yes,-3.54558,-0.0292146,0.97115
10,862,9,No,-0.0119579,-4.42742,0.0119446
10,863,9,No,-0.00403382,-5.50042,0.00408482
10,864,9,Yes,-3.96616,-0.0190677,0.981055
10,865,9,No,-0.000229623,-8.14989,0.000288749
10,866,9,No,-0.000288767,-7.96259,0.000348228
10,867,9,No,-7.31972e-05,-8.92488,0.000133029
10,868,9,Yes,-0.731954,-0.655676,0.51906
10,869,9,Yes,-0.534357,-0.881858,0.413989
10,870,9,No,-0.000475997,-7.53292,0.000535143
10,871,9,No,-0.00312626,-5.75052,0.00318092
10,872,9,Yes,-3.04888,-0.0485109,0.952591
10,873,9,Yes,-2.80087,-0.062619,0.939246
10,874,9,Yes,-2.67281,-0.0714941,0.930946
10,875,9,No,-0.143827,-2.00975,0.134014
10,876,9,Yes,-1.69334,-0.203151,0.816107
10,877,9,No,-0.00976794,-4.62747,0.00977887
10,878,9,Yes,-4.74946,-0.00863394,0.991344
10,879,9,Yes,-2.01574,-0.142904,0.866786
10,880,9,Yes,-4.50722,-0.01103,0.988972
10,881,9,No,-0.00630239,-5.0605,0.00634198
10,882,9,Yes,-4.14489,-0.0159119,0.984156
10,883,9,Yes,-4.64529,-0.0095934,0.990394
10,884,9,Yes,-1.10755,-0.400939,0.669652
10,885,9,Yes,-2.29132,-0.106555,0.898873
10,886,9,Yes,-4.49977,-0.011114,0.988889
10,887,9,No,-0.969528,-0.476752,0.62076
10,888,9,Yes,-0.591832,-0.805766,0.44672
10,889,9,Yes,-0.303786,-1.33926,0.262024
10,890,9,Yes,-1.43514,-0.271839,0.761932
10,891,9,Yes,-4.06028,-0.0173348,0.982757
10,892,9,Yes,-4.87628,-0.00759456,0.992375
10,893,9,Yes,-4.0959,-0.0167204,0.98336
10,894,9,Yes,-4.12848,-0.0161785,0.983894
10,895,9,Yes,-3.84472,-0.0215646,0.978609
10,896,9,No,-4.05916e-05,-9.21184,9.98447e-05
10,897,9,No,-0.000103777,-8.72459,0.000162529
10,898,9,Yes,-2.40659,-0.0943801,0.909883
10,899,9,No,-0.000100498,-8.7432,0.000159533
10,900,9,No,-8.70862e-05,-8.83156,0.000146042
10,901,9,Yes,-4.58189,-0.0102286,0.989765
10,902,9,Yes,-1.03745,-0.437419,0.645663
10,903,9,No,-0.0243626,-3.72441,0.0241259
10,904,9,Yes,-4.18754,-0.0152397,0.984817
10,905,9,Yes,-4.06336,-0.0172805,0.98281
10,906,9,Yes,-4.20292,-0.0150051,0.985049
10,907,9,No,-0.0605854,-2.83283,0.0588428
10,908,9,No,-0.380521,-1.15026,0.316535
10,909,9,No,-0.208997,-1.6678,0.18865
10,910,9,Yes,-1.39344,-0.285234,0.751794
10,911,9,No,-5.50762e-05,-9.0739,0.000114612
10,912,9,Yes,-0.622629,-0.768891,0.4635
10,913,9,No,-0.252983,-1.49799,0.223565
10,914,9,No,-0.000586026,-7.34587,0.000645215
10,915,9,Yes,-4.00038,-0.0184179,0.981692
10,916,9,No,-0.00401336,-5.50538,0.0040646
10,917,9,Yes,-1.71031,-0.199369,0.8192
10,918,9,Yes,-3.48602,-0.0310402,0.969379
10,919,9,Yes,-4.30657,-0.0135115,0.986521
10,920,9,Yes,-2.4786,-0.0875226,0.916144
10,921,9,No,-0.00509323,-5.27081,0.00513912
10,922,9,No,-0.129732,-2.10596,0.121722
10,923,9,Yes,-3.95015,-0.0193798,0.980749
10,924,9,Yes,-4.46529,-0.0115083,0.988499
10,925,9,Yes,-0.398464,-1.11258,0.328689
10,926,9,Yes,-4.72011,-0.0088946,0.991086
10,927,9,Yes,-2.34143,-0.10107,0.903816
10,928,9,No,-0.000183897,-8.32168,0.000243173
10,929,9,No,-9.11993e-05,-8.80004,0.000150718
10,930,9,Yes,-2.11961,-0.127856,0.879929
10,931,9,No,-0.0267557,-3.63211,0.0264588
10,932,9,No,-0.00616426,-5.08248,0.00620411
10,933,9,Yes,-2.5038,-0.0852464,0.918231
10,934,9,No,-0.000332291,-7.84497,0.000391694
10,935,9,No,-0.00260418,-5.92932,0.00266012
10,936,9,Yes,-2.82453,-0.0611062,0.940667
10,937,9,No,-0.000879734,-6.97115,0.000938513
10,938,9,No,-0.00209897,-6.13935,0.0021562
10,939,9,No,-0.000353876,-7.79074,0.00041352
10,940,9,Yes,-2.95456,-0.053446,0.947901
10,941,9,No,-0.0100518,-4.59913,0.01006
10,942,9,No,-0.0214937,-3.84791,0.0213229
10,943,9,Yes,-5.21811,-0.00537275,0.994583
10,944,9,Yes,-0.1646,-1.88502,0.151817
10,945,9,No,-0.0142677,-4.25266,0.0142254
10,946,9,Yes,-1.94162,-0.154799,0.856537
10,947,9,Yes,-0.4379,-1.03657,0.354648
10,948,9,Yes,-3.85287,-0.0213866,0.978782
10,949,9,Yes,-4.63025,-0.00974091,0.990248
10,950,9,No,-0.00193688,-6.2174,0.0019943
10,951,9,Yes,-3.58487,-0.0280707,0.972261
10,952,9,Yes,-0.940476,-0.494925,0.609581
10,953,9,Yes,-1.18056,-0.366793,0.692913
10,954,9,Yes,-3.73279,-0.0241564,0.976075
10,955,9,Yes,-0.86919,-0.543404,0.580734
10,956,9,Yes,-4.08299,-0.0169411,0.983144
10,957,9,Yes,-3.49183,-0.0308566,0.969557
10,958,9,Yes,-4.20512,-0.0149716,0.985082
10,959,9,No,-0.00314073,-5.74608,0.00319508
10,960,9,No,-0.00162507,-6.38703,0.00168314
10,961,9,Yes,-3.26305,-0.0389615,0.961731
10,962,9,No,-0.00108975,-6.76927,0.00114846
10,963,9,No,-0.0540421,-2.94376,0.0526641
10,964,9,No,-0.502147,-0.929302,0.394806
10,965,9,No,-0.00222579,-6.08265,0.00228199
10,966,9,No,-0.0104261,-4.56297,0.0104305
10,967,9,No,-0.0133549,-4.3181,0.0133244
10,968,9,No,-1.31785,-0.311501,0.732304
10,969,9,Yes,-1.0364,-0.437993,0.645293
10,970,9,Yes,-3.96425,-0.0191046,0.981019
10,971,9,Yes,-2.99409,-0.0513177,0.949921
10,972,9,No,-0.0325746,-3.4386,0.0321078
10,973,9,No,-0.0351738,-3.36328,0.0346195
10,974,9,Yes,-1.60893,-0.223198,0.79991
10,975,9,No,-0.432628,-1.04624,0.351236
10,976,9,No,-0.448725,-1.01717,0.361596
10,977,9,Yes,-1.02968,-0.44171,0.642899
10,978,9,Yes,-3.14385,-0.0440115,0.956886
10,979,9,Yes,-0.247573,-1.51702,0.219353
10,980,9,Yes,-0.418866,-1.07217,0.342246
10,981,9,Yes,-0.38426,-1.14224,0.319085
10,982,9,Yes,-0.229178,-1.58537,0.204861
10,983,9,Yes,-2.71194,-0.0686522,0.933596
10,984,9,No,-0.360369,-1.19521,0.302622
10,985,9,No,-1.00618,-0.455001,0.63441
10,986,9,Yes,-1.00702,-0.45452,0.634715
10,987,9,Yes,-0.973367,-0.474413,0.622214
10,988,9,Yes,-3.58011,-0.0282077,0.972129
10,989,9,Yes,-1.59267,-0.227305,0.796631
10,990,9,Yes,-0.558621,-0.848489,0.428036
10,991,9,Yes,-0.844959,-0.561271,0.57045
10,992,9,No,-0.464759,-0.989474,0.37175
10,993,9,Yes,-1.53934,-0.241389,0.78549
10,994,9,Yes,-1.23353,-0.344187,0.708755
10,995,9,Yes,-0.893406,-0.526279,0.590765
10,996,9,Yes,-2.76411,-0.065044,0.936971
10,997,9,Yes,-2.88212,-0.0575828,0.943988
10,998,9,Yes,-4.01816,-0.0180896,0.982015
10,999,9,Yes,-3.93815,-0.0196155,0.980517
10,1000,9,Yes,-1.77983,-0.184655,0.831342
10,1001,9,Yes,-2.3794,-0.0971136,0.907399
10,1002,9,Yes,-3.82973,-0.0218948,0.978286
10,1003,9,Yes,-4.63519,-0.00969192,0.990296
10,1004,9,Yes,-4.72691,-0.00883399,0.991147
10,1005,9,No,-0.41803,-1.07378,0.341696
10,1006,9,Yes,-0.898531,-0.522744,0.592856
10,1007,9,Yes,-2.76969,-0.0646687,0.937322
10,1008,9,Yes,-1.22289,-0.34859,0.705641
10,1009,9,Yes,-4.39242,-0.0123888,0.98763
10,1010,9,Yes,-3.67612,-0.0255868,0.974681
10,1011,9,Yes,-4.20737,-0.0149376,0.985115
10,1012,9,Yes,-3.9323,-0.0197326,0.980403
10,1013,9,Yes,-1.9224,-0.158054,0.853753
10,1014,9,Yes,-4.50273,-0.0110804,0.988922
10,1015,9,No,-0.0109168,-4.51745,0.0109162
10,1016,9,Yes,-1.74633,-0.191589,0.825597
10,1017,9,Yes,-2.73879,-0.0667701,0.935356
10,1018,9,Yes,-3.17083,-0.0428136,0.958034
10,1019,9,Yes,-4.38813,-0.0124415,0.987577
10,1020,9,No,-0.000785242,-7.0768,0.000844421
10,1021,9,No,-0.0168748,-4.08682,0.0167915
10,1022,9,No,-0.00739993,-4.90197,0.00743151
10,1023,9,Yes,-4.60446,-0.00999789,0.989994
10,1024,9,Yes,-2.92446,-0.0551263,0.94631
10,1025,9,Yes,-1.23264,-0.344555,0.708494
10,1026,9,Yes,-3.64131,-0.0265074,0.973784
10,1027,9,Yes,-1.43006,-0.273432,0.760719
10,1028,9,Yes,-1.79498,-0.181608,0.833879
10,1029,9,Yes,-2.39526,-0.0955092,0.908856
10,1030,9,Yes,-2.18362,-0.119431,0.887373
10,1031,9,Yes,-0.170831,-1.8509,0.157086
10,1032,9,No,-0.00850595,-4.76428,0.00852853
10,1033,9,No,-0.202162,-1.69774,0.183086
10,1034,9,No,-1.61125,-0.222617,0.800374
10,1035,9,Yes,-2.16985,-0.121192,0.885812
10,1036,9,Yes,-3.23341,-0.0401604,0.96058
10,1037,9,Yes,-3.66132,-0.0259738,0.974303
10,1038,9,No,-0.00444624,-5.40465,0.00449535
10,1039,9,No,-0.0608657,-2.82835,0.0591066
10,1040,9,No,-0.0903445,-2.44827,0.0864381
10,1041,9,Yes,-3.9477,-0.0194275,0.980702
10,1042,9,Yes,-3.81468,-0.0222311,0.977957
10,1043,9,No,-0.757096,-0.632932,0.531001
10,1044,9,Yes,-3.05447,-0.0482329,0.952855
10,1045,9,Yes,-1.51254,-0.248835,0.779663
10,1046,9,No,-0.0069046,-4.97041,0.00693987
10,1047,9,No,-0.0106325,-4.54355,0.0106349
10,1048,9,No,-2.77165e-05,-9.34947,8.70065e-05
10,1049,9,No,-0.00014026,-8.51637,0.000200154
10,1050,9,No,-3.53462e-05,-9.2673,9.44577e-05
10,1051,9,No,-8.94706e-05,-8.81629,0.000148288
10,1052,9,No,-6.87265e-05,-8.96047,0.000128379
10,1053,9,No,-7.99926e-05,-8.87733,0.000139507
10,1054,9,No,-0.0205414,-3.89264,0.0203902
10,1055,9,No,-0.00162567,-6.38676,0.0016836
10,1056,9,No,-0.000452144,-7.57878,0.000511156
10,1057,9,No,-0.000220919,-8.18032,0.000280095
10,1058,9,No,-8.24962e-05,-8.8603,0.000141904
10,1059,9,No,-2.16963e-05,-9.42186,8.09307e-05
10,1060,9,No,-0.000622585,-7.29052,0.00068193
10,1061,9,Yes,-2.60216,-0.0769395,0.925891
10,1062,9,Yes,-4.85504,-0.0077601,0.992211
10,1063,9,No,-4.08086,-0.0169771,0.983108
10,1064,9,Yes,-4.97216,-0.00689236,0.993072
10,1065,9,No,-2.06914,-0.134945,0.873713
10,1066,9,No,-0.000110394,-8.68393,0.000169274
10,1067,9,No,-5.77586e-05,-9.04975,0.000117414
10,1068,9,No,-0.0662136,-2.74686,0.0641248
10,1069,9,No,-0.000897691,-6.95217,0.000956504
10,1070,9,No,-8.35692e-05,-8.85232,0.00014304
10,1071,9,No,-1.45436e-05,-9.51663,7.36132e-05
10,1072,9,No,-0.0110124,-4.50883,0.0110106
10,1073,9,No,-8.94074e-06,-9.59506,6.80602e-05
10,1074,9,No,-0.00013859,-8.52558,0.000198318
10,1075,9,No,-4.13665e-05,-9.20464,0.000100566
10,1076,9,No,-0.484708,-0.956639,0.384159
10,1077,9,No,-0.00468539,-5.35309,0.00473324
10,1078,9,No,-0.300367,-1.34895,0.259497
10,1079,9,No,-0.00265079,-5.91203,0.00270654
10,1080,9,No,-0.00392994,-5.52603,0.00398154
10,1081,9,No,-0.00681722,-4.98296,0.00685337
10,1082,9,Yes,-0.346022,-1.22908,0.292545
10,1083,9,No,-0.00455084,-5.38181,0.00459922
10,1084,9,Yes,-4.4412,-0.0117913,0.988219
10,1085,9,Yes,-4.93538,-0.00715353,0.992813
10,1086,9,Yes,-5.06389,-0.00628151,0.993679
10,1087,9,Yes,-0.185769,-1.77435,0.169584
10,1088,9,No,-0.2102,-1.66264,0.189626
10,1089,9,Yes,-0.978937,-0.471047,0.624312
10,1090,9,Yes,-1.33774,-0.304325,0.737578
10,1091,9,Yes,-3.99745,-0.0184723,0.981639
10,1092,9,Yes,-3.12789,-0.0447363,0.956193
10,1093,9,No,-0.000666006,-7.22928,0.000725
10,1094,9,No,-0.00126334,-6.62897,0.00132145
10,1095,9,No,-0.00180741,-6.28452,0.00186484
10,1096,9,No,-0.0334562,-3.41238,0.0329608
10,1097,9,No,-0.00174472,-6.31857,0.00180242
10,1098,9,No,-0.0096011,-4.64447,0.00961405
10,1099,9,Yes,-0.152764,-1.95386,0.141718
10,1100,9,No,-1.0197,-0.447295,0.639318
10,1101,9,Yes,-3.75268,-0.0236739,0.976547
10,1102,9,Yes,-4.20269,-0.015008,0.985046
10,1103,9,Yes,-4.11428,-0.0164119,0.983663
10,1104,9,Yes,-0.951197,-0.488118,0.613744
10,1105,9,No,-0.504902,-0.925094,0.396471
10,1106,9,Yes,-0.661451,-0.72576,0.483928
10,1107,9,No,-0.705145,-0.681176,0.505992
10,1108,9,Yes,-3.89104,-0.0205745,0.979577
10,1109,9,Yes,-4.10885,-0.0165033,0.983574
10,1110,9,Yes,-4.96744,-0.00692573,0.99304
10,1111,9,Yes,-3.86771,-0.0210675,0.979095
10,1112,9,Yes,-3.19394,-0.0418129,0.958992
10,1113,9,Yes,-2.5004,-0.0855492,0.917953
10,1114,9,Yes,-3.1002,-0.0460239,0.954963
10,1115,9,Yes,-1.99096,-0.146767,0.863444
10,1116,9,No,-0.0482109,-3.05491,0.0471243
10,1117,9,Yes,-2.24978,-0.111338,0.894583
10,1118,9,Yes,-4.20696,-0.0149428,0.985109
10,1119,9,Yes,-2.74041,-0.0666582,0.93546
10,1120,9,Yes,-2.20535,-0.116705,0.889795
10,1121,9,Yes,-2.69157,-0.0701174,0.932229
10,1122,9,Yes,-4.11404,-0.0164171,0.983659
10,1123,9,Yes,-0.637583,-0.751857,0.471462
10,1124,9,Yes,-4.02929,-0.0178871,0.982214
10,1125,9,Yes,-2.15664,-0.122907,0.884294
10,1126,9,Yes,-3.86061,-0.02122,0.978946
10,1127,9,No,-1.87019,-0.167279,0.845914
10,1128,9,No,-0.329906,-1.26916,0.281051
10,1129,9,No,-0.673036,-0.713552,0.489873
10,1130,9,No,-1.45447,-0.265876,0.76649
10,1131,9,Yes,-2.93864,-0.0543283,0.947065
10,1132,9,Yes,-2.00183,-0.145059,0.86492
10,1133,9,Yes,-4.29782,-0.0136311,0.986403
10,1134,9,Yes,-4.53782,-0.0106945,0.989304
10,1135,9,Yes,-4.16993,-0.0155137,0.984548
10,1136,9,Yes,-4.06531,-0.0172461,0.982843
10,1137,9,Yes,-4.16488,-0.0155937,0.984469
10,1138,9,Yes,-0.23874,-1.5491,0.212427
10,1139,9,No,-0.648451,-0.739812,0.477176
10,1140,9,Yes,-3.2449,-0.0396901,0.96103
10,1141,9,Yes,-3.02959,-0.049481,0.951667
10,1142,9,Yes,-4.10262,-0.016607,0.983472
10,1143,9,Yes,-5.08445,-0.00615208,0.993808
10,1144,9,Yes,-4.23163,-0.0145751,0.985472
10,1145,9,No,-0.520992,-0.901088,0.406104
10,1146,9,Yes,-2.673,-0.0714808,0.930959
10,1147,9,Yes,-3.67605,-0.0255885,0.974679
10,1148,9,Yes,-3.2224,-0.040614,0.960143
10,1149,9,Yes,-3.64632,-0.0263726,0.973915
10,1150,9,Yes,-0.327585,-1.27512,0.279381
10,1151,9,Yes,-3.28112,-0.0382497,0.962416
10,1152,9,Yes,-2.28064,-0.107764,0.897787
10,1153,9,No,-0.0700709,-2.69222,0.0677267
10,1154,9,No,-0.00124365,-6.64362,0.00130222
10,1155,9,No,-0.0277872,-3.5949,0.0274618
10,1156,9,No,-0.00296735,-5.80176,0.00302207
10,1157,9,No,-0.00114483,-6.72263,0.0012033
10,1158,9,No,-0.00402437,-5.50273,0.00407541
10,1159,9,No,-0.986316,-0.466632,0.627074
10,1160,9,Yes,-1.56594,-0.234245,0.791121
10,1161,9,Yes,-1.33812,-0.304191,0.737676
10,1162,9,No,-0.0373413,-3.30465,0.0367099
10,1163,9,Yes,-1.78239,-0.184136,0.831774
10,1164,9,No,-0.0150952,-4.19697,0.0150402
10,1165,9,No,-0.091422,-2.43695,0.0874215
10,1166,9,Yes,-2.33548,-0.101706,0.903242
10,1167,9,Yes,-2.04272,-0.138821,0.870333
10,1168,9,Yes,-3.15369,-0.0435708,0.957308
10,1169,9,Yes,-0.547191,-0.863968,0.421461
10,1170,9,Yes,-2.09772,-0.130881,0.877271
10,1171,9,No,-0.119975,-2.17934,0.11311
10,1172,9,Yes,-3.25328,-0.0393524,0.961355
10,1173,9,No,-0.225154,-1.60114,0.201654
10,1174,9,No,-0.464671,-0.989622,0.371695
10,1175,9,Yes,-2.84751,-0.0596757,0.942015
10,1176,9,No,-0.65219,-0.735732,0.479127
10,1177,9,Yes,-4.05392,-0.0174462,0.982647
10,1178,9,Yes,-2.7584,-0.0654293,0.936611
10,1179,9,No,-0.105856,-2.29755,0.100499
10,1180,9,Yes,-4.90113,-0.00740617,0.992562
10,1181,9,Yes,-0.702439,-0.683825,0.504653
10,1182,9,Yes,-3.76321,-0.0234217,0.976792
10,1183,9,No,-0.0117758,-4.44251,0.0117657
10,1184,9,Yes,-3.80479,-0.0224544,0.977737
10,1185,9,No,-2.66425,-0.0721322,0.930353
10,1186,9,Yes,-2.38273,-0.0967748,0.907707
10,1187,9,No,-0.484385,-0.957157,0.38396
10,1188,9,No,-0.301726,-1.34508,0.260503
10,1189,9,No,-0.00879953,-4.73065,0.00882024
10,1190,9,No,-9.59085e-05,-8.77184,0.000155029
10,1191,9,No,-4.25586e-05,-9.18847,0.000102205
10,1192,9,No,-7.54027e-05,-8.91192,0.000134765
10,1193,9,No,-5.01288e-05,-9.11999,0.000109449
10,1194,9,No,-0.00767769,-4.8655,0.00770748
10,1195,9,No,-0.023607,-3.75543,0.0233889
10,1196,9,No,-9.73987e-05,-8.76075,0.000156758
10,1197,9,No,-0.000245124,-8.09727,0.000304349
10,1198,9,No,-0.000154149,-8.45149,0.000213569
10,1199,9,No,-0.000375938,-7.73938,0.000435317
10,1200,9,No,-7.65353e-05,-8.90548,0.000135635
10,1201,9,No,-8.66093e-05,-8.83268,0.000145879
10,1202,9,Yes,-5.00239,-0.00668478,0.993279
10,1203,9,Yes,-5.04253,-0.00641948,0.993543
10,1204,9,Yes,-5.15513,-0.00572685,0.994231
10,1205,9,Yes,-4.71057,-0.00898066,0.991001
10,1206,9,No,-1.79412e-05,-9.47345,7.68616e-05
10,1207,9,No,-0.000478024,-7.52939,0.000537034
10,1208,9,No,-1.88352e-05,-9.45566,7.82408e-05
10,1209,9,No,-0.000201126,-8.25425,0.000260136
10,1210,9,No,-8.06483e-05,-8.87213,0.000140235
10,1211,9,No,-0.000127681,-8.58325,0.000187205
10,1212,9,No,-0.00404902,-5.49671,0.00409999
10,1213,9,No,-0.00629063,-5.06247,0.00632955
10,1214,9,No,-0.978202,-0.471489,0.624036
10,1215,9,No,-0.015421,-4.17585,0.0153613
10,1216,9,No,-0.00335277,-5.68203,0.00340643
10,1217,9,Yes,-0.968219,-0.477551,0.620264
10,1218,9,No,-0.231506,-1.57639,0.206708
10,1219,9,No,-0.632742,-0.757312,0.468898
10,1220,9,Yes,-0.516683,-0.907423,0.403539
10,1221,9,Yes,-4.60646,-0.00997718,0.990013
10,1222,9,Yes,-4.14661,-0.0158847,0.984183
10,1223,9,Yes,-2.93207,-0.0546969,0.946717
10,1224,9,No,-0.000662606,-7.23331,0.00072208
10,1225,9,No,-0.000595091,-7.33159,0.000654491
10,1226,9,No,-0.000394541,-7.6982,0.000453614
10,1227,9,No,-0.0081975,-4.80074,0.00822314
10,1228,9,No,-0.00222883,-6.08098,0.0022858
10,1229,9,No,-0.00481194,-5.32668,0.00485987
10,1230,9,No,-0.0197387,-3.93196,0.0196041
10,1231,9,No,-0.00366129,-5.59577,0.00371332
10,1232,9,No,-0.0868506,-2.48596,0.0832405
10,1233,9,No,-0.00221599,-6.08669,0.00227279
10,1234,9,Yes,-2.01073,-0.143676,0.866117
10,1235,9,Yes,-2.88451,-0.0574408,0.944121
10,1236,9,Yes,-3.97233,-0.0189482,0.981172
10,1237,9,Yes,-2.17762,-0.120193,0.886696
10,1238,9,No,-0.0705457,-2.68568,0.0681705
10,1239,9,No,-0.0259703,-3.66145,0.0256938
10,1240,9,Yes,-3.49576,-0.0307339,0.969676
10,1241,9,Yes,-2.22884,-0.113835,0.892353
10,1242,9,Yes,-4.85371,-0.00777097,0.992201
10,1243,9,Yes,-4.5348,-0.0107263,0.989272
10,1244,9,No,-0.00044147,-7.59862,0.000501114
10,1245,9,Yes,-3.42639,-0.0329823,0.967498
10,1246,9,Yes,-4.24638,-0.0143593,0.985685
10,1247,9,No,-0.000662844,-7.23347,0.000721971
10,1248,9,No,-0.000183122,-8.32469,0.000242442
10,1249,9,No,-0.29311,-1.36995,0.254104
10,1250,9,No,-0.000890234,-6.96021,0.000948844
10,1251,9,Yes,-4.85622,-0.00775103,0.992221
10,1252,9,Yes,-4.63829,-0.00966099,0.990326
10,1253,9,No,-0.00175905,-6.31059,0.00181685
10,1254,9,No,-0.000577438,-7.35919,0.000636678
10,1255,9,No,-0.000147115,-8.4867,0.000206181
10,1256,9,Yes,-1.61781,-0.220989,0.801678
10,1257,9,Yes,-1.01278,-0.45122,0.636813
10,1258,9,Yes,-5.25877,-0.00515512,0.994799
10,1259,9,Yes,-4.95588,-0.00700658,0.992959
10,1260,9,No,-8.69073e-05,-8.83189,0.000145994
10,1261,9,Yes,-4.11095,-0.016467,0.983609
10,1262,9,No,-6.29445e-05,-9.0173,0.000121286
10,1263,9,Yes,-5.3452,-0.00472228,0.995229
10,1264,9,No,-0.000913322,-6.93583,0.000972259
10,1265,9,Yes,-2.06482,-0.13557,0.873166
10,1266,9,No,-0.00588392,-5.12835,0.00592598
10,1267,9,Yes,-4.67523,-0.00930741,0.990677
10,1268,9,No,-0.000411416,-7.66125,0.00047069
10,1269,9,Yes,-4.36947,-0.0126787,0.987343
10,1270,9,No,-0.0659159,-2.75122,0.0638462
10,1271,9,No,-0.147876,-1.98398,0.137513
10,1272,9,No,-0.00762051,-4.87288,0.00765084
10,1273,9,Yes,-4.38454,-0.0124865,0.987532
10,1274,9,No,-0.00314043,-5.74601,0.00319531
10,1275,9,Yes,-4.02899,-0.0178923,0.982209
10,1276,9,No,-0.00205943,-6.1578,0.00211677
10,1277,9,No,-0.00502278,-5.28441,0.00506973
10,1278,9,No,-0.131888,-2.09055,0.123612
10,1279,9,No,-4.10088e-05,-9.20694,0.000100335
10,1280,9,No,-0.0700406,-2.69262,0.067699
10,1281,9,Yes,-4.93439,-0.00716073,0.992806
10,1282,9,No,-4.45619,-0.0116141,0.988394
10,1283,9,No,-0.00051947,-7.45436,0.000578878
10,1284,9,No,-9.90678e-05,-8.74848,0.000158692
10,1285,9,No,-0.763342,-0.627447,0.533922
10,1286,9,Yes,-5.09831,-0.00606519,0.993893
10,1287,9,Yes,-3.48197,-0.0311682,0.969255
10,1288,9,No,-0.000127562,-8.58491,0.000186895
10,1289,9,No,-4.81617e-05,-9.141,0.000107174
10,1290,9,Yes,-5.15124,-0.00574885,0.994208
10,1291,9,No,7.15256e-07,-9.7523,5.81574e-05
10,1292,9,No,-3.09949e-05,-9.31091,9.04267e-05
10,1293,9,No,-5.39437e-05,-9.08593,0.000113242
10,1294,9,No,-1.24574e-05,-9.5391,7.19771e-05
10,1295,9,Yes,-4.17895,-0.0153731,0.984686
10,1296,9,Yes,-4.33434,-0.0131371,0.98689
10,1297,9,No,-7.32568e-05,-8.9268,0.000132775
10,1298,9,No,-6.16331e-05,-9.01996,0.000120964
10,1299,9,No,-0.000254544,-8.06544,0.000314195
10,1300,9,Yes,-3.94921,-0.019397,0.980731
10,1301,9,No,-0.124864,-2.14181,0.117435
10,1302,9,No,-1.32715,-0.308121,0.734782
10,1303,9,No,-0.00213075,-6.12468,0.00218806
10,1304,9,No,-0.00270446,-5.89257,0.00275971
10,1305,9,No,-1.15802,-0.376947,0.685912
10,1306,9,Yes,-4.58721,-0.0101737,0.989819
10,1307,9,No,-0.00559587,-5.17792,0.00563939
10,1308,9,No,-0.00606471,-5.09856,0.00610519
10,1309,9,No,-0.00337358,-5.67593,0.00342729
10,1310,9,Yes,-3.77924,-0.0230441,0.977161
10,1311,9,Yes,-4.14665,-0.0158831,0.984184
10,1312,9,Yes,-4.36233,-0.0127697,0.987252
10,1313,9,Yes,-4.32532,-0.013257,0.986772
10,1314,9,Yes,-1.30186,-0.317408,0.72799
10,1315,9,No,-0.244106,-1.52945,0.216641
10,1316,9,Yes,-2.31347,-0.104093,0.901088
10,1317,9,No,-0.123175,-2.1546,0.115943
10,1318,9,No,-0.000439263,-7.60367,0.00049859
10,1319,9,No,-0.175426,-1.8266,0.160951
10,1320,9,Yes,-5.56784,-0.00376575,0.996181
10,1321,9,No,-0.00051947,-7.45555,0.000578187
10,1322,9,Yes,-3.97942,-0.0188129,0.981305
10,1323,9,No,-1.10708,-0.401172,0.669495
10,1324,9,No,-0.0645153,-2.77198,0.062534
10,1325,9,Yes,-3.59701,-0.0277269,0.972596
10,1326,9,Yes,-4.27472,-0.0139531,0.986085
10,1327,9,Yes,-3.04003,-0.048953,0.952169
10,1328,9,Yes,-5.52483,-0.00393436,0.996014
10,1329,9,No,-0.011606,-4.45691,0.0115974
10,1330,9,No,-0.306903,-1.33053,0.264322
10,1331,9,Yes,-2.82817,-0.0608773,0.940882
10,1332,9,Yes,-0.547729,-0.863229,0.421773
10,1333,9,Yes,-2.9648,-0.0528854,0.948432
10,1334,9,Yes,-2.55359,-0.0809309,0.922202
10,1335,9,Yes,-2.24283,-0.112159,0.893849
10,1336,9,Yes,-2.23987,-0.112512,0.893534
10,1337,9,Yes,-3.56469,-0.0286526,0.971696
10,1338,9,Yes,-2.81774,-0.0615373,0.940262
10,1339,9,Yes,-4.00562,-0.01832,0.981788
10,1340,9,Yes,-4.42002,-0.0120465,0.987967
10,1341,9,Yes,-4.0572,-0.0173876,0.982704
10,1342,9,Yes,-4.09057,-0.0168106,0.983271
10,1343,9,Yes,-5.70638,-0.00327031,0.996675
10,1344,9,Yes,-3.35734,-0.0353876,0.965174
10,1345,9,Yes,-1.91505,-0.159318,0.852675
10,1346,9,No,-0.0429089,-3.16863,0.0420585
10,1347,9,Yes,-5.06263,-0.00628949,0.993671
10,1348,9,Yes,-3.42546,-0.0330143,0.967468
10,1349,9,Yes,-1.99113,-0.146741,0.863467
10,1350,9,No,-4.50456,-0.0110604,0.988942
10,1351,9,Yes,-0.57255,-0.830173,0.435948
10,1352,9,Yes,-0.25648,-1.48594,0.226275
10,1353,9,Yes,-5.24427,-0.00523169,0.994723
10,1354,9,No,-0.697591,-0.688606,0.502246
10,1355,9,Yes,-4.61742,-0.00986731,0.990122
10,1356,9,Yes,-3.40071,-0.0338579,0.966652
10,1357,9,Yes,-3.20294,-0.04143,0.95936
10,1358,9,No,-0.251271,-1.50396,0.222234
10,1359,9,Yes,-4.83646,-0.00790662,0.992065
10,1360,9,No,-0.349717,-1.2202,0.295154
10,1361,9,Yes,-0.936082,-0.49775,0.607861
10,1362,9,Yes,-0.925487,-0.504645,0.603685
10,1363,9,No,-1.16874,-0.372077,0.689261
10,1364,9,Yes,-2.74861,-0.0660951,0.935987
10,1365,9,Yes,-1.86625,-0.167996,0.845307
10,1366,9,Yes,-3.72263,-0.0244063,0.975831
10,1367,9,Yes,-0.429344,-1.05233,0.349102
10,1368,9,Yes,-3.85801,-0.0212751,0.978891
10,1369,9,Yes,-2.27681,-0.1082,0.897395
10,1370,9,Yes,-3.01712,-0.0501185,0.951061
